{"baseSetSize": 45, "block": "Battle for Zendikar", "cards": [{"artist": "Howard Lyon", "borderColor": "black", "colorIdentity": [], "colors": [], "convertedManaCost": 0.0, "edhrecRank": 96, "foreignData": [], "frameVersion": "2015", "hasFoil": true, "hasNonFoil": false, "isMtgo": true, "isPaper": true, "isReprint": true, "layout": "normal", "legalities": {"commander": "Legal", "duel": "Legal", "legacy": "Legal", "vintage": "Legal"}, "mcmId": 287030, "mcmMetaId": 172, "mtgoFoilId": 59690, "mtgoId": 59689, "mtgstocksId": 30257, "multiverseId": 409567, "name": "Ancient Tomb", "number": "36", "originalText": "{T}: Add {C}{C} to your mana pool. Ancient Tomb deals 2 damage to you.", "originalType": "Land", "prices": {"paper": {}, "paperFoil": {"2019-06-02": 193.31, "2019-06-09": 198.13, "2019-06-16": 198.3, "2019-06-23": 198.3, "2019-06-30": 198.09, "2019-07-07": 194.02, "2019-07-14": 177.52, "2019-07-21": 178.09, "2019-07-28": 178.09, "2019-08-04": 178.65, "2019-08-11": 179.99, "2019-08-18": 175.97, "2019-08-25": 175.97}}, "printings": ["EXP", "PUMA", "TMP", "UMA", "V12", "VMA", "WC99"], "purchaseUrls": {"cardmarket": "https://mtgjson.com/links/ed8f137ff617d56f", "mtgstocks": "https://mtgjson.com/links/3c9d6c5fd2b77471", "tcgplayer": "https://mtgjson.com/links/44e82e4bb27f574e"}, "rarity": "mythic", "rulings": [], "scryfallId": "f77d5b90-5ea1-403e-ab85-3040e1da933b", "scryfallIllustrationId": "40fd694b-9f0c-489e-8afe-41805399419c", "scryfallOracleId": "23467047-6dba-4498-b783-1ebc4f74b8c2", "subtypes": [], "supertypes": [], "tcgplayerProductId": 110722, "text": "{T}: Add {C}{C}. Ancient Tomb deals 2 damage to you.", "type": "Land", "types": ["Land"], "uuid": "f3b917ca-3eac-5abf-9535-fe03bb14b5c6"}, {"artist": "Ryan Yee", "borderColor": "black", "colorIdentity": [], "colors": [], "convertedManaCost": 0.0, "edhrecRank": 122, "foreignData": [], "frameVersion": "2015", "hasFoil": true, "hasNonFoil": false, "isMtgo": true, "isPaper": true, "isReprint": true, "layout": "normal", "legalities": {"commander": "Legal", "duel": "Legal", "legacy": "Legal", "modern": "Legal", "vintage": "Legal"}, "mcmId": 284325, "mcmMetaId": 10741, "mtgoFoilId": 58856, "mtgoId": 58855, "mtgstocksId": 29152, "multiverseId": 405092, "name": "Arid Mesa", "number": "24", "originalText": "{T}, Pay 1 life, Sacrifice Arid Mesa: Search your library for a Mountain or Plains card and put it onto the battlefield. Then shuffle your library.", "originalType": "Land", "prices": {"paper": {}, "paperFoil": {"2019-06-02": 129.99, "2019-06-09": 129.99, "2019-06-16": 130.0, "2019-06-23": 129.97, "2019-06-30": 119.99, "2019-07-07": 120.75, "2019-07-14": 120.0, "2019-07-21": 119.99, "2019-07-28": 119.6, "2019-08-04": 119.6, "2019-08-11": 120.0, "2019-08-18": 120.0, "2019-08-25": 124.48}}, "printings": ["EXP", "MM3", "ZEN"], "purchaseUrls": {"cardmarket": "https://mtgjson.com/links/fba54d91ac6e11f1", "mtgstocks": "https://mtgjson.com/links/7b2d89f8f1335e9d", "tcgplayer": "https://mtgjson.com/links/e15e6602cdfe62b1"}, "rarity": "mythic", "rulings": [], "scryfallId": "21a739c8-d7ca-4204-9398-c47fd1d68447", "scryfallIllustrationId": "c6ee7974-cc17-4a4f-ae91-0c7acac27f30", "scryfallOracleId": "c5acf2a5-40f4-433d-a74d-1cb56c521464", "subtypes": [], "supertypes": [], "tcgplayerProductId": 104306, "text": "{T}, Pay 1 life, Sacrifice Arid Mesa: Search your library for a Mountain or Plains card, put it onto the battlefield, then shuffle your library.", "type": "Land", "types": ["Land"], "uuid": "be3b2311-075c-5f68-bb6a-c4893527ba22"}, {"artist": "Min Yum", "borderColor": "black", "colorIdentity": ["B", "R"], "colors": [], "convertedManaCost": 0.0, "edhrecRank": 77, "foreignData": [], "frameVersion": "2015", "hasFoil": true, "hasNonFoil": false, "isMtgo": true, "isPaper": true, "isReprint": true, "layout": "normal", "legalities": {"brawl": "Legal", "commander": "Legal", "duel": "Legal", "future": "Legal", "legacy": "Legal", "modern": "Legal", "standard": "Legal", "vintage": "Legal"}, "mcmId": 284406, "mcmMetaId": 7551, "mtgoFoilId": 58862, "mtgoId": 58861, "mtgstocksId": 29196, "multiverseId": 405093, "name": "Blood Crypt", "number": "8", "originalText": "As Blood Crypt enters the battlefield, you may pay 2 life. If you don't, Blood Crypt enters the battlefield tapped.", "originalType": "Land — Swamp Mountain", "prices": {"paper": {}, "paperFoil": {"2019-06-02": 88.89, "2019-06-09": 85.14, "2019-06-16": 89.19, "2019-06-23": 88.9, "2019-06-30": 88.49, "2019-07-07": 88.49, "2019-07-14": 88.88, "2019-07-21": 89.42, "2019-07-28": 88.88, "2019-08-04": 88.69, "2019-08-11": 88.69, "2019-08-18": 88.16, "2019-08-25": 85.49}}, "printings": ["DIS", "EXP", "PRM", "RNA", "RTR"], "purchaseUrls": {"cardmarket": "https://mtgjson.com/links/0af04f6a29144209", "mtgstocks": "https://mtgjson.com/links/7df6541c4922a8f4", "tcgplayer": "https://mtgjson.com/links/6209ecf7ce5f9ace"}, "rarity": "mythic", "rulings": [{"date": "2018-10-05", "text": "Unlike most dual lands, this land has two basic land types. It’s not basic, so cards such as District Guide can’t find it, but it does have the appropriate land types for effects such as that of Drowned Catacomb (from the Ixalan set)."}, {"date": "2018-10-05", "text": "If an effect puts this land onto the battlefield tapped, you may pay 2 life, but it still enters tapped."}], "scryfallId": "399f4d04-65ee-478d-9184-d33bb355e726", "scryfallIllustrationId": "b5bf6402-494d-422a-9f49-cc718d8b3373", "scryfallOracleId": "43985bbc-a0f6-4812-984e-392bc8562633", "subtypes": ["Swamp", "Mountain"], "supertypes": [], "tcgplayerProductId": 105549, "text": "({T}: Add {B} or {R}.)\nAs Blood Crypt enters the battlefield, you may pay 2 life. If you don't, it enters the battlefield tapped.", "type": "Land — Swamp Mountain", "types": ["Land"], "uuid": "36274a9e-b9b7-5c23-a3b4-9beec94f25c2"}, {"artist": "Véronique Meignaud", "borderColor": "black", "colorIdentity": [], "colors": [], "convertedManaCost": 0.0, "edhrecRank": 47, "foreignData": [], "frameVersion": "2015", "hasFoil": true, "hasNonFoil": false, "isMtgo": true, "isPaper": true, "isReprint": true, "layout": "normal", "legalities": {"commander": "Legal", "duel": "Legal", "legacy": "Legal", "modern": "Legal", "vintage": "Legal"}, "mcmId": 284415, "mcmMetaId": 614, "mtgoFoilId": 58842, "mtgoId": 58841, "mtgstocksId": 29197, "multiverseId": 405094, "name": "Bloodstained Mire", "number": "18", "originalText": "{T}, Pay 1 life, Sacrifice Bloodstained Mire: Search your library for a Swamp or Mountain card and put it onto the battlefield. Then shuffle your library.", "originalType": "Land", "prices": {"paper": {}, "paperFoil": {"2019-06-02": 177.06, "2019-06-09": 177.58, "2019-06-16": 179.99, "2019-06-23": 179.49, "2019-06-30": 178.99, "2019-07-07": 178.88, "2019-07-14": 178.09, "2019-07-21": 178.4, "2019-07-28": 178.79, "2019-08-04": 178.09, "2019-08-11": 177.98, "2019-08-18": 178.09, "2019-08-25": 178.4}}, "printings": ["EXP", "G09", "KTK", "ONS", "PRM", "WC03"], "purchaseUrls": {"cardmarket": "https://mtgjson.com/links/5b93a6b199733ba0", "mtgstocks": "https://mtgjson.com/links/5b25b346b1682101", "tcgplayer": "https://mtgjson.com/links/00b3a57b71348ce4"}, "rarity": "mythic", "rulings": [], "scryfallId": "212f9fbc-ebb9-474a-b3c4-cbde8e69af77", "scryfallIllustrationId": "dd6034fd-3408-44a8-b9d7-a0e23a294eed", "scryfallOracleId": "fc0707c7-d504-4ccf-a0d2-3eb6e26e7a57", "subtypes": [], "supertypes": [], "tcgplayerProductId": 105550, "text": "{T}, Pay 1 life, Sacrifice Bloodstained Mire: Search your library for a Swamp or Mountain card, put it onto the battlefield, then shuffle your library.", "type": "Land", "types": ["Land"], "uuid": "d6911a3a-5654-56d1-9cca-14bc12380900"}, {"artist": "Noah Bradley", "borderColor": "black", "colorIdentity": ["G", "U"], "colors": [], "convertedManaCost": 0.0, "edhrecRank": 57, "foreignData": [], "frameVersion": "2015", "hasFoil": true, "hasNonFoil": false, "isMtgo": true, "isPaper": true, "isReprint": true, "layout": "normal", "legalities": {"brawl": "Legal", "commander": "Legal", "duel": "Legal", "future": "Legal", "legacy": "Legal", "modern": "Legal", "standard": "Legal", "vintage": "Legal"}, "mcmId": 284412, "mcmMetaId": 7556, "mtgoFoilId": 58876, "mtgoId": 58875, "mtgstocksId": 29198, "multiverseId": 405095, "name": "Breeding Pool", "number": "15", "originalText": "As Breeding Pool enters the battlefield, you may pay 2 life. If you don't, Breeding Pool enters the battlefield tapped.", "originalType": "Land — Forest Island", "prices": {"paper": {}, "paperFoil": {"2019-06-02": 93.99, "2019-06-09": 93.99, "2019-06-16": 114.37, "2019-06-23": 108.0, "2019-06-30": 106.0, "2019-07-07": 100.01, "2019-07-14": 97.0, "2019-07-21": 95.0, "2019-07-28": 90.0, "2019-08-04": 99.0, "2019-08-11": 93.62, "2019-08-18": 90.0, "2019-08-25": 90.0}}, "printings": ["DIS", "EXP", "GTC", "PRM", "RNA"], "purchaseUrls": {"cardmarket": "https://mtgjson.com/links/8b7b6598d33387e4", "mtgstocks": "https://mtgjson.com/links/98713fbb10f939ca", "tcgplayer": "https://mtgjson.com/links/0afb316b309eb636"}, "rarity": "mythic", "rulings": [{"date": "2018-10-05", "text": "Unlike most dual lands, this land has two basic land types. It’s not basic, so cards such as District Guide can’t find it, but it does have the appropriate land types for effects such as that of Drowned Catacomb (from the Ixalan set)."}, {"date": "2018-10-05", "text": "If an effect puts this land onto the battlefield tapped, you may pay 2 life, but it still enters tapped."}], "scryfallId": "045d22eb-b291-4bbe-b468-32bdf8b6eba6", "scryfallIllustrationId": "1af1a961-d066-4975-9573-47fd64ac7843", "scryfallOracleId": "20283c4a-f1f0-42f0-bc08-6da87474426b", "subtypes": ["Forest", "Island"], "supertypes": [], "tcgplayerProductId": 105551, "text": "({T}: Add {G} or {U}.)\nAs Breeding Pool enters the battlefield, you may pay 2 life. If you don't, it enters the battlefield tapped.", "type": "Land — Forest Island", "types": ["Land"], "uuid": "ba0c9b56-2772-57a9-97b4-5a869288faa0"}, {"artist": "Titus Lunter", "borderColor": "black", "colorIdentity": ["G", "W"], "colors": [], "convertedManaCost": 0.0, "edhrecRank": 154, "foreignData": [], "frameVersion": "2015", "hasFoil": true, "hasNonFoil": false, "isMtgo": true, "isPaper": true, "isReprint": true, "layout": "normal", "legalities": {"commander": "Legal", "duel": "Legal", "legacy": "Legal", "modern": "Legal", "vintage": "Legal"}, "mcmId": 284403, "mcmMetaId": 220620, "mtgoFoilId": 58880, "mtgoId": 58879, "mtgstocksId": 29563, "multiverseId": 405096, "name": "Canopy Vista", "number": "5", "originalText": "Canopy Vista enters the battlefield tapped unless you control two or more basic lands.", "originalType": "Land — Forest Plains", "prices": {"paper": {}, "paperFoil": {"2019-06-02": 28.0, "2019-06-09": 26.27, "2019-06-16": 26.11, "2019-06-23": 28.01, "2019-06-30": 26.17, "2019-07-07": 26.33, "2019-07-14": 26.27, "2019-07-21": 25.98, "2019-07-28": 25.98, "2019-08-04": 26.04, "2019-08-11": 26.04, "2019-08-18": 26.04, "2019-08-25": 25.6}}, "printings": ["BFZ", "EXP", "PBFZ", "PSS1"], "purchaseUrls": {"cardmarket": "https://mtgjson.com/links/6d850f6f3e2d0a8b", "mtgstocks": "https://mtgjson.com/links/439335ec3fb36d9f", "tcgplayer": "https://mtgjson.com/links/34d705c0044abd1a"}, "rarity": "mythic", "rulings": [{"date": "2015-08-25", "text": "Even though these lands have basic land types, they are not basic lands because “basic” doesn’t appear on their type line. Notably, controlling two or more of them won’t allow others to enter the battlefield untapped."}, {"date": "2015-08-25", "text": "However, because these cards have basic land types, effects that specify a basic land type without also specifying that the land be basic can affect them. For example, a spell or ability that reads “Destroy target Forest” can target Canopy Vista, while one that reads “Destroy target basic Forest” cannot."}, {"date": "2015-08-25", "text": "If one of these lands enters the battlefield at the same time as any number of basic lands, those other lands are not counted when determining if this land enters the battlefield tapped or untapped."}], "scryfallId": "3125bf61-f1b8-4b97-96bc-2d2a3a32adbd", "scryfallIllustrationId": "f24024c9-679b-4dec-8c4b-daf33034a3a9", "scryfallOracleId": "dcb7e046-f01b-497c-88e5-57794eb30ce5", "subtypes": ["Forest", "Plains"], "supertypes": [], "tcgplayerProductId": 104376, "text": "({T}: Add {G} or {W}.)\nCanopy Vista enters the battlefield tapped unless you control two or more basic lands.", "type": "Land — Forest Plains", "types": ["Land"], "uuid": "4c67c872-2f60-5fb7-8bb4-8067f206bf97"}, {"artist": "Christine Choi", "borderColor": "black", "colorIdentity": ["R", "U"], "colors": [], "convertedManaCost": 0.0, "edhrecRank": 558, "foreignData": [], "frameVersion": "2015", "hasFoil": true, "hasNonFoil": false, "isMtgo": true, "isPaper": true, "isReprint": true, "layout": "normal", "legalities": {"commander": "Legal", "duel": "Legal", "legacy": "Legal", "modern": "Legal", "vintage": "Legal"}, "mcmId": 287026, "mcmMetaId": 10025, "mtgoFoilId": 59708, "mtgoId": 59707, "mtgstocksId": 30258, "multiverseId": 409563, "name": "Cascade Bluffs", "number": "32", "originalText": "{T}: Add {C} to your mana pool.\n{UR}, {T}: Add {U}{U}, {U}{R}, or {R}{R} to your mana pool.", "originalType": "Land", "prices": {"paper": {}, "paperFoil": {"2019-06-02": 39.99, "2019-06-09": 41.27, "2019-06-16": 41.51, "2019-06-23": 41.94, "2019-06-30": 39.99, "2019-07-07": 42.06, "2019-07-14": 42.99, "2019-07-21": 42.92, "2019-07-28": 42.59, "2019-08-04": 43.25, "2019-08-11": 43.37, "2019-08-18": 42.02, "2019-08-25": 41.93}}, "printings": ["A25", "EVE", "EXP"], "purchaseUrls": {"cardmarket": "https://mtgjson.com/links/2722b95cec3d8e78", "mtgstocks": "https://mtgjson.com/links/8fbfc4b654e07e7f", "tcgplayer": "https://mtgjson.com/links/eee5615636ccb8b7"}, "rarity": "mythic", "rulings": [], "scryfallId": "5c3b2dd1-3a6a-4c25-a7b5-9ce0aa4db8fe", "scryfallIllustrationId": "c6e665c2-f348-4e56-96ca-ef1f3f73d6a2", "scryfallOracleId": "f1603384-4361-49c9-98aa-7785fc3504c4", "subtypes": [], "supertypes": [], "tcgplayerProductId": 110723, "text": "{T}: Add {C}.\n{U/R}, {T}: Add {U}{U}, {U}{R}, or {R}{R}.", "type": "Land", "types": ["Land"], "uuid": "9ae637b6-4773-506b-8d43-966585e7f66d"}, {"artist": "Titus Lunter", "borderColor": "black", "colorIdentity": ["G", "R"], "colors": [], "convertedManaCost": 0.0, "edhrecRank": 198, "foreignData": [], "frameVersion": "2015", "hasFoil": true, "hasNonFoil": false, "isMtgo": true, "isPaper": true, "isReprint": true, "layout": "normal", "legalities": {"commander": "Legal", "duel": "Legal", "legacy": "Legal", "modern": "Legal", "vintage": "Legal"}, "mcmId": 284402, "mcmMetaId": 220619, "mtgoFoilId": 58884, "mtgoId": 58883, "mtgstocksId": 29565, "multiverseId": 405097, "name": "Cinder Glade", "number": "4", "originalText": "Cinder Glade enters the battlefield tapped unless you control two or more basic lands.", "originalType": "Land — Mountain Forest", "prices": {"paper": {}, "paperFoil": {"2019-06-02": 30.99, "2019-06-09": 30.96, "2019-06-16": 31.49, "2019-06-23": 30.0, "2019-06-30": 31.0, "2019-07-07": 33.12, "2019-07-14": 32.99, "2019-07-21": 32.0, "2019-07-28": 30.0, "2019-08-04": 30.0, "2019-08-11": 28.99, "2019-08-18": 28.4, "2019-08-25": 28.4}}, "printings": ["BFZ", "C19", "EXP", "PBFZ", "PSS1"], "purchaseUrls": {"cardmarket": "https://mtgjson.com/links/40b21536889cbef8", "mtgstocks": "https://mtgjson.com/links/8517f39c902308c8", "tcgplayer": "https://mtgjson.com/links/9e9b12985f04064d"}, "rarity": "mythic", "rulings": [{"date": "2015-08-25", "text": "Even though these lands have basic land types, they are not basic lands because “basic” doesn’t appear on their type line. Notably, controlling two or more of them won’t allow others to enter the battlefield untapped."}, {"date": "2015-08-25", "text": "However, because these cards have basic land types, effects that specify a basic land type without also specifying that the land be basic can affect them. For example, a spell or ability that reads “Destroy target Forest” can target Canopy Vista, while one that reads “Destroy target basic Forest” cannot."}, {"date": "2015-08-25", "text": "If one of these lands enters the battlefield at the same time as any number of basic lands, those other lands are not counted when determining if this land enters the battlefield tapped or untapped."}], "scryfallId": "1b5d2e9c-dd93-49ae-9a03-77c13c5ec298", "scryfallIllustrationId": "1119cc36-5145-4498-a01d-470c52f58881", "scryfallOracleId": "dfac0258-e148-4d7d-8ded-fc2466d9caa6", "subtypes": ["Mountain", "Forest"], "supertypes": [], "tcgplayerProductId": 104375, "text": "({T}: Add {R} or {G}.)\nCinder Glade enters the battlefield tapped unless you control two or more basic lands.", "type": "Land — Mountain Forest", "types": ["Land"], "uuid": "ec8d91b3-5993-5697-bf3f-ce8efd163dff"}, {"artist": "Florian de Gesincourt", "borderColor": "black", "colorIdentity": [], "colors": [], "convertedManaCost": 0.0, "edhrecRank": 1497, "foreignData": [], "frameVersion": "2015", "hasFoil": true, "hasNonFoil": false, "isMtgo": true, "isPaper": true, "isReprint": true, "layout": "normal", "legalities": {"commander": "Legal", "duel": "Legal", "legacy": "Legal", "vintage": "Legal"}, "mcmId": 287031, "mcmMetaId": 1648, "mtgoFoilId": 59692, "mtgoId": 59691, "mtgstocksId": 30259, "multiverseId": 409568, "name": "Dust Bowl", "number": "37", "originalText": "{T}: Add {C} to your mana pool.\n{3}, {T}, Sacrifice a land: Destroy target nonbasic land.", "originalType": "Land", "prices": {"paper": {}, "paperFoil": {"2019-06-02": 40.84, "2019-06-09": 40.84, "2019-06-16": 41.09, "2019-06-23": 41.05, "2019-06-30": 41.0, "2019-07-07": 41.0, "2019-07-14": 41.05, "2019-07-21": 40.84, "2019-07-28": 39.99, "2019-08-04": 39.99, "2019-08-11": 39.95, "2019-08-18": 39.95, "2019-08-25": 39.95}}, "printings": ["EXP", "MMQ", "WC00"], "purchaseUrls": {"cardmarket": "https://mtgjson.com/links/0a18acac9f152c07", "mtgstocks": "https://mtgjson.com/links/c35b0368f17a07ca", "tcgplayer": "https://mtgjson.com/links/ffa4db7bf5bf66b7"}, "rarity": "mythic", "rulings": [], "scryfallId": "b6890de0-37d2-4c0a-8871-778394bfeceb", "scryfallIllustrationId": "b140c24f-02f7-4b7d-b10d-be441bfdb158", "scryfallOracleId": "d3df7128-31dd-4d71-90be-87e2e9ff51b4", "subtypes": [], "supertypes": [], "tcgplayerProductId": 110724, "text": "{T}: Add {C}.\n{3}, {T}, Sacrifice a land: Destroy target nonbasic land.", "type": "Land", "types": ["Land"], "uuid": "76a5b714-5c4b-5864-b93c-7da6f19d1261"}, {"artist": "James Paick", "borderColor": "black", "colorIdentity": [], "colors": [], "convertedManaCost": 0.0, "edhrecRank": 1661, "foreignData": [], "frameVersion": "2015", "hasFoil": true, "hasNonFoil": false, "isMtgo": true, "isPaper": true, "isReprint": true, "layout": "normal", "legalities": {"commander": "Legal", "duel": "Legal", "legacy": "Legal", "modern": "Banned", "vintage": "Legal"}, "mcmId": 287032, "mcmMetaId": 11015, "mtgoFoilId": 59688, "mtgoId": 59687, "mtgstocksId": 30260, "multiverseId": 409569, "name": "Eye of Ugin", "number": "38", "originalText": "Colorless Eldrazi spells you cast cost {2} less to cast.\n{7}, {T}: Search your library for a colorless creature card, reveal it, and put it into your hand. Then shuffle your library.", "originalType": "Legendary Land", "prices": {"paper": {}, "paperFoil": {"2019-06-02": 50.0, "2019-06-09": 50.0, "2019-06-16": 50.0, "2019-06-23": 50.37, "2019-06-30": 51.06, "2019-07-07": 52.11, "2019-07-14": 52.17, "2019-07-21": 50.0, "2019-07-28": 51.07, "2019-08-04": 50.06, "2019-08-11": 50.06, "2019-08-18": 50.0, "2019-08-25": 49.99}}, "printings": ["EXP", "MM2", "WWK"], "purchaseUrls": {"cardmarket": "https://mtgjson.com/links/37485a7cc8bc6e4b", "mtgstocks": "https://mtgjson.com/links/74964dda1550e9d4", "tcgplayer": "https://mtgjson.com/links/f80a08b67ae13695"}, "rarity": "mythic", "rulings": [{"date": "2010-03-01", "text": "Eye of Ugin doesn’t have a mana ability."}, {"date": "2010-03-01", "text": "Eye of Ugin’s second ability lets you find any colorless creature card in your deck, such as an artifact creature card that has no colored mana symbols in its mana cost, or a creature card that’s become colorless due to Mycosynth Lattice."}, {"date": "2013-04-15", "text": "Mistform Ultimus and creatures with changeling are Eldrazi. If they become colorless, possibly due to Mycosynth Lattice, Eye of Ugin would reduce the cost to cast them by {2}."}], "scryfallId": "a49e324f-8727-4ab5-aa76-c3c3c8725602", "scryfallIllustrationId": "0d42afb8-19f6-4f19-9aac-a23e956fd95d", "scryfallOracleId": "10d13ff6-c4d0-4753-8939-a8a90f0e92bb", "subtypes": [], "supertypes": ["Legendary"], "tcgplayerProductId": 110725, "text": "Colorless Eldrazi spells you cast cost {2} less to cast.\n{7}, {T}: Search your library for a colorless creature card, reveal it, and put it into your hand. Then shuffle your library.", "type": "Legendary Land", "types": ["Land"], "uuid": "15bab47d-a2ed-5b8d-b08f-0829ba082717"}, {"artist": "Christine Choi", "borderColor": "black", "colorIdentity": ["B", "W"], "colors": [], "convertedManaCost": 0.0, "edhrecRank": 714, "foreignData": [], "frameVersion": "2015", "hasFoil": true, "hasNonFoil": false, "isMtgo": true, "isPaper": true, "isReprint": true, "layout": "normal", "legalities": {"commander": "Legal", "duel": "Legal", "legacy": "Legal", "modern": "Legal", "vintage": "Legal"}, "mcmId": 287025, "mcmMetaId": 10026, "mtgoFoilId": 59710, "mtgoId": 59709, "mtgstocksId": 30261, "multiverseId": 409562, "name": "Fetid Heath", "number": "31", "originalText": "{T}: Add {C} to your mana pool.\n{WB}, {T}: Add {W}{W}, {W}{B}, or {B}{B} to your mana pool.", "originalType": "Land", "prices": {"paper": {}, "paperFoil": {"2019-06-02": 41.72, "2019-06-09": 42.4, "2019-06-16": 40.84, "2019-06-23": 39.99, "2019-06-30": 39.89, "2019-07-07": 40.84, "2019-07-14": 39.01, "2019-07-21": 37.36, "2019-07-28": 37.79, "2019-08-04": 35.86, "2019-08-11": 35.98, "2019-08-18": 36.86, "2019-08-25": 38.27}}, "printings": ["A25", "EVE", "EXP"], "purchaseUrls": {"cardmarket": "https://mtgjson.com/links/7631a2caeceb1811", "mtgstocks": "https://mtgjson.com/links/b0a2cdf82f8b015d", "tcgplayer": "https://mtgjson.com/links/c7e22e7089153619"}, "rarity": "mythic", "rulings": [], "scryfallId": "37ea1750-ea12-4c10-9306-3d1c9e951e3e", "scryfallIllustrationId": "e458d0af-5d51-463a-b582-21be065ff0dd", "scryfallOracleId": "42bf259d-4bb9-49c3-b4ec-223dca62f4d6", "subtypes": [], "supertypes": [], "tcgplayerProductId": 110726, "text": "{T}: Add {C}.\n{W/B}, {T}: Add {W}{W}, {W}{B}, or {B}{B}.", "type": "Land", "types": ["Land"], "uuid": "f55236f7-5d44-5f0b-82a4-10bc70b2d8ab"}, {"artist": "Adam Paquette", "borderColor": "black", "colorIdentity": ["G", "R"], "colors": [], "convertedManaCost": 0.0, "edhrecRank": 1393, "foreignData": [], "frameVersion": "2015", "hasFoil": true, "hasNonFoil": false, "isMtgo": true, "isPaper": true, "isReprint": true, "layout": "normal", "legalities": {"commander": "Legal", "duel": "Legal", "legacy": "Legal", "modern": "Legal", "vintage": "Legal"}, "mcmId": 287023, "mcmMetaId": 9834, "mtgoFoilId": 59716, "mtgoId": 59715, "mtgstocksId": 30262, "multiverseId": 409560, "name": "Fire-Lit Thicket", "number": "29", "originalText": "{T}: Add {C} to your mana pool.\n{RG}, {T}: Add {R}{R}, {R}{G}, or {G}{G} to your mana pool.", "originalType": "Land", "prices": {"paper": {}, "paperFoil": {"2019-06-02": 39.09, "2019-06-09": 39.09, "2019-06-16": 38.81, "2019-06-23": 38.81, "2019-06-30": 39.31, "2019-07-07": 41.26, "2019-07-14": 40.58, "2019-07-21": 40.41, "2019-07-28": 40.01, "2019-08-04": 40.01, "2019-08-11": 40.01, "2019-08-18": 39.99, "2019-08-25": 39.98}}, "printings": ["EXP", "PRM", "SHM"], "purchaseUrls": {"cardmarket": "https://mtgjson.com/links/2f80931c65b31b73", "mtgstocks": "https://mtgjson.com/links/4767bfa6091e71fd", "tcgplayer": "https://mtgjson.com/links/6dc12a7ca223075a"}, "rarity": "mythic", "rulings": [], "scryfallId": "0139a6b8-e6d2-496a-9e38-16e1a08b5775", "scryfallIllustrationId": "43957e99-e271-401a-8e63-aac4ee792ec0", "scryfallOracleId": "d99a1d9a-7721-4331-bf22-1c6ee0bd825a", "subtypes": [], "supertypes": [], "tcgplayerProductId": 110731, "text": "{T}: Add {C}.\n{R/G}, {T}: Add {R}{R}, {R}{G}, or {G}{G}.", "type": "Land", "types": ["Land"], "uuid": "ae5f7829-3a66-5109-b330-bda08c9e6707"}, {"artist": "Christine Choi", "borderColor": "black", "colorIdentity": ["G", "U"], "colors": [], "convertedManaCost": 0.0, "edhrecRank": 585, "foreignData": [], "frameVersion": "2015", "hasFoil": true, "hasNonFoil": false, "isMtgo": true, "isPaper": true, "isReprint": true, "layout": "normal", "legalities": {"commander": "Legal", "duel": "Legal", "legacy": "Legal", "modern": "Legal", "vintage": "Legal"}, "mcmId": 287029, "mcmMetaId": 10027, "mtgoFoilId": 59724, "mtgoId": 59723, "mtgstocksId": 30263, "multiverseId": 409566, "name": "Flooded Grove", "number": "35", "originalText": "{T}: Add {C} to your mana pool.\n{GW}, {T}: Add {G}{G}, {G}{U}, or {U}{U} to your mana pool.", "originalType": "Land", "prices": {"paper": {}, "paperFoil": {"2019-06-02": 46.22, "2019-06-09": 44.97, "2019-06-16": 47.16, "2019-06-23": 48.09, "2019-06-30": 48.05, "2019-07-07": 48.27, "2019-07-14": 47.5, "2019-07-21": 45.99, "2019-07-28": 45.99, "2019-08-04": 45.0, "2019-08-11": 43.04, "2019-08-18": 42.63, "2019-08-25": 41.17}}, "printings": ["A25", "EVE", "EXP"], "purchaseUrls": {"cardmarket": "https://mtgjson.com/links/634210bf73c3eb15", "mtgstocks": "https://mtgjson.com/links/5e580c6a8be86904", "tcgplayer": "https://mtgjson.com/links/eca7bf3a91ac9f5b"}, "rarity": "mythic", "rulings": [], "scryfallId": "063e3c8e-7d5d-4e38-bb9c-3d8f93c27369", "scryfallIllustrationId": "ee2e0867-d267-497b-948a-08afcb6ba53d", "scryfallOracleId": "dc974eb4-72b9-4213-887b-8ee684b93420", "subtypes": [], "supertypes": [], "tcgplayerProductId": 110727, "text": "{T}: Add {C}.\n{G/U}, {T}: Add {G}{G}, {G}{U}, or {U}{U}.", "type": "Land", "types": ["Land"], "uuid": "fe073fb7-d84d-541c-a8a1-925fe2173d23"}, {"artist": "Véronique Meignaud", "borderColor": "black", "colorIdentity": [], "colors": [], "convertedManaCost": 0.0, "edhrecRank": 43, "foreignData": [], "frameVersion": "2015", "hasFoil": true, "hasNonFoil": false, "isMtgo": true, "isPaper": true, "isReprint": true, "layout": "normal", "legalities": {"commander": "Legal", "duel": "Legal", "legacy": "Legal", "modern": "Legal", "vintage": "Legal"}, "mcmId": 284413, "mcmMetaId": 2116, "mtgoFoilId": 58840, "mtgoId": 58839, "mtgstocksId": 29182, "multiverseId": 405098, "name": "Flooded Strand", "number": "16", "originalText": "{T}, Pay 1 life, Sacrifice Flooded Strand: Search your library for a Plains or Island card and put it onto the battlefield. Then shuffle your library.", "originalType": "Land", "prices": {"paper": {}, "paperFoil": {"2019-06-02": 224.98, "2019-06-09": 226.48, "2019-06-16": 230.58, "2019-06-23": 238.08, "2019-06-30": 243.92, "2019-07-07": 243.92, "2019-07-14": 240.0, "2019-07-21": 239.99, "2019-07-28": 239.99, "2019-08-04": 239.35, "2019-08-11": 239.93, "2019-08-18": 239.35, "2019-08-25": 236.87}}, "printings": ["EXP", "G09", "KTK", "ONS", "PNAT", "PRM", "WC03", "WC04"], "purchaseUrls": {"cardmarket": "https://mtgjson.com/links/862d6d7ebf41775e", "mtgstocks": "https://mtgjson.com/links/70840dd1492aef91", "tcgplayer": "https://mtgjson.com/links/87069ed879399e7a"}, "rarity": "mythic", "rulings": [], "scryfallId": "4ca2078c-61c6-4862-a720-2d92435d1140", "scryfallIllustrationId": "516f8f0f-17b8-4443-a882-89f65f26ec70", "scryfallOracleId": "f3c7af78-a77d-4134-82a2-a5ce84285a84", "subtypes": [], "supertypes": [], "tcgplayerProductId": 104960, "text": "{T}, Pay 1 life, Sacrifice Flooded Strand: Search your library for a Plains or Island card, put it onto the battlefield, then shuffle your library.", "type": "Land", "types": ["Land"], "uuid": "72989c4b-fb0f-5e44-88af-1278decbf0e6"}, {"artist": "Jesper Ejsing", "borderColor": "black", "colorIdentity": [], "colors": [], "convertedManaCost": 0.0, "edhrecRank": 457, "foreignData": [], "frameVersion": "2015", "hasFoil": true, "hasNonFoil": false, "isMtgo": true, "isPaper": true, "isReprint": true, "layout": "normal", "legalities": {"commander": "Legal", "duel": "Legal", "legacy": "Legal", "modern": "Legal", "vintage": "Legal"}, "mcmId": 287033, "mcmMetaId": 6985, "mtgoFoilId": 59702, "mtgoId": 59701, "mtgstocksId": 30264, "multiverseId": 409570, "name": "Forbidden Orchard", "number": "39", "originalText": "{T}: Add one mana of any color to your mana pool.\nWhenever you tap Forbidden Orchard for mana, target opponent puts a 1/1 colorless Spirit creature token onto the battlefield.", "originalType": "Land", "prices": {"paper": {}, "paperFoil": {"2019-06-02": 42.94, "2019-06-09": 41.29, "2019-06-16": 43.55, "2019-06-23": 42.95, "2019-06-30": 42.77, "2019-07-07": 41.57, "2019-07-14": 41.29, "2019-07-21": 40.25, "2019-07-28": 40.0, "2019-08-04": 40.0, "2019-08-11": 40.0, "2019-08-18": 39.87, "2019-08-25": 40.0}}, "printings": ["C16", "CHK", "EXP", "PRM", "V12"], "purchaseUrls": {"cardmarket": "https://mtgjson.com/links/958f288c9ef437a9", "mtgstocks": "https://mtgjson.com/links/5bbc4950bfc7c65f", "tcgplayer": "https://mtgjson.com/links/0a463e068a17519f"}, "rarity": "mythic", "rulings": [], "scryfallId": "c13bea32-5dac-4338-b570-bed58109273d", "scryfallIllustrationId": "8496db5e-2111-458b-bbf7-b5b8bcfc4b36", "scryfallOracleId": "cfd60d1f-9832-4408-b84e-0fd3018b015b", "subtypes": [], "supertypes": [], "tcgplayerProductId": 110728, "text": "{T}: Add one mana of any color.\nWhenever you tap Forbidden Orchard for mana, target opponent creates a 1/1 colorless Spirit creature token.", "type": "Land", "types": ["Land"], "uuid": "7636f32c-9e48-5c36-a617-0cdd1b32a017"}, {"artist": "Noah Bradley", "borderColor": "black", "colorIdentity": ["B", "W"], "colors": [], "convertedManaCost": 0.0, "edhrecRank": 67, "foreignData": [], "frameVersion": "2015", "hasFoil": true, "hasNonFoil": false, "isMtgo": true, "isPaper": true, "isReprint": true, "layout": "normal", "legalities": {"brawl": "Legal", "commander": "Legal", "duel": "Legal", "future": "Legal", "legacy": "Legal", "modern": "Legal", "standard": "Legal", "vintage": "Legal"}, "mcmId": 284409, "mcmMetaId": 7761, "mtgoFoilId": 58868, "mtgoId": 58867, "mtgstocksId": 29180, "multiverseId": 405099, "name": "Godless Shrine", "number": "11", "originalText": "As Godless Shrine enters the battlefield, you may pay 2 life. If you don't, Godless Shrine enters the battlefield tapped.", "originalType": "Land — Plains Swamp", "prices": {"paper": {}, "paperFoil": {"2019-06-02": 84.0, "2019-06-09": 84.72, "2019-06-16": 85.08, "2019-06-23": 84.48, "2019-06-30": 85.31, "2019-07-07": 84.95, "2019-07-14": 84.48, "2019-07-21": 83.17, "2019-07-28": 84.95, "2019-08-04": 84.95, "2019-08-11": 85.31, "2019-08-18": 84.95, "2019-08-25": 87.92}}, "printings": ["EXP", "GPT", "GTC", "PRM", "RNA"], "purchaseUrls": {"cardmarket": "https://mtgjson.com/links/c497aa1fdf9d0275", "mtgstocks": "https://mtgjson.com/links/746ee5e60a9764a4", "tcgplayer": "https://mtgjson.com/links/a1ab2996e9919edd"}, "rarity": "mythic", "rulings": [{"date": "2018-10-05", "text": "Unlike most dual lands, this land has two basic land types. It’s not basic, so cards such as District Guide can’t find it, but it does have the appropriate land types for effects such as that of Drowned Catacomb (from the Ixalan set)."}, {"date": "2018-10-05", "text": "If an effect puts this land onto the battlefield tapped, you may pay 2 life, but it still enters tapped."}], "scryfallId": "db192c30-d28a-431c-ba46-1e3d9d3da3f4", "scryfallIllustrationId": "ef69e29c-ab1a-4b24-ba79-4f020e69d5ea", "scryfallOracleId": "73864fcc-1bde-4bc0-831e-2b93e546e417", "subtypes": ["Plains", "Swamp"], "supertypes": [], "tcgplayerProductId": 104741, "text": "({T}: Add {W} or {B}.)\nAs Godless Shrine enters the battlefield, you may pay 2 life. If you don't, it enters the battlefield tapped.", "type": "Land — Plains Swamp", "types": ["Land"], "uuid": "e8c80981-95df-5697-add7-5579823e31e8"}, {"artist": "Adam Paquette", "borderColor": "black", "colorIdentity": ["B", "R"], "colors": [], "convertedManaCost": 0.0, "edhrecRank": 483, "foreignData": [], "frameVersion": "2015", "hasFoil": true, "hasNonFoil": false, "isMtgo": true, "isPaper": true, "isReprint": true, "layout": "normal", "legalities": {"commander": "Legal", "duel": "Legal", "legacy": "Legal", "modern": "Legal", "vintage": "Legal"}, "mcmId": 287022, "mcmMetaId": 9096, "mtgoFoilId": 59722, "mtgoId": 59721, "mtgstocksId": 30265, "multiverseId": 409559, "name": "Graven Cairns", "number": "28", "originalText": "{T}: Add {C} to your mana pool.\n{BR}, {T}: Add {B}{B}, {B}{R}, or {R}{R} to your mana pool.", "originalType": "Land", "prices": {"paper": {}, "paperFoil": {"2019-06-02": 26.72, "2019-06-09": 26.69, "2019-06-16": 27.25, "2019-06-23": 28.44, "2019-06-30": 28.35, "2019-07-07": 28.45, "2019-07-14": 28.45, "2019-07-21": 27.51, "2019-07-28": 26.94, "2019-08-04": 26.89, "2019-08-11": 27.05, "2019-08-18": 26.74, "2019-08-25": 28.04}}, "printings": ["EXP", "FUT", "IMA", "SHM"], "purchaseUrls": {"cardmarket": "https://mtgjson.com/links/beded7dc1329be03", "mtgstocks": "https://mtgjson.com/links/f9c32bb1ca7a4aa8", "tcgplayer": "https://mtgjson.com/links/d10ff3b6d69cf463"}, "rarity": "mythic", "rulings": [{"date": "2007-05-01", "text": "{B/R}, {T}” is the same as saying “{B}, {T} or {R}, {T}."}], "scryfallId": "a3028c5b-2f81-4aee-9455-ebb0bd81ccaa", "scryfallIllustrationId": "6fddf112-5609-4ddc-8a26-84606505a0e8", "scryfallOracleId": "5004b84a-33b7-4f6f-b2c2-7086b9087535", "subtypes": [], "supertypes": [], "tcgplayerProductId": 110729, "text": "{T}: Add {C}.\n{B/R}, {T}: Add {B}{B}, {B}{R}, or {R}{R}.", "type": "Land", "types": ["Land"], "uuid": "385ff3c8-fb7e-5a25-bbb1-13e5a43798d2"}, {"artist": "Min Yum", "borderColor": "black", "colorIdentity": ["U", "W"], "colors": [], "convertedManaCost": 0.0, "edhrecRank": 68, "foreignData": [], "frameVersion": "2015", "hasFoil": true, "hasNonFoil": false, "isMtgo": true, "isPaper": true, "isReprint": true, "layout": "normal", "legalities": {"brawl": "Legal", "commander": "Legal", "duel": "Legal", "future": "Legal", "legacy": "Legal", "modern": "Legal", "standard": "Legal", "vintage": "Legal"}, "mcmId": 284404, "mcmMetaId": 7595, "mtgoFoilId": 58858, "mtgoId": 58857, "mtgstocksId": 29154, "multiverseId": 405100, "name": "Hallowed Fountain", "number": "6", "originalText": "As Hallowed Fountain enters the battlefield, you may pay 2 life. If you don't, Hallowed Fountain enters the battlefield tapped.", "originalType": "Land — Plains Island", "prices": {"paper": {}, "paperFoil": {"2019-06-02": 108.47, "2019-06-09": 109.99, "2019-06-16": 112.99, "2019-06-23": 114.99, "2019-06-30": 115.0, "2019-07-07": 115.55, "2019-07-14": 116.09, "2019-07-21": 118.88, "2019-07-28": 119.99, "2019-08-04": 115.01, "2019-08-11": 115.17, "2019-08-18": 117.5, "2019-08-25": 116.73}}, "printings": ["DIS", "EXP", "PRM", "RNA", "RTR"], "purchaseUrls": {"cardmarket": "https://mtgjson.com/links/fe4198c6283b46d1", "mtgstocks": "https://mtgjson.com/links/5c347a4e11b71912", "tcgplayer": "https://mtgjson.com/links/658e1d292c1573c7"}, "rarity": "mythic", "rulings": [{"date": "2018-10-05", "text": "Unlike most dual lands, this land has two basic land types. It’s not basic, so cards such as District Guide can’t find it, but it does have the appropriate land types for effects such as that of Drowned Catacomb (from the Ixalan set)."}, {"date": "2018-10-05", "text": "If an effect puts this land onto the battlefield tapped, you may pay 2 life, but it still enters tapped."}], "scryfallId": "3eef85b2-3e5f-45e1-b669-ad152e55fa6d", "scryfallIllustrationId": "46b16c64-1dfb-45f1-b5ed-b49ef3f2d0ff", "scryfallOracleId": "f1750962-a87c-49f6-b731-02ae971ac6ea", "subtypes": ["Plains", "Island"], "supertypes": [], "tcgplayerProductId": 104372, "text": "({T}: Add {W} or {U}.)\nAs Hallowed Fountain enters the battlefield, you may pay 2 life. If you don't, it enters the battlefield tapped.", "type": "Land — Plains Island", "types": ["Land"], "uuid": "094e7b6f-616b-5647-a650-1616b49a917e"}, {"artist": "Florian de Gesincourt", "borderColor": "black", "colorIdentity": ["G", "W"], "colors": [], "convertedManaCost": 0.0, "edhrecRank": 2232, "foreignData": [], "frameVersion": "2015", "hasFoil": true, "hasNonFoil": false, "isMtgo": true, "isPaper": true, "isReprint": true, "layout": "normal", "legalities": {"commander": "Legal", "duel": "Legal", "legacy": "Legal", "modern": "Legal", "vintage": "Legal"}, "mcmId": 287034, "mcmMetaId": 9098, "mtgoFoilId": 59698, "mtgoId": 59697, "mtgstocksId": 30266, "multiverseId": 409571, "name": "Horizon Canopy", "number": "40", "originalText": "{T}, Pay 1 life: Add {G} or {W} to your mana pool.\n{1}, {T}, Sacrifice Horizon Canopy: Draw a card.", "originalType": "Land", "prices": {"paper": {}, "paperFoil": {"2019-06-02": 159.52, "2019-06-09": 154.84, "2019-06-16": 154.42, "2019-06-23": 150.0, "2019-06-30": 150.74, "2019-07-07": 150.74, "2019-07-14": 147.08, "2019-07-21": 148.55, "2019-07-28": 140.5, "2019-08-04": 140.01, "2019-08-11": 140.0, "2019-08-18": 139.99, "2019-08-25": 140.0}}, "printings": ["EXP", "FUT", "IMA"], "purchaseUrls": {"cardmarket": "https://mtgjson.com/links/cc615d4d6f15d65b", "mtgstocks": "https://mtgjson.com/links/7b8d3f5c998487f1", "tcgplayer": "https://mtgjson.com/links/d1e15917335474dc"}, "rarity": "mythic", "rulings": [], "scryfallId": "5d6244ec-8cb1-4d80-a33a-9ddf9e29ff65", "scryfallIllustrationId": "c07799f4-c486-4d2d-a036-dd5c0dd70fd7", "scryfallOracleId": "262a5d83-506c-4781-9bc9-1a2b5d83955c", "subtypes": [], "supertypes": [], "tcgplayerProductId": 110730, "text": "{T}, Pay 1 life: Add {G} or {W}.\n{1}, {T}, Sacrifice Horizon Canopy: Draw a card.", "type": "Land", "types": ["Land"], "uuid": "c715a5d1-8aa6-5789-8831-9549e5371702"}, {"artist": "Jonas De Ro", "borderColor": "black", "colorIdentity": ["W"], "colors": [], "convertedManaCost": 0.0, "edhrecRank": 1176, "foreignData": [], "frameVersion": "2015", "hasFoil": true, "hasNonFoil": false, "isMtgo": true, "isPaper": true, "isReprint": true, "layout": "normal", "legalities": {"commander": "Legal", "duel": "Legal", "legacy": "Legal", "vintage": "Legal"}, "mcmId": 287035, "mcmMetaId": 3122, "mtgoFoilId": 59704, "mtgoId": 59703, "mtgstocksId": 30267, "multiverseId": 409572, "name": "Kor Haven", "number": "41", "originalText": "{T}: Add {C} to your mana pool.\n{1}{W}, {T}: Prevent all combat damage that would be dealt by target attacking creature this turn.", "originalType": "Legendary Land", "prices": {"paper": {}, "paperFoil": {"2019-06-02": 35.27, "2019-06-09": 35.0, "2019-06-16": 35.53, "2019-06-23": 37.95, "2019-06-30": 35.0, "2019-07-07": 34.99, "2019-07-14": 35.53, "2019-07-21": 36.65, "2019-07-28": 35.0, "2019-08-04": 34.48, "2019-08-11": 34.99, "2019-08-18": 32.99, "2019-08-25": 33.22}}, "printings": ["EXP", "NEM"], "purchaseUrls": {"cardmarket": "https://mtgjson.com/links/48082110bf64bb9b", "mtgstocks": "https://mtgjson.com/links/823ca6f9c05a94a2", "tcgplayer": "https://mtgjson.com/links/c1c2e4e7e40b1948"}, "rarity": "mythic", "rulings": [], "scryfallId": "2519b6a3-d074-4e9b-a57a-559fae5a8531", "scryfallIllustrationId": "342994f6-03e3-4630-a53b-6a6c6da8194c", "scryfallOracleId": "276cece9-f9f2-46e6-ae76-daddaa2fb9ab", "subtypes": [], "supertypes": ["Legendary"], "tcgplayerProductId": 110732, "text": "{T}: Add {C}.\n{1}{W}, {T}: Prevent all combat damage that would be dealt by target attacking creature this turn.", "type": "Legendary Land", "types": ["Land"], "uuid": "14e6c63d-a826-511d-be70-4c9ca5a01b54"}, {"artist": "Howard Lyon", "borderColor": "black", "colorIdentity": [], "colors": [], "convertedManaCost": 0.0, "edhrecRank": 81, "foreignData": [], "frameVersion": "2015", "hasFoil": true, "hasNonFoil": false, "isMtgo": true, "isPaper": true, "isReprint": true, "layout": "normal", "legalities": {"commander": "Legal", "duel": "Legal", "legacy": "Legal", "modern": "Legal", "vintage": "Legal"}, "mcmId": 287036, "mcmMetaId": 209515, "mtgoFoilId": 59700, "mtgoId": 59699, "mtgstocksId": 30268, "multiverseId": 409573, "name": "Mana Confluence", "number": "42", "originalText": "{T}, Pay 1 life: Add one mana of any color to your mana pool.", "originalType": "Land", "prices": {"paper": {}, "paperFoil": {"2019-06-02": 124.99, "2019-06-09": 124.49, "2019-06-16": 124.98, "2019-06-23": 127.49, "2019-06-30": 117.49, "2019-07-07": 130.0, "2019-07-14": 122.49, "2019-07-21": 124.99, "2019-07-28": 127.5, "2019-08-04": 127.5, "2019-08-11": 124.98, "2019-08-18": 125.0, "2019-08-25": 125.0}}, "printings": ["EXP", "JOU"], "purchaseUrls": {"cardmarket": "https://mtgjson.com/links/fc3284ead30d5c5e", "mtgstocks": "https://mtgjson.com/links/141e72b2b683b1f7", "tcgplayer": "https://mtgjson.com/links/95cd2493da355a18"}, "rarity": "mythic", "rulings": [], "scryfallId": "4eafa4f8-3b9b-4e20-97bf-8f547e970752", "scryfallIllustrationId": "adc7b8d9-ba24-4bfa-86db-0f3ae6aeb0b3", "scryfallOracleId": "d0ee5bdc-2b69-4b73-9a20-ffcc18783b29", "subtypes": [], "supertypes": [], "tcgplayerProductId": 110733, "text": "{T}, Pay 1 life: Add one mana of any color.", "type": "Land", "types": ["Land"], "uuid": "a4cd9e50-66dc-54a2-b1b4-c980d0a5731e"}, {"artist": "Ryan Yee", "borderColor": "black", "colorIdentity": [], "colors": [], "convertedManaCost": 0.0, "edhrecRank": 97, "foreignData": [], "frameVersion": "2015", "hasFoil": true, "hasNonFoil": false, "isMtgo": true, "isPaper": true, "isReprint": true, "layout": "normal", "legalities": {"commander": "Legal", "duel": "Legal", "legacy": "Legal", "modern": "Legal", "vintage": "Legal"}, "mcmId": 284418, "mcmMetaId": 10781, "mtgoFoilId": 58850, "mtgoId": 58849, "mtgstocksId": 29200, "multiverseId": 405101, "name": "Marsh Flats", "number": "21", "originalText": "{T}, Pay 1 life, Sacrifice Marsh Flats: Search your library for a Plains or Swamp card and put it onto the battlefield. Then shuffle your library.", "originalType": "Land", "prices": {"paper": {}, "paperFoil": {"2019-06-02": 120.46, "2019-06-09": 120.92, "2019-06-16": 122.09, "2019-06-23": 124.09, "2019-06-30": 122.99, "2019-07-07": 124.78, "2019-07-14": 120.92, "2019-07-21": 118.95, "2019-07-28": 119.39, "2019-08-04": 119.39, "2019-08-11": 118.85, "2019-08-18": 119.0, "2019-08-25": 119.0}}, "printings": ["EXP", "MM3", "ZEN"], "purchaseUrls": {"cardmarket": "https://mtgjson.com/links/c7365f1e11fee945", "mtgstocks": "https://mtgjson.com/links/266b84f0bc4fb454", "tcgplayer": "https://mtgjson.com/links/68f7ab1e85d13930"}, "rarity": "mythic", "rulings": [], "scryfallId": "ea61e27c-3f55-499a-af31-7c34b91be0f2", "scryfallIllustrationId": "7faec944-3b8a-422e-b250-5596576497c7", "scryfallOracleId": "dab520d0-20b4-4273-ba6b-eb07f85ea433", "subtypes": [], "supertypes": [], "tcgplayerProductId": 105552, "text": "{T}, Pay 1 life, Sacrifice Marsh Flats: Search your library for a Plains or Swamp card, put it onto the battlefield, then shuffle your library.", "type": "Land", "types": ["Land"], "uuid": "20178ff3-321e-5085-9545-007799f3d44d"}, {"artist": "Ryan Yee", "borderColor": "black", "colorIdentity": [], "colors": [], "convertedManaCost": 0.0, "edhrecRank": 83, "foreignData": [], "frameVersion": "2015", "hasFoil": true, "hasNonFoil": false, "isMtgo": true, "isPaper": true, "isReprint": true, "layout": "normal", "legalities": {"commander": "Legal", "duel": "Legal", "legacy": "Legal", "modern": "Legal", "vintage": "Legal"}, "mcmId": 284421, "mcmMetaId": 10723, "mtgoFoilId": 58846, "mtgoId": 58845, "mtgstocksId": 29185, "multiverseId": 405102, "name": "Misty Rainforest", "number": "25", "originalText": "{T}, Pay 1 life, Sacrifice Misty Rainforest: Search your library for a Forest or Island card and put it onto the battlefield. Then shuffle your library.", "originalType": "Land", "prices": {"paper": {}, "paperFoil": {"2019-06-02": 249.97, "2019-06-09": 249.98, "2019-06-16": 249.99, "2019-06-23": 249.97, "2019-06-30": 249.94, "2019-07-07": 249.89, "2019-07-14": 249.89, "2019-07-21": 249.97, "2019-07-28": 246.07, "2019-08-04": 247.62, "2019-08-11": 240.0, "2019-08-18": 237.21, "2019-08-25": 234.41}}, "printings": ["EXP", "MM3", "ZEN"], "purchaseUrls": {"cardmarket": "https://mtgjson.com/links/d4a912aa51a2f2c1", "mtgstocks": "https://mtgjson.com/links/6c3cffd657db1932", "tcgplayer": "https://mtgjson.com/links/6f246fcdc8a92c28"}, "rarity": "mythic", "rulings": [], "scryfallId": "1f47bd65-b37c-4b7e-a271-8d67e0c90deb", "scryfallIllustrationId": "ff0fe274-4f3b-4739-839b-5eb8bf558552", "scryfallOracleId": "09dd85aa-47bc-4713-a9b9-8b52ff2285ed", "subtypes": [], "supertypes": [], "tcgplayerProductId": 105018, "text": "{T}, Pay 1 life, Sacrifice Misty Rainforest: Search your library for a Forest or Island card, put it onto the battlefield, then shuffle your library.", "type": "Land", "types": ["Land"], "uuid": "a3e9d8cd-ecda-59a0-8735-0ce35b2060f3"}, {"artist": "Adam Paquette", "borderColor": "black", "colorIdentity": ["U", "W"], "colors": [], "convertedManaCost": 0.0, "edhrecRank": 1011, "foreignData": [], "frameVersion": "2015", "hasFoil": true, "hasNonFoil": false, "isMtgo": true, "isPaper": true, "isReprint": true, "layout": "normal", "legalities": {"commander": "Legal", "duel": "Legal", "legacy": "Legal", "modern": "Legal", "vintage": "Legal"}, "mcmId": 287020, "mcmMetaId": 9839, "mtgoFoilId": 59712, "mtgoId": 59711, "mtgstocksId": 30269, "multiverseId": 409557, "name": "Mystic Gate", "number": "26", "originalText": "{T}: Add {C} to your mana pool.\n{WU}, {T}: Add {W}{W}, {W}{U}, or {U}{U} to your mana pool.", "originalType": "Land", "prices": {"paper": {}, "paperFoil": {"2019-06-02": 55.0, "2019-06-09": 55.0, "2019-06-16": 55.0, "2019-06-23": 55.0, "2019-06-30": 54.99, "2019-07-07": 54.21, "2019-07-14": 54.3, "2019-07-21": 52.48, "2019-07-28": 52.48, "2019-08-04": 51.01, "2019-08-11": 50.0, "2019-08-18": 50.0, "2019-08-25": 49.99}}, "printings": ["EXP", "SHM"], "purchaseUrls": {"cardmarket": "https://mtgjson.com/links/19022f2458d77214", "mtgstocks": "https://mtgjson.com/links/41b1bc57d0630f32", "tcgplayer": "https://mtgjson.com/links/d46203b68d2bebed"}, "rarity": "mythic", "rulings": [], "scryfallId": "2a95a6b0-cd73-4754-a53a-26669bc1440b", "scryfallIllustrationId": "c296e8a8-b867-4e8f-90b0-760512b9f973", "scryfallOracleId": "e9f5feb2-2c1a-46ce-885a-4f378d7d10af", "subtypes": [], "supertypes": [], "tcgplayerProductId": 110734, "text": "{T}: Add {C}.\n{W/U}, {T}: Add {W}{W}, {W}{U}, or {U}{U}.", "type": "Land", "types": ["Land"], "uuid": "a8112980-0f68-509a-b5a7-a34899d69736"}, {"artist": "Noah Bradley", "borderColor": "black", "colorIdentity": ["B", "G"], "colors": [], "convertedManaCost": 0.0, "edhrecRank": 49, "foreignData": [], "frameVersion": "2015", "hasFoil": true, "hasNonFoil": false, "isMtgo": true, "isPaper": true, "isReprint": true, "layout": "normal", "legalities": {"brawl": "Legal", "commander": "Legal", "duel": "Legal", "future": "Legal", "legacy": "Legal", "modern": "Legal", "standard": "Legal", "vintage": "Legal"}, "mcmId": 284410, "mcmMetaId": 8044, "mtgoFoilId": 58872, "mtgoId": 58871, "mtgstocksId": 29201, "multiverseId": 405103, "name": "Overgrown Tomb", "number": "13", "originalText": "As Overgrown Tomb enters the battlefield, you may pay 2 life. If you don't, Overgrown Tomb enters the battlefield tapped.", "originalType": "Land — Swamp Forest", "prices": {"paper": {}, "paperFoil": {"2019-06-02": 93.99, "2019-06-09": 93.99, "2019-06-16": 93.99, "2019-06-23": 94.49, "2019-06-30": 93.99, "2019-07-07": 93.99, "2019-07-14": 91.82, "2019-07-21": 92.91, "2019-07-28": 91.82, "2019-08-04": 94.99, "2019-08-11": 94.95, "2019-08-18": 94.95, "2019-08-25": 94.47}}, "printings": ["EXP", "GRN", "PRM", "RAV", "RTR"], "purchaseUrls": {"cardmarket": "https://mtgjson.com/links/54d732f71dcaef31", "mtgstocks": "https://mtgjson.com/links/1c0f12a6c663c5a3", "tcgplayer": "https://mtgjson.com/links/e56f659089d7ff4d"}, "rarity": "mythic", "rulings": [{"date": "2018-10-05", "text": "Unlike most dual lands, this land has two basic land types. It’s not basic, so cards such as District Guide can’t find it, but it does have the appropriate land types for effects such as that of Drowned Catacomb (from the Ixalan set)."}, {"date": "2018-10-05", "text": "If an effect puts this land onto the battlefield tapped, you may pay 2 life, but it still enters tapped."}], "scryfallId": "b92ca85d-eede-4c7f-b491-f555da1c23eb", "scryfallIllustrationId": "98686f5f-bdd2-4f0d-b57a-e5f92fd9d165", "scryfallOracleId": "975ec9a3-6f20-4177-8211-82526e092538", "subtypes": ["Swamp", "Forest"], "supertypes": [], "tcgplayerProductId": 105553, "text": "({T}: Add {B} or {G}.)\nAs Overgrown Tomb enters the battlefield, you may pay 2 life. If you don't, it enters the battlefield tapped.", "type": "Land — Swamp Forest", "types": ["Land"], "uuid": "01655fa1-b466-5416-a0ee-1eeb2122c259"}, {"artist": "Véronique Meignaud", "borderColor": "black", "colorIdentity": [], "colors": [], "convertedManaCost": 0.0, "edhrecRank": 37, "foreignData": [], "frameVersion": "2015", "hasFoil": true, "hasNonFoil": false, "isMtgo": true, "isPaper": true, "isReprint": true, "layout": "normal", "legalities": {"commander": "Legal", "duel": "Legal", "legacy": "Legal", "modern": "Legal", "vintage": "Legal"}, "mcmId": 284414, "mcmMetaId": 4282, "mtgoFoilId": 58878, "mtgoId": 58877, "mtgstocksId": 29202, "multiverseId": 405104, "name": "Polluted Delta", "number": "17", "originalText": "{T}, Pay 1 life, Sacrifice Polluted Delta: Search your library for an Island or Swamp card and put it onto the battlefield. Then shuffle your library.", "originalType": "Land", "prices": {"paper": {}, "paperFoil": {"2019-06-02": 258.63, "2019-06-09": 259.55, "2019-06-16": 273.09, "2019-06-23": 274.05, "2019-06-30": 275.0, "2019-07-07": 281.04, "2019-07-14": 275.0, "2019-07-21": 275.0, "2019-07-28": 273.18, "2019-08-04": 275.0, "2019-08-11": 274.04, "2019-08-18": 275.0, "2019-08-25": 275.0}}, "printings": ["EXP", "G09", "KTK", "ONS", "PRM"], "purchaseUrls": {"cardmarket": "https://mtgjson.com/links/0ac9dab39a26d803", "mtgstocks": "https://mtgjson.com/links/9d130deb9aa9ad46", "tcgplayer": "https://mtgjson.com/links/50d2175e05e3e50d"}, "rarity": "mythic", "rulings": [], "scryfallId": "cdfac4bf-ffba-43eb-a29c-45c64079e830", "scryfallIllustrationId": "8cedb4a3-e72c-4cf8-aab5-403ea015477e", "scryfallOracleId": "ef86989d-ce80-4e55-aece-7d11710eeffa", "subtypes": [], "supertypes": [], "tcgplayerProductId": 105554, "text": "{T}, Pay 1 life, Sacrifice Polluted Delta: Search your library for an Island or Swamp card, put it onto the battlefield, then shuffle your library.", "type": "Land", "types": ["Land"], "uuid": "1b8da7b5-03b7-5cb1-884b-5e8ac1b3e1d0"}, {"artist": "Titus Lunter", "borderColor": "black", "colorIdentity": ["U", "W"], "colors": [], "convertedManaCost": 0.0, "edhrecRank": 187, "foreignData": [], "frameVersion": "2015", "hasFoil": true, "hasNonFoil": false, "isMtgo": true, "isPaper": true, "isReprint": true, "layout": "normal", "legalities": {"commander": "Legal", "duel": "Legal", "legacy": "Legal", "modern": "Legal", "vintage": "Legal"}, "mcmId": 284399, "mcmMetaId": 220616, "mtgoFoilId": 58888, "mtgoId": 58887, "mtgstocksId": 29567, "multiverseId": 405105, "name": "Prairie Stream", "number": "1", "originalText": "Prairie Stream enters the battlefield tapped unless you control two or more basic lands.", "originalType": "Land — Plains Island", "prices": {"paper": {}, "paperFoil": {"2019-06-02": 24.95, "2019-06-09": 24.99, "2019-06-16": 24.99, "2019-06-23": 25.26, "2019-06-30": 25.24, "2019-07-07": 25.44, "2019-07-14": 25.0, "2019-07-21": 24.99, "2019-07-28": 24.99, "2019-08-04": 24.97, "2019-08-11": 24.99, "2019-08-18": 24.59, "2019-08-25": 24.49}}, "printings": ["BFZ", "C19", "EXP", "PBFZ", "PSS1"], "purchaseUrls": {"cardmarket": "https://mtgjson.com/links/346b1441fe52469e", "mtgstocks": "https://mtgjson.com/links/c922cf14e2f6bb66", "tcgplayer": "https://mtgjson.com/links/046d1e2963ebc2a3"}, "rarity": "mythic", "rulings": [{"date": "2015-08-25", "text": "Even though these lands have basic land types, they are not basic lands because “basic” doesn’t appear on their type line. Notably, controlling two or more of them won’t allow others to enter the battlefield untapped."}, {"date": "2015-08-25", "text": "However, because these cards have basic land types, effects that specify a basic land type without also specifying that the land be basic can affect them. For example, a spell or ability that reads “Destroy target Forest” can target Canopy Vista, while one that reads “Destroy target basic Forest” cannot."}, {"date": "2015-08-25", "text": "If one of these lands enters the battlefield at the same time as any number of basic lands, those other lands are not counted when determining if this land enters the battlefield tapped or untapped."}], "scryfallId": "c6bc665f-fb17-43e1-b93b-6a7b168759eb", "scryfallIllustrationId": "4e805468-f3d0-4e60-92ab-41323b367de1", "scryfallOracleId": "5330e24a-8568-446e-840a-594cd08bd1bc", "subtypes": ["Plains", "Island"], "supertypes": [], "tcgplayerProductId": 104377, "text": "({T}: Add {W} or {U}.)\nPrairie Stream enters the battlefield tapped unless you control two or more basic lands.", "type": "Land — Plains Island", "types": ["Land"], "uuid": "5dac611a-855b-52f2-b974-71fa83043871"}, {"artist": "Christine Choi", "borderColor": "black", "colorIdentity": ["R", "W"], "colors": [], "convertedManaCost": 0.0, "edhrecRank": 855, "foreignData": [], "frameVersion": "2015", "hasFoil": true, "hasNonFoil": false, "isMtgo": true, "isPaper": true, "isReprint": true, "layout": "normal", "legalities": {"commander": "Legal", "duel": "Legal", "legacy": "Legal", "modern": "Legal", "vintage": "Legal"}, "mcmId": 287028, "mcmMetaId": 10028, "mtgoFoilId": 59714, "mtgoId": 59713, "mtgstocksId": 30270, "multiverseId": 409565, "name": "Rugged Prairie", "number": "34", "originalText": "{T}: Add {C} to your mana pool.\n{GU}, {T}: Add {R}{R}, {R}{W}, or {W}{W} to your mana pool.", "originalType": "Land", "prices": {"paper": {}, "paperFoil": {"2019-06-02": 33.0, "2019-06-09": 32.22, "2019-06-16": 33.72, "2019-06-23": 36.3, "2019-06-30": 33.7, "2019-07-07": 33.46, "2019-07-14": 33.72, "2019-07-21": 30.07, "2019-07-28": 29.99, "2019-08-04": 30.08, "2019-08-11": 30.57, "2019-08-18": 30.18, "2019-08-25": 32.06}}, "printings": ["A25", "EVE", "EXP"], "purchaseUrls": {"cardmarket": "https://mtgjson.com/links/0ddfed22d08e80b5", "mtgstocks": "https://mtgjson.com/links/011d369b9644abf4", "tcgplayer": "https://mtgjson.com/links/081011c9cb75a829"}, "rarity": "mythic", "rulings": [], "scryfallId": "4441514d-d8e0-480f-ab82-b0064dfa7ac0", "scryfallIllustrationId": "a83f3102-2c90-4919-a9b3-7439bd0f36fd", "scryfallOracleId": "8e7641e1-e814-4d5a-9cb3-71ad2f4ceee8", "subtypes": [], "supertypes": [], "tcgplayerProductId": 110735, "text": "{T}: Add {C}.\n{R/W}, {T}: Add {R}{R}, {R}{W}, or {W}{W}.", "type": "Land", "types": ["Land"], "uuid": "63e9a637-010d-5edd-8bc8-5ba5dcd640aa"}, {"artist": "Noah Bradley", "borderColor": "black", "colorIdentity": ["R", "W"], "colors": [], "convertedManaCost": 0.0, "edhrecRank": 99, "foreignData": [], "frameVersion": "2015", "hasFoil": true, "hasNonFoil": false, "isMtgo": true, "isPaper": true, "isReprint": true, "layout": "normal", "legalities": {"brawl": "Legal", "commander": "Legal", "duel": "Legal", "future": "Legal", "legacy": "Legal", "modern": "Legal", "standard": "Legal", "vintage": "Legal"}, "mcmId": 284411, "mcmMetaId": 8071, "mtgoFoilId": 58874, "mtgoId": 58873, "mtgstocksId": 29181, "multiverseId": 405106, "name": "Sacred Foundry", "number": "14", "originalText": "As Sacred Foundry enters the battlefield, you may pay 2 life. If you don't, Sacred Foundry enters the battlefield tapped.", "originalType": "Land — Mountain Plains", "prices": {"paper": {}, "paperFoil": {"2019-06-02": 82.82, "2019-06-09": 79.99, "2019-06-16": 79.99, "2019-06-23": 79.78, "2019-06-30": 80.37, "2019-07-07": 84.99, "2019-07-14": 85.0, "2019-07-21": 81.83, "2019-07-28": 85.42, "2019-08-04": 85.25, "2019-08-11": 85.79, "2019-08-18": 85.25, "2019-08-25": 86.5}}, "printings": ["EXP", "GRN", "GTC", "PRM", "RAV"], "purchaseUrls": {"cardmarket": "https://mtgjson.com/links/5a0f3110c6aa8cee", "mtgstocks": "https://mtgjson.com/links/0345aa1713c0b733", "tcgplayer": "https://mtgjson.com/links/b8b8a5aa9f3d3acc"}, "rarity": "mythic", "rulings": [{"date": "2018-10-05", "text": "Unlike most dual lands, this land has two basic land types. It’s not basic, so cards such as District Guide can’t find it, but it does have the appropriate land types for effects such as that of Drowned Catacomb (from the Ixalan set)."}, {"date": "2018-10-05", "text": "If an effect puts this land onto the battlefield tapped, you may pay 2 life, but it still enters tapped."}], "scryfallId": "33c519df-c6b1-4e32-92bc-8a67ae5cbaab", "scryfallIllustrationId": "ba1ca30f-6adc-46dc-86ba-51d69b97f04d", "scryfallOracleId": "45181cb8-2090-4471-ba90-e5a8f04d525f", "subtypes": ["Mountain", "Plains"], "supertypes": [], "tcgplayerProductId": 104816, "text": "({T}: Add {R} or {W}.)\nAs Sacred Foundry enters the battlefield, you may pay 2 life. If you don't, it enters the battlefield tapped.", "type": "Land — Mountain Plains", "types": ["Land"], "uuid": "f818b1d2-3dfc-5da3-bd43-b0ad5e74d2de"}, {"artist": "Ryan Yee", "borderColor": "black", "colorIdentity": [], "colors": [], "convertedManaCost": 0.0, "edhrecRank": 120, "foreignData": [], "frameVersion": "2015", "hasFoil": true, "hasNonFoil": false, "isMtgo": true, "isPaper": true, "isReprint": true, "layout": "normal", "legalities": {"commander": "Legal", "duel": "Legal", "legacy": "Legal", "modern": "Legal", "vintage": "Legal"}, "mcmId": 284419, "mcmMetaId": 10779, "mtgoFoilId": 58852, "mtgoId": 58851, "mtgstocksId": 29203, "multiverseId": 405107, "name": "Scalding Tarn", "number": "22", "originalText": "{T}, Pay 1 life, Sacrifice Scalding Tarn: Search your library for an Island or Mountain card and put it onto the battlefield. Then shuffle your library.", "originalType": "Land", "prices": {"paper": {}, "paperFoil": {"2019-06-02": 372.34, "2019-06-09": 369.69, "2019-06-16": 372.34, "2019-06-23": 372.6, "2019-06-30": 372.6, "2019-07-07": 374.99, "2019-07-14": 370.21, "2019-07-21": 372.6, "2019-07-28": 370.12, "2019-08-04": 370.02, "2019-08-11": 363.0, "2019-08-18": 355.42, "2019-08-25": 360.49}}, "printings": ["EXP", "MM3", "ZEN"], "purchaseUrls": {"cardmarket": "https://mtgjson.com/links/28c444e2aab41e1f", "mtgstocks": "https://mtgjson.com/links/0d78683a9d8853ee", "tcgplayer": "https://mtgjson.com/links/d1f2b34b1b2af6f1"}, "rarity": "mythic", "rulings": [], "scryfallId": "5a985f59-2b4e-416d-8f11-46b9317199c5", "scryfallIllustrationId": "7bfd995b-d460-4bb0-83b6-ec64e5536c3f", "scryfallOracleId": "cb027150-848c-4a66-88ad-e20222304dd8", "subtypes": [], "supertypes": [], "tcgplayerProductId": 105555, "text": "{T}, Pay 1 life, Sacrifice Scalding Tarn: Search your library for an Island or Mountain card, put it onto the battlefield, then shuffle your library.", "type": "Land", "types": ["Land"], "uuid": "118bca03-a790-5dfe-a1cf-046056288cc8"}, {"artist": "Titus Lunter", "borderColor": "black", "colorIdentity": ["B", "R"], "colors": [], "convertedManaCost": 0.0, "edhrecRank": 213, "foreignData": [], "frameVersion": "2015", "hasFoil": true, "hasNonFoil": false, "isMtgo": true, "isPaper": true, "isReprint": true, "layout": "normal", "legalities": {"commander": "Legal", "duel": "Legal", "legacy": "Legal", "modern": "Legal", "vintage": "Legal"}, "mcmId": 284401, "mcmMetaId": 220618, "mtgoFoilId": 58886, "mtgoId": 58885, "mtgstocksId": 29569, "multiverseId": 405108, "name": "Smoldering Marsh", "number": "3", "originalText": "Smoldering Marsh enters the battlefield tapped unless you control two or more basic lands.", "originalType": "Land — Swamp Mountain", "prices": {"paper": {}, "paperFoil": {"2019-06-02": 21.12, "2019-06-09": 21.09, "2019-06-16": 21.09, "2019-06-23": 21.46, "2019-06-30": 21.28, "2019-07-07": 21.46, "2019-07-14": 21.91, "2019-07-21": 21.09, "2019-07-28": 21.04, "2019-08-04": 20.64, "2019-08-11": 20.99, "2019-08-18": 19.99, "2019-08-25": 20.6}}, "printings": ["BFZ", "EXP", "PBFZ", "PSS1"], "purchaseUrls": {"cardmarket": "https://mtgjson.com/links/525ceb71738913c5", "mtgstocks": "https://mtgjson.com/links/63c5365032ed9659", "tcgplayer": "https://mtgjson.com/links/603aa5a9d0b56827"}, "rarity": "mythic", "rulings": [{"date": "2015-08-25", "text": "Even though these lands have basic land types, they are not basic lands because “basic” doesn’t appear on their type line. Notably, controlling two or more of them won’t allow others to enter the battlefield untapped."}, {"date": "2015-08-25", "text": "However, because these cards have basic land types, effects that specify a basic land type without also specifying that the land be basic can affect them. For example, a spell or ability that reads “Destroy target Forest” can target Canopy Vista, while one that reads “Destroy target basic Forest” cannot."}, {"date": "2015-08-25", "text": "If one of these lands enters the battlefield at the same time as any number of basic lands, those other lands are not counted when determining if this land enters the battlefield tapped or untapped."}], "scryfallId": "2c9814b3-d4fe-4823-b310-ab284dc9b9be", "scryfallIllustrationId": "3276e39d-f8d0-4152-9af7-5fca0123329b", "scryfallOracleId": "390f1b56-264e-4336-83be-dc1fe79bfdcf", "subtypes": ["Swamp", "Mountain"], "supertypes": [], "tcgplayerProductId": 104374, "text": "({T}: Add {B} or {R}.)\nSmoldering Marsh enters the battlefield tapped unless you control two or more basic lands.", "type": "Land — Swamp Mountain", "types": ["Land"], "uuid": "a32d7f89-669d-5691-a8cb-402ba4674d3c"}, {"artist": "Noah Bradley", "borderColor": "black", "colorIdentity": ["R", "U"], "colors": [], "convertedManaCost": 0.0, "edhrecRank": 72, "foreignData": [], "frameVersion": "2015", "hasFoil": true, "hasNonFoil": false, "isMtgo": true, "isPaper": true, "isReprint": true, "layout": "normal", "legalities": {"brawl": "Legal", "commander": "Legal", "duel": "Legal", "future": "Legal", "legacy": "Legal", "modern": "Legal", "standard": "Legal", "vintage": "Legal"}, "mcmId": 284326, "mcmMetaId": 7848, "mtgoFoilId": 58870, "mtgoId": 58869, "mtgstocksId": 29153, "multiverseId": 405109, "name": "Steam Vents", "number": "12", "originalText": "As Steam Vents enters the battlefield, you may pay 2 life. If you don't, Steam Vents enters the battlefield tapped.", "originalType": "Land — Island Mountain", "prices": {"paper": {}, "paperFoil": {"2019-06-02": 139.95, "2019-06-09": 138.44, "2019-06-16": 139.99, "2019-06-23": 139.99, "2019-06-30": 140.54, "2019-07-07": 138.49, "2019-07-14": 130.0, "2019-07-21": 130.0, "2019-07-28": 130.0, "2019-08-04": 138.17, "2019-08-11": 141.02, "2019-08-18": 141.95, "2019-08-25": 136.49}}, "printings": ["EXP", "GPT", "GRN", "PRM", "RTR"], "purchaseUrls": {"cardmarket": "https://mtgjson.com/links/cc9e61a65c4652b3", "mtgstocks": "https://mtgjson.com/links/794475a0dd4cc00e", "tcgplayer": "https://mtgjson.com/links/f3e15c7fdf22e756"}, "rarity": "mythic", "rulings": [{"date": "2018-10-05", "text": "Unlike most dual lands, this land has two basic land types. It’s not basic, so cards such as District Guide can’t find it, but it does have the appropriate land types for effects such as that of Drowned Catacomb (from the Ixalan set)."}, {"date": "2018-10-05", "text": "If an effect puts this land onto the battlefield tapped, you may pay 2 life, but it still enters tapped."}], "scryfallId": "2349e6aa-5bbf-4250-a19a-321bd308ddcb", "scryfallIllustrationId": "453f9918-56a1-4ee5-8ecc-52e147361187", "scryfallOracleId": "17039058-822d-409f-938c-b727a366ba63", "subtypes": ["Island", "Mountain"], "supertypes": [], "tcgplayerProductId": 104307, "text": "({T}: Add {U} or {R}.)\nAs Steam Vents enters the battlefield, you may pay 2 life. If you don't, it enters the battlefield tapped.", "type": "Land — Island Mountain", "types": ["Land"], "uuid": "61683cea-1f07-5380-bd82-53a0a01ae210"}, {"artist": "Min Yum", "borderColor": "black", "colorIdentity": ["G", "R"], "colors": [], "convertedManaCost": 0.0, "edhrecRank": 105, "foreignData": [], "frameVersion": "2015", "hasFoil": true, "hasNonFoil": false, "isMtgo": true, "isPaper": true, "isReprint": true, "layout": "normal", "legalities": {"brawl": "Legal", "commander": "Legal", "duel": "Legal", "future": "Legal", "legacy": "Legal", "modern": "Legal", "standard": "Legal", "vintage": "Legal"}, "mcmId": 284407, "mcmMetaId": 7851, "mtgoFoilId": 58864, "mtgoId": 58863, "mtgstocksId": 29205, "multiverseId": 405110, "name": "Stomping Ground", "number": "9", "originalText": "As Stomping Ground enters the battlefield, you may pay 2 life. If you don't, Stomping Ground enters the battlefield tapped.", "originalType": "Land — Mountain Forest", "prices": {"paper": {}, "paperFoil": {"2019-06-02": 89.98, "2019-06-09": 88.0, "2019-06-16": 89.94, "2019-06-23": 89.98, "2019-06-30": 89.98, "2019-07-07": 93.11, "2019-07-14": 89.99, "2019-07-21": 89.94, "2019-07-28": 86.08, "2019-08-04": 89.97, "2019-08-11": 89.9, "2019-08-18": 85.53, "2019-08-25": 82.99}}, "printings": ["EXP", "GPT", "GTC", "PRM", "RNA"], "purchaseUrls": {"cardmarket": "https://mtgjson.com/links/3d577eb53d404caa", "mtgstocks": "https://mtgjson.com/links/962481858900a192", "tcgplayer": "https://mtgjson.com/links/0558ba012e23c1cd"}, "rarity": "mythic", "rulings": [{"date": "2018-10-05", "text": "Unlike most dual lands, this land has two basic land types. It’s not basic, so cards such as District Guide can’t find it, but it does have the appropriate land types for effects such as that of Drowned Catacomb (from the Ixalan set)."}, {"date": "2018-10-05", "text": "If an effect puts this land onto the battlefield tapped, you may pay 2 life, but it still enters tapped."}], "scryfallId": "4c5e0fa3-63db-4b1e-bc15-dcb0ae80db14", "scryfallIllustrationId": "b9b7b5d5-4078-41b3-97fd-b446cb05fb97", "scryfallOracleId": "16052b52-ade1-406f-a06b-ce7ea607fb63", "subtypes": ["Mountain", "Forest"], "supertypes": [], "tcgplayerProductId": 105556, "text": "({T}: Add {R} or {G}.)\nAs Stomping Ground enters the battlefield, you may pay 2 life. If you don't, it enters the battlefield tapped.", "type": "Land — Mountain Forest", "types": ["Land"], "uuid": "b23d9dc4-eefb-5cd2-ac13-fce5af0a4a8b"}, {"artist": "Howard Lyon", "borderColor": "black", "colorIdentity": [], "colors": [], "convertedManaCost": 0.0, "edhrecRank": 75, "foreignData": [], "frameVersion": "2015", "hasFoil": true, "hasNonFoil": false, "isMtgo": true, "isPaper": true, "isReprint": true, "layout": "normal", "legalities": {"commander": "Legal", "duel": "Banned", "legacy": "Banned", "vintage": "Restricted"}, "mcmId": 287037, "mcmMetaId": 5661, "mtgoFoilId": 59696, "mtgoId": 59695, "mtgstocksId": 30271, "multiverseId": 409574, "name": "Strip Mine", "number": "43", "originalText": "{T}: Add {C} to your mana pool.\n{T}, Sacrifice Strip Mine: Destroy target land.", "originalType": "Land", "prices": {"paper": {}, "paperFoil": {"2019-06-02": 114.99, "2019-06-09": 112.5, "2019-06-16": 115.92, "2019-06-23": 115.46, "2019-06-30": 110.0, "2019-07-07": 115.19, "2019-07-14": 115.56, "2019-07-21": 115.19, "2019-07-28": 112.5, "2019-08-04": 110.0, "2019-08-11": 114.99, "2019-08-18": 115.19, "2019-08-25": 115.92}}, "printings": ["4BB", "4ED", "ATH", "ATQ", "EXP", "ME4", "PTC", "REN", "RIN", "V09", "VMA"], "purchaseUrls": {"cardmarket": "https://mtgjson.com/links/9a9548ac3e3ab698", "mtgstocks": "https://mtgjson.com/links/8e5e572f27ee88b1", "tcgplayer": "https://mtgjson.com/links/c2f2d16d2149aa6a"}, "rarity": "mythic", "rulings": [], "scryfallId": "1b8de79d-5efe-4e21-8614-786689fcad58", "scryfallIllustrationId": "4729ec53-1be1-4c3f-ab58-b456c96ac8b0", "scryfallOracleId": "d21a89eb-7c5b-459a-acc7-12b20b13bf79", "subtypes": [], "supertypes": [], "tcgplayerProductId": 110736, "text": "{T}: Add {C}.\n{T}, Sacrifice Strip Mine: Destroy target land.", "type": "Land", "types": ["Land"], "uuid": "c4205c39-ba27-5742-99cb-376fe2d59953"}, {"artist": "Titus Lunter", "borderColor": "black", "colorIdentity": ["B", "U"], "colors": [], "convertedManaCost": 0.0, "edhrecRank": 144, "foreignData": [], "frameVersion": "2015", "hasFoil": true, "hasNonFoil": false, "isMtgo": true, "isPaper": true, "isReprint": true, "layout": "normal", "legalities": {"commander": "Legal", "duel": "Legal", "legacy": "Legal", "modern": "Legal", "vintage": "Legal"}, "mcmId": 284400, "mcmMetaId": 220617, "mtgoFoilId": 58882, "mtgoId": 58881, "mtgstocksId": 29571, "multiverseId": 405111, "name": "Sunken Hollow", "number": "2", "originalText": "Sunken Hollow enters the battlefield tapped unless you control two or more basic lands.", "originalType": "Land — Island Swamp", "prices": {"paper": {}, "paperFoil": {"2019-06-02": 31.48, "2019-06-09": 30.13, "2019-06-16": 30.12, "2019-06-23": 30.25, "2019-06-30": 29.81, "2019-07-07": 30.12, "2019-07-14": 30.13, "2019-07-21": 30.0, "2019-07-28": 30.13, "2019-08-04": 31.09, "2019-08-11": 31.63, "2019-08-18": 30.9, "2019-08-25": 32.0}}, "printings": ["BFZ", "C19", "EXP", "PBFZ", "PSS1"], "purchaseUrls": {"cardmarket": "https://mtgjson.com/links/ab82899d2bbffa45", "mtgstocks": "https://mtgjson.com/links/8e427c21425154ed", "tcgplayer": "https://mtgjson.com/links/7a25325f92b8e5de"}, "rarity": "mythic", "rulings": [{"date": "2015-08-25", "text": "Even though these lands have basic land types, they are not basic lands because “basic” doesn’t appear on their type line. Notably, controlling two or more of them won’t allow others to enter the battlefield untapped."}, {"date": "2015-08-25", "text": "However, because these cards have basic land types, effects that specify a basic land type without also specifying that the land be basic can affect them. For example, a spell or ability that reads “Destroy target Forest” can target Canopy Vista, while one that reads “Destroy target basic Forest” cannot."}, {"date": "2015-08-25", "text": "If one of these lands enters the battlefield at the same time as any number of basic lands, those other lands are not counted when determining if this land enters the battlefield tapped or untapped."}], "scryfallId": "6d93da43-cc05-4542-b4cb-d27ebcb79012", "scryfallIllustrationId": "dc1ac6c1-e03f-460a-bd66-374f7789fe90", "scryfallOracleId": "cd2c90ac-2b04-461c-92f3-939871b6b6a3", "subtypes": ["Island", "Swamp"], "supertypes": [], "tcgplayerProductId": 104373, "text": "({T}: Add {U} or {B}.)\nSunken Hollow enters the battlefield tapped unless you control two or more basic lands.", "type": "Land — Island Swamp", "types": ["Land"], "uuid": "dfed9900-2d7c-56e8-9eab-c4915517d9b1"}, {"artist": "Adam Paquette", "borderColor": "black", "colorIdentity": ["B", "U"], "colors": [], "convertedManaCost": 0.0, "edhrecRank": 769, "foreignData": [], "frameVersion": "2015", "hasFoil": true, "hasNonFoil": false, "isMtgo": true, "isPaper": true, "isReprint": true, "layout": "normal", "legalities": {"commander": "Legal", "duel": "Legal", "legacy": "Legal", "modern": "Legal", "vintage": "Legal"}, "mcmId": 287021, "mcmMetaId": 9841, "mtgoFoilId": 59720, "mtgoId": 59719, "mtgstocksId": 30272, "multiverseId": 409558, "name": "Sunken Ruins", "number": "27", "originalText": "{T}: Add {C} to your mana pool.\n{UB}, {T}: Add {U}{U}, {U}{B}, or {B}{B} to your mana pool.", "originalType": "Land", "prices": {"paper": {}, "paperFoil": {"2019-06-02": 51.55, "2019-06-09": 53.0, "2019-06-16": 52.62, "2019-06-23": 53.0, "2019-06-30": 55.5, "2019-07-07": 53.09, "2019-07-14": 54.05, "2019-07-21": 53.0, "2019-07-28": 51.05, "2019-08-04": 52.19, "2019-08-11": 52.0, "2019-08-18": 52.12, "2019-08-25": 50.0}}, "printings": ["EXP", "SHM"], "purchaseUrls": {"cardmarket": "https://mtgjson.com/links/a0aa08cc5dc688d4", "mtgstocks": "https://mtgjson.com/links/837265b1e29ee4d6", "tcgplayer": "https://mtgjson.com/links/7f3b1fd97e363fa2"}, "rarity": "mythic", "rulings": [], "scryfallId": "89b2347b-ec4a-4878-aace-5ed392bf4070", "scryfallIllustrationId": "29355e1f-9385-49c8-8b5a-b2c89f5aa3d5", "scryfallOracleId": "e6415ffb-8b7a-41c3-bedf-0d4112b7b795", "subtypes": [], "supertypes": [], "tcgplayerProductId": 110737, "text": "{T}: Add {C}.\n{U/B}, {T}: Add {U}{U}, {U}{B}, or {B}{B}.", "type": "Land", "types": ["Land"], "uuid": "3ff6a6e0-55a4-555b-9a1a-088fb41815c4"}, {"artist": "Raymond Swanland", "borderColor": "black", "colorIdentity": [], "colors": [], "convertedManaCost": 0.0, "edhrecRank": 482, "foreignData": [], "frameVersion": "2015", "hasFoil": true, "hasNonFoil": false, "isMtgo": true, "isPaper": true, "isReprint": true, "layout": "normal", "legalities": {"commander": "Legal", "duel": "Legal", "legacy": "Legal", "modern": "Legal", "vintage": "Legal"}, "mcmId": 287038, "mcmMetaId": 11050, "mtgoFoilId": 59694, "mtgoId": 59693, "mtgstocksId": 30273, "multiverseId": 409575, "name": "Tectonic Edge", "number": "44", "originalText": "{T}: Add {C} to your mana pool.\n{1}, {T}, Sacrifice Tectonic Edge: Destroy target nonbasic land. Activate this ability only if an opponent controls four or more lands.", "originalType": "Land", "prices": {"paper": {}, "paperFoil": {"2019-06-02": 31.59, "2019-06-09": 30.71, "2019-06-16": 31.78, "2019-06-23": 31.8, "2019-06-30": 31.45, "2019-07-07": 31.09, "2019-07-14": 30.99, "2019-07-21": 30.0, "2019-07-28": 29.99, "2019-08-04": 29.99, "2019-08-11": 29.48, "2019-08-18": 28.49, "2019-08-25": 28.75}}, "printings": ["C14", "EXP", "F12", "PRM", "WWK"], "purchaseUrls": {"cardmarket": "https://mtgjson.com/links/d7c32633d6dcde43", "mtgstocks": "https://mtgjson.com/links/5c9d790fe1203d12", "tcgplayer": "https://mtgjson.com/links/bc85653e8de44588"}, "rarity": "mythic", "rulings": [{"date": "2010-03-01", "text": "Tectonic Edge’s second ability checks how many lands an opponent controls only at the time you activate the ability."}, {"date": "2010-03-01", "text": "Assuming you can activate Tectonic Edge’s second ability, you can target any nonbasic land with it (not just one controlled by an opponent that controls four or more lands)."}], "scryfallId": "7c079aa9-e633-4ad0-87c1-79c0421c03dc", "scryfallIllustrationId": "931daa54-7f39-49dc-88f7-f9b0f58389e7", "scryfallOracleId": "4927150d-7ff6-4232-b20e-d2ea245ac710", "subtypes": [], "supertypes": [], "tcgplayerProductId": 110738, "text": "{T}: Add {C}.\n{1}, {T}, Sacrifice Tectonic Edge: Destroy target nonbasic land. Activate this ability only if an opponent controls four or more lands.", "type": "Land", "types": ["Land"], "uuid": "fbfa006d-236d-557a-84b3-88d550a33c7d"}, {"artist": "Min Yum", "borderColor": "black", "colorIdentity": ["G", "W"], "colors": [], "convertedManaCost": 0.0, "edhrecRank": 70, "foreignData": [], "frameVersion": "2015", "hasFoil": true, "hasNonFoil": false, "isMtgo": true, "isPaper": true, "isReprint": true, "layout": "normal", "legalities": {"brawl": "Legal", "commander": "Legal", "duel": "Legal", "future": "Legal", "legacy": "Legal", "modern": "Legal", "standard": "Legal", "vintage": "Legal"}, "mcmId": 284408, "mcmMetaId": 8115, "mtgoFoilId": 58866, "mtgoId": 58865, "mtgstocksId": 29183, "multiverseId": 405112, "name": "Temple Garden", "number": "10", "originalText": "As Temple Garden enters the battlefield, you may pay 2 life. If you don't, Temple Garden enters the battlefield tapped.", "originalType": "Land — Forest Plains", "prices": {"paper": {}, "paperFoil": {"2019-06-02": 78.87, "2019-06-09": 79.55, "2019-06-16": 78.92, "2019-06-23": 79.99, "2019-06-30": 79.99, "2019-07-07": 80.0, "2019-07-14": 79.99, "2019-07-21": 80.0, "2019-07-28": 79.95, "2019-08-04": 79.9, "2019-08-11": 77.92, "2019-08-18": 75.99, "2019-08-25": 76.44}}, "printings": ["EXP", "GRN", "PRM", "RAV", "RTR"], "purchaseUrls": {"cardmarket": "https://mtgjson.com/links/b4c7c02d5e20bf89", "mtgstocks": "https://mtgjson.com/links/002e275ca625f667", "tcgplayer": "https://mtgjson.com/links/f33faa7d8a8cc556"}, "rarity": "mythic", "rulings": [{"date": "2018-10-05", "text": "Unlike most dual lands, this land has two basic land types. It’s not basic, so cards such as District Guide can’t find it, but it does have the appropriate land types for effects such as that of Drowned Catacomb (from the Ixalan set)."}, {"date": "2018-10-05", "text": "If an effect puts this land onto the battlefield tapped, you may pay 2 life, but it still enters tapped."}], "scryfallId": "b1c846f3-142d-43f0-aa9a-8fd5fbd5ada4", "scryfallIllustrationId": "58f5829f-c714-4c84-b2c6-e5997b27e6fd", "scryfallOracleId": "f413a83d-a40d-434c-b20a-4c707c0527fa", "subtypes": ["Forest", "Plains"], "supertypes": [], "tcgplayerProductId": 104961, "text": "({T}: Add {G} or {W}.)\nAs Temple Garden enters the battlefield, you may pay 2 life. If you don't, it enters the battlefield tapped.", "type": "Land — Forest Plains", "types": ["Land"], "uuid": "6c4e62f4-33f8-51ae-9edb-05e6e9ef755f"}, {"artist": "Christine Choi", "borderColor": "black", "colorIdentity": ["B", "G"], "colors": [], "convertedManaCost": 0.0, "edhrecRank": 828, "foreignData": [], "frameVersion": "2015", "hasFoil": true, "hasNonFoil": false, "isMtgo": true, "isPaper": true, "isReprint": true, "layout": "normal", "legalities": {"commander": "Legal", "duel": "Legal", "legacy": "Legal", "modern": "Legal", "vintage": "Legal"}, "mcmId": 287027, "mcmMetaId": 10030, "mtgoFoilId": 59726, "mtgoId": 59725, "mtgstocksId": 30274, "multiverseId": 409564, "name": "Twilight Mire", "number": "33", "originalText": "{T}: Add {C} to your mana pool.\n{BG}, {T}: Add {B}{B}, {B}{G}, or {G}{G} to your mana pool.", "originalType": "Land", "prices": {"paper": {}, "paperFoil": {"2019-06-02": 45.35, "2019-06-09": 43.15, "2019-06-16": 42.25, "2019-06-23": 43.22, "2019-06-30": 43.29, "2019-07-07": 44.45, "2019-07-14": 43.59, "2019-07-21": 42.74, "2019-07-28": 43.29, "2019-08-04": 43.2, "2019-08-11": 41.95, "2019-08-18": 41.97, "2019-08-25": 41.41}}, "printings": ["A25", "EVE", "EXP", "PRM"], "purchaseUrls": {"cardmarket": "https://mtgjson.com/links/133faf45b06a3d65", "mtgstocks": "https://mtgjson.com/links/88005f361b99fd2e", "tcgplayer": "https://mtgjson.com/links/b5174d2c45d65d75"}, "rarity": "mythic", "rulings": [], "scryfallId": "29024ee6-56dd-4bc2-b8c0-1620e1795e56", "scryfallIllustrationId": "34c7fb4b-8fe4-4538-84f0-aab8718a3a13", "scryfallOracleId": "db623754-e078-4030-ba07-818803c348a8", "subtypes": [], "supertypes": [], "tcgplayerProductId": 110739, "text": "{T}: Add {C}.\n{B/G}, {T}: Add {B}{B}, {B}{G}, or {G}{G}.", "type": "Land", "types": ["Land"], "uuid": "6a58e73f-85cc-54f5-8506-34df5dff5694"}, {"artist": "Ryan Yee", "borderColor": "black", "colorIdentity": [], "colors": [], "convertedManaCost": 0.0, "edhrecRank": 104, "foreignData": [], "frameVersion": "2015", "hasFoil": true, "hasNonFoil": false, "isMtgo": true, "isPaper": true, "isReprint": true, "layout": "normal", "legalities": {"commander": "Legal", "duel": "Legal", "legacy": "Legal", "modern": "Legal", "vintage": "Legal"}, "mcmId": 284420, "mcmMetaId": 10796, "mtgoFoilId": 58854, "mtgoId": 58853, "mtgstocksId": 29206, "multiverseId": 405113, "name": "Verdant Catacombs", "number": "23", "originalText": "{T}, Pay 1 life, Sacrifice Verdant Catacombs: Search your library for a Swamp or Forest card and put it onto the battlefield. Then shuffle your library.", "originalType": "Land", "prices": {"paper": {}, "paperFoil": {"2019-06-02": 215.12, "2019-06-09": 212.93, "2019-06-16": 215.98, "2019-06-23": 212.93, "2019-06-30": 214.57, "2019-07-07": 214.99, "2019-07-14": 214.99, "2019-07-21": 210.02, "2019-07-28": 209.5, "2019-08-04": 209.5, "2019-08-11": 214.97, "2019-08-18": 209.99, "2019-08-25": 209.99}}, "printings": ["EXP", "MM3", "ZEN"], "purchaseUrls": {"cardmarket": "https://mtgjson.com/links/14efabf16f8e8f40", "mtgstocks": "https://mtgjson.com/links/475936468925ca32", "tcgplayer": "https://mtgjson.com/links/b15a1bb15ee45c70"}, "rarity": "mythic", "rulings": [], "scryfallId": "2e37ee29-7e51-4577-8354-499cbb772af0", "scryfallIllustrationId": "61f3af21-ecba-4f77-8281-b93b8413e046", "scryfallOracleId": "67d60b24-d429-4ded-90d9-06e49f28c396", "subtypes": [], "supertypes": [], "tcgplayerProductId": 105558, "text": "{T}, Pay 1 life, Sacrifice Verdant Catacombs: Search your library for a Swamp or Forest card, put it onto the battlefield, then shuffle your library.", "type": "Land", "types": ["Land"], "uuid": "31689eb6-42c0-55ad-994a-5c17809f1246"}, {"artist": "William Wu", "borderColor": "black", "colorIdentity": [], "colors": [], "convertedManaCost": 0.0, "edhrecRank": 310, "foreignData": [], "frameVersion": "2015", "hasFoil": true, "hasNonFoil": false, "isMtgo": true, "isPaper": true, "isReprint": true, "layout": "normal", "legalities": {"commander": "Legal", "duel": "Legal", "legacy": "Legal", "vintage": "Legal"}, "mcmId": 287039, "mcmMetaId": 6538, "mtgoFoilId": 59706, "mtgoId": 59705, "mtgstocksId": 30275, "multiverseId": 409576, "name": "Wasteland", "number": "45", "originalText": "{T}: Add {C} to your mana pool.\n{T}, Sacrifice Wasteland: Destroy target nonbasic land.", "originalType": "Land", "prices": {"paper": {}, "paperFoil": {"2019-06-02": 142.73, "2019-06-09": 142.46, "2019-06-16": 142.47, "2019-06-23": 144.99, "2019-06-30": 143.48, "2019-07-07": 143.66, "2019-07-14": 142.46, "2019-07-21": 142.45, "2019-07-28": 142.42, "2019-08-04": 140.66, "2019-08-11": 142.45, "2019-08-18": 141.43, "2019-08-25": 139.2}}, "printings": ["EMA", "EXP", "G10", "J15", "MPR", "OLGC", "PRM", "TMP", "TPR", "WC98", "WC99"], "purchaseUrls": {"cardmarket": "https://mtgjson.com/links/554a24312a8beb98", "mtgstocks": "https://mtgjson.com/links/26553edc6f82ae45", "tcgplayer": "https://mtgjson.com/links/407d570ce85c4a7a"}, "rarity": "mythic", "rulings": [], "scryfallId": "d053a27e-da2c-4b8a-9b33-ce369c491dc1", "scryfallIllustrationId": "9c88faab-f044-4f1e-a3b6-7ae06e4514d0", "scryfallOracleId": "09a70ae8-3859-4a09-901d-dce063fa3b5f", "subtypes": [], "supertypes": [], "tcgplayerProductId": 110740, "text": "{T}: Add {C}.\n{T}, Sacrifice Wasteland: Destroy target nonbasic land.", "type": "Land", "types": ["Land"], "uuid": "eef7c437-3889-591c-b1f8-44352c4569e8"}, {"artist": "Min Yum", "borderColor": "black", "colorIdentity": ["B", "U"], "colors": [], "convertedManaCost": 0.0, "edhrecRank": 46, "foreignData": [], "frameVersion": "2015", "hasFoil": true, "hasNonFoil": false, "isMtgo": true, "isPaper": true, "isReprint": true, "layout": "normal", "legalities": {"brawl": "Legal", "commander": "Legal", "duel": "Legal", "future": "Legal", "legacy": "Legal", "modern": "Legal", "standard": "Legal", "vintage": "Legal"}, "mcmId": 284405, "mcmMetaId": 8146, "mtgoFoilId": 58860, "mtgoId": 58859, "mtgstocksId": 29208, "multiverseId": 405114, "name": "Watery Grave", "number": "7", "originalText": "As Watery Grave enters the battlefield, you may pay 2 life. If you don't, Watery Grave enters the battlefield tapped.", "originalType": "Land — Island Swamp", "prices": {"paper": {}, "paperFoil": {"2019-06-02": 112.77, "2019-06-09": 118.49, "2019-06-16": 115.54, "2019-06-23": 114.99, "2019-06-30": 116.54, "2019-07-07": 117.04, "2019-07-14": 120.0, "2019-07-21": 116.99, "2019-07-28": 126.89, "2019-08-04": 123.45, "2019-08-11": 126.89, "2019-08-18": 118.17, "2019-08-25": 123.45}}, "printings": ["EXP", "GRN", "GTC", "PRM", "RAV"], "purchaseUrls": {"cardmarket": "https://mtgjson.com/links/089bcd17dd2a4e3e", "mtgstocks": "https://mtgjson.com/links/c2c7b29a686d4875", "tcgplayer": "https://mtgjson.com/links/175fc21fb4086dc2"}, "rarity": "mythic", "rulings": [{"date": "2018-10-05", "text": "Unlike most dual lands, this land has two basic land types. It’s not basic, so cards such as District Guide can’t find it, but it does have the appropriate land types for effects such as that of Drowned Catacomb (from the Ixalan set)."}, {"date": "2018-10-05", "text": "If an effect puts this land onto the battlefield tapped, you may pay 2 life, but it still enters tapped."}], "scryfallId": "af6d2e24-9467-4aa6-8841-7716d051edf7", "scryfallIllustrationId": "c83a0131-3114-4bb3-aaf7-8b843f2e124b", "scryfallOracleId": "fc9ec820-4245-4a96-b009-5308a818ca58", "subtypes": ["Island", "Swamp"], "supertypes": [], "tcgplayerProductId": 105557, "text": "({T}: Add {U} or {B}.)\nAs Watery Grave enters the battlefield, you may pay 2 life. If you don't, it enters the battlefield tapped.", "type": "Land — Island Swamp", "types": ["Land"], "uuid": "e788572d-8b6c-5078-99b0-8b5004520fa8"}, {"artist": "Véronique Meignaud", "borderColor": "black", "colorIdentity": [], "colors": [], "convertedManaCost": 0.0, "edhrecRank": 41, "foreignData": [], "frameVersion": "2015", "hasFoil": true, "hasNonFoil": false, "isMtgo": true, "isPaper": true, "isReprint": true, "layout": "normal", "legalities": {"commander": "Legal", "duel": "Legal", "legacy": "Legal", "modern": "Legal", "vintage": "Legal"}, "mcmId": 284417, "mcmMetaId": 6653, "mtgoFoilId": 58848, "mtgoId": 58847, "mtgstocksId": 29209, "multiverseId": 405115, "name": "Windswept Heath", "number": "20", "originalText": "{T}, Pay 1 life, Sacrifice Windswept Heath: Search your library for a Forest or Plains card and put it onto the battlefield. Then shuffle your library.", "originalType": "Land", "prices": {"paper": {}, "paperFoil": {"2019-06-02": 129.99, "2019-06-09": 131.45, "2019-06-16": 131.45, "2019-06-23": 129.98, "2019-06-30": 124.99, "2019-07-07": 129.93, "2019-07-14": 127.04, "2019-07-21": 125.49, "2019-07-28": 121.76, "2019-08-04": 123.69, "2019-08-11": 125.17, "2019-08-18": 124.8, "2019-08-25": 124.99}}, "printings": ["EXP", "G09", "KTK", "ONS", "PRM", "WC04"], "purchaseUrls": {"cardmarket": "https://mtgjson.com/links/59987a6ebda095bf", "mtgstocks": "https://mtgjson.com/links/6934bada43059eb6", "tcgplayer": "https://mtgjson.com/links/d9c947b3556c5f84"}, "rarity": "mythic", "rulings": [], "scryfallId": "4b5fc9ef-724d-4287-8ebc-ada2625e0dfb", "scryfallIllustrationId": "aceb6070-02a9-4a18-b9bf-0fece6a6ddd4", "scryfallOracleId": "29737a60-3ebd-40d9-b935-c4f54b90d45d", "subtypes": [], "supertypes": [], "tcgplayerProductId": 105559, "text": "{T}, Pay 1 life, Sacrifice Windswept Heath: Search your library for a Forest or Plains card, put it onto the battlefield, then shuffle your library.", "type": "Land", "types": ["Land"], "uuid": "3d38eff3-7fd3-58cb-ba2a-4fc3b9392e84"}, {"artist": "Adam Paquette", "borderColor": "black", "colorIdentity": ["G", "W"], "colors": [], "convertedManaCost": 0.0, "edhrecRank": 1065, "foreignData": [], "frameVersion": "2015", "hasFoil": true, "hasNonFoil": false, "isMtgo": true, "isPaper": true, "isReprint": true, "layout": "normal", "legalities": {"commander": "Legal", "duel": "Legal", "legacy": "Legal", "modern": "Legal", "vintage": "Legal"}, "mcmId": 287024, "mcmMetaId": 9842, "mtgoFoilId": 59718, "mtgoId": 59717, "mtgstocksId": 30276, "multiverseId": 409561, "name": "Wooded Bastion", "number": "30", "originalText": "{T}: Add {C} to your mana pool.\n{RW}, {T}: Add {G}{G}, {G}{W}, or {W}{W} to your mana pool.", "originalType": "Land", "prices": {"paper": {}, "paperFoil": {"2019-06-02": 37.99, "2019-06-09": 37.99, "2019-06-16": 37.33, "2019-06-23": 37.05, "2019-06-30": 37.95, "2019-07-07": 37.97, "2019-07-14": 37.99, "2019-07-21": 37.32, "2019-07-28": 37.12, "2019-08-04": 37.5, "2019-08-11": 36.48, "2019-08-18": 35.5, "2019-08-25": 35.5}}, "printings": ["EXP", "SHM"], "purchaseUrls": {"cardmarket": "https://mtgjson.com/links/d5f952089e5fa458", "mtgstocks": "https://mtgjson.com/links/a2732b2bb61a2e25", "tcgplayer": "https://mtgjson.com/links/0254205ef6c4c9f7"}, "rarity": "mythic", "rulings": [], "scryfallId": "4927d717-b2c4-46c0-af2c-e507d0c85cdd", "scryfallIllustrationId": "c166b671-eab5-4c51-b0ce-b6deb326551f", "scryfallOracleId": "61b85077-64aa-4bcc-890d-2d88da9543c0", "subtypes": [], "supertypes": [], "tcgplayerProductId": 110741, "text": "{T}: Add {C}.\n{G/W}, {T}: Add {G}{G}, {G}{W}, or {W}{W}.", "type": "Land", "types": ["Land"], "uuid": "153973af-4665-5666-88a1-6404c2425fd0"}, {"artist": "Véronique Meignaud", "borderColor": "black", "colorIdentity": [], "colors": [], "convertedManaCost": 0.0, "edhrecRank": 55, "foreignData": [], "frameVersion": "2015", "hasFoil": true, "hasNonFoil": false, "isMtgo": true, "isPaper": true, "isReprint": true, "layout": "normal", "legalities": {"commander": "Legal", "duel": "Legal", "legacy": "Legal", "modern": "Legal", "vintage": "Legal"}, "mcmId": 284416, "mcmMetaId": 6701, "mtgoFoilId": 58844, "mtgoId": 58843, "mtgstocksId": 29210, "multiverseId": 405116, "name": "Wooded Foothills", "number": "19", "originalText": "{T}, Pay 1 life, Sacrifice Wooded Foothills: Search your library for a Mountain or Forest card and put it onto the battlefield. Then shuffle your library.", "originalType": "Land", "prices": {"paper": {}, "paperFoil": {"2019-06-02": 149.99, "2019-06-09": 149.98, "2019-06-16": 149.97, "2019-06-23": 149.93, "2019-06-30": 149.14, "2019-07-07": 149.88, "2019-07-14": 146.1, "2019-07-21": 142.99, "2019-07-28": 140.05, "2019-08-04": 140.09, "2019-08-11": 139.99, "2019-08-18": 139.99, "2019-08-25": 139.99}}, "printings": ["EXP", "G09", "KTK", "ONS", "PRM"], "purchaseUrls": {"cardmarket": "https://mtgjson.com/links/0f2d716c153aaa16", "mtgstocks": "https://mtgjson.com/links/06721abbc297f84e", "tcgplayer": "https://mtgjson.com/links/0176dcd5c6bccc9d"}, "rarity": "mythic", "rulings": [], "scryfallId": "fa884399-0046-4203-9d45-0fba1bb44ef0", "scryfallIllustrationId": "7163c13e-2413-4c29-83c2-8cf81f550758", "scryfallOracleId": "6587a463-a108-4854-b6d1-944e89b8c8a4", "subtypes": [], "supertypes": [], "tcgplayerProductId": 105560, "text": "{T}, Pay 1 life, Sacrifice Wooded Foothills: Search your library for a Mountain or Forest card, put it onto the battlefield, then shuffle your library.", "type": "Land", "types": ["Land"], "uuid": "258cb7e1-6ba9-58d5-96df-e68f49890958"}], "code": "EXP", "isFoilOnly": true, "isOnlineOnly": false, "keyruneCode": "EXP", "mcmId": 1669, "mcmName": "Zendikar Expeditions", "meta": {"date": "2019-09-01", "pricesDate": "2019-09-01", "version": "4.5.0-rebuild.4"}, "mtgoCode": "EXP", "name": "Zendikar Expeditions", "parentCode": "BFZ", "releaseDate": "2015-10-02", "tcgplayerGroupId": 1649, "tokens": [], "totalSetSize": 45, "translations": {}, "type": "masterpiece"}