{"baseSetSize": 0, "block": "Friday Night Magic", "cards": [{"artist": "Pete Venters", "borderColor": "black", "colorIdentity": ["B"], "colors": ["B"], "convertedManaCost": 1.0, "edhrecRank": 12910, "flavorText": "And in their blind and unattaining state their miserable lives have sunk so low that they must envy every other fate. —Dante, Inferno, trans. Ciardi", "foreignData": [], "frameVersion": "1997", "hasFoil": true, "hasNonFoil": false, "isPaper": true, "isPromo": true, "isReprint": true, "isStarter": true, "layout": "normal", "legalities": {"commander": "Legal", "duel": "Legal", "legacy": "Legal", "pauper": "Legal", "penny": "Legal", "vintage": "Legal"}, "manaCost": "{B}", "mtgstocksId": 20509, "name": "Carnophage", "number": "10", "power": "2", "prices": {"paper": {}, "paperFoil": {"2019-06-02": 9.62, "2019-06-09": 9.62, "2019-06-16": 9.62, "2019-06-23": 9.49, "2019-06-30": 8.64, "2019-07-07": 8.99, "2019-07-14": 7.99, "2019-07-21": 8.64, "2019-07-28": 9.49, "2019-08-04": 9.24, "2019-08-11": 8.3, "2019-08-18": 8.17, "2019-08-25": 8.3}}, "printings": ["EXO", "F01", "PRM", "TPR", "VMA"], "rarity": "rare", "rulings": [], "scryfallId": "e6b157a0-e922-4a87-8856-ec86e81ed222", "scryfallIllustrationId": "50b1e14b-f3c0-433a-adaf-2493fba7fe87", "scryfallOracleId": "9ac77cfd-7d78-4c8a-bffc-17649a852114", "subtypes": ["Zombie"], "supertypes": [], "tcgplayerProductId": 38078, "text": "At the beginning of your upkeep, tap Carnophage unless you pay 1 life.", "toughness": "2", "type": "Creature — Zombie", "types": ["Creature"], "uuid": "c9c527ad-35c7-5c51-ba50-9dea807341e3"}, {"artist": "Michael Danza", "borderColor": "black", "colorIdentity": ["R"], "colors": ["R"], "convertedManaCost": 6.0, "edhrecRank": 7752, "foreignData": [], "frameVersion": "1997", "hasFoil": true, "hasNonFoil": false, "isPaper": true, "isPromo": true, "isReprint": true, "isStarter": true, "layout": "normal", "legalities": {"commander": "Legal", "duel": "Banned", "legacy": "Legal", "pauper": "Legal", "vintage": "Legal"}, "manaCost": "{4}{R}{R}", "mtgstocksId": 20536, "name": "Fireblast", "number": "12", "prices": {"paper": {}, "paperFoil": {"2019-06-02": 39.75, "2019-06-09": 40.25, "2019-06-16": 41.87, "2019-06-23": 41.87, "2019-06-30": 41.87, "2019-07-07": 42.74, "2019-07-14": 53.84, "2019-07-21": 53.61, "2019-07-28": 53.61, "2019-08-04": 64.48, "2019-08-11": 64.37, "2019-08-18": 57.12, "2019-08-25": 63.89}}, "printings": ["DD2", "F01", "JVC", "PD2", "PRM", "TD0", "VIS", "VMA", "WC98"], "rarity": "rare", "rulings": [], "scryfallId": "3ea010a6-75dc-468f-862c-c0857b04a1a3", "scryfallIllustrationId": "f001571b-d24f-4ac1-8a1a-8182584e19f6", "scryfallOracleId": "9dd7f27a-e862-47d7-9158-034cf4d353b8", "subtypes": [], "supertypes": [], "tcgplayerProductId": 38098, "text": "You may sacrifice two Mountains rather than pay this spell's mana cost.\nFireblast deals 4 damage to any target.", "type": "Instant", "types": ["Instant"], "uuid": "af283fa8-7620-5d94-b2cd-52004a92a893"}, {"artist": "Bryan Talbot", "borderColor": "black", "colorIdentity": ["U"], "colors": ["U"], "convertedManaCost": 2.0, "edhrecRank": 398, "foreignData": [], "frameVersion": "1997", "hasFoil": true, "hasNonFoil": false, "isPaper": true, "isPromo": true, "isReprint": true, "isStarter": true, "layout": "normal", "legalities": {"commander": "Legal", "duel": "Legal", "legacy": "Legal", "pauper": "Legal", "vintage": "Legal"}, "manaCost": "{1}{U}", "mtgstocksId": 20555, "name": "Impulse", "number": "11", "prices": {"paper": {}, "paperFoil": {"2019-06-02": 49.02, "2019-06-09": 48.86, "2019-06-16": 49.93, "2019-06-23": 49.87, "2019-06-30": 49.99, "2019-07-07": 49.87, "2019-07-14": 44.89, "2019-07-21": 44.92, "2019-07-28": 44.89, "2019-08-04": 47.8, "2019-08-11": 48.82, "2019-08-18": 48.29, "2019-08-25": 46.89}}, "printings": ["BBD", "BTD", "DDN", "F01", "PRM", "V13", "VIS", "WC97", "WC98"], "rarity": "rare", "rulings": [{"date": "2004-10-04", "text": "This is not a draw."}, {"date": "2004-10-04", "text": "Due to errata, you no longer shuffle your library."}], "scryfallId": "267bf226-3326-49ae-a6a3-8aed8a61ff40", "scryfallIllustrationId": "01c4ad83-22ff-4138-8550-c778ec68746c", "scryfallOracleId": "f6bd2902-7f8b-419e-bbc7-bcab0c1b7e01", "subtypes": [], "supertypes": [], "tcgplayerProductId": 38111, "text": "Look at the top four cards of your library. Put one of them into your hand and the rest on the bottom of your library in any order.", "type": "Instant", "types": ["Instant"], "uuid": "33b5d87e-2893-5cdf-ac21-f26b84ff43a7"}, {"artist": "Susan Van Camp", "borderColor": "black", "colorIdentity": ["R"], "colors": ["R"], "convertedManaCost": 1.0, "edhrecRank": 14465, "flavorText": "Cry havoc and let slip the dogs of war. —William Shakespeare, Julius Caesar", "foreignData": [], "frameVersion": "1997", "hasFoil": true, "hasNonFoil": false, "isPaper": true, "isPromo": true, "isReprint": true, "isStarter": true, "layout": "normal", "legalities": {"commander": "Legal", "duel": "Legal", "legacy": "Legal", "pauper": "Legal", "penny": "Legal", "vintage": "Legal"}, "manaCost": "{R}", "mtgstocksId": 20558, "name": "Jackal Pup", "number": "8", "power": "2", "prices": {"paper": {}, "paperFoil": {"2019-06-02": 9.72, "2019-06-09": 9.49, "2019-06-16": 9.49, "2019-06-23": 9.49, "2019-06-30": 9.49, "2019-07-07": 9.49, "2019-07-14": 9.89, "2019-07-21": 9.49, "2019-07-28": 9.89, "2019-08-04": 9.69, "2019-08-11": 9.89, "2019-08-18": 9.49, "2019-08-25": 9.69}}, "printings": ["A25", "F01", "PD2", "PRM", "TMP", "WC98", "WC99"], "rarity": "rare", "rulings": [], "scryfallId": "581b5da1-764e-48c1-9711-35d50a6d16ec", "scryfallIllustrationId": "49677b00-6127-40e4-b340-a02631b84cc2", "scryfallOracleId": "993e41e6-0643-4a1f-8ada-b7a4aae486d9", "subtypes": ["Jackal"], "supertypes": [], "tcgplayerProductId": 38113, "text": "Whenever Jackal Pup is dealt damage, it deals that much damage to you.", "toughness": "1", "type": "Creature — Jackal", "types": ["Creature"], "uuid": "8e031bc7-4ccf-5d49-ae17-4c8e57edc736"}, {"artist": "Cliff Nielsen", "borderColor": "black", "colorIdentity": ["U"], "colors": ["U"], "convertedManaCost": 3.0, "edhrecRank": 9211, "flavorText": "I will ... tell thee more than thou hast wit to ask. —Christopher Marlowe, Doctor Faustus", "foreignData": [], "frameVersion": "1997", "hasFoil": true, "hasNonFoil": false, "isPaper": true, "isPromo": true, "isReprint": true, "isStarter": true, "layout": "normal", "legalities": {"commander": "Legal", "duel": "Legal", "legacy": "Legal", "pauper": "Legal", "penny": "Legal", "vintage": "Legal"}, "manaCost": "{2}{U}", "mtgstocksId": 20582, "name": "Ophidian", "number": "7", "power": "1", "prices": {"paper": {}, "paperFoil": {"2019-06-02": 2.75, "2019-06-09": 2.72, "2019-06-16": 2.72, "2019-06-23": 2.75, "2019-06-30": 2.75, "2019-07-07": 2.75, "2019-07-14": 2.75, "2019-07-21": 2.75, "2019-07-28": 2.75, "2019-08-04": 2.72, "2019-08-11": 2.75, "2019-08-18": 2.75, "2019-08-25": 2.68}}, "printings": ["DD2", "F01", "JVC", "PRM", "VMA", "WC97", "WTH"], "rarity": "rare", "rulings": [{"date": "2013-04-15", "text": "An ability that triggers when something “attacks and isn’t blocked” triggers in the declare blockers step after blockers are declared if (1) that creature is attacking and (2) no creatures are declared to block it. It will trigger even if that creature was put onto the battlefield attacking rather than having been declared as an attacker in the declare attackers step."}], "scryfallId": "e3aecfdf-a1ad-4884-bd29-2fa53d39b8a3", "scryfallIllustrationId": "f8b49db6-f854-4a5f-b290-c7e80dc8a8be", "scryfallOracleId": "953bdefa-4639-4524-af5c-5055d1289f40", "subtypes": ["Snake"], "supertypes": [], "tcgplayerProductId": 38137, "text": "Whenever Ophidian attacks and isn't blocked, you may draw a card. If you do, Ophidian assigns no combat damage this turn.", "toughness": "3", "type": "Creature — Snake", "types": ["Creature"], "uuid": "27f22c95-c06c-53a8-981e-4aa3a65dcaca"}, {"artist": "Tom Kyffin", "borderColor": "black", "colorIdentity": ["G"], "colors": ["G"], "convertedManaCost": 1.0, "edhrecRank": 1659, "flavorText": "I went to the woods because I wished to live deliberately. —Henry David Thoreau, Walden", "foreignData": [], "frameVersion": "1997", "hasFoil": true, "hasNonFoil": false, "isPaper": true, "isPromo": true, "isReprint": true, "isStarter": true, "layout": "normal", "legalities": {"commander": "Legal", "duel": "Legal", "legacy": "Legal", "pauper": "Legal", "vintage": "Legal"}, "manaCost": "{G}", "mtgstocksId": 20588, "name": "Quirion Ranger", "number": "9", "power": "1", "prices": {"paper": {}, "paperFoil": {"2019-06-02": 149.96, "2019-06-09": 148.97, "2019-06-16": 147.48, "2019-06-23": 139.99, "2019-06-30": 139.99, "2019-07-07": 142.24, "2019-07-14": 144.49, "2019-07-21": 142.24, "2019-07-28": 142.24, "2019-08-04": 142.24, "2019-08-11": 135.0, "2019-08-18": 130.0, "2019-08-25": 130.0}}, "printings": ["F01", "PRM", "VIS", "WC97"], "rarity": "rare", "rulings": [{"date": "2004-10-04", "text": "It can target an untapped creature."}], "scryfallId": "a7a64413-ab7b-4f0d-8e9a-3d1fbe66a99f", "scryfallIllustrationId": "d2e77b5d-32dc-4337-8a83-88b586526dfb", "scryfallOracleId": "3ecaefc8-ead2-47a3-a7ea-b030faab65a7", "subtypes": ["Elf"], "supertypes": [], "tcgplayerProductId": 38142, "text": "Return a Forest you control to its owner's hand: Untap target creature. Activate this ability only once each turn.", "toughness": "1", "type": "Creature — Elf", "types": ["Creature"], "uuid": "c96c119d-9431-57c5-a8a9-6efc2353330b"}, {"artist": "Jeff A. Menges", "borderColor": "black", "colorIdentity": ["W"], "colors": ["W"], "convertedManaCost": 1.0, "edhrecRank": 14, "flavorText": "Peace hath her victories No less renownd than war. - John Milton, \"To the Lord General Cromwell\"", "foreignData": [], "frameVersion": "1997", "hasFoil": true, "hasNonFoil": false, "isPaper": true, "isPromo": true, "isReprint": true, "isStarter": true, "layout": "normal", "legalities": {"commander": "Legal", "duel": "Legal", "legacy": "Legal", "vintage": "Legal"}, "manaCost": "{W}", "mtgstocksId": 20614, "name": "Swords to Plowshares", "number": "6", "prices": {"paper": {}, "paperFoil": {"2019-06-02": 137.2, "2019-06-09": 137.19, "2019-06-16": 137.19, "2019-06-23": 137.0, "2019-06-30": 137.1, "2019-07-07": 137.1, "2019-07-14": 137.0, "2019-07-21": 137.0, "2019-07-28": 137.0, "2019-08-04": 136.0, "2019-08-11": 136.0, "2019-08-18": 136.0, "2019-08-25": 134.99}}, "printings": ["2ED", "3ED", "4BB", "4ED", "A25", "ATH", "BBD", "BRB", "C16", "C17", "CED", "CEI", "CNS", "CST", "DDF", "EMA", "F01", "FBB", "ICE", "IMA", "J13", "LEA", "LEB", "ME2", "ME4", "PRM", "PTC", "SUM", "TD0", "V13", "VMA", "WC97"], "rarity": "rare", "rulings": [{"date": "2018-03-16", "text": "The amount of life gained is equal to the power of the targeted creature as it last existed on the battlefield."}, {"date": "2018-03-16", "text": "If the creature’s power is negative, its controller doesn’t lose or gain life."}], "scryfallId": "e95a352d-187f-4d8d-a6bb-4188da756b7c", "scryfallIllustrationId": "2aa59be5-ca4a-4e36-928c-8b72362c9ae5", "scryfallOracleId": "b1544f21-7e98-461b-aed5-e748b0168c52", "subtypes": [], "supertypes": [], "tcgplayerProductId": 38163, "text": "Exile target creature. Its controller gains life equal to its power.", "type": "Instant", "types": ["Instant"], "uuid": "28c1d8ed-0429-589b-b9bb-96613a579d2b"}], "code": "F01", "isFoilOnly": true, "isOnlineOnly": false, "keyruneCode": "DCI", "meta": {"date": "2019-09-01", "pricesDate": "2019-09-01", "version": "4.5.0-rebuild.4"}, "name": "Friday Night Magic 2001", "releaseDate": "2001-01-01", "tokens": [], "totalSetSize": 7, "translations": {}, "type": "promo"}