{"baseSetSize": 0, "block": "Friday Night Magic", "cards": [{"artist": "Eric Peterson", "borderColor": "black", "colorIdentity": ["G"], "colors": ["G"], "convertedManaCost": 4.0, "edhrecRank": 14936, "foreignData": [], "frameVersion": "2003", "hasFoil": true, "hasNonFoil": false, "isPaper": true, "isPromo": true, "isReprint": true, "isStarter": true, "layout": "normal", "legalities": {"commander": "Legal", "duel": "Legal", "legacy": "Legal", "pauper": "Legal", "penny": "Legal", "vintage": "Legal"}, "manaCost": "{2}{G}{G}", "mtgstocksId": 20500, "name": "Blastoderm", "number": "4", "power": "5", "prices": {"paper": {}, "paperFoil": {"2019-06-02": 1.13, "2019-06-09": 1.1, "2019-06-16": 1.09, "2019-06-23": 1.01, "2019-06-30": 1.14, "2019-07-07": 1.11, "2019-07-14": 1.08, "2019-07-21": 1.15, "2019-07-28": 1.08, "2019-08-04": 1.2, "2019-08-11": 1.01, "2019-08-18": 1.01, "2019-08-25": 1.02}}, "printings": ["DDD", "F05", "GVL", "NEM", "PRM", "VMA", "WC00", "WC01"], "rarity": "rare", "rulings": [], "scryfallId": "13a736c5-9bff-4e2f-a150-2133b9c3af89", "scryfallIllustrationId": "d321cae6-892f-4915-97f8-fe21dfa5d7cd", "scryfallOracleId": "d6ee8bd6-0207-46ee-9892-c1d1b23b934e", "subtypes": ["Beast"], "supertypes": [], "tcgplayerProductId": 38070, "text": "Shroud (This creature can't be the target of spells or abilities.)\nFading 3 (This creature enters the battlefield with three fade counters on it. At the beginning of your upkeep, remove a fade counter from it. If you can't, sacrifice it.)", "toughness": "5", "type": "Creature — Beast", "types": ["Creature"], "uuid": "ac0fbb21-6372-5ef5-95d8-8ee0a2ff0bd2", "watermark": "fnm"}, {"artist": "Ron Spencer", "borderColor": "black", "colorIdentity": ["B"], "colors": ["B"], "convertedManaCost": 1.0, "edhrecRank": 6071, "foreignData": [], "frameEffect": "tombstone", "frameVersion": "2003", "hasFoil": true, "hasNonFoil": false, "isPaper": true, "isPromo": true, "isReprint": true, "isStarter": true, "layout": "normal", "legalities": {"commander": "Legal", "duel": "Legal", "legacy": "Legal", "vintage": "Legal"}, "manaCost": "{B}", "mtgstocksId": 20506, "name": "Cabal Therapy", "number": "5", "prices": {"paper": {}, "paperFoil": {"2019-06-02": 14.2, "2019-06-09": 14.25, "2019-06-16": 14.25, "2019-06-23": 13.62, "2019-06-30": 12.99, "2019-07-07": 12.99, "2019-07-14": 12.99, "2019-07-21": 13.57, "2019-07-28": 12.99, "2019-08-04": 14.99, "2019-08-11": 14.62, "2019-08-18": 14.2, "2019-08-25": 14.15}}, "printings": ["EMA", "F05", "JUD", "PD3", "PRM", "WC03"], "rarity": "rare", "rulings": [{"date": "2016-06-08", "text": "You name the card as Cabal Therapy resolves, not as you cast it. Then the targeted player reveals their hand and discards if appropriate. No player may choose to take actions between you naming the card and the targeted player revealing and discarding."}], "scryfallId": "f802ee1b-14d4-4ef3-84be-d9d959ec42d3", "scryfallIllustrationId": "e7b3e738-ab7c-4c88-9632-aa817e8d94fd", "scryfallOracleId": "018107d1-ebf7-4657-bc91-c8374af55cc5", "subtypes": [], "supertypes": [], "tcgplayerProductId": 38076, "text": "Choose a nonland card name. Target player reveals their hand and discards all cards with that name.\nFlashback—Sacrifice a creature. (You may cast this card from your graveyard for its flashback cost. Then exile it.)", "type": "Sorcery", "types": ["Sorcery"], "uuid": "9fc8a9cd-211f-5266-8a2f-12235f1ee20d", "watermark": "fnm"}, {"artist": "Mark Tedin", "borderColor": "black", "colorIdentity": ["W"], "colors": ["W"], "convertedManaCost": 2.0, "edhrecRank": 9898, "foreignData": [], "frameVersion": "2003", "hasFoil": true, "hasNonFoil": false, "isPaper": true, "isPromo": true, "isReprint": true, "isStarter": true, "layout": "normal", "legalities": {"commander": "Legal", "duel": "Legal", "legacy": "Legal", "modern": "Legal", "pauper": "Legal", "vintage": "Legal"}, "manaCost": "{1}{W}", "mtgstocksId": 20512, "name": "Circle of Protection: Red", "number": "8", "prices": {"paper": {}, "paperFoil": {"2019-06-02": 24.05, "2019-06-09": 24.0, "2019-06-16": 25.0, "2019-06-23": 24.0, "2019-06-30": 23.99, "2019-07-07": 24.0, "2019-07-14": 24.0, "2019-07-21": 20.0, "2019-07-28": 16.0, "2019-08-04": 15.75, "2019-08-11": 15.0, "2019-08-18": 15.0, "2019-08-25": 14.99}}, "printings": ["2ED", "3ED", "4BB", "4ED", "5ED", "6ED", "7ED", "8ED", "9ED", "CED", "CEI", "F05", "FBB", "ICE", "ITP", "LEA", "LEB", "PRM", "PTC", "RQS", "SUM", "TMP", "WC04", "WC97"], "rarity": "rare", "rulings": [{"date": "2004-10-04", "text": "A source of damage is a permanent, a spell on the stack (including one that creates a permanent), or any object referred to by an object on the stack. A source doesn’t need to be capable of dealing damage to be a legal choice."}, {"date": "2004-10-04", "text": "Can be used even when there is no damage to prevent. It prevents the next damage (if any) from the source this turn."}], "scryfallId": "771611c7-38a2-4690-9882-9dc8ea2a038b", "scryfallIllustrationId": "f87b0c24-425a-4a80-80e6-8193f46e4730", "scryfallOracleId": "df2738fe-9cd1-4347-8808-105fcfde1190", "subtypes": [], "supertypes": [], "tcgplayerProductId": 38080, "text": "{1}: The next time a red source of your choice would deal damage to you this turn, prevent that damage.", "type": "Enchantment", "types": ["Enchantment"], "uuid": "e03c0ca4-416e-5016-ad75-50adf60a7131", "watermark": "fnm"}, {"artist": "Mark Poole", "borderColor": "black", "colorIdentity": ["U"], "colors": ["U"], "convertedManaCost": 2.0, "edhrecRank": 16, "flavorText": "It was probably a lousy spell in the first place. —Ertai, wizard adept", "foreignData": [], "frameVersion": "2003", "hasFoil": true, "hasNonFoil": false, "isPaper": true, "isPromo": true, "isReprint": true, "isStarter": true, "layout": "normal", "legalities": {"commander": "Legal", "duel": "Legal", "legacy": "Legal", "pauper": "Legal", "vintage": "Legal"}, "manaCost": "{U}{U}", "mtgstocksId": 20516, "name": "Counterspell", "number": "11", "prices": {"paper": {}, "paperFoil": {"2019-06-02": 45.0, "2019-06-09": 45.0, "2019-06-16": 43.5, "2019-06-23": 45.0, "2019-06-30": 45.0, "2019-07-07": 44.5, "2019-07-14": 43.0, "2019-07-21": 42.65, "2019-07-28": 37.99, "2019-08-04": 39.94, "2019-08-11": 39.89, "2019-08-18": 37.52, "2019-08-25": 39.99}}, "printings": ["2ED", "3ED", "4BB", "4ED", "5ED", "6ED", "7ED", "A25", "BRB", "BTD", "CED", "CEI", "DD2", "EMA", "F05", "FBB", "G00", "ICE", "JVC", "LEA", "LEB", "ME2", "ME4", "MMQ", "MP2", "PLGM", "PRM", "PTC", "S99", "SS1", "SUM", "TMP", "TPR", "VMA", "WC00", "WC01", "WC02", "WC97", "WC98"], "rarity": "rare", "rulings": [], "scryfallId": "394d65a0-0792-43d5-ab09-354cf8984428", "scryfallIllustrationId": "911ff9e4-cc26-4d32-a3ab-887d55af04c6", "scryfallOracleId": "cc187110-1148-4090-bbb8-e205694a39f5", "subtypes": [], "supertypes": [], "tcgplayerProductId": 38083, "text": "Counter target spell.", "type": "Instant", "types": ["Instant"], "uuid": "7f262c6b-fdf1-5a79-9fb4-e569f92e12c3", "watermark": "fnm"}, {"artist": "Lawrence Snelly", "borderColor": "black", "colorIdentity": ["B"], "colors": ["B"], "convertedManaCost": 1.0, "edhrecRank": 1552, "flavorText": "We decide who is worthy of our works. —Gix, Yawgmoth praetor", "foreignData": [], "frameVersion": "2003", "hasFoil": true, "hasNonFoil": false, "isPaper": true, "isPromo": true, "isReprint": true, "isStarter": true, "layout": "normal", "legalities": {"brawl": "Legal", "commander": "Legal", "duel": "Legal", "future": "Legal", "legacy": "Legal", "modern": "Legal", "pauper": "Legal", "penny": "Legal", "standard": "Legal", "vintage": "Legal"}, "manaCost": "{B}", "mtgstocksId": 20526, "name": "Duress", "number": "10", "prices": {"paper": {}, "paperFoil": {"2019-06-02": 11.35, "2019-06-09": 11.2, "2019-06-16": 11.75, "2019-06-23": 11.54, "2019-06-30": 11.59, "2019-07-07": 11.91, "2019-07-14": 11.75, "2019-07-21": 11.71, "2019-07-28": 11.5, "2019-08-04": 11.5, "2019-08-11": 11.71, "2019-08-18": 11.71, "2019-08-25": 11.91}}, "printings": ["7ED", "DDC", "DTK", "DVD", "EMA", "F05", "IMA", "M10", "M11", "M13", "M14", "M19", "M20", "MD1", "PAL00", "PANA", "PD3", "PI14", "PRM", "USG", "WC01", "WC02", "WC99", "XLN"], "rarity": "rare", "rulings": [], "scryfallId": "e69f6e05-f39b-4eee-89a3-400ca5adf8a3", "scryfallIllustrationId": "92797dd7-06e3-4c95-b27a-de17dc3524c2", "scryfallOracleId": "33d405ea-7a9a-4970-b70f-9c05d90dd6f0", "subtypes": [], "supertypes": [], "tcgplayerProductId": 38091, "text": "Target opponent reveals their hand. You choose a noncreature, nonland card from it. That player discards that card.", "type": "Sorcery", "types": ["Sorcery"], "uuid": "84097021-4763-5595-8bd4-cefcadb23f35", "watermark": "fnm"}, {"artist": "Terese Nielsen", "borderColor": "black", "colorIdentity": ["U"], "colors": ["U"], "convertedManaCost": 4.0, "edhrecRank": 93, "foreignData": [], "frameVersion": "2003", "hasFoil": true, "hasNonFoil": false, "isPaper": true, "isPromo": true, "isReprint": true, "isStarter": true, "layout": "normal", "legalities": {"commander": "Legal", "duel": "Legal", "legacy": "Legal", "modern": "Legal", "penny": "Legal", "vintage": "Legal"}, "manaCost": "{3}{U}", "mtgstocksId": 20533, "name": "Fact or Fiction", "number": "6", "prices": {"paper": {}, "paperFoil": {"2019-06-02": 38.99, "2019-06-09": 39.99, "2019-06-16": 38.99, "2019-06-23": 39.0, "2019-06-30": 38.97, "2019-07-07": 34.96, "2019-07-14": 29.83, "2019-07-21": 29.66, "2019-07-28": 25.75, "2019-08-04": 25.7, "2019-08-11": 24.99, "2019-08-18": 21.49, "2019-08-25": 23.23}}, "printings": ["C15", "C19", "CM2", "CMD", "CNS", "DD2", "EMA", "F05", "INV", "JVC", "MH1", "PRM", "PZ1", "TD0", "V13", "VMA", "WC01", "WC02"], "rarity": "rare", "rulings": [{"date": "2019-06-14", "text": "You choose which pile to put into your hand."}, {"date": "2019-06-14", "text": "Each pile may contain from zero to five cards; they don’t have to be split “evenly.”"}], "scryfallId": "12359f11-1758-4005-ada4-5e4cfccee2c3", "scryfallIllustrationId": "d86a56a5-ceca-4bf8-b446-3b8f3eba1439", "scryfallOracleId": "437b2dab-15e0-4b9a-a204-58622d37a3b3", "subtypes": [], "supertypes": [], "tcgplayerProductId": 38096, "text": "Reveal the top five cards of your library. An opponent separates those cards into two piles. Put one pile into your hand and the other into your graveyard.", "type": "Instant", "types": ["Instant"], "uuid": "15d9c63d-c5c7-52bf-b23c-fd018ab91650", "watermark": "fnm"}, {"artist": "Pete Venters", "borderColor": "black", "colorIdentity": ["R"], "colors": ["R"], "convertedManaCost": 4.0, "edhrecRank": 2997, "flavorText": "For dim-witted, thick-skulled genetic mutants, they have pretty good aim. —Sisay", "foreignData": [], "frameVersion": "2003", "hasFoil": true, "hasNonFoil": false, "isPaper": true, "isPromo": true, "isReprint": true, "isStarter": true, "layout": "normal", "legalities": {"commander": "Legal", "duel": "Legal", "legacy": "Legal", "penny": "Legal", "vintage": "Legal"}, "manaCost": "{3}{R}", "mtgstocksId": 20539, "name": "Flametongue Kavu", "number": "3", "power": "4", "prices": {"paper": {}, "paperFoil": {"2019-06-02": 3.56, "2019-06-09": 3.81, "2019-06-16": 3.79, "2019-06-23": 3.88, "2019-06-30": 3.79, "2019-07-07": 3.79, "2019-07-14": 3.88, "2019-07-21": 3.6, "2019-07-28": 3.89, "2019-08-04": 3.6, "2019-08-11": 3.79, "2019-08-18": 3.79, "2019-08-25": 3.79}}, "printings": ["C14", "CM2", "CMD", "DD2", "E01", "F05", "HOP", "JVC", "PLS", "PRM", "PZ1", "TD0", "VMA", "WC01", "WC02"], "rarity": "rare", "rulings": [{"date": "2004-10-04", "text": "If it enters the battlefield as the only targetable creature, it must target itself."}], "scryfallId": "ec3f618a-7cf3-45a1-a710-c33609c63ec0", "scryfallIllustrationId": "0f2212ad-6d9c-47d3-a458-484e85fb062e", "scryfallOracleId": "b215196a-3716-451f-bdbd-d16c05ace5b4", "subtypes": ["Kavu"], "supertypes": [], "tcgplayerProductId": 38101, "text": "When Flametongue Kavu enters the battlefield, it deals 4 damage to target creature.", "toughness": "2", "type": "Creature — Kavu", "types": ["Creature"], "uuid": "9f35fa5a-38b3-5b84-8f93-d7b8ed0164e0", "watermark": "fnm"}, {"artist": "Douglas Shuler", "borderColor": "black", "colorIdentity": [], "colors": [], "convertedManaCost": 4.0, "edhrecRank": 4097, "flavorText": "In fire there is the spark of chaos and destruction, the seed of life. In ice there is perfect tranquility, perfect order, and the silence of death.", "foreignData": [], "frameVersion": "2003", "hasFoil": true, "hasNonFoil": false, "isPaper": true, "isPromo": true, "isReprint": true, "isStarter": true, "layout": "normal", "legalities": {"brawl": "Legal", "commander": "Legal", "duel": "Legal", "legacy": "Legal", "modern": "Legal", "penny": "Legal", "standard": "Legal", "vintage": "Legal"}, "manaCost": "{4}", "mtgstocksId": 20554, "name": "Icy Manipulator", "number": "12", "prices": {"paper": {}, "paperFoil": {"2019-06-02": 5.99, "2019-06-09": 5.99, "2019-06-16": 5.99, "2019-06-23": 5.84, "2019-06-30": 6.1, "2019-07-07": 6.05, "2019-07-14": 6.05, "2019-07-21": 6.96, "2019-07-28": 6.93, "2019-08-04": 5.99, "2019-08-11": 5.99, "2019-08-18": 5.6, "2019-08-25": 4.35}}, "printings": ["10E", "2ED", "9ED", "CED", "CEI", "DDH", "DKM", "DOM", "F05", "ICE", "LEA", "LEB", "ME4", "MRD", "PRM", "PTC"], "rarity": "rare", "rulings": [{"date": "2018-04-27", "text": "Once a player announces that they’re casting a spell or activating an ability, no player may take other actions until the spell or ability has been paid for. Notably, other players can’t try to tap that player’s permanents to stop them from paying {T} or to stop them from producing enough mana."}], "scryfallId": "01e70418-53a6-431c-a539-75c76567a5d2", "scryfallIllustrationId": "a9526ac2-77c6-4175-9fbd-2a4412d3a21f", "scryfallOracleId": "3608f1f7-8dc5-4dd1-ae91-c830e1de9529", "subtypes": [], "supertypes": [], "tcgplayerProductId": 38110, "text": "{1}, {T}: Tap target artifact, creature, or land.", "type": "Artifact", "types": ["Artifact"], "uuid": "37cef95c-a3d5-55e6-8cc5-c482294d42f8", "watermark": "fnm"}, {"artist": "Dan Frazier", "borderColor": "black", "colorIdentity": [], "colors": [], "convertedManaCost": 4.0, "edhrecRank": 11051, "flavorText": "We had taken refuge in a small cave, thinking the entrance was too narrow for it to follow. To our horror, its gigantic head smashed into the mountainside, ripping itself a new entrance.", "foreignData": [], "frameVersion": "2003", "hasFoil": true, "hasNonFoil": false, "isPaper": true, "isPromo": true, "isReprint": true, "isStarter": true, "layout": "normal", "legalities": {"brawl": "Legal", "commander": "Legal", "duel": "Legal", "legacy": "Legal", "modern": "Legal", "penny": "Legal", "standard": "Legal", "vintage": "Legal"}, "manaCost": "{4}", "mtgstocksId": 20559, "name": "Juggernaut", "number": "7", "power": "5", "prices": {"paper": {}, "paperFoil": {"2019-06-02": 0.81, "2019-06-09": 0.81, "2019-06-16": 0.8, "2019-06-23": 0.8, "2019-06-30": 0.81, "2019-07-07": 0.81, "2019-07-14": 0.81, "2019-07-21": 0.81, "2019-07-28": 0.81, "2019-08-04": 0.82, "2019-08-11": 0.82, "2019-08-18": 0.82, "2019-08-25": 0.82}}, "printings": ["10E", "2ED", "3ED", "ARC", "BBD", "CED", "CEI", "DDF", "DOM", "DST", "EMA", "F05", "FBB", "LEA", "LEB", "M11", "M15", "ME4", "PRM", "SUM"], "rarity": "rare", "rulings": [{"date": "2018-04-27", "text": "If Juggernaut can’t attack for any reason (such as being tapped or having come under that player’s control that turn), then it doesn’t attack. If there’s a cost associated with having it attack, its controller isn’t forced to pay that cost, so it doesn’t have to attack in that case either."}], "scryfallId": "636fa9c2-e9a2-43f4-adaa-49f9a67d9e46", "scryfallIllustrationId": "d9bccaf5-08e8-4cc8-836b-783b034af84f", "scryfallOracleId": "4ac9116f-36bc-4d71-b696-d6ee064e1d58", "subtypes": ["Juggernaut"], "supertypes": [], "tcgplayerProductId": 38114, "text": "Juggernaut attacks each combat if able.\nJuggernaut can't be blocked by Walls.", "toughness": "3", "type": "Artifact Creature — Juggernaut", "types": ["Artifact", "Creature"], "uuid": "c4fcc05d-33c4-5c18-9594-c7a9d071b19d", "watermark": "fnm"}, {"artist": "Ken Meyer, Jr.", "borderColor": "black", "colorIdentity": ["R"], "colors": ["R"], "convertedManaCost": 1.0, "edhrecRank": 10979, "flavorText": "It puts the \"fur\" in \"fury.\"", "foreignData": [], "frameVersion": "2003", "hasFoil": true, "hasNonFoil": false, "isPaper": true, "isPromo": true, "isReprint": true, "isStarter": true, "layout": "normal", "legalities": {"commander": "Legal", "duel": "Legal", "legacy": "Legal", "modern": "Legal", "pauper": "Legal", "penny": "Legal", "vintage": "Legal"}, "manaCost": "{R}", "mtgstocksId": 20560, "name": "Kird Ape", "number": "9", "power": "1", "prices": {"paper": {}, "paperFoil": {"2019-06-02": 5.49, "2019-06-09": 5.49, "2019-06-16": 5.49, "2019-06-23": 5.5, "2019-06-30": 5.49, "2019-07-07": 5.44, "2019-07-14": 5.39, "2019-07-21": 5.39, "2019-07-28": 5.29, "2019-08-04": 5.38, "2019-08-11": 5.29, "2019-08-18": 5.03, "2019-08-25": 5.07}}, "printings": ["3ED", "9ED", "ARN", "BTD", "DDH", "EMA", "F05", "FBB", "PRM", "SUM", "V09"], "rarity": "rare", "rulings": [], "scryfallId": "911867c3-34d3-4c00-aa6c-7772b8fb05d7", "scryfallIllustrationId": "4d03b09d-efcd-438a-85b5-d1ce45342b91", "scryfallOracleId": "fbbc3acb-c917-44ff-ac6f-9dd6ebe3f4ad", "subtypes": ["Ape"], "supertypes": [], "tcgplayerProductId": 38115, "text": "Kird Ape gets +1/+2 as long as you control a Forest.", "toughness": "1", "type": "Creature — Ape", "types": ["Creature"], "uuid": "93a587a0-7217-5dca-ba32-55f1030140b5", "watermark": "fnm"}, {"artist": "Kev Walker", "borderColor": "black", "colorIdentity": ["G"], "colors": ["G"], "convertedManaCost": 1.0, "edhrecRank": 744, "flavorText": "Hatred outlives the hateful.", "foreignData": [], "frameVersion": "2003", "hasFoil": true, "hasNonFoil": false, "isPaper": true, "isPromo": true, "isReprint": true, "isStarter": true, "layout": "normal", "legalities": {"commander": "Legal", "duel": "Legal", "legacy": "Legal", "modern": "Legal", "pauper": "Legal", "vintage": "Legal"}, "manaCost": "{G}", "mtgstocksId": 20589, "name": "Rancor", "number": "1", "prices": {"paper": {}, "paperFoil": {"2019-06-02": 9.49, "2019-06-09": 9.5, "2019-06-16": 9.3, "2019-06-23": 9.49, "2019-06-30": 9.45, "2019-07-07": 9.41, "2019-07-14": 9.39, "2019-07-21": 9.41, "2019-07-28": 9.07, "2019-08-04": 9.07, "2019-08-11": 8.99, "2019-08-18": 8.97, "2019-08-25": 8.99}}, "printings": ["A25", "ARC", "DDD", "E02", "EMA", "F05", "GVL", "M13", "PC2", "PCA", "PRM", "PZ1", "ULG", "WC99"], "rarity": "rare", "rulings": [{"date": "2018-03-16", "text": "If the creature this Aura would enchant is an illegal target by the time Rancor tries to resolve, the Aura spell doesn’t resolve. It won’t enter the battlefield, so it won’t be put into a graveyard from the battlefield and its ability won’t trigger."}], "scryfallId": "72a6c655-92f8-486d-b56c-9f6753f58512", "scryfallIllustrationId": "58619744-13a3-40a0-88d7-940cd556f2d2", "scryfallOracleId": "9d2d6479-531c-4ce1-b52b-00e36fa63b64", "subtypes": ["Aura"], "supertypes": [], "tcgplayerProductId": 38143, "text": "Enchant creature\nEnchanted creature gets +2/+0 and has trample.\nWhen Rancor is put into a graveyard from the battlefield, return Rancor to its owner's hand.", "type": "Enchantment — Aura", "types": ["Enchantment"], "uuid": "0271f0d0-2313-5dd8-a106-3fe745c335d7", "watermark": "fnm"}, {"artist": "Christopher Moeller", "borderColor": "black", "colorIdentity": ["W"], "colors": ["W"], "convertedManaCost": 2.0, "edhrecRank": 2171, "flavorText": "I am the purifier, the light that clears all shadows. —Seal inscription", "foreignData": [], "frameVersion": "2003", "hasFoil": true, "hasNonFoil": false, "isPaper": true, "isPromo": true, "isReprint": true, "isStarter": true, "layout": "normal", "legalities": {"commander": "Legal", "duel": "Legal", "legacy": "Legal", "pauper": "Legal", "penny": "Legal", "vintage": "Legal"}, "manaCost": "{1}{W}", "mtgstocksId": 20600, "name": "Seal of Cleansing", "number": "2", "prices": {"paper": {}, "paperFoil": {"2019-06-02": 2.84, "2019-06-09": 2.85, "2019-06-16": 2.69, "2019-06-23": 2.71, "2019-06-30": 2.23, "2019-07-07": 2.24, "2019-07-14": 2.13, "2019-07-21": 2.14, "2019-07-28": 1.98, "2019-08-04": 2.0, "2019-08-11": 2.56, "2019-08-18": 2.58, "2019-08-25": 2.67}}, "printings": ["C15", "EMA", "F05", "NEM", "PRM", "TD0", "VMA", "WC00"], "rarity": "rare", "rulings": [{"date": "2004-10-04", "text": "This is not modal. If the target changes from an artifact to an enchantment or vice versa, this still destroys it."}], "scryfallId": "7ead91e7-5668-4dfa-a55d-e2ee8cf7eff4", "scryfallIllustrationId": "5be7a5c5-cabc-4415-bc56-5f7d4acf74c3", "scryfallOracleId": "a75dbe70-7e3e-446f-9a76-9fbb414f2e7c", "subtypes": [], "supertypes": [], "tcgplayerProductId": 38116, "text": "Sacrifice Seal of Cleansing: Destroy target artifact or enchantment.", "type": "Enchantment", "types": ["Enchantment"], "uuid": "0d166d7e-b9da-5d90-896a-a0c2970c307c", "watermark": "fnm"}], "code": "F05", "isFoilOnly": true, "isOnlineOnly": false, "keyruneCode": "DCI", "meta": {"date": "2019-09-01", "pricesDate": "2019-09-01", "version": "4.5.0-rebuild.4"}, "name": "Friday Night Magic 2005", "releaseDate": "2005-01-01", "tokens": [], "totalSetSize": 12, "translations": {}, "type": "promo"}