{"baseSetSize": 0, "block": "Friday Night Magic", "cards": [{"artist": "Paolo Parente", "borderColor": "black", "colorIdentity": ["G", "W"], "colors": ["G", "W"], "convertedManaCost": 3.0, "edhrecRank": 2264, "flavorText": "Don't laugh. It works. —Yavimaya ranger", "foreignData": [], "frameVersion": "2003", "hasFoil": true, "hasNonFoil": false, "isPaper": true, "isPromo": true, "isReprint": true, "isStarter": true, "layout": "normal", "legalities": {"commander": "Legal", "duel": "Legal", "legacy": "Legal", "pauper": "Legal", "penny": "Legal", "vintage": "Legal"}, "manaCost": "{1}{G}{W}", "mtgstocksId": 20491, "name": "Armadillo Cloak", "number": "2", "prices": {"paper": {}, "paperFoil": {"2019-06-02": 2.68, "2019-06-09": 2.59, "2019-06-16": 2.59, "2019-06-23": 2.58, "2019-06-30": 2.57, "2019-07-07": 2.63, "2019-07-14": 2.59, "2019-07-21": 2.59, "2019-07-28": 2.63, "2019-08-04": 2.63, "2019-08-11": 2.57, "2019-08-18": 2.44, "2019-08-25": 2.49}}, "printings": ["ARC", "DDE", "EMA", "F06", "INV", "PRM", "TD0", "VMA"], "rarity": "rare", "rulings": [{"date": "2016-06-08", "text": "While Armadillo Cloak’s last ability is similar to lifelink, it isn’t lifelink—it’s a normal triggered ability. If a creature you control with lifelink wears an Armadillo Cloak and deals damage, first you’ll gain that much life for lifelink, and then Armadillo Cloak’s triggered ability is put onto the stack. This also means that multiple instances of Armadillo Cloak’s triggered ability do trigger separately."}, {"date": "2016-06-08", "text": "If Armadillo Cloak enchants a creature you don’t control, you’ll gain life when it deals damage, as long as that damage hasn’t already caused you to lose the game."}], "scryfallId": "d3f3777a-16b4-4860-b67e-23a25e65df50", "scryfallIllustrationId": "ae556b68-5552-4a87-8054-dd770db89ac6", "scryfallOracleId": "15397a59-70a8-441f-abf7-230405a1602b", "subtypes": ["Aura"], "supertypes": [], "tcgplayerProductId": 38062, "text": "Enchant creature\nEnchanted creature gets +2/+2 and has trample.\nWhenever enchanted creature deals damage, you gain that much life.", "type": "Enchantment — Aura", "types": ["Enchantment"], "uuid": "38086f54-5b65-5aac-9717-6d2ef6ef94b4", "watermark": "fnm"}, {"artist": "John Avon", "borderColor": "black", "colorIdentity": ["G"], "colors": ["G"], "convertedManaCost": 5.0, "edhrecRank": 14147, "flavorText": "It's hard to be humble when the whole world is bite size.", "foreignData": [], "frameVersion": "2003", "hasFoil": true, "hasNonFoil": false, "isPaper": true, "isPromo": true, "isReprint": true, "isStarter": true, "layout": "normal", "legalities": {"commander": "Legal", "duel": "Legal", "legacy": "Legal", "pauper": "Legal", "penny": "Legal", "vintage": "Legal"}, "manaCost": "{3}{G}{G}", "mtgstocksId": 20492, "name": "Arrogant Wurm", "number": "10", "power": "4", "prices": {"paper": {}, "paperFoil": {"2019-06-02": 1.67, "2019-06-09": 1.71, "2019-06-16": 1.66, "2019-06-23": 1.65, "2019-06-30": 1.63, "2019-07-07": 1.63, "2019-07-14": 1.63, "2019-07-21": 1.66, "2019-07-28": 1.65, "2019-08-04": 1.66, "2019-08-11": 1.66, "2019-08-18": 1.79, "2019-08-25": 1.83}}, "printings": ["F06", "PRM", "TOR", "VMA", "WC03"], "rarity": "rare", "rulings": [], "scryfallId": "dc56b3a4-163c-4e7e-bcea-8c4213c2a2f5", "scryfallIllustrationId": "d6e37369-5b93-474e-92a7-d0e5afe384af", "scryfallOracleId": "dc7f0c33-80ea-453e-a237-473f077f038e", "subtypes": ["Wurm"], "supertypes": [], "tcgplayerProductId": 38064, "text": "Trample\nMadness {2}{G} (If you discard this card, discard it into exile. When you do, cast it for its madness cost or put it into your graveyard.)", "toughness": "4", "type": "Creature — Wurm", "types": ["Creature"], "uuid": "921ea0fc-e106-528f-8789-30913c715285", "watermark": "fnm"}, {"artist": "Ron Spears", "borderColor": "black", "colorIdentity": ["W"], "colors": ["W"], "convertedManaCost": 3.0, "edhrecRank": 5375, "flavorText": "The hum of the universe is never off-key. —Mystic elder", "foreignData": [], "frameVersion": "2003", "hasFoil": true, "hasNonFoil": false, "isPaper": true, "isPromo": true, "isReprint": true, "isStarter": true, "layout": "normal", "legalities": {"commander": "Legal", "duel": "Legal", "legacy": "Legal", "penny": "Legal", "vintage": "Legal"}, "manaCost": "{2}{W}", "mtgstocksId": 20494, "name": "Astral Slide", "number": "9", "prices": {"paper": {}, "paperFoil": {"2019-06-02": 12.0, "2019-06-09": 10.99, "2019-06-16": 10.5, "2019-06-23": 10.5, "2019-06-30": 10.5, "2019-07-07": 10.5, "2019-07-14": 10.5, "2019-07-21": 10.13, "2019-07-28": 10.0, "2019-08-04": 8.78, "2019-08-11": 8.09, "2019-08-18": 7.09, "2019-08-25": 6.99}}, "printings": ["F06", "ONS", "PRM", "VMA", "WC04"], "rarity": "rare", "rulings": [{"date": "2004-10-04", "text": "If a player cycles a card during the end step, the creature that is exiled won’t come back until the end of the next turn."}, {"date": "2008-08-01", "text": "If a face-down card is exiled, it turns face-up and remains face-up when it returns to the battlefield. This does not trigger any abilities that would trigger on it being turned face-up."}], "scryfallId": "56d58edc-5c78-48b1-8d33-77e5a728f6bd", "scryfallIllustrationId": "a4d9a3d3-1f0e-46c2-869d-68e59e2dfcfd", "scryfallOracleId": "70f14b10-8129-4249-a267-8b4be5d9befa", "subtypes": [], "supertypes": [], "tcgplayerProductId": 38065, "text": "Whenever a player cycles a card, you may exile target creature. If you do, return that card to the battlefield under its owner's control at the beginning of the next end step.", "type": "Enchantment", "types": ["Enchantment"], "uuid": "20242b76-4d80-50c4-9911-2c187f987994", "watermark": "fnm"}, {"artist": "Ben Thompson", "borderColor": "black", "colorIdentity": ["B"], "colors": ["B"], "convertedManaCost": 2.0, "edhrecRank": 4988, "flavorText": "The pits have their own form of mercy.", "foreignData": [], "frameEffect": "tombstone", "frameVersion": "2003", "hasFoil": true, "hasNonFoil": false, "isPaper": true, "isPromo": true, "isReprint": true, "isStarter": true, "layout": "normal", "legalities": {"commander": "Legal", "duel": "Legal", "legacy": "Legal", "pauper": "Legal", "vintage": "Legal"}, "manaCost": "{1}{B}", "mtgstocksId": 20511, "name": "Chainer's Edict", "number": "7", "prices": {"paper": {}, "paperFoil": {"2019-06-02": 9.05, "2019-06-09": 8.54, "2019-06-16": 8.52, "2019-06-23": 8.54, "2019-06-30": 8.52, "2019-07-07": 8.54, "2019-07-14": 6.95, "2019-07-21": 8.0, "2019-07-28": 6.96, "2019-08-04": 6.99, "2019-08-11": 6.95, "2019-08-18": 6.99, "2019-08-25": 6.99}}, "printings": ["F06", "PRM", "TOR", "UMA", "V13", "VMA", "WC02", "WC03"], "rarity": "rare", "rulings": [], "scryfallId": "edcff171-587d-4459-b6cc-8d7bc5ae145e", "scryfallIllustrationId": "aa9a6965-65a9-4a6c-a76b-26ae53d5a8ca", "scryfallOracleId": "7975cb9d-d37e-44f8-9614-86d2ad453c35", "subtypes": [], "supertypes": [], "tcgplayerProductId": 38079, "text": "Target player sacrifices a creature.\nFlashback {5}{B}{B} (You may cast this card from your graveyard for its flashback cost. Then exile it.)", "type": "Sorcery", "types": ["Sorcery"], "uuid": "8701b9cd-5880-5278-b625-878a6afc24e6", "watermark": "fnm"}, {"artist": "Anthony S. Waters", "borderColor": "black", "colorIdentity": ["U"], "colors": ["U"], "convertedManaCost": 3.0, "edhrecRank": 6664, "foreignData": [], "frameVersion": "2003", "hasFoil": true, "hasNonFoil": false, "isPaper": true, "isPromo": true, "isReprint": true, "isStarter": true, "layout": "normal", "legalities": {"commander": "Legal", "duel": "Legal", "legacy": "Legal", "pauper": "Legal", "penny": "Legal", "vintage": "Legal"}, "manaCost": "{2}{U}", "mtgstocksId": 20513, "name": "Circular Logic", "number": "8", "prices": {"paper": {}, "paperFoil": {"2019-06-02": 5.63, "2019-06-09": 5.31, "2019-06-16": 5.0, "2019-06-23": 4.98, "2019-06-30": 5.29, "2019-07-07": 5.33, "2019-07-14": 5.2, "2019-07-21": 5.26, "2019-07-28": 5.1, "2019-08-04": 4.95, "2019-08-11": 4.7, "2019-08-18": 4.74, "2019-08-25": 3.96}}, "printings": ["F06", "PRM", "TOR", "UMA", "VMA", "WC02", "WC03"], "rarity": "rare", "rulings": [{"date": "2018-12-07", "text": "Circular Logic is still on the stack while you count the number of cards in your graveyard. It doesn’t count itself."}], "scryfallId": "617152ea-bacd-42f3-928b-e0bcc686dd41", "scryfallIllustrationId": "fb946ce1-0381-4abc-a0bf-fdebf86894ca", "scryfallOracleId": "b071bbaf-79fa-413b-807b-2cc86c8a8125", "subtypes": [], "supertypes": [], "tcgplayerProductId": 38081, "text": "Counter target spell unless its controller pays {1} for each card in your graveyard.\nMadness {U} (If you discard this card, discard it into exile. When you do, cast it for its madness cost or put it into your graveyard.)", "type": "Instant", "types": ["Instant"], "uuid": "bff85141-f788-56a3-8f79-c5e94352929d", "watermark": "fnm"}, {"artist": "Jesper Myrfors", "borderColor": "black", "colorIdentity": ["B", "G"], "colors": ["G"], "convertedManaCost": 1.0, "edhrecRank": 643, "flavorText": "They are aberrations who have turned on everything we hold sacred. Let them be cast out. —Ailheen, Speaker of the Council", "foreignData": [], "frameVersion": "2003", "hasFoil": true, "hasNonFoil": false, "isPaper": true, "isPromo": true, "isReprint": true, "isStarter": true, "layout": "normal", "legalities": {"commander": "Legal", "duel": "Legal", "legacy": "Legal", "modern": "Legal", "pauper": "Legal", "vintage": "Legal"}, "manaCost": "{G}", "mtgstocksId": 20527, "name": "Elves of Deep Shadow", "number": "1", "power": "1", "prices": {"paper": {}, "paperFoil": {"2019-06-02": 41.99, "2019-06-09": 41.89, "2019-06-16": 40.99, "2019-06-23": 39.79, "2019-06-30": 34.99, "2019-07-07": 40.39, "2019-07-14": 41.0, "2019-07-21": 40.49, "2019-07-28": 34.94, "2019-08-04": 34.94, "2019-08-11": 33.99, "2019-08-18": 34.37, "2019-08-25": 34.99}}, "printings": ["DDJ", "DRK", "F06", "GK1", "ME3", "PRM", "RAV"], "rarity": "rare", "rulings": [], "scryfallId": "f74f4377-38ab-4822-b14b-e679247ec991", "scryfallIllustrationId": "de45f473-21f2-4949-b223-67faf35f2149", "scryfallOracleId": "20347559-95a9-4689-bb79-c5bb3809b719", "subtypes": ["Elf", "Druid"], "supertypes": [], "tcgplayerProductId": 38092, "text": "{T}: Add {B}. Elves of Deep Shadow deals 1 damage to you.", "toughness": "1", "type": "Creature — Elf Druid", "types": ["Creature"], "uuid": "ff10272a-d5b0-5456-9071-dffd0e626c93", "watermark": "fnm"}, {"artist": "Franz Vohwinkel", "borderColor": "black", "colorIdentity": ["R", "U"], "colors": ["U"], "convertedManaCost": 4.0, "edhrecRank": 17484, "faceConvertedManaCost": 2.0, "foreignData": [], "frameVersion": "2003", "hasFoil": true, "hasNonFoil": false, "isPaper": true, "isPromo": true, "isReprint": true, "isStarter": true, "layout": "split", "legalities": {"commander": "Legal", "duel": "Legal", "legacy": "Legal", "pauper": "Legal", "vintage": "Legal"}, "manaCost": "{1}{U}", "mtgstocksId": 20535, "name": "Ice", "names": ["Fire", "Ice"], "number": "12a", "prices": {"paper": {}, "paperFoil": {"2019-06-02": 4.62, "2019-06-09": 4.95, "2019-06-16": 4.99, "2019-06-23": 4.99, "2019-06-30": 5.25, "2019-07-07": 4.9, "2019-07-14": 4.8, "2019-07-21": 4.8, "2019-07-28": 4.8, "2019-08-04": 4.75, "2019-08-11": 5.27, "2019-08-18": 5.27, "2019-08-25": 4.99}}, "printings": ["APC", "CMD", "DDJ", "F06", "PRM", "UMA", "WC01", "WC02"], "rarity": "rare", "rulings": [{"date": "2018-12-07", "text": "You divide the damage as you cast Fire, not as it resolves. Each target must be assigned at least 1 damage. In other words, as you cast Fire, you choose whether to have it deal 2 damage to a single target, or deal 1 damage to each of two targets."}, {"date": "2018-12-07", "text": "If Fire targets two creatures and one becomes an illegal target, the remaining target is dealt 1 damage, not 2."}, {"date": "2018-12-07", "text": "If the target permanent becomes an illegal target for Ice, the spell doesn’t resolve. You don’t draw a card."}], "scryfallId": "04cb4e4e-8275-4132-8f1a-84b486725400", "scryfallIllustrationId": "c890cb20-7e04-4ad0-96a6-8854cd409c14", "scryfallOracleId": "ae92942b-919c-4ea9-b693-85fcef765d5a", "side": "b", "subtypes": [], "supertypes": [], "tcgplayerProductId": 38097, "text": "Tap target permanent.\nDraw a card.", "type": "Instant", "types": ["Instant"], "uuid": "9cec0935-26b1-53ca-9149-c46c602f05f6", "watermark": "fnm"}, {"artist": "David Martin", "borderColor": "black", "colorIdentity": ["R", "U"], "colors": ["R"], "convertedManaCost": 4.0, "edhrecRank": 17484, "faceConvertedManaCost": 2.0, "foreignData": [], "frameVersion": "2003", "hasFoil": true, "hasNonFoil": false, "isPaper": true, "isPromo": true, "isReprint": true, "layout": "split", "legalities": {"commander": "Legal", "duel": "Legal", "legacy": "Legal", "pauper": "Legal", "vintage": "Legal"}, "manaCost": "{1}{R}", "mtgstocksId": 20535, "name": "Fire", "names": ["Fire", "Ice"], "number": "12a", "prices": {"paper": {}, "paperFoil": {"2019-06-02": 4.62, "2019-06-09": 4.95, "2019-06-16": 4.99, "2019-06-23": 4.99, "2019-06-30": 5.25, "2019-07-07": 4.9, "2019-07-14": 4.8, "2019-07-21": 4.8, "2019-07-28": 4.8, "2019-08-04": 4.75, "2019-08-11": 5.27, "2019-08-18": 5.27, "2019-08-25": 4.99}}, "printings": ["APC", "CMD", "DDJ", "F06", "PRM", "UMA", "WC01", "WC02"], "rarity": "rare", "rulings": [{"date": "2018-12-07", "text": "You divide the damage as you cast Fire, not as it resolves. Each target must be assigned at least 1 damage. In other words, as you cast Fire, you choose whether to have it deal 2 damage to a single target, or deal 1 damage to each of two targets."}, {"date": "2018-12-07", "text": "If Fire targets two creatures and one becomes an illegal target, the remaining target is dealt 1 damage, not 2."}, {"date": "2018-12-07", "text": "If the target permanent becomes an illegal target for Ice, the spell doesn’t resolve. You don’t draw a card."}], "scryfallId": "04cb4e4e-8275-4132-8f1a-84b486725400", "scryfallIllustrationId": "c890cb20-7e04-4ad0-96a6-8854cd409c14", "scryfallOracleId": "ae92942b-919c-4ea9-b693-85fcef765d5a", "side": "a", "subtypes": [], "supertypes": [], "tcgplayerProductId": 38097, "text": "Fire deals 2 damage divided as you choose among one or two targets.", "type": "Instant", "types": ["Instant"], "uuid": "c83ec2ff-20c6-5f84-852f-51963ddde0a3", "watermark": "fnm"}, {"artist": "Greg Hildebrandt & Tim Hildebrandt", "borderColor": "black", "colorIdentity": ["R"], "colors": ["R"], "convertedManaCost": 3.0, "edhrecRank": 1506, "flavorText": "They poured from the Skirk Ridge like lava, burning and devouring everything in their path.", "foreignData": [], "frameVersion": "2003", "hasFoil": true, "hasNonFoil": false, "isPaper": true, "isPromo": true, "isReprint": true, "isStarter": true, "layout": "normal", "legalities": {"brawl": "Legal", "commander": "Legal", "duel": "Legal", "legacy": "Legal", "modern": "Legal", "penny": "Legal", "standard": "Legal", "vintage": "Legal"}, "manaCost": "{1}{R}{R}", "mtgstocksId": 33728, "name": "Goblin Warchief", "number": "5", "power": "2", "prices": {"paper": {}, "paperFoil": {"2019-06-02": 4.08, "2019-06-09": 4.04, "2019-06-16": 4.12, "2019-06-23": 3.89, "2019-06-30": 3.79, "2019-07-07": 4.08, "2019-07-14": 4.05, "2019-07-21": 4.02, "2019-07-28": 4.08, "2019-08-04": 4.08, "2019-08-11": 4.01, "2019-08-18": 4.05, "2019-08-25": 4.0}}, "printings": ["DD1", "DDN", "DOM", "EVG", "F06", "F16", "PRM", "SCG", "VMA", "WC03"], "rarity": "rare", "rulings": [{"date": "2018-04-27", "text": "Goblin Warchief’s effect reduces only generic mana in the cost of Goblin spells you cast. For example, it doesn’t reduce the cost of Skirk Prospector below {R}."}], "scryfallId": "566a29cb-e96a-49a3-98b9-43d8a8ad97e8", "scryfallIllustrationId": "1adb9056-beaa-4987-a2d4-52b6da6d4551", "scryfallOracleId": "39882df0-c20f-469d-94ba-1617224e71a1", "subtypes": ["Goblin", "Warrior"], "supertypes": [], "tcgplayerProductId": 38109, "text": "Goblin spells you cast cost {1} less to cast.\nGoblins you control have haste.", "toughness": "2", "type": "Creature — Goblin Warrior", "types": ["Creature"], "uuid": "30c8688f-4759-5bb9-b55d-196482a8150e", "watermark": "fnm"}, {"artist": "Edward P. Beard, Jr.", "borderColor": "black", "colorIdentity": ["B", "G"], "colors": ["B"], "convertedManaCost": 3.0, "edhrecRank": 14016, "faceConvertedManaCost": 2.0, "foreignData": [], "frameVersion": "2003", "hasFoil": true, "hasNonFoil": false, "isPaper": true, "isPromo": true, "isReprint": true, "isStarter": true, "layout": "split", "legalities": {"commander": "Legal", "duel": "Legal", "legacy": "Legal", "vintage": "Legal"}, "manaCost": "{1}{B}", "mtgstocksId": 20565, "name": "Death", "names": ["Life", "Death"], "number": "11a", "prices": {"paper": {}, "paperFoil": {"2019-06-02": 4.68, "2019-06-09": 4.68, "2019-06-16": 4.48, "2019-06-23": 4.49, "2019-06-30": 4.74, "2019-07-07": 4.74, "2019-07-14": 4.74, "2019-07-21": 4.7, "2019-07-28": 4.63, "2019-08-04": 4.74, "2019-08-11": 4.48, "2019-08-18": 4.87, "2019-08-25": 4.99}}, "printings": ["APC", "DDJ", "F06", "PRM"], "rarity": "rare", "rulings": [{"date": "2008-08-01", "text": "A noncreature permanent that turns into a creature can attack, and its {T} abilities can be activated, only if its controller has continuously controlled that permanent since the beginning of their most recent turn. It doesn’t matter how long the permanent has been a creature."}], "scryfallId": "776d76de-f8b3-4ab3-a326-6d9623b78ba3", "scryfallIllustrationId": "d16a6ddd-891c-4227-8dc0-5e3be935697e", "scryfallOracleId": "d476f4b3-db63-4756-ab76-4b35f63c2825", "side": "b", "subtypes": [], "supertypes": [], "tcgplayerProductId": 38121, "text": "Return target creature card from your graveyard to the battlefield. You lose life equal to its converted mana cost.", "type": "Sorcery", "types": ["Sorcery"], "uuid": "fc46b5bf-aa2b-5e37-a6f8-5e75aa547867", "watermark": "fnm"}, {"artist": "Anthony S. Waters", "borderColor": "black", "colorIdentity": ["B", "G"], "colors": ["G"], "convertedManaCost": 3.0, "edhrecRank": 14016, "faceConvertedManaCost": 1, "foreignData": [], "frameVersion": "2003", "hasFoil": true, "hasNonFoil": false, "isPaper": true, "isPromo": true, "isReprint": true, "layout": "split", "legalities": {"commander": "Legal", "duel": "Legal", "legacy": "Legal", "vintage": "Legal"}, "manaCost": "{G}", "mtgstocksId": 20565, "name": "Life", "names": ["Life", "Death"], "number": "11a", "prices": {"paper": {}, "paperFoil": {"2019-06-02": 4.68, "2019-06-09": 4.68, "2019-06-16": 4.48, "2019-06-23": 4.49, "2019-06-30": 4.74, "2019-07-07": 4.74, "2019-07-14": 4.74, "2019-07-21": 4.7, "2019-07-28": 4.63, "2019-08-04": 4.74, "2019-08-11": 4.48, "2019-08-18": 4.87, "2019-08-25": 4.99}}, "printings": ["APC", "DDJ", "F06", "PRM"], "rarity": "rare", "rulings": [{"date": "2008-08-01", "text": "A noncreature permanent that turns into a creature can attack, and its {T} abilities can be activated, only if its controller has continuously controlled that permanent since the beginning of their most recent turn. It doesn’t matter how long the permanent has been a creature."}], "scryfallId": "776d76de-f8b3-4ab3-a326-6d9623b78ba3", "scryfallIllustrationId": "d16a6ddd-891c-4227-8dc0-5e3be935697e", "scryfallOracleId": "d476f4b3-db63-4756-ab76-4b35f63c2825", "side": "a", "subtypes": [], "supertypes": [], "tcgplayerProductId": 38121, "text": "All lands you control become 1/1 creatures until end of turn. They're still lands.", "type": "Sorcery", "types": ["Sorcery"], "uuid": "4501ea98-2d25-5d7e-a7b0-5f6b6e5bd208", "watermark": "fnm"}, {"artist": "Thomas M. Baxa", "borderColor": "black", "colorIdentity": ["B", "U"], "colors": ["B", "U"], "convertedManaCost": 4.0, "edhrecRank": 17537, "foreignData": [], "frameVersion": "2003", "hasFoil": true, "hasNonFoil": false, "isPaper": true, "isPromo": true, "isReprint": true, "isStarter": true, "layout": "normal", "legalities": {"commander": "Legal", "duel": "Legal", "legacy": "Legal", "penny": "Legal", "vintage": "Legal"}, "manaCost": "{2}{U}{B}", "mtgstocksId": 20570, "name": "Lobotomy", "number": "4", "prices": {"paper": {}, "paperFoil": {"2019-06-02": 0.86, "2019-06-09": 0.87, "2019-06-16": 0.85, "2019-06-23": 0.86, "2019-06-30": 0.86, "2019-07-07": 0.85, "2019-07-14": 0.82, "2019-07-21": 0.81, "2019-07-28": 0.8, "2019-08-04": 0.8, "2019-08-11": 0.8, "2019-08-18": 0.8, "2019-08-25": 0.8}}, "printings": ["F06", "INV", "PRM", "TMP", "WC01", "WC98"], "rarity": "rare", "rulings": [{"date": "2004-10-04", "text": "You only get to pick one card from the player’s hand."}, {"date": "2004-10-04", "text": "If the player has no cards in their hand, you still get to look through their deck, but you do not get to exile any cards."}, {"date": "2004-10-04", "text": "It exiles the chosen card plus all others in the hand, library, and graveyard. Some people thought the chosen card was not exiled due to some vague wording."}, {"date": "2004-10-04", "text": "Does not affect cards on the battlefield."}, {"date": "2005-02-01", "text": "The copies must be found if they are in publicly viewable zones. Finding copies while searching private zones is optional."}], "scryfallId": "894e5b74-61e0-4165-82ab-5e7e22e5a817", "scryfallIllustrationId": "1f0014ae-9c56-4c12-ac08-c185a8a16ff6", "scryfallOracleId": "a7ebe748-c3de-402f-8a6e-236a6413c0f8", "subtypes": [], "supertypes": [], "tcgplayerProductId": 38125, "text": "Target player reveals their hand, then you choose a card other than a basic land card from it. Search that player's graveyard, hand, and library for all cards with the same name as the chosen card and exile them. Then that player shuffles their library.", "type": "Sorcery", "types": ["Sorcery"], "uuid": "1d160a24-c6bd-5cf0-be3b-2157119fe5a0", "watermark": "fnm"}, {"artist": "DiTerlizzi", "borderColor": "black", "colorIdentity": ["B", "R"], "colors": ["B", "R"], "convertedManaCost": 2.0, "edhrecRank": 169, "flavorText": "Like his mother before him, Darigaaz gave his life defending Dominaria from the tyranny of self-styled \"gods.\"", "foreignData": [], "frameVersion": "2003", "hasFoil": true, "hasNonFoil": false, "isPaper": true, "isPromo": true, "isReprint": true, "isStarter": true, "layout": "normal", "legalities": {"commander": "Legal", "duel": "Legal", "legacy": "Legal", "modern": "Legal", "pauper": "Legal", "vintage": "Legal"}, "manaCost": "{B}{R}", "mtgstocksId": 20618, "name": "Terminate", "number": "3", "prices": {"paper": {}, "paperFoil": {"2019-06-02": 8.99, "2019-06-09": 8.97, "2019-06-16": 8.99, "2019-06-23": 8.99, "2019-06-30": 8.86, "2019-07-07": 8.55, "2019-07-14": 8.2, "2019-07-21": 8.17, "2019-07-28": 7.99, "2019-08-04": 7.91, "2019-08-11": 7.78, "2019-08-18": 8.04, "2019-08-25": 7.99}}, "printings": ["ARB", "ARC", "C16", "C17", "CMA", "CMD", "DDK", "F06", "MM3", "P09", "PLS", "PRM", "PS11", "TD0", "WC01"], "rarity": "rare", "rulings": [], "scryfallId": "b752cbd8-5f8b-4cd6-854d-69138be9fbdc", "scryfallIllustrationId": "9aa617c0-0471-41e4-a397-200047006af9", "scryfallOracleId": "6257c2fd-005f-41e3-8a72-af76df1eb134", "subtypes": [], "supertypes": [], "tcgplayerProductId": 38165, "text": "Destroy target creature. It can't be regenerated.", "type": "Instant", "types": ["Instant"], "uuid": "9647f625-8d72-5380-ad50-e2077a9ce27f", "watermark": "fnm"}, {"artist": "Anthony S. Waters", "borderColor": "black", "colorIdentity": ["G"], "colors": ["G"], "convertedManaCost": 2.0, "edhrecRank": 5142, "flavorText": "It teaches you to play dead.", "foreignData": [], "frameVersion": "2003", "hasFoil": true, "hasNonFoil": false, "isPaper": true, "isPromo": true, "isReprint": true, "isStarter": true, "layout": "normal", "legalities": {"commander": "Legal", "duel": "Legal", "legacy": "Legal", "pauper": "Legal", "vintage": "Legal"}, "manaCost": "{1}{G}", "mtgstocksId": 20631, "name": "Wild Mongrel", "number": "6", "power": "2", "prices": {"paper": {}, "paperFoil": {"2019-06-02": 3.9, "2019-06-09": 2.41, "2019-06-16": 2.25, "2019-06-23": 2.53, "2019-06-30": 2.53, "2019-07-07": 2.48, "2019-07-14": 2.5, "2019-07-21": 2.46, "2019-07-28": 2.28, "2019-08-04": 2.53, "2019-08-11": 2.19, "2019-08-18": 2.53, "2019-08-25": 2.53}}, "printings": ["DDD", "F06", "GVL", "ODY", "PRM", "TD0", "UMA", "VMA", "WC02", "WC03"], "rarity": "rare", "rulings": [], "scryfallId": "0558a53a-e05b-4eb8-9c48-519f3e6bb13c", "scryfallIllustrationId": "9de731ee-627f-4a2a-894a-4e56b1763278", "scryfallOracleId": "e9441ab3-7a17-4f9b-a873-e5e82f6e9690", "subtypes": ["Hound"], "supertypes": [], "tcgplayerProductId": 38176, "text": "Discard a card: Wild Mongrel gets +1/+1 and becomes the color of your choice until end of turn.", "toughness": "2", "type": "Creature — Hound", "types": ["Creature"], "uuid": "d5786f1d-f66b-5841-bec8-dcef832a3f6c", "watermark": "fnm"}], "code": "F06", "isFoilOnly": true, "isOnlineOnly": false, "keyruneCode": "DCI", "meta": {"date": "2019-09-01", "pricesDate": "2019-09-01", "version": "4.5.0-rebuild.4"}, "name": "Friday Night Magic 2006", "releaseDate": "2006-01-01", "tokens": [], "totalSetSize": 12, "translations": {}, "type": "promo"}