{"baseSetSize": 0, "block": "Friday Night Magic", "cards": [{"artist": "Heather Hudson", "borderColor": "black", "colorIdentity": ["G"], "colors": ["G"], "convertedManaCost": 1.0, "edhrecRank": 12905, "foreignData": [], "frameVersion": "2003", "hasFoil": true, "hasNonFoil": false, "isPaper": true, "isPromo": true, "isReprint": true, "isStarter": true, "layout": "normal", "legalities": {"commander": "Legal", "duel": "Legal", "legacy": "Legal", "pauper": "Legal", "penny": "Legal", "vintage": "Legal"}, "manaCost": "{G}", "mtgstocksId": 20498, "name": "Basking Rootwalla", "number": "4", "power": "1", "prices": {"paper": {}, "paperFoil": {"2019-06-02": 1.93, "2019-06-09": 1.92, "2019-06-16": 1.91, "2019-06-23": 1.97, "2019-06-30": 2.08, "2019-07-07": 2.04, "2019-07-14": 1.94, "2019-07-21": 1.99, "2019-07-28": 2.21, "2019-08-04": 2.2, "2019-08-11": 2.0, "2019-08-18": 1.98, "2019-08-25": 1.95}}, "printings": ["DDD", "F07", "GVL", "PRM", "TOR", "UMA", "VMA", "WC03"], "rarity": "rare", "rulings": [{"date": "2006-02-01", "text": "If this card’s ability is activated by one player, then another player takes control of it on the same turn, the second player can’t activate its ability that turn."}], "scryfallId": "b2af0acb-4c2a-4f89-b509-c16504e24362", "scryfallIllustrationId": "1fdcfa70-3d37-45e6-8d6f-bcdf4b9e90eb", "scryfallOracleId": "b2ec080f-ad5d-4274-91e3-bc6ac89fc3e4", "subtypes": ["Lizard"], "supertypes": [], "tcgplayerProductId": 38068, "text": "{1}{G}: Basking Rootwalla gets +2/+2 until end of turn. Activate this ability only once each turn.\nMadness {0} (If you discard this card, discard it into exile. When you do, cast it for its madness cost or put it into your graveyard.)", "toughness": "1", "type": "Creature — Lizard", "types": ["Creature"], "uuid": "e711bd5a-dc43-5e6c-b1ef-13e6cdb36565", "watermark": "fnm"}, {"artist": "Don Hazeltine", "borderColor": "black", "colorIdentity": ["B"], "colors": [], "convertedManaCost": 0.0, "edhrecRank": 139, "flavorText": "Deep within the Cabal's vault, the Mirari pulsed like a dead sun-and its darkness radiated across Otaria.", "foreignData": [], "frameVersion": "2003", "hasFoil": true, "hasNonFoil": false, "isPaper": true, "isPromo": true, "isReprint": true, "isStarter": true, "layout": "normal", "legalities": {"commander": "Legal", "duel": "Legal", "legacy": "Legal", "vintage": "Legal"}, "mtgstocksId": 20505, "name": "Cabal Coffers", "number": "10", "prices": {"paper": {}, "paperFoil": {"2019-06-02": 58.0, "2019-06-09": 60.96, "2019-06-16": 68.81, "2019-06-23": 72.16, "2019-06-30": 72.96, "2019-07-07": 71.75, "2019-07-14": 70.98, "2019-07-21": 73.76, "2019-07-28": 74.38, "2019-08-04": 69.1, "2019-08-11": 64.99, "2019-08-18": 69.98, "2019-08-25": 73.05}}, "printings": ["F07", "HOP", "PRM", "TOR"], "rarity": "rare", "rulings": [], "scryfallId": "1aaa1062-fbdc-4de3-a572-08d997603c7e", "scryfallIllustrationId": "74967497-96f9-4edf-aa08-f4e100164df0", "scryfallOracleId": "7358e164-5704-4e78-9b21-6a9bf2a968ce", "subtypes": [], "supertypes": [], "tcgplayerProductId": 38075, "text": "{2}, {T}: Add {B} for each Swamp you control.", "type": "Land", "types": ["Land"], "uuid": "5071adf6-e4e4-530f-a1b2-e6c2017b2d83", "watermark": "fnm"}, {"artist": "Daren Bader", "borderColor": "black", "colorIdentity": ["U"], "colors": ["U"], "convertedManaCost": 4.0, "edhrecRank": 1144, "flavorText": "The specimen seems to be broken.", "foreignData": [], "frameEffect": "tombstone", "frameVersion": "2003", "hasFoil": true, "hasNonFoil": false, "isPaper": true, "isPromo": true, "isReprint": true, "isStarter": true, "layout": "normal", "legalities": {"commander": "Legal", "duel": "Legal", "legacy": "Legal", "pauper": "Legal", "penny": "Legal", "vintage": "Legal"}, "manaCost": "{3}{U}", "mtgstocksId": 20519, "name": "Deep Analysis", "number": "2", "prices": {"paper": {}, "paperFoil": {"2019-06-02": 3.45, "2019-06-09": 3.27, "2019-06-16": 3.37, "2019-06-23": 3.29, "2019-06-30": 3.48, "2019-07-07": 3.5, "2019-07-14": 3.5, "2019-07-21": 3.5, "2019-07-28": 3.5, "2019-08-04": 3.5, "2019-08-11": 3.47, "2019-08-18": 3.5, "2019-08-25": 3.66}}, "printings": ["C13", "C19", "DDH", "EMA", "F07", "PRM", "PZ1", "TOR", "VMA", "WC02", "WC03"], "rarity": "rare", "rulings": [], "scryfallId": "221921d9-34d8-420a-be5e-6b4468e703fa", "scryfallIllustrationId": "8c2bde47-85a0-45d7-8a2f-56d51a7e1118", "scryfallOracleId": "579cbd92-797f-4cdf-91ed-fca7a523eae5", "subtypes": [], "supertypes": [], "tcgplayerProductId": 38085, "text": "Target player draws two cards.\nFlashback—{1}{U}, Pay 3 life. (You may cast this card from your graveyard for its flashback cost. Then exile it.)", "type": "Sorcery", "types": ["Sorcery"], "uuid": "d3e97f04-5546-5f41-9659-e94ebfb687b9", "watermark": "fnm"}, {"artist": "Michael Sutfin", "borderColor": "black", "colorIdentity": ["B"], "colors": ["B"], "convertedManaCost": 3.0, "edhrecRank": 10167, "flavorText": "The admixture of bitterwort in the viral brew has produced most favorable results. —Phyrexian progress notes", "foreignData": [], "frameVersion": "2003", "hasFoil": true, "hasNonFoil": false, "isPaper": true, "isPromo": true, "isReprint": true, "isStarter": true, "layout": "normal", "legalities": {"commander": "Legal", "duel": "Legal", "legacy": "Legal", "vintage": "Legal"}, "manaCost": "{2}{B}", "mtgstocksId": 20529, "name": "Engineered Plague", "number": "7", "prices": {"paper": {}, "paperFoil": {"2019-06-02": 1.94, "2019-06-09": 1.93, "2019-06-16": 1.94, "2019-06-23": 1.99, "2019-06-30": 1.99, "2019-07-07": 1.9, "2019-07-14": 1.9, "2019-07-21": 1.97, "2019-07-28": 1.98, "2019-08-04": 1.99, "2019-08-11": 1.99, "2019-08-18": 1.99, "2019-08-25": 1.99}}, "printings": ["7ED", "F07", "PRM", "ULG", "WC01"], "rarity": "rare", "rulings": [], "scryfallId": "f98d047d-889d-4c03-99cc-81be5183fc38", "scryfallIllustrationId": "520105bc-e9b4-414a-bcf1-93517a8df098", "scryfallOracleId": "dc8210b4-8e17-4156-994b-e95e215e3e34", "subtypes": [], "supertypes": [], "tcgplayerProductId": 38094, "text": "As Engineered Plague enters the battlefield, choose a creature type.\nAll creatures of the chosen type get -1/-1.", "type": "Enchantment", "types": ["Enchantment"], "uuid": "0df9b508-0f59-56d6-a28b-b64bc4afe202", "watermark": "fnm"}, {"artist": "Ron Spencer", "borderColor": "black", "colorIdentity": ["R"], "colors": ["R"], "convertedManaCost": 1.0, "edhrecRank": 7344, "flavorText": "Reach out and torch someone.", "foreignData": [], "frameEffect": "tombstone", "frameVersion": "2003", "hasFoil": true, "hasNonFoil": false, "isPaper": true, "isPromo": true, "isReprint": true, "isStarter": true, "layout": "normal", "legalities": {"commander": "Legal", "duel": "Legal", "legacy": "Legal", "modern": "Legal", "pauper": "Legal", "penny": "Legal", "vintage": "Legal"}, "manaCost": "{R}", "mtgstocksId": 20537, "name": "Firebolt", "number": "1", "prices": {"paper": {}, "paperFoil": {"2019-06-02": 4.89, "2019-06-09": 4.9, "2019-06-16": 4.9, "2019-06-23": 4.95, "2019-06-30": 4.95, "2019-07-07": 4.99, "2019-07-14": 15.2, "2019-07-21": 7.75, "2019-07-28": 4.94, "2019-08-04": 4.89, "2019-08-11": 4.87, "2019-08-18": 4.38, "2019-08-25": 4.35}}, "printings": ["DD2", "DDS", "EMA", "F07", "JVC", "MH1", "ODY", "PRM"], "rarity": "rare", "rulings": [], "scryfallId": "5feef053-6788-4124-8ec5-b3aca7139177", "scryfallIllustrationId": "d6ad6bdd-9fd2-46c8-86d8-2d6af455aa1a", "scryfallOracleId": "7aa31280-12c3-479d-a6dd-f1c669043083", "subtypes": [], "supertypes": [], "tcgplayerProductId": 38099, "text": "Firebolt deals 2 damage to any target.\nFlashback {4}{R} (You may cast this card from your graveyard for its flashback cost. Then exile it.)", "type": "Sorcery", "types": ["Sorcery"], "uuid": "4840dca1-63df-5bf4-b4be-4fb616315da3", "watermark": "fnm"}, {"artist": "Bryon Wackwitz", "borderColor": "black", "colorIdentity": ["U"], "colors": ["U"], "convertedManaCost": 1.0, "edhrecRank": 3522, "foreignData": [], "frameVersion": "2003", "hasFoil": true, "hasNonFoil": false, "isPaper": true, "isPromo": true, "isReprint": true, "isStarter": true, "layout": "normal", "legalities": {"commander": "Legal", "duel": "Legal", "legacy": "Legal", "pauper": "Legal", "vintage": "Legal"}, "manaCost": "{U}", "mtgstocksId": 20542, "name": "Force Spike", "number": "12", "prices": {"paper": {}, "paperFoil": {"2019-06-02": 5.78, "2019-06-09": 5.78, "2019-06-16": 5.33, "2019-06-23": 5.33, "2019-06-30": 5.66, "2019-07-07": 5.5, "2019-07-14": 5.17, "2019-07-21": 5.15, "2019-07-28": 5.15, "2019-08-04": 5.15, "2019-08-11": 5.15, "2019-08-18": 5.15, "2019-08-25": 5.06}}, "printings": ["5ED", "7ED", "DDJ", "F07", "LEG", "ME3", "PRM", "WC98"], "rarity": "rare", "rulings": [{"date": "2004-10-04", "text": "The payment is optional."}], "scryfallId": "96e498da-09cf-4590-9d99-26cd2d91662e", "scryfallIllustrationId": "010badf5-c395-42d2-a275-b0716ba4f64b", "scryfallOracleId": "896ea218-3019-47e4-b0a0-2487335872bb", "subtypes": [], "supertypes": [], "tcgplayerProductId": 37981, "text": "Counter target spell unless its controller pays {1}.", "type": "Instant", "types": ["Instant"], "uuid": "85ead727-5468-5194-a127-d593122019bd", "watermark": "fnm"}, {"artist": "Carl Critchlow", "borderColor": "black", "colorIdentity": ["B", "W"], "colors": ["B", "W"], "convertedManaCost": 2.0, "edhrecRank": 9644, "flavorText": "A heart of light and a soul of darkness cannot coexist.", "foreignData": [], "frameVersion": "2003", "hasFoil": true, "hasNonFoil": false, "isPaper": true, "isPromo": true, "isReprint": true, "isStarter": true, "layout": "normal", "legalities": {"commander": "Legal", "duel": "Legal", "legacy": "Legal", "vintage": "Legal"}, "manaCost": "{W}{B}", "mtgstocksId": 20544, "name": "Gerrard's Verdict", "number": "3", "prices": {"paper": {}, "paperFoil": {"2019-06-02": 1.96, "2019-06-09": 1.67, "2019-06-16": 1.92, "2019-06-23": 1.78, "2019-06-30": 1.83, "2019-07-07": 1.95, "2019-07-14": 1.9, "2019-07-21": 1.83, "2019-07-28": 1.86, "2019-08-04": 1.82, "2019-08-11": 1.89, "2019-08-18": 1.82, "2019-08-25": 1.83}}, "printings": ["APC", "F07", "PRM"], "rarity": "rare", "rulings": [], "scryfallId": "ba298bc6-b096-4de9-98ea-1cefad46ee65", "scryfallIllustrationId": "8591f7ab-a229-41a4-9ddf-d1b10d626f50", "scryfallOracleId": "670b5dfb-ffdf-43ed-acc3-855006e352fc", "subtypes": [], "supertypes": [], "tcgplayerProductId": 38103, "text": "Target player discards two cards. You gain 3 life for each land card discarded this way.", "type": "Sorcery", "types": ["Sorcery"], "uuid": "d96c1305-a859-53e9-80ba-9ad2067b8e32", "watermark": "fnm"}, {"artist": "Mark Romanoski", "borderColor": "black", "colorIdentity": ["R", "W"], "colors": ["R", "W"], "convertedManaCost": 2.0, "edhrecRank": 15079, "foreignData": [], "frameVersion": "2003", "hasFoil": true, "hasNonFoil": false, "isPaper": true, "isPromo": true, "isReprint": true, "isStarter": true, "layout": "normal", "legalities": {"commander": "Legal", "duel": "Legal", "legacy": "Legal", "pauper": "Legal", "penny": "Legal", "vintage": "Legal"}, "manaCost": "{R}{W}", "mtgstocksId": 20551, "name": "Goblin Legionnaire", "number": "6", "power": "2", "prices": {"paper": {}, "paperFoil": {"2019-06-02": 0.7, "2019-06-09": 0.7, "2019-06-16": 0.69, "2019-06-23": 0.69, "2019-06-30": 0.69, "2019-07-07": 0.69, "2019-07-14": 0.69, "2019-07-21": 0.7, "2019-07-28": 0.69, "2019-08-04": 0.69, "2019-08-11": 0.69, "2019-08-18": 0.69, "2019-08-25": 0.69}}, "printings": ["APC", "F07", "PRM"], "rarity": "rare", "rulings": [], "scryfallId": "e6205a5f-bf39-4a01-977c-6812206feccb", "scryfallIllustrationId": "b55f930b-8016-4460-b931-3b51742ef154", "scryfallOracleId": "582fdfbe-c5fe-45d0-b3ff-e66db5183725", "subtypes": ["Goblin", "Soldier"], "supertypes": [], "tcgplayerProductId": 38107, "text": "{R}, Sacrifice Goblin Legionnaire: It deals 2 damage to any target.\n{W}, Sacrifice Goblin Legionnaire: Prevent the next 2 damage that would be dealt to any target this turn.", "toughness": "2", "type": "Creature — Goblin Soldier", "types": ["Creature"], "uuid": "fb13fa4b-17ac-588b-9277-f32b13a47de7", "watermark": "fnm"}, {"artist": "Mark Romanoski", "borderColor": "black", "colorIdentity": ["R"], "colors": ["R"], "convertedManaCost": 4.0, "edhrecRank": 2348, "foreignData": [], "frameVersion": "2003", "hasFoil": true, "hasNonFoil": false, "isPaper": true, "isPromo": true, "isReprint": true, "isStarter": true, "layout": "normal", "legalities": {"brawl": "Legal", "commander": "Legal", "duel": "Legal", "future": "Legal", "legacy": "Legal", "modern": "Legal", "standard": "Legal", "vintage": "Legal"}, "manaCost": "{3}{R}", "mtgstocksId": 20552, "name": "Goblin Ringleader", "number": "8", "power": "2", "prices": {"paper": {}, "paperFoil": {"2019-06-02": 3.25, "2019-06-09": 3.24, "2019-06-16": 3.17, "2019-06-23": 11.99, "2019-06-30": 9.97, "2019-07-07": 9.97, "2019-07-14": 9.99, "2019-07-21": 9.95, "2019-07-28": 9.84, "2019-08-04": 8.74, "2019-08-11": 9.12, "2019-08-18": 8.52, "2019-08-25": 8.51}}, "printings": ["APC", "DD1", "DDT", "EVG", "F07", "M20", "PRM", "VMA"], "rarity": "rare", "rulings": [{"date": "2019-07-12", "text": "If an effect refers to a “[subtype] spell” or “[subtype] card,” it refers only to a spell or card that has that subtype. For example, Goblin Gathering is a card that creates Goblins and features Goblins in its illustration, but it isn’t a Goblin card."}], "scryfallId": "e4c4dfab-a816-4483-8627-714f9821647a", "scryfallIllustrationId": "cc295bc5-e37c-4ab1-9804-1a3ea6dd6b3d", "scryfallOracleId": "4100e486-0d27-436c-8429-76bc2c1a26ab", "subtypes": ["Goblin"], "supertypes": [], "tcgplayerProductId": 38108, "text": "Haste (This creature can attack and {T} as soon as it comes under your control.)\nWhen Goblin Ringleader enters the battlefield, reveal the top four cards of your library. Put all Goblin cards revealed this way into your hand and the rest on the bottom of your library in any order.", "toughness": "2", "type": "Creature — Goblin", "types": ["Creature"], "uuid": "68ed09c5-4af6-556c-8e58-6db4e50178f3", "watermark": "fnm"}, {"artist": "Kev Walker", "borderColor": "black", "colorIdentity": ["G"], "colors": ["G"], "convertedManaCost": 7.0, "edhrecRank": 9120, "foreignData": [], "frameEffect": "tombstone", "frameVersion": "2003", "hasFoil": true, "hasNonFoil": false, "isPaper": true, "isPromo": true, "isReprint": true, "isStarter": true, "layout": "normal", "legalities": {"commander": "Legal", "duel": "Legal", "legacy": "Legal", "penny": "Legal", "vintage": "Legal"}, "manaCost": "{6}{G}", "mtgstocksId": 20596, "name": "Roar of the Wurm", "number": "11", "prices": {"paper": {}, "paperFoil": {"2019-06-02": 0.99, "2019-06-09": 0.99, "2019-06-16": 1.0, "2019-06-23": 0.99, "2019-06-30": 1.0, "2019-07-07": 0.99, "2019-07-14": 1.0, "2019-07-21": 1.0, "2019-07-28": 1.0, "2019-08-04": 0.99, "2019-08-11": 0.99, "2019-08-18": 0.99, "2019-08-25": 0.97}}, "printings": ["DDS", "EMA", "F07", "ODY", "PRM", "VMA", "WC02", "WC03"], "rarity": "rare", "rulings": [], "scryfallId": "045b134c-ede0-4188-89bc-f021442ae947", "scryfallIllustrationId": "805dc656-b4bf-4b6e-80b5-af8597694334", "scryfallOracleId": "b8b9e6fd-b3ed-4fbc-8753-74018fa33caa", "subtypes": [], "supertypes": [], "tcgplayerProductId": 38149, "text": "Create a 6/6 green Wurm creature token.\nFlashback {3}{G} (You may cast this card from your graveyard for its flashback cost. Then exile it.)", "type": "Sorcery", "types": ["Sorcery"], "uuid": "5d4663ee-28ea-5706-8166-3dc770002eb4", "watermark": "fnm"}, {"artist": "Daren Bader", "borderColor": "black", "colorIdentity": ["W"], "colors": ["W"], "convertedManaCost": 3.0, "edhrecRank": 3771, "foreignData": [], "frameVersion": "2003", "hasFoil": true, "hasNonFoil": false, "isPaper": true, "isPromo": true, "isReprint": true, "isStarter": true, "layout": "normal", "legalities": {"commander": "Legal", "duel": "Legal", "legacy": "Legal", "modern": "Legal", "penny": "Legal", "vintage": "Legal"}, "manaCost": "{1}{W}{W}", "mtgstocksId": 20634, "name": "Wing Shards", "number": "9", "prices": {"paper": {}, "paperFoil": {"2019-06-02": 1.19, "2019-06-09": 1.2, "2019-06-16": 1.2, "2019-06-23": 1.26, "2019-06-30": 1.23, "2019-07-07": 1.25, "2019-07-14": 1.26, "2019-07-21": 1.26, "2019-07-28": 1.25, "2019-08-04": 1.26, "2019-08-11": 1.25, "2019-08-18": 1.26, "2019-08-25": 1.25}}, "printings": ["C14", "C17", "F07", "IMA", "MH1", "PRM", "SCG", "WC03", "WC04"], "rarity": "rare", "rulings": [{"date": "2019-06-14", "text": "An “attacking creature” is one that has been declared as an attacker or put onto the battlefield attacking during a turn’s combat. Unless that creature leaves combat, it continues to be an attacking creature through the end of combat step, even if the player it was attacking has left the game or the planeswalker it was attacking has left combat."}, {"date": "2019-06-14", "text": "If you cast Wing Shards after combat damage has been dealt, only creatures that survived combat can be sacrificed."}, {"date": "2019-06-14", "text": "Wing Shards doesn’t target the creature to be sacrificed. The target player chooses the creature as it resolves."}, {"date": "2019-06-14", "text": "The copies storm creates are created on the stack, so they’re not cast. Abilities that trigger when a player casts a spell (such as storm) won’t trigger."}, {"date": "2019-06-14", "text": "Storm counts spells cast before the spell with storm was cast. Spells cast after the spell with storm was cast but before the storm ability resolves aren’t counted."}, {"date": "2019-06-14", "text": "The storm ability and the copies it creates all resolve before the spell with storm. They resolve even if the spell with storm is countered."}], "scryfallId": "2541fbe3-162e-44d6-a9a4-812e668559c7", "scryfallIllustrationId": "ca205c88-f8ef-49f7-be82-a4db536129bb", "scryfallOracleId": "b302bce5-d7ad-46d8-9dbf-8159e8709b4f", "subtypes": [], "supertypes": [], "tcgplayerProductId": 38178, "text": "Target player sacrifices an attacking creature.\nStorm (When you cast this spell, copy it for each spell cast before it this turn. You may choose new targets for the copies.)", "type": "Instant", "types": ["Instant"], "uuid": "c48874bd-166b-5deb-9165-6d86a7af433e", "watermark": "fnm"}, {"artist": "Rebecca Guay", "borderColor": "black", "colorIdentity": ["U"], "colors": ["U"], "convertedManaCost": 4.0, "edhrecRank": 1115, "flavorText": "The awestruck birds gazed at Wonder. Slowly, timidly, they rose into the air. —Scroll of Beginnings", "foreignData": [], "frameEffect": "tombstone", "frameVersion": "2003", "hasFoil": true, "hasNonFoil": false, "isPaper": true, "isPromo": true, "isReprint": true, "isStarter": true, "layout": "normal", "legalities": {"commander": "Legal", "duel": "Legal", "legacy": "Legal", "penny": "Legal", "vintage": "Legal"}, "manaCost": "{3}{U}", "mtgstocksId": 20636, "name": "Wonder", "number": "5", "power": "2", "prices": {"paper": {}, "paperFoil": {"2019-06-02": 2.03, "2019-06-09": 2.11, "2019-06-16": 2.38, "2019-06-23": 4.25, "2019-06-30": 4.25, "2019-07-07": 4.02, "2019-07-14": 2.99, "2019-07-21": 2.94, "2019-07-28": 2.2, "2019-08-04": 2.2, "2019-08-11": 2.23, "2019-08-18": 2.22, "2019-08-25": 2.25}}, "printings": ["C13", "CM2", "CMA", "CMD", "EMA", "F07", "JUD", "PRM", "PZ1", "WC02", "WC03"], "rarity": "rare", "rulings": [], "scryfallId": "505416b2-1581-4111-89ca-392c723b3222", "scryfallIllustrationId": "f9a876b7-7f66-4616-9106-e3d30b126974", "scryfallOracleId": "232284f7-c623-4895-9ab9-8b1a39926830", "subtypes": ["Incarnation"], "supertypes": [], "tcgplayerProductId": 38180, "text": "Flying\nAs long as Wonder is in your graveyard and you control an Island, creatures you control have flying.", "toughness": "2", "type": "Creature — Incarnation", "types": ["Creature"], "uuid": "6d0481b2-909a-514a-adf7-ff7d07e3c7fd", "watermark": "fnm"}], "code": "F07", "isFoilOnly": true, "isOnlineOnly": false, "keyruneCode": "DCI", "meta": {"date": "2019-09-01", "pricesDate": "2019-09-01", "version": "4.5.0-rebuild.4"}, "name": "Friday Night Magic 2007", "releaseDate": "2007-01-01", "tokens": [], "totalSetSize": 12, "translations": {}, "type": "promo"}