{"baseSetSize": 0, "block": "Friday Night Magic", "cards": [{"artist": "Glen Angus", "borderColor": "black", "colorIdentity": [], "colors": [], "convertedManaCost": 0.0, "edhrecRank": 5316, "foreignData": [], "frameVersion": "2003", "hasFoil": true, "hasNonFoil": false, "isPaper": true, "isPromo": true, "isReprint": true, "isStarter": true, "layout": "normal", "legalities": {"commander": "Legal", "duel": "Legal", "legacy": "Legal", "modern": "Legal", "pauper": "Legal", "vintage": "Legal"}, "mtgstocksId": 20520, "name": "Desert", "number": "8", "prices": {"paper": {}, "paperFoil": {"2019-06-02": 1.9, "2019-06-09": 1.9, "2019-06-16": 1.89, "2019-06-23": 1.93, "2019-07-07": 11.99, "2019-07-14": 6.5, "2019-07-21": 6.49, "2019-07-28": 5.99, "2019-08-04": 5.5, "2019-08-11": 6.0, "2019-08-18": 2.51, "2019-08-25": 4.15}}, "printings": ["ARN", "F08", "PRM", "TSB", "V12"], "rarity": "rare", "rulings": [{"date": "2004-10-04", "text": "The ability can be used on any player’s attacking creatures. This includes your own and creatures in an attack you are not involved in (for multiplayer games)."}, {"date": "2017-04-18", "text": "Desert is a land subtype with no special meaning. It doesn’t grant the land an intrinsic mana ability. Other cards may care about which lands are Deserts."}], "scryfallId": "b94cad14-1324-4611-9024-3839d01a82d9", "scryfallIllustrationId": "4eca4559-4f5e-416f-ba00-c6005d85359e", "scryfallOracleId": "195107ad-879d-4b02-a44a-a3ba70fedf88", "subtypes": ["Desert"], "supertypes": [], "tcgplayerProductId": 38087, "text": "{T}: Add {C}.\n{T}: Desert deals 1 damage to target attacking creature. Activate this ability only during the end of combat step.", "type": "Land — Desert", "types": ["Land"], "uuid": "9c6a979f-3e0f-5066-a326-854fbe8b298d", "watermark": "fnm"}, {"artist": "Terese Nielsen", "borderColor": "black", "colorIdentity": ["G"], "colors": ["G"], "convertedManaCost": 3.0, "edhrecRank": 23, "flavorText": "Gaea needs no book to record every act.", "foreignData": [], "frameVersion": "2003", "hasFoil": true, "hasNonFoil": false, "isPaper": true, "isPromo": true, "isReprint": true, "isStarter": true, "layout": "normal", "legalities": {"commander": "Legal", "duel": "Legal", "legacy": "Legal", "modern": "Legal", "vintage": "Legal"}, "manaCost": "{1}{G}{G}", "mtgstocksId": 20530, "name": "Eternal Witness", "number": "3", "power": "2", "prices": {"paper": {}, "paperFoil": {"2019-06-02": 33.93, "2019-06-09": 33.89, "2019-06-16": 33.99, "2019-06-23": 33.57, "2019-06-30": 32.99, "2019-07-07": 32.28, "2019-07-14": 32.13, "2019-07-21": 31.88, "2019-07-28": 32.0, "2019-08-04": 30.99, "2019-08-11": 30.97, "2019-08-18": 30.37, "2019-08-25": 30.18}}, "printings": ["5DN", "C15", "CM2", "CMA", "CMD", "DDJ", "F08", "MMA", "PRM", "PUMA", "PZ1", "TD0", "UMA", "WC04"], "rarity": "rare", "rulings": [{"date": "2018-12-07", "text": "If an instant or sorcery spell puts Eternal Witness onto the battlefield, its ability can target that card in your graveyard."}], "scryfallId": "d19ad62d-580e-4453-ba03-e59e660f0069", "scryfallIllustrationId": "97d632e6-c235-431d-9cb0-8f828202e7d0", "scryfallOracleId": "30b24e8e-3b0e-4d8e-90f3-f66eb7c1858c", "subtypes": ["Human", "Shaman"], "supertypes": [], "tcgplayerProductId": 38095, "text": "When Eternal Witness enters the battlefield, you may return target card from your graveyard to your hand.", "toughness": "1", "type": "Creature — Human Shaman", "types": ["Creature"], "uuid": "98275ba5-2744-5a42-a2a7-707264c15f24", "watermark": "fnm"}, {"artist": "Brian Despain", "borderColor": "black", "colorIdentity": [], "colors": [], "convertedManaCost": 2.0, "edhrecRank": 301, "foreignData": [], "frameVersion": "2003", "hasFoil": true, "hasNonFoil": false, "isPaper": true, "isPromo": true, "isReprint": true, "isStarter": true, "layout": "normal", "legalities": {"commander": "Legal", "duel": "Legal", "legacy": "Legal", "modern": "Legal", "vintage": "Legal"}, "manaCost": "{2}", "mtgstocksId": 20556, "name": "Isochron Scepter", "number": "11", "prices": {"paper": {}, "paperFoil": {"2019-06-02": 29.01, "2019-06-09": 39.99, "2019-06-16": 44.0, "2019-06-23": 41.49, "2019-06-30": 39.99, "2019-07-07": 38.25, "2019-07-14": 36.99, "2019-07-21": 36.97, "2019-07-28": 36.95, "2019-08-04": 36.72, "2019-08-11": 32.97, "2019-08-18": 32.4, "2019-08-25": 32.88}}, "printings": ["DDJ", "EMA", "F08", "MRD", "PRM", "V10"], "rarity": "rare", "rulings": [{"date": "2016-06-08", "text": "If Isochron Scepter leaves the battlefield while the activated ability is on the stack, the ability can still make a copy."}, {"date": "2016-06-08", "text": "You cast the copy while the ability is resolving and still on the stack."}, {"date": "2016-06-08", "text": "If the imprinted card leaves the exile zone while the activated ability is on the stack, the copy can’t be made."}, {"date": "2016-06-08", "text": "If the exiled card has X in its mana cost, you must choose 0 as the value for X when casting it."}, {"date": "2016-06-08", "text": "If you don’t want to cast the copy, you can choose not to; the copy ceases to exist the next time state-based actions are checked."}, {"date": "2016-06-08", "text": "Because you’re already casting the spell using an alternative cost (by casting it without paying its mana cost), you can’t pay any other alternative costs for the card. You can pay additional costs, such as kicker costs. If the card has any mandatory additional costs, you must pay those."}, {"date": "2017-04-18", "text": "The converted mana cost of a split card is determined by the combined mana cost of its two halves. When you activate the second ability, you may choose to cast either half of the split card, but you may not cast both halves."}], "scryfallId": "aba8afbf-0403-4d19-8602-d722ca9fa986", "scryfallIllustrationId": "d47a2d4a-ee66-4909-bd3d-dbdac35b5008", "scryfallOracleId": "ddd649f4-dbaf-48ec-8ff7-95581257772d", "subtypes": [], "supertypes": [], "tcgplayerProductId": 38112, "text": "Imprint — When Isochron Scepter enters the battlefield, you may exile an instant card with converted mana cost 2 or less from your hand.\n{2}, {T}: You may copy the exiled card. If you do, you may cast the copy without paying its mana cost.", "type": "Artifact", "types": ["Artifact"], "uuid": "80880fa8-0db9-5b0f-8816-1c6033089616", "watermark": "fnm"}, {"artist": "Philip Straub", "borderColor": "black", "colorIdentity": ["G"], "colors": [], "convertedManaCost": 0.0, "edhrecRank": 3279, "flavorText": "The limbs of Pendelhaven extend as far as the meek roam, and reach as high as they strive.", "foreignData": [], "frameVersion": "2003", "hasFoil": true, "hasNonFoil": false, "isPaper": true, "isPromo": true, "isReprint": true, "isStarter": true, "layout": "normal", "legalities": {"commander": "Legal", "duel": "Legal", "legacy": "Legal", "modern": "Legal", "vintage": "Legal"}, "mtgstocksId": 20583, "name": "Pendelhaven", "number": "5", "prices": {"paper": {}, "paperFoil": {"2019-06-02": 8.11, "2019-06-09": 8.05, "2019-06-16": 7.94, "2019-06-23": 7.92, "2019-06-30": 7.65, "2019-07-07": 7.65, "2019-07-14": 7.78, "2019-07-21": 7.75, "2019-07-28": 7.56, "2019-08-04": 7.27, "2019-08-11": 7.07, "2019-08-18": 7.15, "2019-08-25": 6.99}}, "printings": ["A25", "ATH", "F08", "J17", "LEG", "PRM", "TSB"], "rarity": "rare", "rulings": [{"date": "2004-10-04", "text": "The current power/toughness being 1/1 is a targeting requirement so it is checked when announcing and again right before resolving."}], "scryfallId": "e8e362ed-4a3d-4b5e-848a-44c362095835", "scryfallIllustrationId": "551129e7-34ff-4ac4-8d8c-f36b46f8e984", "scryfallOracleId": "f70e72e1-9abe-485b-9fea-e8b35352f5b3", "subtypes": [], "supertypes": ["Legendary"], "tcgplayerProductId": 38138, "text": "{T}: Add {G}.\n{T}: Target 1/1 creature gets +1/+2 until end of turn.", "type": "Legendary Land", "types": ["Land"], "uuid": "bac9ba70-990c-550b-918e-b0cf8ec04c82", "watermark": "fnm"}, {"artist": "Hideaki Takamura", "borderColor": "black", "colorIdentity": ["U"], "colors": ["U"], "convertedManaCost": 2.0, "edhrecRank": 994, "flavorText": "Well, at least all of that arm-waving and arcane babbling you did was impressive.", "foreignData": [], "frameVersion": "2003", "hasFoil": true, "hasNonFoil": false, "isPaper": true, "isPromo": true, "isReprint": true, "isStarter": true, "layout": "normal", "legalities": {"commander": "Legal", "duel": "Legal", "legacy": "Legal", "modern": "Legal", "vintage": "Legal"}, "manaCost": "{1}{U}", "mtgstocksId": 20591, "name": "Remand", "number": "1", "prices": {"paper": {}, "paperFoil": {"2019-06-02": 23.0, "2019-06-09": 22.5, "2019-06-16": 22.75, "2019-06-23": 23.19, "2019-06-30": 22.99, "2019-07-07": 22.99, "2019-07-14": 23.24, "2019-07-21": 23.14, "2019-07-28": 23.03, "2019-08-04": 23.03, "2019-08-11": 21.99, "2019-08-18": 21.89, "2019-08-25": 21.89}}, "printings": ["DDM", "F08", "MM2", "PRM", "RAV"], "rarity": "rare", "rulings": [{"date": "2005-10-01", "text": "The countered spell goes to its owner’s hand from the stack. It never hits the graveyard."}, {"date": "2007-02-01", "text": "If you Remand a card with Flashback, the card will still be exiled."}], "scryfallId": "d41e8cc0-4e05-412b-8ea3-d5b5c45da601", "scryfallIllustrationId": "6d32ca6e-902c-4721-a88b-9b34e780bc23", "scryfallOracleId": "d71cd08e-3e84-41ff-b9db-9e343c0af6b4", "subtypes": [], "supertypes": [], "tcgplayerProductId": 38145, "text": "Counter target spell. If that spell is countered this way, put it into its owner's hand instead of into that player's graveyard.\nDraw a card.", "type": "Instant", "types": ["Instant"], "uuid": "9f332f01-c03a-50f4-ab38-92080b078732", "watermark": "fnm"}, {"artist": "Michael Komarck", "borderColor": "black", "colorIdentity": ["W"], "colors": ["W"], "convertedManaCost": 4.0, "edhrecRank": 5674, "flavorText": "Think of this new life not as a gift from the angels but as a command to fight for their cause once more. —War blessing of Serra", "foreignData": [], "frameVersion": "2003", "hasFoil": true, "hasNonFoil": false, "isPaper": true, "isPromo": true, "isReprint": true, "isStarter": true, "layout": "normal", "legalities": {"commander": "Legal", "duel": "Legal", "legacy": "Legal", "modern": "Legal", "pauper": "Legal", "penny": "Legal", "vintage": "Legal"}, "manaCost": "{2}{W}{W}", "mtgstocksId": 20592, "name": "Resurrection", "number": "6", "prices": {"paper": {}, "paperFoil": {"2019-06-02": 2.99, "2019-06-09": 2.99, "2019-06-16": 2.99, "2019-06-23": 2.99, "2019-06-30": 2.99, "2019-07-07": 2.99, "2019-07-14": 2.99, "2019-07-21": 2.99, "2019-07-28": 2.99, "2019-08-04": 2.93, "2019-08-11": 2.99, "2019-08-18": 2.99, "2019-08-25": 2.98}}, "printings": ["2ED", "3ED", "CED", "CEI", "F08", "FBB", "LEA", "LEB", "PRM", "SUM", "TD0", "TSB", "UMA"], "rarity": "rare", "rulings": [], "scryfallId": "a1115170-10a4-4b77-b6e6-35f4a10141a0", "scryfallIllustrationId": "32b7e985-94bf-4fd1-82fe-e79556582c6f", "scryfallOracleId": "837417d8-8260-486d-a3ed-3b5711eaf34a", "subtypes": [], "supertypes": [], "tcgplayerProductId": 38146, "text": "Return target creature card from your graveyard to the battlefield.", "type": "Sorcery", "types": ["Sorcery"], "uuid": "d83a455e-e946-5e17-9048-b4817622a006", "watermark": "fnm"}, {"artist": "John Avon", "borderColor": "black", "colorIdentity": [], "colors": [], "convertedManaCost": 4.0, "edhrecRank": 4336, "foreignData": [], "frameVersion": "2003", "hasFoil": true, "hasNonFoil": false, "isPaper": true, "isPromo": true, "isReprint": true, "isStarter": true, "layout": "normal", "legalities": {"commander": "Legal", "duel": "Legal", "legacy": "Legal", "modern": "Legal", "pauper": "Legal", "vintage": "Legal"}, "manaCost": "{4}", "mtgstocksId": 20601, "name": "Serrated Arrows", "number": "10", "prices": {"paper": {}, "paperFoil": {"2019-06-02": 1.54, "2019-06-09": 1.57, "2019-06-16": 1.54, "2019-06-23": 1.54, "2019-06-30": 1.52, "2019-07-07": 1.51, "2019-07-14": 1.51, "2019-07-21": 1.52, "2019-07-28": 1.51, "2019-08-04": 1.54, "2019-08-11": 1.52, "2019-08-18": 1.54, "2019-08-25": 1.56}}, "printings": ["ATH", "DDD", "F08", "GVL", "HML", "PRM", "PTC", "TSB", "WC97"], "rarity": "rare", "rulings": [{"date": "2008-08-01", "text": "The upkeep trigger checks the number of counters at the start of upkeep, and only goes on the stack if there are no arrowhead counters at that time. It will check again on resolution, and will do nothing if you’ve somehow manage to get a new arrowhead counter on the Arrows."}], "scryfallId": "df09746c-25fa-46d4-98ae-f264dbabfdb1", "scryfallIllustrationId": "104715a7-18f5-4d3c-acf1-e3af745f126b", "scryfallOracleId": "5fa4607a-6731-4599-80f3-19d6097b4b28", "subtypes": [], "supertypes": [], "tcgplayerProductId": 38152, "text": "Serrated Arrows enters the battlefield with three arrowhead counters on it.\nAt the beginning of your upkeep, if there are no arrowhead counters on Serrated Arrows, sacrifice it.\n{T}, Remove an arrowhead counter from Serrated Arrows: Put a -1/-1 counter on target creature.", "type": "Artifact", "types": ["Artifact"], "uuid": "fbefb074-68df-59ab-a18d-da0099b495c7", "watermark": "fnm"}, {"artist": "Hideaki Takamura", "borderColor": "black", "colorIdentity": ["R"], "colors": ["R"], "convertedManaCost": 2.0, "edhrecRank": 9525, "flavorText": "To the Krark Clan, every artifact has a trigger and a barrel.", "foreignData": [], "frameVersion": "2003", "hasFoil": true, "hasNonFoil": false, "isPaper": true, "isPromo": true, "isReprint": true, "isStarter": true, "layout": "normal", "legalities": {"commander": "Legal", "duel": "Legal", "legacy": "Legal", "modern": "Legal", "penny": "Legal", "vintage": "Legal"}, "manaCost": "{1}{R}", "mtgstocksId": 20603, "name": "Shrapnel Blast", "number": "12", "prices": {"paper": {}, "paperFoil": {"2019-06-02": 1.79, "2019-06-09": 1.84, "2019-06-16": 1.79, "2019-06-23": 1.79, "2019-06-30": 1.75, "2019-07-07": 1.75, "2019-07-14": 1.75, "2019-07-21": 1.76, "2019-07-28": 1.75, "2019-08-04": 1.77, "2019-08-11": 1.79, "2019-08-18": 1.79, "2019-08-25": 1.79}}, "printings": ["DDU", "F08", "M15", "MMA", "MRD", "PRM", "WC04"], "rarity": "rare", "rulings": [{"date": "2014-07-18", "text": "You must sacrifice exactly one artifact to cast this spell; you can’t cast it without sacrificing an artifact, and you can’t sacrifice additional artifacts."}, {"date": "2014-07-18", "text": "Players can only respond once this spell has been cast and all its costs have been paid. No one can try to destroy the artifact you sacrificed to prevent you from casting this spell."}], "scryfallId": "f8baa9d1-b45d-4947-9eb6-7f580c83a2c3", "scryfallIllustrationId": "0d1d6c7f-f4de-4665-9abd-aee642e16dd9", "scryfallOracleId": "d3c623f3-c7c9-47c0-8096-6dee3267baff", "subtypes": [], "supertypes": [], "tcgplayerProductId": 38154, "text": "As an additional cost to cast this spell, sacrifice an artifact.\nShrapnel Blast deals 5 damage to any target.", "type": "Instant", "types": ["Instant"], "uuid": "781719b7-e22f-5689-b457-cb7c8031f899", "watermark": "fnm"}, {"artist": "Volkan Baǵa", "borderColor": "black", "colorIdentity": ["B"], "colors": ["B"], "convertedManaCost": 4.0, "edhrecRank": 2844, "foreignData": [], "frameVersion": "2003", "hasFoil": true, "hasNonFoil": false, "isPaper": true, "isPromo": true, "isReprint": true, "isStarter": true, "layout": "normal", "legalities": {"commander": "Legal", "duel": "Legal", "legacy": "Legal", "penny": "Legal", "vintage": "Legal"}, "manaCost": "{2}{B}{B}", "mtgstocksId": 20617, "name": "Tendrils of Agony", "number": "4", "prices": {"paper": {}, "paperFoil": {"2019-06-02": 10.49, "2019-06-09": 10.44, "2019-06-16": 10.49, "2019-06-23": 10.34, "2019-06-30": 10.19, "2019-07-07": 10.1, "2019-07-14": 10.24, "2019-07-21": 10.22, "2019-07-28": 10.35, "2019-08-04": 10.66, "2019-08-11": 10.83, "2019-08-18": 10.83, "2019-08-25": 10.81}}, "printings": ["F08", "PRM", "SCG", "VMA"], "rarity": "rare", "rulings": [{"date": "2013-06-07", "text": "The copies are put directly onto the stack. They aren’t cast and won’t be counted by other spells with storm cast later in the turn."}, {"date": "2013-06-07", "text": "Spells cast from zones other than a player’s hand and spells that were countered are counted by the storm ability."}, {"date": "2013-06-07", "text": "A copy of a spell can be countered like any other spell, but it must be countered individually. Countering a spell with storm won’t affect the copies."}, {"date": "2013-06-07", "text": "The triggered ability that creates the copies can itself be countered by anything that can counter a triggered ability. If it is countered, no copies will be put onto the stack."}, {"date": "2013-06-07", "text": "You may choose new targets for any of the copies. You can choose differently for each copy."}], "scryfallId": "22f00439-93b7-4ade-b8c9-9b7ca7e274fb", "scryfallIllustrationId": "44176bd1-24e4-4024-90a5-8331e9406583", "scryfallOracleId": "78db3190-59bc-4033-95bc-32d8ed872b6a", "subtypes": [], "supertypes": [], "tcgplayerProductId": 38164, "text": "Target player loses 2 life and you gain 2 life.\nStorm (When you cast this spell, copy it for each spell cast before it this turn. You may choose new targets for the copies.)", "type": "Sorcery", "types": ["Sorcery"], "uuid": "09bcbda7-f599-59c6-8225-b03f5f924f56", "watermark": "fnm"}, {"artist": "Bud Cook", "borderColor": "black", "colorIdentity": ["U"], "colors": ["U"], "convertedManaCost": 3.0, "edhrecRank": 1076, "flavorText": "Raissa transformed herself into a vessel for the Watchword Codex, allowing the arcane lore to flow through her body.", "foreignData": [], "frameVersion": "2003", "hasFoil": true, "hasNonFoil": false, "isPaper": true, "isPromo": true, "isReprint": true, "isStarter": true, "layout": "normal", "legalities": {"commander": "Legal", "duel": "Legal", "legacy": "Legal", "modern": "Legal", "vintage": "Legal"}, "manaCost": "{2}{U}", "mtgstocksId": 20620, "name": "Thirst for Knowledge", "number": "9", "prices": {"paper": {}, "paperFoil": {"2019-06-02": 6.99, "2019-06-09": 7.05, "2019-06-16": 6.89, "2019-06-23": 6.99, "2019-06-30": 6.82, "2019-07-07": 6.74, "2019-07-14": 6.87, "2019-07-21": 6.81, "2019-07-28": 6.78, "2019-08-04": 6.74, "2019-08-11": 6.81, "2019-08-18": 6.72, "2019-08-25": 6.71}}, "printings": ["C18", "DDF", "F08", "HOP", "MMA", "MRD", "PRM", "TD2", "WC04"], "rarity": "rare", "rulings": [{"date": "2004-12-01", "text": "You can discard either one artifact card or two cards which may or may not be artifacts. If you really want to, you can discard two artifact cards."}], "scryfallId": "17dddc25-5ce2-4c7f-a4fc-1e6c8f94af0e", "scryfallIllustrationId": "6fd0c54c-4f7e-438c-b43e-028410dcdf01", "scryfallOracleId": "939e6f71-185e-41f2-9d54-72cce06f1dce", "subtypes": [], "supertypes": [], "tcgplayerProductId": 38167, "text": "Draw three cards. Then discard two cards unless you discard an artifact card.", "type": "Instant", "types": ["Instant"], "uuid": "a677ddb6-ca88-51f9-8166-b925613e3d61", "watermark": "fnm"}, {"artist": "Lars Grant-West", "borderColor": "black", "colorIdentity": [], "colors": [], "convertedManaCost": 0.0, "edhrecRank": 861, "flavorText": "Dominaria's most extravagant crypt nevertheless holds an empty grave.", "foreignData": [], "frameVersion": "2003", "hasFoil": true, "hasNonFoil": false, "isPaper": true, "isPromo": true, "isReprint": true, "isStarter": true, "layout": "normal", "legalities": {"commander": "Legal", "duel": "Legal", "legacy": "Legal", "modern": "Legal", "pauper": "Legal", "vintage": "Legal"}, "manaCost": "{0}", "mtgstocksId": 20622, "name": "Tormod's Crypt", "number": "2", "prices": {"paper": {}, "paperFoil": {"2019-06-02": 13.99, "2019-06-09": 13.99, "2019-06-16": 19.25, "2019-06-23": 13.49, "2019-06-30": 14.99, "2019-07-07": 14.24, "2019-07-14": 13.62, "2019-07-21": 11.99, "2019-07-28": 11.25, "2019-08-04": 11.0, "2019-08-11": 11.0, "2019-08-18": 10.86, "2019-08-25": 11.99}}, "printings": ["C14", "CHR", "DRK", "F08", "M13", "M15", "PRM", "TSB"], "rarity": "rare", "rulings": [], "scryfallId": "5c53f2a4-105e-45b4-8bc0-a733f616c9b3", "scryfallIllustrationId": "c83654ae-50b4-4443-9f96-47694342b245", "scryfallOracleId": "1573f7f9-672c-421a-b1ac-3d0d8aea59ca", "subtypes": [], "supertypes": [], "tcgplayerProductId": 38006, "text": "{T}, Sacrifice Tormod's Crypt: Exile all cards from target player's graveyard.", "type": "Artifact", "types": ["Artifact"], "uuid": "b6d71b43-a2b6-5787-b8a2-53ce7ca4a430", "watermark": "fnm"}, {"artist": "Matt Stewart", "borderColor": "black", "colorIdentity": ["G"], "colors": ["G"], "convertedManaCost": 2.0, "edhrecRank": 1902, "flavorText": "Root systems in Mwonvuli twist through currents of mana rather than soil.", "foreignData": [], "frameVersion": "2003", "hasFoil": true, "hasNonFoil": false, "isPaper": true, "isPromo": true, "isReprint": true, "isStarter": true, "layout": "normal", "legalities": {"commander": "Legal", "duel": "Legal", "legacy": "Legal", "modern": "Legal", "pauper": "Legal", "vintage": "Legal"}, "manaCost": "{1}{G}", "mtgstocksId": 20627, "name": "Wall of Roots", "number": "7", "power": "0", "prices": {"paper": {}, "paperFoil": {"2019-06-02": 5.26, "2019-06-09": 5.45, "2019-06-16": 5.42, "2019-06-23": 5.21, "2019-06-30": 5.0, "2019-07-07": 4.99, "2019-07-14": 4.99, "2019-07-21": 5.31, "2019-07-28": 5.28, "2019-08-04": 5.15, "2019-08-11": 4.98, "2019-08-18": 5.0, "2019-08-25": 4.99}}, "printings": ["ARC", "F08", "IMA", "MIR", "PRM", "TSB", "WC98"], "rarity": "rare", "rulings": [{"date": "2017-11-17", "text": "If you must sacrifice a creature to pay a casting or activation cost that also includes mana, such as that of Bubbling Cauldron’s abilities, you may put a -0/-1 counter on Wall of Roots to make its toughness 0 and then sacrifice it to pay that cost."}], "scryfallId": "000619be-f2b4-407d-a76c-7245d8cab7bd", "scryfallIllustrationId": "6d297367-b6e1-4b4f-a157-d7bb7d94a205", "scryfallOracleId": "3a21a6ae-b2f2-4f0c-acfd-5f3e8d63fd2f", "subtypes": ["Plant", "Wall"], "supertypes": [], "tcgplayerProductId": 38172, "text": "Defender\nPut a -0/-1 counter on Wall of Roots: Add {G}. Activate this ability only once each turn.", "toughness": "5", "type": "Creature — Plant Wall", "types": ["Creature"], "uuid": "7d555660-7c73-5087-a308-53b01a7e657c", "watermark": "fnm"}], "code": "F08", "isFoilOnly": true, "isOnlineOnly": false, "keyruneCode": "DCI", "meta": {"date": "2019-09-01", "pricesDate": "2019-09-01", "version": "4.5.0-rebuild.4"}, "name": "Friday Night Magic 2008", "releaseDate": "2008-01-01", "tokens": [], "totalSetSize": 12, "translations": {}, "type": "promo"}