{"baseSetSize": 0, "block": "Friday Night Magic", "cards": [{"artist": "Scott Murphy", "borderColor": "black", "colorIdentity": ["G"], "colors": ["G"], "convertedManaCost": 3.0, "edhrecRank": 3420, "flavorText": "His beasts move the great siege towers of the Abzan across the endless sands.", "foreignData": [], "frameVersion": "2015", "hasFoil": true, "hasNonFoil": false, "isPaper": true, "isPromo": true, "isReprint": true, "isStarter": true, "layout": "normal", "legalities": {"commander": "Legal", "duel": "Legal", "legacy": "Legal", "modern": "Legal", "penny": "Legal", "vintage": "Legal"}, "manaCost": "{2}{G}", "mtgstocksId": 27623, "name": "Abzan Beastmaster", "number": "5", "power": "2", "prices": {"paper": {}, "paperFoil": {"2019-06-02": 0.45, "2019-06-09": 0.46, "2019-06-16": 0.45, "2019-06-23": 0.45, "2019-06-30": 0.46, "2019-07-07": 0.45, "2019-07-14": 0.45, "2019-07-21": 0.46, "2019-07-28": 0.45, "2019-08-04": 0.45, "2019-08-11": 0.46, "2019-08-18": 0.46, "2019-08-25": 0.46}}, "printings": ["F15", "FRF", "PRM"], "rarity": "rare", "rulings": [{"date": "2014-11-24", "text": "The ability checks the creatures on the battlefield as it resolves to determine if you will draw a card."}, {"date": "2014-11-24", "text": "You’ll draw a maximum of one card, even if you control multiple creatures tied for the greatest toughness."}], "scryfallId": "6e8abee6-87e6-4d1a-a117-aeb8122c5199", "scryfallIllustrationId": "36c628b4-5121-4b9b-81df-a4ad1598cba8", "scryfallOracleId": "aab463bb-e790-403b-a88d-06ef81c7302b", "subtypes": ["Hound", "Shaman"], "supertypes": [], "tcgplayerProductId": 96412, "text": "At the beginning of your upkeep, draw a card if you control the creature with the greatest toughness or tied for the greatest toughness.", "toughness": "1", "type": "Creature — Hound Shaman", "types": ["Creature"], "uuid": "8ed99d59-ed6c-51b7-9519-454015416ceb", "watermark": "abzan"}, {"artist": "Volkan Baǵa", "borderColor": "black", "colorIdentity": ["U"], "colors": ["U"], "convertedManaCost": 2.0, "edhrecRank": 1177, "flavorText": "You thought I wouldn't see that coming?", "foreignData": [], "frameVersion": "2015", "hasFoil": true, "hasNonFoil": false, "isPaper": true, "isPromo": true, "isReprint": true, "isStarter": true, "layout": "normal", "legalities": {"brawl": "Legal", "commander": "Legal", "duel": "Legal", "future": "Legal", "legacy": "Legal", "modern": "Legal", "pauper": "Legal", "penny": "Legal", "standard": "Legal", "vintage": "Legal"}, "manaCost": "{1}{U}", "mtgstocksId": 30100, "name": "Anticipate", "number": "12", "prices": {"paper": {}, "paperFoil": {"2019-06-02": 0.78, "2019-06-09": 0.76, "2019-06-16": 0.79, "2019-06-23": 0.78, "2019-06-30": 0.79, "2019-07-07": 0.76, "2019-07-14": 0.75, "2019-07-21": 0.77, "2019-07-28": 0.75, "2019-08-04": 0.77, "2019-08-11": 0.75, "2019-08-18": 0.75, "2019-08-25": 0.75}}, "printings": ["BFZ", "DTK", "F15", "M19", "M20", "PRM"], "rarity": "rare", "rulings": [], "scryfallId": "87f7a3f3-517a-4f7a-bb28-94f11790b598", "scryfallIllustrationId": "584b32c2-e825-42f9-89cb-4409921dc5bf", "scryfallOracleId": "a97da5a9-17fc-4367-81e1-17ff81601a63", "subtypes": [], "supertypes": [], "tcgplayerProductId": 110280, "text": "Look at the top three cards of your library. Put one of them into your hand and the rest on the bottom of your library in any order.", "type": "Instant", "types": ["Instant"], "uuid": "f5b95e86-ef90-5942-86ee-20c499b27f8e", "watermark": "wotc"}, {"artist": "Svetlin Velinov", "borderColor": "black", "colorIdentity": ["U"], "colors": ["U"], "convertedManaCost": 2.0, "edhrecRank": 759, "flavorText": "You are beneath contempt. Your lineage will be forgotten.", "foreignData": [], "frameVersion": "2015", "hasFoil": true, "hasNonFoil": false, "isPaper": true, "isPromo": true, "isReprint": true, "isStarter": true, "layout": "normal", "legalities": {"brawl": "Legal", "commander": "Legal", "duel": "Legal", "future": "Legal", "legacy": "Legal", "modern": "Legal", "pauper": "Legal", "penny": "Legal", "standard": "Legal", "vintage": "Legal"}, "manaCost": "{1}{U}", "mtgstocksId": 27480, "name": "Disdainful Stroke", "number": "2", "prices": {"paper": {}, "paperFoil": {"2019-06-02": 1.5, "2019-06-09": 1.35, "2019-06-16": 1.4, "2019-06-23": 1.35, "2019-06-30": 1.41, "2019-07-07": 1.34, "2019-07-14": 1.32, "2019-07-21": 1.31, "2019-07-28": 1.27, "2019-08-04": 1.25, "2019-08-11": 1.26, "2019-08-18": 1.25, "2019-08-25": 1.3}}, "printings": ["C16", "CM2", "F15", "GRN", "KTK", "PRM"], "rarity": "rare", "rulings": [{"date": "2014-09-20", "text": "A face-down spell has converted mana cost 0 and can’t be targeted by Disdainful Stroke."}, {"date": "2018-10-05", "text": "If a spell has {X} in its mana cost, include the value chosen for that X when determining the converted mana cost of that spell."}], "scryfallId": "3711f61d-6381-4c92-a3f5-6deed29aae47", "scryfallIllustrationId": "e2a299bf-3793-4d22-a665-b308dd9518c9", "scryfallOracleId": "11e02134-7b1a-46a4-a89e-7539dd1efada", "subtypes": [], "supertypes": [], "tcgplayerProductId": 95916, "text": "Counter target spell with converted mana cost 4 or greater.", "type": "Instant", "types": ["Instant"], "uuid": "797be32a-1592-5863-88f1-8734f94fff54", "watermark": "wotc"}, {"artist": "Kev Walker", "borderColor": "black", "colorIdentity": ["R"], "colors": ["R"], "convertedManaCost": 1.0, "edhrecRank": 4745, "flavorText": "The upside to not thinking about the consequences is that you'll always surprise those who do.", "foreignData": [], "frameVersion": "2015", "hasFoil": true, "hasNonFoil": false, "isPaper": true, "isPromo": true, "isReprint": true, "isStarter": true, "layout": "normal", "legalities": {"commander": "Legal", "duel": "Legal", "legacy": "Legal", "modern": "Legal", "pauper": "Legal", "penny": "Legal", "vintage": "Legal"}, "manaCost": "{R}", "mtgstocksId": 26769, "name": "Frenzied Goblin", "number": "1", "power": "1", "prices": {"paper": {}, "paperFoil": {"2019-06-02": 0.43, "2019-06-09": 0.44, "2019-06-16": 0.44, "2019-06-23": 0.46, "2019-06-30": 0.45, "2019-07-07": 0.45, "2019-07-14": 0.42, "2019-07-21": 0.43, "2019-07-28": 0.43, "2019-08-04": 0.43, "2019-08-11": 0.45, "2019-08-18": 0.45, "2019-08-25": 0.43}}, "printings": ["A25", "DDN", "F15", "GK1", "M15", "PRM", "PSAL", "RAV"], "rarity": "rare", "rulings": [{"date": "2018-03-16", "text": "Frenzied Goblin’s ability has only one target. You can’t pay {R} multiple times to stop multiple creatures from blocking."}], "scryfallId": "b54da7ba-d596-4c2c-bb4e-a85d2f789102", "scryfallIllustrationId": "f032f564-ff5a-4391-989a-a0e8019e3bf8", "scryfallOracleId": "6ac470a1-c2be-4971-a5ca-10bb189ebe4d", "subtypes": ["Goblin", "Berserker"], "supertypes": [], "tcgplayerProductId": 94753, "text": "Whenever Frenzied Goblin attacks, you may pay {R}. If you do, target creature can't block this turn.", "toughness": "1", "type": "Creature — Goblin Berserker", "types": ["Creature"], "uuid": "253bc825-1903-5086-bfe2-863b236d739e", "watermark": "wotc"}, {"artist": "Peter Mohrbacher", "borderColor": "black", "colorIdentity": ["U"], "colors": ["U"], "convertedManaCost": 2.0, "edhrecRank": 11580, "flavorText": "As the clans carved out their territories, we saw allies where the Mardu saw only obstacles. —Yasova Dragonclaw", "foreignData": [], "frameVersion": "2015", "hasFoil": true, "hasNonFoil": false, "isPaper": true, "isPromo": true, "isReprint": true, "isStarter": true, "layout": "normal", "legalities": {"commander": "Legal", "duel": "Legal", "legacy": "Legal", "modern": "Legal", "penny": "Legal", "vintage": "Legal"}, "manaCost": "{1}{U}", "mtgstocksId": 28075, "name": "Frost Walker", "number": "6", "power": "4", "prices": {"paper": {}, "paperFoil": {"2019-06-02": 0.44, "2019-06-09": 0.45, "2019-06-16": 0.43, "2019-06-23": 0.44, "2019-06-30": 0.45, "2019-07-07": 0.45, "2019-07-14": 0.45, "2019-07-21": 0.45, "2019-07-28": 0.45, "2019-08-04": 0.44, "2019-08-11": 0.44, "2019-08-18": 0.44, "2019-08-25": 0.44}}, "printings": ["F15", "FRF", "PRM"], "rarity": "rare", "rulings": [{"date": "2014-11-24", "text": "If Frost Walker becomes the target of a spell or ability, its ability triggers and is put on the stack on top of that spell or ability. Frost Walker’s ability will resolve (causing it to be sacrificed) first. Unless the spell or ability has another target, it won’t resolve as it tries to resolve for having no legal targets."}], "scryfallId": "43278276-e5d2-4d94-8baa-edb39f15af25", "scryfallIllustrationId": "0614a829-012a-433a-8fb7-e3210be4b1d6", "scryfallOracleId": "54a22814-c0d5-4637-9aa9-a6bc96401914", "subtypes": ["Elemental"], "supertypes": [], "tcgplayerProductId": 97936, "text": "When Frost Walker becomes the target of a spell or ability, sacrifice it.", "toughness": "1", "type": "Creature — Elemental", "types": ["Creature"], "uuid": "3151209a-e971-59f6-889a-8c268916dc56", "watermark": "temur"}, {"artist": "Zoltan Boros", "borderColor": "black", "colorIdentity": ["R"], "colors": ["R"], "convertedManaCost": 3.0, "edhrecRank": 1159, "flavorText": "Kolaghan goblins rush into battle to satisfy their desire for violence as well as their desire not to be eaten.", "foreignData": [], "frameVersion": "2015", "hasFoil": true, "hasNonFoil": false, "isPaper": true, "isPromo": true, "isReprint": true, "isStarter": true, "layout": "normal", "legalities": {"commander": "Legal", "duel": "Legal", "legacy": "Legal", "modern": "Legal", "pauper": "Legal", "penny": "Legal", "vintage": "Legal"}, "manaCost": "{1}{R}{R}", "mtgstocksId": 27481, "name": "Hordeling Outburst", "number": "3", "prices": {"paper": {}, "paperFoil": {"2019-06-02": 0.74, "2019-06-09": 0.75, "2019-06-16": 0.74, "2019-06-23": 0.76, "2019-06-30": 0.75, "2019-07-07": 0.74, "2019-07-14": 0.74, "2019-07-21": 0.75, "2019-07-28": 0.73, "2019-08-04": 0.74, "2019-08-11": 0.74, "2019-08-18": 0.75, "2019-08-25": 0.74}}, "printings": ["A25", "DDT", "F15", "KTK", "PRM"], "rarity": "rare", "rulings": [], "scryfallId": "419280e0-5d5d-4836-aa5d-c1ca581787eb", "scryfallIllustrationId": "97eeaa21-d2ba-4d59-812c-56725507aaea", "scryfallOracleId": "a6450b8e-eb18-431c-9eb7-7daf107978b2", "subtypes": [], "supertypes": [], "tcgplayerProductId": 95917, "text": "Create three 1/1 red Goblin creature tokens.", "type": "Sorcery", "types": ["Sorcery"], "uuid": "df38db96-292b-5437-84bf-c699820f634c", "watermark": "wotc"}, {"artist": "David Gaillet", "borderColor": "black", "colorIdentity": ["W"], "colors": ["W"], "convertedManaCost": 2.0, "edhrecRank": 4477, "foreignData": [], "frameVersion": "2015", "hasFoil": true, "hasNonFoil": false, "isPaper": true, "isPromo": true, "isReprint": true, "isStarter": true, "layout": "normal", "legalities": {"commander": "Legal", "duel": "Legal", "legacy": "Legal", "modern": "Legal", "penny": "Legal", "vintage": "Legal"}, "manaCost": "{1}{W}", "mtgstocksId": 29018, "name": "Orator of Ojutai", "number": "9", "power": "0", "prices": {"paper": {}, "paperFoil": {"2019-06-02": 0.46, "2019-06-09": 0.47, "2019-06-16": 0.46, "2019-06-23": 0.46, "2019-06-30": 0.46, "2019-07-07": 0.45, "2019-07-14": 0.44, "2019-07-21": 0.44, "2019-07-28": 0.4, "2019-08-04": 0.4, "2019-08-11": 0.4, "2019-08-18": 0.4, "2019-08-25": 0.4}}, "printings": ["C17", "DTK", "F15", "PRM"], "rarity": "rare", "rulings": [{"date": "2015-02-25", "text": "If one of these spells is copied, the controller of the copy will get the “Dragon bonus” only if a Dragon card was revealed as an additional cost. The copy wasn’t cast, so whether you controlled a Dragon won’t matter."}, {"date": "2015-02-25", "text": "You can’t reveal more than one Dragon card to multiply the bonus. There is also no additional benefit for both revealing a Dragon card as an additional cost and controlling a Dragon as you cast the spell."}, {"date": "2015-02-25", "text": "If you don’t reveal a Dragon card from your hand, you must control a Dragon as you are finished casting the spell to get the bonus. For example, if you lose control of your only Dragon while casting the spell (because, for example, you sacrificed it to activate a mana ability), you won’t get the bonus."}], "scryfallId": "c9eb6441-c463-4b1e-a084-063f4a1301fe", "scryfallIllustrationId": "b1e9521b-c67c-477d-9ec6-d128b83b028a", "scryfallOracleId": "fbed6f1a-e224-413c-b13e-3555caaef02a", "subtypes": ["Bird", "Monk"], "supertypes": [], "tcgplayerProductId": 70910, "text": "As an additional cost to cast this spell, you may reveal a Dragon card from your hand.\nDefender, flying\nWhen Orator of Ojutai enters the battlefield, if you revealed a Dragon card or controlled a Dragon as you cast this spell, draw a card.", "toughness": "4", "type": "Creature — Bird Monk", "types": ["Creature"], "uuid": "be5709bb-6e43-55ef-8a9e-45d886c1c0a5", "watermark": "wotc"}, {"artist": "Raf Sarmento", "borderColor": "black", "colorIdentity": ["W"], "colors": ["W"], "convertedManaCost": 1.0, "edhrecRank": 38, "foreignData": [], "frameVersion": "2015", "hasFoil": true, "hasNonFoil": false, "isPaper": true, "isPromo": true, "isReprint": true, "isStarter": true, "layout": "normal", "legalities": {"commander": "Legal", "duel": "Legal", "legacy": "Legal", "modern": "Legal", "vintage": "Legal"}, "manaCost": "{W}", "mtgstocksId": 28190, "name": "Path to Exile", "number": "7", "prices": {"paper": {}, "paperFoil": {"2019-06-02": 12.92, "2019-06-09": 12.99, "2019-06-16": 13.77, "2019-06-23": 13.99, "2019-06-30": 14.37, "2019-07-07": 13.99, "2019-07-14": 13.74, "2019-07-21": 12.91, "2019-07-28": 12.1, "2019-08-04": 12.03, "2019-08-11": 12.06, "2019-08-18": 12.0, "2019-08-25": 11.64}}, "printings": ["ARC", "CMA", "CMD", "CON", "DDI", "E02", "F15", "MD1", "MM3", "MMA", "PRM", "PWP09", "SS2"], "rarity": "rare", "rulings": [{"date": "2017-03-14", "text": "If the targeted creature becomes an illegal target by the time Path to Exile would resolve, the entire spell doesn’t resolve. The creature’s controller won’t search for a basic land card."}, {"date": "2017-03-14", "text": "The controller of the exiled creature isn’t required to search their library for a basic land. If that player doesn’t, the player won’t shuffle their library."}], "scryfallId": "ccd50bd0-95a3-4480-8afb-ada8c4e806c9", "scryfallIllustrationId": "8a1962d3-9aa7-48b2-bda2-3d153ddeb0d5", "scryfallOracleId": "d683d985-9888-4d21-8b5f-69e69ce4a03b", "subtypes": [], "supertypes": [], "tcgplayerProductId": 98396, "text": "Exile target creature. Its controller may search their library for a basic land card, put that card onto the battlefield tapped, then shuffle their library.", "type": "Instant", "types": ["Instant"], "uuid": "f4d21813-b94c-547e-be82-a2fe8c4fe24e", "watermark": "wotc"}, {"artist": "Zoltan Boros", "borderColor": "black", "colorIdentity": ["R"], "colors": ["R"], "convertedManaCost": 2.0, "edhrecRank": 8246, "flavorText": "The wave of lava seared cloth from skin, skin from flesh, and flesh from bone.", "foreignData": [], "frameVersion": "2015", "hasFoil": true, "hasNonFoil": false, "isPaper": true, "isPromo": true, "isReprint": true, "isStarter": true, "layout": "normal", "legalities": {"commander": "Legal", "duel": "Legal", "legacy": "Legal", "modern": "Legal", "penny": "Legal", "vintage": "Legal"}, "manaCost": "{1}{R}", "mtgstocksId": 29801, "name": "Roast", "number": "11", "prices": {"paper": {}, "paperFoil": {"2019-06-02": 0.75, "2019-06-09": 0.75, "2019-06-16": 0.75, "2019-06-23": 0.75, "2019-06-30": 0.75, "2019-07-07": 0.72, "2019-07-14": 0.73, "2019-07-21": 0.74, "2019-07-28": 0.72, "2019-08-04": 0.72, "2019-08-11": 0.71, "2019-08-18": 0.72, "2019-08-25": 0.71}}, "printings": ["DTK", "F15", "PRM"], "rarity": "rare", "rulings": [], "scryfallId": "e34bbf48-a3e7-4e69-b060-73f1c4d5e402", "scryfallIllustrationId": "08490e8d-eaad-4e93-90cf-3073df0edcfc", "scryfallOracleId": "b5e60a85-2f31-47ec-a95b-2e69b2d2c00e", "subtypes": [], "supertypes": [], "tcgplayerProductId": 107991, "text": "Roast deals 5 damage to target creature without flying.", "type": "Sorcery", "types": ["Sorcery"], "uuid": "f1310422-e3e0-55db-843a-901a41058bf5", "watermark": "wotc"}, {"artist": "Dan Scott", "borderColor": "black", "colorIdentity": ["U"], "colors": ["U"], "convertedManaCost": 1.0, "edhrecRank": 438, "foreignData": [], "frameVersion": "2015", "hasFoil": true, "hasNonFoil": false, "isPaper": true, "isPromo": true, "isReprint": true, "isStarter": true, "layout": "normal", "legalities": {"commander": "Legal", "duel": "Legal", "legacy": "Legal", "modern": "Legal", "pauper": "Legal", "vintage": "Legal"}, "manaCost": "{U}", "mtgstocksId": 28471, "name": "Serum Visions", "number": "8", "prices": {"paper": {}, "paperFoil": {"2019-06-02": 5.31, "2019-06-09": 5.31, "2019-06-16": 5.99, "2019-06-23": 5.99, "2019-06-30": 5.69, "2019-07-07": 5.99, "2019-07-14": 5.99, "2019-07-21": 5.99, "2019-07-28": 5.99, "2019-08-04": 5.72, "2019-08-11": 5.69, "2019-08-18": 6.32, "2019-08-25": 6.27}}, "printings": ["5DN", "CN2", "F15", "MM3", "PAL04", "PRM", "WC04"], "rarity": "rare", "rulings": [], "scryfallId": "7dede475-9597-4f8a-9cee-9bc86b283aa9", "scryfallIllustrationId": "3e50f97b-f874-4604-a421-b85b3f9df72f", "scryfallOracleId": "56956afd-db53-4542-816b-490c8b0bbcf7", "subtypes": [], "supertypes": [], "tcgplayerProductId": 98941, "text": "Draw a card. Scry 2.", "type": "Sorcery", "types": ["Sorcery"], "uuid": "8789448d-ad7d-58b9-a044-194286204df2", "watermark": "wotc"}, {"artist": "Seb McKinnon", "borderColor": "black", "colorIdentity": ["W"], "colors": ["W"], "convertedManaCost": 2.0, "edhrecRank": 6502, "foreignData": [], "frameVersion": "2015", "hasFoil": true, "hasNonFoil": false, "isPaper": true, "isPromo": true, "isReprint": true, "isStarter": true, "layout": "normal", "legalities": {"commander": "Legal", "duel": "Legal", "legacy": "Legal", "modern": "Legal", "penny": "Legal", "vintage": "Legal"}, "manaCost": "{1}{W}", "mtgstocksId": 27495, "name": "Suspension Field", "number": "4", "prices": {"paper": {}, "paperFoil": {"2019-06-02": 0.49, "2019-06-09": 0.5, "2019-06-16": 0.49, "2019-06-23": 0.49, "2019-06-30": 0.5, "2019-07-07": 0.5, "2019-07-14": 0.5, "2019-07-21": 0.5, "2019-07-28": 0.5, "2019-08-04": 0.5, "2019-08-11": 0.5, "2019-08-18": 0.5, "2019-08-25": 0.5}}, "printings": ["F15", "KTK", "PRM"], "rarity": "rare", "rulings": [{"date": "2014-09-20", "text": "Suspension Field’s ability causes a zone change with a duration. It’s a single ability that creates two one-shot effects: one that exiles the creature when the ability resolves, and another that returns the exiled card to the battlefield immediately after Suspension Field leaves the battlefield."}, {"date": "2014-09-20", "text": "If the target creature becomes an illegal target before the ability resolves, perhaps because its toughness was lowered, the ability won’t resolve and none of its effects will happen. No creature will be exiled, and Suspension Field will remain on the battlefield."}, {"date": "2014-09-20", "text": "If Suspension Field leaves the battlefield before its enters-the-battlefield ability resolves, the target creature won’t be exiled."}, {"date": "2014-09-20", "text": "Auras attached to the exiled creature will be put into their owners’ graveyards. Equipment attached to the exiled creature will become unattached and remain on the battlefield. Any counters on the exiled creature will cease to exist."}, {"date": "2014-09-20", "text": "If a token is exiled this way, it ceases to exist. It won’t be returned to the battlefield."}, {"date": "2014-09-20", "text": "The exiled card returns to the battlefield immediately after Suspension Field leaves the battlefield. Nothing happens between these two events, including state-based actions. Suspension Field and the returned card aren’t on the battlefield at the same time."}, {"date": "2014-09-20", "text": "In a multiplayer game, if Suspension Field’s owner leaves the game, the exiled card will return to the battlefield. Because the one-shot effect that returns the card isn’t an ability that goes on the stack, it won’t cease to exist along with the leaving player’s spells and abilities on the stack."}], "scryfallId": "dbeb9475-64d8-4c9a-98e6-c473075ee343", "scryfallIllustrationId": "b010bec7-1eaf-4ab9-be27-487830b0b864", "scryfallOracleId": "baf8310f-5baf-459e-95ae-6b43a1d47e24", "subtypes": [], "supertypes": [], "tcgplayerProductId": 96067, "text": "When Suspension Field enters the battlefield, you may exile target creature with toughness 3 or greater until Suspension Field leaves the battlefield. (That creature returns under its owner's control.)", "type": "Enchantment", "types": ["Enchantment"], "uuid": "29b1e830-5609-5bb4-ada3-7b08002decae", "watermark": "wotc"}, {"artist": "Scott Murphy", "borderColor": "black", "colorIdentity": ["B"], "colors": ["B"], "convertedManaCost": 2.0, "edhrecRank": 3525, "flavorText": "He's paid his price. Now you pay mine.", "foreignData": [], "frameVersion": "2015", "hasFoil": true, "hasNonFoil": false, "isPaper": true, "isPromo": true, "isReprint": true, "isStarter": true, "layout": "normal", "legalities": {"commander": "Legal", "duel": "Legal", "legacy": "Legal", "modern": "Legal", "penny": "Legal", "vintage": "Legal"}, "manaCost": "{1}{B}", "mtgstocksId": 29019, "name": "Ultimate Price", "number": "10", "prices": {"paper": {}, "paperFoil": {"2019-06-02": 0.5, "2019-06-09": 0.5, "2019-06-16": 0.5, "2019-06-23": 0.5, "2019-06-30": 0.5, "2019-07-07": 0.5, "2019-07-14": 0.5, "2019-07-21": 0.5, "2019-07-28": 0.5, "2019-08-04": 0.5, "2019-08-11": 0.5, "2019-08-18": 0.5, "2019-08-25": 0.5}}, "printings": ["DTK", "F15", "GK2", "PRM", "RTR"], "rarity": "rare", "rulings": [{"date": "2015-02-25", "text": "A monocolored creature has exactly one color."}, {"date": "2015-02-25", "text": "Face-down creatures and most artifact creatures are not monocolored."}], "scryfallId": "334e3ffc-a4dc-405c-b6e4-7182f28241fe", "scryfallIllustrationId": "71ea63d6-5d04-4dcf-b04c-1f1508ea0d0f", "scryfallOracleId": "d740453b-d8f8-48d0-8c50-72a7cdb791b5", "subtypes": [], "supertypes": [], "tcgplayerProductId": 94691, "text": "Destroy target monocolored creature.", "type": "Instant", "types": ["Instant"], "uuid": "fb713a21-b5d8-5f17-bde3-2c597a616831", "watermark": "wotc"}], "code": "F15", "isFoilOnly": true, "isOnlineOnly": false, "keyruneCode": "STAR", "meta": {"date": "2019-09-01", "pricesDate": "2019-09-01", "version": "4.5.0-rebuild.4"}, "name": "Friday Night Magic 2015", "releaseDate": "2015-01-01", "tokens": [], "totalSetSize": 12, "translations": {}, "type": "promo"}