{"baseSetSize": 0, "block": "Friday Night Magic", "cards": [{"artist": "Jonas De Ro", "borderColor": "black", "colorIdentity": [], "colors": [], "convertedManaCost": 0.0, "edhrecRank": 2197, "flavorText": "It powers the dreams of Ghirapur.", "foreignData": [], "frameVersion": "2015", "hasFoil": true, "hasNonFoil": false, "isPaper": true, "isPromo": true, "isReprint": true, "isStarter": true, "layout": "normal", "legalities": {"commander": "Legal", "duel": "Legal", "legacy": "Legal", "modern": "Legal", "vintage": "Legal"}, "mtgstocksId": 34702, "name": "Aether Hub", "number": "6", "prices": {"paper": {}, "paperFoil": {"2019-06-02": 1.0, "2019-06-09": 1.0, "2019-06-16": 1.0, "2019-06-23": 1.0, "2019-06-30": 1.0, "2019-07-07": 1.0, "2019-07-14": 1.0, "2019-07-21": 1.0, "2019-07-28": 1.0, "2019-08-04": 0.99, "2019-08-11": 1.0, "2019-08-18": 1.0, "2019-08-25": 1.0}}, "printings": ["F17", "KLD", "PRM"], "rarity": "rare", "rulings": [{"date": "2017-02-09", "text": "{E} is the energy symbol. It represents one energy counter."}, {"date": "2017-02-09", "text": "Energy counters are a kind of counter that a player may have. They’re not associated with specific permanents. (Other kinds of counters that players may have include poison and experience.)"}, {"date": "2017-02-09", "text": "Keep careful track of how many energy counters each player has. You may do so by keeping a running count on paper, by using a die, or by any other clear and mutually agreeable method."}, {"date": "2017-02-09", "text": "If an effect says you get one or more {E}, you get that many energy counters. To pay one or more {E}, you lose that many energy counters. Any effects that interact with counters a player gets, has, or loses can interact with energy counters."}, {"date": "2017-02-09", "text": "Energy counters aren’t mana. They don’t go away as steps, phases, and turns end, and effects that add mana “of any type” to your mana pool can’t give you energy counters."}, {"date": "2017-02-09", "text": "You can’t pay more energy counters than you have."}], "scryfallId": "a4a9c5ae-c6f2-4189-bf0e-2bd698caff0c", "scryfallIllustrationId": "093efdb1-68c1-456e-ad34-c1d20afe95a4", "scryfallOracleId": "61c89b11-65c9-4fda-bbcd-d84de25df801", "subtypes": [], "supertypes": [], "tcgplayerProductId": 129535, "text": "When Aether Hub enters the battlefield, you get {E} (an energy counter).\n{T}: Add {C}.\n{T}, Pay {E}: Add one mana of any color.", "type": "Land", "types": ["Land"], "uuid": "cee1d7d4-3c95-5020-a4f6-20a5efbbb56d", "watermark": "wotc"}, {"artist": "Alex Konstad", "borderColor": "black", "colorIdentity": ["B"], "colors": ["B"], "convertedManaCost": 1.0, "edhrecRank": 2085, "foreignData": [], "frameVersion": "2015", "hasFoil": true, "hasNonFoil": false, "isPaper": true, "isPromo": true, "isReprint": true, "isStarter": true, "layout": "normal", "legalities": {"commander": "Legal", "duel": "Legal", "legacy": "Legal", "modern": "Legal", "vintage": "Legal"}, "manaCost": "{B}", "mtgstocksId": 35635, "name": "Fatal Push", "number": "8", "prices": {"paper": {}, "paperFoil": {"2019-06-02": 5.41, "2019-06-09": 5.52, "2019-06-16": 5.36, "2019-06-23": 5.53, "2019-06-30": 5.59, "2019-07-07": 5.55, "2019-07-14": 5.5, "2019-07-21": 5.49, "2019-07-28": 5.38, "2019-08-04": 5.5, "2019-08-11": 5.43, "2019-08-18": 5.25, "2019-08-25": 5.03}}, "printings": ["AER", "F17", "PRM"], "rarity": "rare", "rulings": [{"date": "2017-02-09", "text": "Fatal Push can target any creature, even one with converted mana cost 5 or greater. The creature’s converted mana cost is checked only as Fatal Push resolves."}, {"date": "2017-02-09", "text": "If the mana cost of a creature on the battlefield includes {X}, X is considered to be 0."}, {"date": "2017-02-09", "text": "Revolt abilities check only whether a permanent you controlled left the battlefield this turn or not. They don’t apply multiple times if more than one permanent you controlled left the battlefield. They don’t check whether the permanent that left the battlefield is still in the zone it moved to."}, {"date": "2017-02-09", "text": "Revolt abilities don’t care why the permanent left the battlefield, who caused it to move, or where it moved to. They’re equally satisfied by an artifact you sacrificed to pay a cost, a creature you controlled that was destroyed by Murder, or an enchantment you returned to your hand with Leave in the Dust."}, {"date": "2017-02-09", "text": "Tokens that leave the battlefield will satisfy a revolt ability."}, {"date": "2017-02-09", "text": "Energy counters aren’t permanents. Paying {E} won’t satisfy a revolt ability."}], "scryfallId": "86d1119d-7585-4699-8649-e3743c02d7a9", "scryfallIllustrationId": "64d9393f-2942-414e-9378-0f3cfd1703d1", "scryfallOracleId": "16437a83-be52-44cd-a768-a767c9347eb2", "subtypes": [], "supertypes": [], "tcgplayerProductId": 144780, "text": "Destroy target creature if it has converted mana cost 2 or less.\nRevolt — Destroy that creature if it has converted mana cost 4 or less instead if a permanent you controlled left the battlefield this turn.", "type": "Instant", "types": ["Instant"], "uuid": "8f335981-a723-5d9d-97b2-1d0edde55c9d", "watermark": "wotc"}, {"artist": "Grzegorz Rutkowski", "borderColor": "black", "colorIdentity": ["U"], "colors": ["U"], "convertedManaCost": 4.0, "edhrecRank": 6772, "flavorText": "Uncertainty has its own allure.", "foreignData": [], "frameVersion": "2015", "hasFoil": true, "hasNonFoil": false, "isPaper": true, "isPromo": true, "isReprint": true, "isStarter": true, "layout": "normal", "legalities": {"commander": "Legal", "duel": "Legal", "legacy": "Legal", "modern": "Legal", "vintage": "Legal"}, "manaCost": "{3}{U}", "mtgstocksId": 33382, "name": "Fortune's Favor", "number": "2", "prices": {"paper": {}, "paperFoil": {"2019-06-02": 0.25, "2019-06-09": 0.25, "2019-06-16": 0.25, "2019-06-23": 0.25, "2019-06-30": 0.25, "2019-07-07": 0.26, "2019-07-14": 0.25, "2019-07-21": 0.26, "2019-07-28": 0.27, "2019-08-04": 0.25, "2019-08-11": 0.29, "2019-08-18": 0.25, "2019-08-25": 0.25}}, "printings": ["EMN", "F17", "PRM"], "rarity": "rare", "rulings": [{"date": "2016-07-13", "text": "You choose which pile to put into your hand and which to put into your graveyard. You can’t look at the face-down pile until after it’s moving to its new zone."}, {"date": "2016-07-13", "text": "A pile can have no cards in it. In this case, you’ll choose whether to put all the cards into your hand or into your graveyard."}, {"date": "2016-07-13", "text": "In a multiplayer game, the targeted opponent may choose what information to share with others if that player wants advice on how to split the cards, but that player doesn’t have to share any information at all."}], "scryfallId": "d4f96980-c40a-4ec0-adc5-116a8eb07fcb", "scryfallIllustrationId": "ad2e7be4-8e40-4770-8e71-1d7693687fbb", "scryfallOracleId": "9baff93e-4ef9-404d-884b-f651a11f3742", "subtypes": [], "supertypes": [], "tcgplayerProductId": 127515, "text": "Target opponent looks at the top four cards of your library and separates them into a face-down pile and a face-up pile. Put one pile into your hand and the other into your graveyard.", "type": "Instant", "types": ["Instant"], "uuid": "88066882-61f2-57c1-9e16-0d4fa4572e95", "watermark": "wotc"}, {"artist": "Slawomir Maniak", "borderColor": "black", "colorIdentity": ["R"], "colors": ["R"], "convertedManaCost": 2.0, "edhrecRank": 6912, "flavorText": "\"What's your plan?\" Gideon asked. \"Are you serious?\" Chandra replied.", "foreignData": [], "frameVersion": "2015", "hasFoil": true, "hasNonFoil": false, "isPaper": true, "isPromo": true, "isReprint": true, "isStarter": true, "layout": "normal", "legalities": {"commander": "Legal", "duel": "Legal", "legacy": "Legal", "modern": "Legal", "penny": "Legal", "vintage": "Legal"}, "manaCost": "{1}{R}", "mtgstocksId": 33383, "name": "Incendiary Flow", "number": "3", "prices": {"paper": {}, "paperFoil": {"2019-06-02": 0.5, "2019-06-09": 0.5, "2019-06-16": 0.5, "2019-06-23": 0.5, "2019-06-30": 0.5, "2019-07-07": 0.5, "2019-07-14": 0.5, "2019-07-21": 0.5, "2019-07-28": 0.5, "2019-08-04": 0.5, "2019-08-11": 0.5, "2019-08-18": 0.5, "2019-08-25": 0.5}}, "printings": ["EMN", "F17", "PRM"], "rarity": "rare", "rulings": [{"date": "2016-07-13", "text": "The damaged creature will be exiled if it would die for any reason that turn, not just if it dies due to damage from Incendiary Flow."}], "scryfallId": "ae93a313-c265-435f-b745-7b7a7ed6208e", "scryfallIllustrationId": "aed6b8c1-e1d2-4b09-b15a-c7d3e02f77e6", "scryfallOracleId": "91b2ffe8-155d-4b9f-82dd-868cc895856b", "subtypes": [], "supertypes": [], "tcgplayerProductId": 127516, "text": "Incendiary Flow deals 3 damage to any target. If a creature dealt damage this way would die this turn, exile it instead.", "type": "Sorcery", "types": ["Sorcery"], "uuid": "e85b79fd-2d4e-5bd5-bfcd-ff722d47d1cc", "watermark": "wotc"}, {"artist": "Kev Walker", "borderColor": "black", "colorIdentity": ["G"], "colors": ["G"], "convertedManaCost": 2.0, "edhrecRank": 4369, "flavorText": "\"More rope may not be necessary.\" —Kep, Lunarch inquisitor", "foreignData": [], "frameVersion": "2015", "hasFoil": true, "hasNonFoil": false, "isPaper": true, "isPromo": true, "isReprint": true, "isStarter": true, "layout": "normal", "legalities": {"commander": "Legal", "duel": "Legal", "legacy": "Legal", "modern": "Legal", "penny": "Legal", "vintage": "Legal"}, "manaCost": "{1}{G}", "mtgstocksId": 33074, "name": "Noose Constrictor", "number": "1", "power": "2", "prices": {"paper": {}, "paperFoil": {"2019-06-02": 0.39, "2019-06-09": 0.35, "2019-06-16": 0.37, "2019-06-23": 0.38, "2019-06-30": 0.38, "2019-07-07": 0.38, "2019-07-14": 0.37, "2019-07-21": 0.38, "2019-07-28": 0.38, "2019-08-04": 0.38, "2019-08-11": 0.38, "2019-08-18": 0.34, "2019-08-25": 0.37}}, "printings": ["EMN", "F17", "PRM"], "rarity": "rare", "rulings": [], "scryfallId": "3b4675c4-c8e7-4f11-9a51-7b9630753339", "scryfallIllustrationId": "9e4e6872-b045-4d5e-b6c3-86af7bd21e80", "scryfallOracleId": "fb1d521f-cb64-4b87-b3f4-a74e91a60349", "subtypes": ["Snake"], "supertypes": [], "tcgplayerProductId": 126944, "text": "Reach\nDiscard a card: Noose Constrictor gets +1/+1 until end of turn.", "toughness": "2", "type": "Creature — Snake", "types": ["Creature"], "uuid": "935e4494-76a1-5a7c-9349-43cef29a8b3f", "watermark": "wotc"}, {"artist": "David Palumbo", "borderColor": "black", "colorIdentity": ["G", "W"], "colors": ["G", "W"], "convertedManaCost": 3.0, "edhrecRank": 3643, "flavorText": "\"This fight belongs to us all.\"", "foreignData": [], "frameVersion": "2015", "hasFoil": true, "hasNonFoil": false, "isPaper": true, "isPromo": true, "isReprint": true, "isStarter": true, "layout": "normal", "legalities": {"commander": "Legal", "duel": "Legal", "legacy": "Legal", "modern": "Legal", "penny": "Legal", "vintage": "Legal"}, "manaCost": "{1}{G}{W}", "mtgstocksId": 35235, "name": "Renegade Rallier", "number": "9", "power": "3", "prices": {"paper": {}, "paperFoil": {"2019-06-02": 0.9, "2019-06-09": 0.92, "2019-06-16": 0.92, "2019-06-23": 0.93, "2019-06-30": 0.95, "2019-07-07": 0.95, "2019-07-14": 0.95, "2019-07-21": 0.97, "2019-07-28": 0.96, "2019-08-04": 0.95, "2019-08-11": 0.97, "2019-08-18": 0.98, "2019-08-25": 0.95}}, "printings": ["AER", "F17", "PRM"], "rarity": "rare", "rulings": [{"date": "2017-02-09", "text": "A permanent card is an artifact, creature, enchantment, land, or planeswalker card."}, {"date": "2017-02-09", "text": "The converted mana cost of a card in your graveyard is determined solely by the mana symbols printed in its upper right corner. The converted mana cost is the total amount of mana in that cost, regardless of color. For example, a card with mana cost {1}{U}{U} has converted mana cost 3."}, {"date": "2017-02-09", "text": "If a card in your graveyard has no mana symbols in its upper right corner (because it’s a land card, for example), its converted mana cost is 0."}, {"date": "2017-02-09", "text": "If the mana cost of a card in your graveyard includes {X}, X is considered to be 0."}, {"date": "2017-02-09", "text": "You can target any permanent card in your graveyard with converted mana cost 2 or less, not just one that was put there from the battlefield this turn."}, {"date": "2017-02-09", "text": "Revolt abilities check only whether a permanent you controlled left the battlefield this turn or not. They don’t apply multiple times if more than one permanent you controlled left the battlefield. They don’t check whether the permanent that left the battlefield is still in the zone it moved to."}, {"date": "2017-02-09", "text": "Revolt abilities don’t care why the permanent left the battlefield, who caused it to move, or where it moved to. They’re equally satisfied by an artifact you sacrificed to pay a cost, a creature you controlled that was destroyed by Murder, or an enchantment you returned to your hand with Leave in the Dust."}, {"date": "2017-02-09", "text": "Tokens that leave the battlefield will satisfy a revolt ability."}, {"date": "2017-02-09", "text": "Energy counters aren’t permanents. Paying {E} won’t satisfy a revolt ability."}, {"date": "2017-02-09", "text": "All cards in the Aether Revolt set with triggered revolt abilities use an intervening “if” clause. A permanent you controlled must have left the battlefield earlier in the turn in order for these abilities to trigger; otherwise they do nothing. In other words, there’s no way to have the ability trigger if no permanent you controlled has left the battlefield that turn, even if you intend to have one do so in response to the triggered ability."}], "scryfallId": "8d33e2f5-c2f5-4e69-924f-c8c9ed1ae1a7", "scryfallIllustrationId": "5379c45d-1c41-4f98-baea-1e79c542a8d6", "scryfallOracleId": "6fa07b6c-f01a-4416-b0fc-986b0fc4e412", "subtypes": ["Human", "Warrior"], "supertypes": [], "tcgplayerProductId": 139758, "text": "Revolt — When Renegade Rallier enters the battlefield, if a permanent you controlled left the battlefield this turn, return target permanent card with converted mana cost 2 or less from your graveyard to the battlefield.", "toughness": "2", "type": "Creature — Human Warrior", "types": ["Creature"], "uuid": "6f1e2014-4cd0-55c5-bac5-7535fd8d3733", "watermark": "wotc"}, {"artist": "Jason Kang", "borderColor": "black", "colorIdentity": ["U"], "colors": ["U"], "convertedManaCost": 5.0, "edhrecRank": 3342, "flavorText": "The Hold, an illegal research facility in a derelict merchant ship, became a wellspring of renegade intelligence.", "foreignData": [], "frameVersion": "2015", "hasFoil": true, "hasNonFoil": false, "isPaper": true, "isPromo": true, "isReprint": true, "isStarter": true, "layout": "normal", "legalities": {"commander": "Legal", "duel": "Legal", "legacy": "Legal", "modern": "Legal", "penny": "Legal", "vintage": "Legal"}, "manaCost": "{3}{U}{U}", "mtgstocksId": 35171, "name": "Reverse Engineer", "number": "7", "prices": {"paper": {}, "paperFoil": {"2019-06-02": 0.46, "2019-06-09": 0.47, "2019-06-16": 0.45, "2019-06-23": 0.47, "2019-06-30": 0.47, "2019-07-07": 0.47, "2019-07-14": 0.46, "2019-07-21": 0.47, "2019-07-28": 0.45, "2019-08-04": 0.44, "2019-08-11": 0.46, "2019-08-18": 0.43, "2019-08-25": 0.43}}, "printings": ["AER", "C18", "F17", "PRM"], "rarity": "rare", "rulings": [{"date": "2018-07-13", "text": "Improvise doesn’t change a spell’s mana cost or converted mana cost."}, {"date": "2018-07-13", "text": "When calculating a spell’s total cost, include any alternative costs, additional costs, or anything else that increases or reduces the cost to cast the spell. Improvise applies after the total cost is calculated."}, {"date": "2018-07-13", "text": "Improvise can’t pay for {W}, {U}, {B}, {R}, {G}, or {C} mana symbols in a spell’s total cost."}, {"date": "2018-07-13", "text": "Improvise can’t be used to pay for anything other than the cost of casting the spell. For example, it can’t be used during the resolution of an ability that says “Counter target spell unless its controller pays {3}.”"}, {"date": "2018-07-13", "text": "If an artifact you control has a mana ability with {T} in the cost, activating that ability while casting a spell with improvise will result in the artifact being tapped when you pay the spell’s costs. You won’t be able to tap it again for improvise. Similarly, if you sacrifice an artifact to activate a mana ability while casting a spell with improvise, that artifact won’t be on the battlefield when you pay the spell’s costs, so you won’t be able to tap it for improvise."}, {"date": "2018-07-13", "text": "Tapping an artifact won’t cause its abilities to stop applying unless those abilities say so."}, {"date": "2018-07-13", "text": "Equipment attached to a creature doesn’t become tapped when that creature becomes tapped, and tapping that Equipment doesn’t cause the creature to become tapped."}, {"date": "2018-07-13", "text": "When using improvise to cast a spell with {X} in its mana cost, first choose the value for X. That choice, plus any cost increases or decreases, will determine the spell’s total cost. Then you can tap artifacts you control to help pay that cost. For example, if you cast Saheeli’s Directive and choose X to be 3, the total cost is {3}{R}{R}{R}. If you tap two artifacts, you’ll have to pay {1}{R}{R}{R}."}], "scryfallId": "9307ffe1-a24c-4a33-8948-a88cc1c7dc32", "scryfallIllustrationId": "bb9c64c5-3a37-4c81-8c04-8130cd4f19da", "scryfallOracleId": "f56596be-e12f-4ab6-af61-3ef8dc87134c", "subtypes": [], "supertypes": [], "tcgplayerProductId": 137436, "text": "Improvise (Your artifacts can help cast this spell. Each artifact you tap after you're done activating mana abilities pays for {1}.)\nDraw three cards.", "type": "Sorcery", "types": ["Sorcery"], "uuid": "4da9a242-a11d-5d3d-b1ab-b6f6acc299ee", "watermark": "wotc"}, {"artist": "Vincent Proce", "borderColor": "black", "colorIdentity": ["W"], "colors": ["W"], "convertedManaCost": 2.0, "edhrecRank": 7662, "flavorText": "Impressing a judge is one thing. Delighting a child is another.", "foreignData": [], "frameVersion": "2015", "hasFoil": true, "hasNonFoil": false, "isPaper": true, "isPromo": true, "isReprint": true, "isStarter": true, "layout": "normal", "legalities": {"commander": "Legal", "duel": "Legal", "legacy": "Legal", "modern": "Legal", "penny": "Legal", "vintage": "Legal"}, "manaCost": "{1}{W}", "mtgstocksId": 33873, "name": "Servo Exhibition", "number": "4", "prices": {"paper": {}, "paperFoil": {"2019-06-02": 0.45, "2019-06-09": 0.47, "2019-06-16": 0.45, "2019-06-23": 0.46, "2019-06-30": 0.46, "2019-07-07": 0.44, "2019-07-14": 0.43, "2019-07-21": 0.45, "2019-07-28": 0.44, "2019-08-04": 0.44, "2019-08-11": 0.44, "2019-08-18": 0.42, "2019-08-25": 0.42}}, "printings": ["F17", "KLD", "PRM"], "rarity": "rare", "rulings": [], "scryfallId": "256f0b63-ff50-4b4b-9598-d76c4aa9ee4e", "scryfallIllustrationId": "4704d50a-0e36-4768-a08d-dae49ad7c6a7", "scryfallOracleId": "76a6ddc2-f894-4331-89a9-87ca16efd0c0", "subtypes": [], "supertypes": [], "tcgplayerProductId": 129533, "text": "Create two 1/1 colorless Servo artifact creature tokens.", "type": "Sorcery", "types": ["Sorcery"], "uuid": "cd8338d6-8385-5f77-a6e5-6e89c5dd38c8", "watermark": "wotc"}, {"artist": "Florian de Gesincourt", "borderColor": "black", "colorIdentity": ["B", "R"], "colors": ["B", "R"], "convertedManaCost": 3.0, "edhrecRank": 2390, "flavorText": "\"I'd stand back if I were you.\"", "foreignData": [], "frameVersion": "2015", "hasFoil": true, "hasNonFoil": false, "isPaper": true, "isPromo": true, "isReprint": true, "isStarter": true, "layout": "normal", "legalities": {"commander": "Legal", "duel": "Legal", "legacy": "Legal", "modern": "Legal", "penny": "Legal", "vintage": "Legal"}, "manaCost": "{1}{B}{R}", "mtgstocksId": 34164, "name": "Unlicensed Disintegration", "number": "5", "prices": {"paper": {}, "paperFoil": {"2019-06-02": 0.73, "2019-06-09": 0.73, "2019-06-16": 0.73, "2019-06-23": 0.72, "2019-06-30": 0.73, "2019-07-07": 0.72, "2019-07-14": 0.71, "2019-07-21": 0.73, "2019-07-28": 0.72, "2019-08-04": 0.69, "2019-08-11": 0.71, "2019-08-18": 0.7, "2019-08-25": 0.68}}, "printings": ["F17", "KLD", "PRM"], "rarity": "rare", "rulings": [{"date": "2016-09-20", "text": "If the target creature becomes an illegal target before Unlicensed Disintegration resolves, the spell doesn’t resolve. No player is dealt damage."}, {"date": "2016-09-20", "text": "If the target creature is a legal target but isn’t destroyed by Unlicensed Disintegration, most likely because it has indestructible, Unlicensed Disintegration still deals 3 damage to the creature’s controller."}, {"date": "2016-09-20", "text": "Whether or not you control an artifact is checked only as Unlicensed Disintegration resolves, after the creature is destroyed. For example, if you destroy a Fairgrounds Warden that exiled your artifact creature, Unlicensed Disintegration deals 3 damage to Fairgrounds Warden’s controller."}], "scryfallId": "74843584-d6b1-4ee6-bedb-999ab0a42bb9", "scryfallIllustrationId": "6b9290ca-4de2-4620-ab95-76a263cc147d", "scryfallOracleId": "eaa2ff39-c3cf-428b-a2f1-a6a99a2c806b", "subtypes": [], "supertypes": [], "tcgplayerProductId": 129534, "text": "Destroy target creature. If you control an artifact, Unlicensed Disintegration deals 3 damage to that creature's controller.", "type": "Instant", "types": ["Instant"], "uuid": "cd3b8b1a-7502-51b5-abfc-0f5d2f7cf314", "watermark": "wotc"}], "code": "F17", "isFoilOnly": true, "isOnlineOnly": false, "keyruneCode": "STAR", "meta": {"date": "2019-09-01", "pricesDate": "2019-09-01", "version": "4.5.0-rebuild.4"}, "name": "Friday Night Magic 2017", "releaseDate": "2017-01-01", "tokens": [{"artist": "Florian de Gesincourt", "colorIdentity": ["G"], "colors": ["G"], "layout": "double_faced_token", "name": "Treasure", "names": ["Dinosaur", "Treasure"], "number": "11", "reverseRelated": [], "scryfallId": "21f5880d-6272-4ba8-bdf8-f9a7e54a3336", "scryfallOracleId": "fd2617fe-1bf3-40c3-9da5-841e63f4d62d", "side": "b", "text": "{T}, Sacrifice this artifact: Add one mana of any color.", "type": "Token Artifact — Treasure", "uuid": "dca51b39-931e-5c20-99a1-57d2fa01ab21"}, {"artist": "Filip Burburan", "colorIdentity": ["G"], "colors": ["G"], "layout": "double_faced_token", "name": "Dinosaur", "names": ["Dinosaur", "Treasure"], "number": "11", "power": "3", "reverseRelated": [], "scryfallId": "21f5880d-6272-4ba8-bdf8-f9a7e54a3336", "scryfallOracleId": "fd2617fe-1bf3-40c3-9da5-841e63f4d62d", "side": "a", "text": "Trample", "toughness": "3", "type": "Token Creature — Dinosaur", "uuid": "04913366-8f2a-5cfe-b837-04bc04eca024"}, {"artist": "Milivoj Ćeran", "colorIdentity": ["B"], "colors": ["B"], "layout": "double_faced_token", "name": "Treasure", "names": ["Pirate", "Treasure"], "number": "12", "reverseRelated": [], "scryfallId": "46bf5e2b-869f-480e-ac37-1bdb40a92f8c", "scryfallOracleId": "f0859071-53bc-4bb1-985c-64976dd5cb04", "side": "b", "text": "{T}, Sacrifice this artifact: Add one mana of any color.", "type": "Token Artifact — Treasure", "uuid": "c5da960e-0334-50b9-8d3d-fa9406db0c3a"}, {"artist": "Matt Stewart", "colorIdentity": ["B"], "colors": ["B"], "layout": "double_faced_token", "name": "Pirate", "names": ["Pirate", "Treasure"], "number": "12", "power": "2", "reverseRelated": [], "scryfallId": "46bf5e2b-869f-480e-ac37-1bdb40a92f8c", "scryfallOracleId": "f0859071-53bc-4bb1-985c-64976dd5cb04", "side": "a", "text": "Menace", "toughness": "2", "type": "Token Creature — Pirate", "uuid": "b77c7248-3977-524c-8815-dc14243bad2b"}, {"artist": "Zoltan Boros", "colorIdentity": ["W"], "colors": ["W"], "layout": "double_faced_token", "name": "Treasure", "names": ["Vampire", "Treasure"], "number": "10", "reverseRelated": [], "scryfallId": "05934d59-7e98-4fff-8ccb-70cd1a61c6fd", "scryfallOracleId": "226d997d-5363-40ea-83e1-90a3a180d4cb", "side": "b", "text": "{T}, Sacrifice this artifact: Add one mana of any color.", "type": "Token Artifact — Treasure", "uuid": "2372d3ab-bffa-5bd7-bb62-0db8c7f23e5f"}, {"artist": "John Severin Brassell", "colorIdentity": ["W"], "colors": ["W"], "layout": "double_faced_token", "name": "Vampire", "names": ["Vampire", "Treasure"], "number": "10", "power": "1", "reverseRelated": [], "scryfallId": "05934d59-7e98-4fff-8ccb-70cd1a61c6fd", "scryfallOracleId": "226d997d-5363-40ea-83e1-90a3a180d4cb", "side": "a", "text": "Lifelink", "toughness": "1", "type": "Token Creature — Vampire", "uuid": "7ffef3b1-17e1-5797-9321-204a5182986f"}], "totalSetSize": 12, "translations": {}, "type": "promo"}