{"baseSetSize": 0, "block": "Judge Gift Cards", "cards": [{"artist": "Dom!", "borderColor": "black", "colorIdentity": ["U"], "colors": ["U"], "convertedManaCost": 2.0, "edhrecRank": 16, "foreignData": [], "frameVersion": "1997", "hasFoil": true, "hasNonFoil": false, "isPaper": true, "isPromo": true, "isReprint": true, "isStarter": true, "layout": "normal", "legalities": {"commander": "Legal", "duel": "Legal", "legacy": "Legal", "pauper": "Legal", "vintage": "Legal"}, "manaCost": "{U}{U}", "mtgstocksId": 20656, "name": "Counterspell", "number": "1", "prices": {"paper": {}, "paperFoil": {"2019-06-02": 117.94, "2019-06-09": 109.9, "2019-06-16": 109.9, "2019-06-23": 109.9, "2019-06-30": 107.45, "2019-07-07": 110.15, "2019-07-14": 110.15, "2019-07-21": 99.69, "2019-07-28": 97.34, "2019-08-04": 94.99, "2019-08-11": 90.0, "2019-08-18": 88.9, "2019-08-25": 71.24}}, "printings": ["2ED", "3ED", "4BB", "4ED", "5ED", "6ED", "7ED", "A25", "BRB", "BTD", "CED", "CEI", "DD2", "EMA", "F05", "FBB", "G00", "ICE", "JVC", "LEA", "LEB", "ME2", "ME4", "MMQ", "MP2", "PLGM", "PRM", "PTC", "S99", "SS1", "SUM", "TMP", "TPR", "VMA", "WC00", "WC01", "WC02", "WC97", "WC98"], "purchaseUrls": {"mtgstocks": "https://mtgjson.com/links/66e5fca084e272e5", "tcgplayer": "https://mtgjson.com/links/5be2dab0d3278ef6"}, "rarity": "rare", "rulings": [], "scryfallId": "7700d907-e212-4893-8c65-02c8906a803c", "scryfallIllustrationId": "a36cbed8-c500-4814-bf4d-80c065d985c7", "scryfallOracleId": "cc187110-1148-4090-bbb8-e205694a39f5", "subtypes": [], "supertypes": [], "tcgplayerProductId": 21702, "text": "Counter target spell.", "type": "Instant", "types": ["Instant"], "uuid": "54141f98-6c75-5193-aa9a-2791867fb79e"}, {"artist": "Gary Leach", "borderColor": "black", "colorIdentity": ["B"], "colors": ["B"], "convertedManaCost": 1.0, "edhrecRank": 89, "foreignData": [], "frameVersion": "1997", "hasFoil": true, "hasNonFoil": false, "isPaper": true, "isPromo": true, "isReprint": true, "isStarter": true, "layout": "normal", "legalities": {"commander": "Legal", "duel": "Banned", "legacy": "Banned", "vintage": "Restricted"}, "manaCost": "{B}", "mtgstocksId": 20713, "name": "Vampiric Tutor", "number": "2", "prices": {"paper": {}, "paperFoil": {"2019-06-02": 110.09, "2019-06-09": 107.99, "2019-06-16": 110.09, "2019-06-23": 122.49, "2019-06-30": 124.99, "2019-07-07": 120.0, "2019-07-14": 119.99, "2019-07-21": 119.99, "2019-07-28": 119.99, "2019-08-04": 119.99, "2019-08-11": 119.99, "2019-08-18": 115.0, "2019-08-25": 119.99}}, "printings": ["6ED", "EMA", "G00", "J18", "PRM", "VIS", "VMA", "WC99"], "purchaseUrls": {"mtgstocks": "https://mtgjson.com/links/ca610de9753d3ec6", "tcgplayer": "https://mtgjson.com/links/e13f55ee2f1744dc"}, "rarity": "rare", "rulings": [{"date": "2016-06-08", "text": "The “shuffle and put the card on top” is a single action. If an effect causes the top card of the library to be face up, the second card down is not revealed."}], "scryfallId": "33a6402e-1042-41be-a903-3a572aa5be3f", "scryfallIllustrationId": "1ffab604-294c-4568-aa4c-54a1205983e3", "scryfallOracleId": "ededbdae-d9dc-4206-9335-d7158f2d7700", "subtypes": [], "supertypes": [], "tcgplayerProductId": 38278, "text": "Search your library for a card, then shuffle your library and put that card on top of it. You lose 2 life.", "type": "Instant", "types": ["Instant"], "uuid": "fd65c94f-fece-53c9-8419-911d3ac01da3"}], "code": "G00", "isFoilOnly": true, "isOnlineOnly": false, "keyruneCode": "DCI", "meta": {"date": "2019-09-01", "pricesDate": "2019-09-01", "version": "4.5.0-rebuild.4"}, "name": "Judge Gift Cards 2000", "releaseDate": "2000-01-01", "tcgplayerGroupId": 62, "tokens": [], "totalSetSize": 2, "translations": {}, "type": "promo"}