{"baseSetSize": 0, "block": "Judge Gift Cards", "cards": [{"artist": "Brom", "borderColor": "black", "colorIdentity": [], "colors": [], "convertedManaCost": 0.0, "edhrecRank": 2530, "foreignData": [], "frameVersion": "2003", "hasFoil": true, "hasNonFoil": false, "isPaper": true, "isPromo": true, "isReprint": true, "isStarter": true, "layout": "normal", "legalities": {"commander": "Legal", "duel": "Legal", "legacy": "Legal", "modern": "Legal", "vintage": "Legal"}, "mtgstocksId": 20669, "name": "Gemstone Mine", "number": "1", "prices": {"paper": {}, "paperFoil": {"2019-06-02": 155.19, "2019-06-09": 155.19, "2019-06-16": 139.29, "2019-06-23": 138.88, "2019-06-30": 138.44, "2019-07-07": 138.44, "2019-07-14": 138.88, "2019-07-21": 138.88, "2019-07-28": 124.99, "2019-08-04": 128.49, "2019-08-11": 114.02, "2019-08-18": 131.99, "2019-08-25": 131.94}}, "printings": ["G05", "PRM", "TSB", "WC97", "WC98", "WTH"], "purchaseUrls": {"mtgstocks": "https://mtgjson.com/links/e67cb40c8e991bda", "tcgplayer": "https://mtgjson.com/links/012ba1324e22b3df"}, "rarity": "rare", "rulings": [{"date": "2004-10-04", "text": "Sacrificing this card when the last counter is removed is part of the effect of tapping it for mana."}, {"date": "2006-09-25", "text": "If the last mining counter is removed from Gemstone Mine in some way other than activating its ability (such as Chisei, Heart of Oceans), Gemstone Mine won’t be sacrificed but its ability can’t be activated."}], "scryfallId": "b825eb24-751c-438a-a058-e08a17a30894", "scryfallIllustrationId": "9f565619-3ce5-411d-acac-604814e7c41c", "scryfallOracleId": "0c828f10-4775-492f-9224-1e2814ad2cad", "subtypes": [], "supertypes": [], "tcgplayerProductId": 38243, "text": "Gemstone Mine enters the battlefield with three mining counters on it.\n{T}, Remove a mining counter from Gemstone Mine: Add one mana of any color. If there are no mining counters on Gemstone Mine, sacrifice it.", "type": "Land", "types": ["Land"], "uuid": "d05e330d-1cb5-572b-9adb-b020fd7a5d49", "watermark": "dci"}, {"artist": "Kaja Foglio & Phil Foglio", "borderColor": "black", "colorIdentity": [], "colors": [], "convertedManaCost": 0.0, "edhrecRank": 1828, "foreignData": [], "frameVersion": "2003", "hasFoil": true, "hasNonFoil": false, "isPaper": true, "isPromo": true, "isReprint": true, "isStarter": true, "layout": "normal", "legalities": {"commander": "Legal", "duel": "Legal", "legacy": "Legal", "vintage": "Legal"}, "mtgstocksId": 20689, "name": "Mishra's Factory", "number": "4", "prices": {"paper": {}, "paperFoil": {"2019-06-02": 45.0, "2019-06-09": 45.0, "2019-06-16": 46.0, "2019-06-23": 45.5, "2019-06-30": 46.99, "2019-07-07": 45.88, "2019-07-14": 46.75, "2019-07-21": 45.88, "2019-07-28": 46.75, "2019-08-04": 45.0, "2019-08-11": 45.0, "2019-08-18": 45.0, "2019-08-25": 45.0}}, "printings": ["4BB", "4ED", "A25", "ATQ", "DDF", "EMA", "G05", "ME1", "PRM", "PTC", "REN", "RIN", "TD0"], "purchaseUrls": {"mtgstocks": "https://mtgjson.com/links/67d2d22e4bad48d2", "tcgplayer": "https://mtgjson.com/links/bf0375feda6e7f17"}, "rarity": "rare", "rulings": [{"date": "2005-08-01", "text": "If another player takes control of the Factory while it is animated, that player keeps control until the control effect ends. They do not lose control just because the card stops being an Assembly-Worker. Note that Auras which steal cards will go to the graveyard if the permanent they enchant is no longer valid."}, {"date": "2008-08-01", "text": "A noncreature permanent that turns into a creature can attack, and its {T} abilities can be activated, only if its controller has continuously controlled that permanent since the beginning of their most recent turn. It doesn’t matter how long the permanent has been a creature."}, {"date": "2009-10-01", "text": "Activating the ability that turns it into a creature while it’s already a creature will override any effects that set its power and/or toughness to a specific number. However, any effect that raises or lowers power and/or toughness (such as the effect created by Giant Growth, Glorious Anthem, or a +1/+1 counter) will continue to apply."}, {"date": "2016-06-08", "text": "Once turned into a creature, Mishra’s Factory’s last ability can target itself. If it’s already blocking, this won’t remove it from combat."}, {"date": "2016-06-08", "text": "If you turn Mishra’s Factory into a creature but haven’t controlled it continuously since your most recent turn began, you won’t be able to activate its first or last ability."}], "scryfallId": "397d5e83-0634-4312-aa95-9f3cf928533c", "scryfallIllustrationId": "94a6f349-9fc7-472e-8713-a78eb95c8713", "scryfallOracleId": "5963e0ef-e0bc-4611-ad4f-813a4c0eacfb", "subtypes": [], "supertypes": [], "tcgplayerProductId": 38260, "text": "{T}: Add {C}.\n{1}: Mishra's Factory becomes a 2/2 Assembly-Worker artifact creature until end of turn. It's still a land.\n{T}: Target Assembly-Worker creature gets +1/+1 until end of turn.", "type": "Land", "types": ["Land"], "uuid": "e3cd33f9-5ea1-50c9-a7b3-34db35c5f92e", "watermark": "dci"}, {"artist": "Dameon Willich", "borderColor": "black", "colorIdentity": ["G"], "colors": ["G"], "convertedManaCost": 2.0, "edhrecRank": 401, "foreignData": [], "frameVersion": "2003", "hasFoil": true, "hasNonFoil": false, "isPaper": true, "isPromo": true, "isReprint": true, "isStarter": true, "layout": "normal", "legalities": {"commander": "Legal", "duel": "Legal", "legacy": "Legal", "modern": "Legal", "penny": "Legal", "vintage": "Legal"}, "manaCost": "{1}{G}", "mtgstocksId": 20700, "name": "Regrowth", "number": "2", "prices": {"paper": {}, "paperFoil": {"2019-06-02": 50.88, "2019-06-09": 50.88, "2019-06-16": 50.88, "2019-06-23": 50.88, "2019-06-30": 50.0, "2019-07-07": 50.0, "2019-07-14": 50.0, "2019-07-21": 50.0, "2019-07-28": 49.99, "2019-08-04": 44.99, "2019-08-11": 44.99, "2019-08-18": 41.27, "2019-08-25": 43.77}}, "printings": ["2ED", "3ED", "A25", "CED", "CEI", "DDL", "FBB", "G05", "LEA", "LEB", "ME4", "MH1", "PRM", "SUM", "VMA"], "purchaseUrls": {"mtgstocks": "https://mtgjson.com/links/489fc11c514af441", "tcgplayer": "https://mtgjson.com/links/3f1238199b661e61"}, "rarity": "rare", "rulings": [], "scryfallId": "eea5640f-2f6e-485d-bd4c-4c4f9a29afc0", "scryfallIllustrationId": "ac024ad8-f00d-4b5f-b81b-71ebbb2476a2", "scryfallOracleId": "e6e4a8bd-5c40-4654-8de1-0da9afed90fd", "subtypes": [], "supertypes": [], "tcgplayerProductId": 38269, "text": "Return target card from your graveyard to your hand.", "type": "Sorcery", "types": ["Sorcery"], "uuid": "40924b4c-6bb4-5490-bb3c-967cc2a6f87c", "watermark": "dci"}, {"artist": "Mark Tedin", "borderColor": "black", "colorIdentity": [], "colors": [], "convertedManaCost": 1.0, "edhrecRank": 1, "foreignData": [], "frameVersion": "2003", "hasFoil": true, "hasNonFoil": false, "isPaper": true, "isPromo": true, "isReprint": true, "isStarter": true, "layout": "normal", "legalities": {"commander": "Legal", "duel": "Banned", "legacy": "Banned", "vintage": "Restricted"}, "manaCost": "{1}", "mtgstocksId": 20703, "name": "Sol Ring", "number": "3", "prices": {"paper": {}, "paperFoil": {"2019-06-02": 234.2, "2019-06-09": 219.99, "2019-06-16": 240.0, "2019-06-23": 244.2, "2019-06-30": 240.0, "2019-07-07": 240.0, "2019-07-14": 240.0, "2019-07-21": 240.0, "2019-07-28": 232.5, "2019-08-04": 232.5, "2019-08-11": 232.5, "2019-08-18": 275.0, "2019-08-25": 287.75}}, "printings": ["2ED", "3ED", "C13", "C14", "C15", "C16", "C17", "C18", "C19", "CED", "CEI", "CM2", "CMA", "CMD", "FBB", "G05", "LEA", "LEB", "ME4", "MPS", "PF19", "PRM", "PZ1", "SUM", "V10", "VMA"], "purchaseUrls": {"mtgstocks": "https://mtgjson.com/links/df3eeb7e68881306", "tcgplayer": "https://mtgjson.com/links/bc068ed79d288528"}, "rarity": "rare", "rulings": [], "scryfallId": "1a5b855b-f391-4963-a3d9-47880e084a7f", "scryfallIllustrationId": "54462260-8d64-4ec2-bac7-f2d469f187f3", "scryfallOracleId": "6ad8011d-3471-4369-9d68-b264cc027487", "subtypes": [], "supertypes": [], "tcgplayerProductId": 38270, "text": "{T}: Add {C}{C}.", "type": "Artifact", "types": ["Artifact"], "uuid": "c0c7dde8-424e-508d-9ada-5d26350da913", "watermark": "dci"}], "code": "G05", "isFoilOnly": true, "isOnlineOnly": false, "keyruneCode": "DCI", "meta": {"date": "2019-09-01", "pricesDate": "2019-09-01", "version": "4.5.0-rebuild.4"}, "name": "Judge Gift Cards 2005", "releaseDate": "2005-01-01", "tcgplayerGroupId": 62, "tokens": [], "totalSetSize": 4, "translations": {}, "type": "promo"}