{"baseSetSize": 0, "cards": [{"artist": "Sara Winters", "borderColor": "black", "colorIdentity": ["W"], "colors": ["W"], "convertedManaCost": 6.0, "edhrecRank": 9248, "flavorText": "\"No single arrow can pierce an entire flock.\"", "foreignData": [], "frameVersion": "2015", "hasFoil": true, "hasNonFoil": false, "isArena": true, "isPaper": true, "isStarter": true, "layout": "normal", "legalities": {"brawl": "Legal", "commander": "Legal", "duel": "Legal", "future": "Legal", "legacy": "Legal", "modern": "Legal", "standard": "Legal", "vintage": "Legal"}, "manaCost": "{4}{W}{W}", "mtgArenaId": 68409, "mtgstocksId": 40517, "multiverseId": 456516, "name": "Angelic Guardian", "number": "GP1", "originalText": "Flying\nWhenever one or more creatures you control attack, they gain indestructible until end of turn.", "originalType": "Creature — Angel", "power": "5", "prices": {"paper": {}, "paperFoil": {"2019-06-02": 1.48, "2019-06-09": 1.51, "2019-06-16": 1.52, "2019-06-23": 1.52, "2019-06-30": 1.5, "2019-07-07": 1.55, "2019-07-14": 1.56, "2019-07-21": 1.52, "2019-07-28": 1.68, "2019-08-04": 1.7, "2019-08-11": 1.64, "2019-08-18": 1.64, "2019-08-25": 1.66}}, "printings": ["G18", "M20", "PZ2"], "rarity": "rare", "rulings": [], "scryfallId": "bc32b8ed-aebe-4985-a1ce-70ba12395a8e", "scryfallIllustrationId": "8b683464-494e-4431-bb6d-7ab29c113ef6", "scryfallOracleId": "2f959c67-2b0b-4ba8-a8aa-90c25a3806ec", "subtypes": ["Angel"], "supertypes": [], "tcgplayerProductId": 175201, "text": "Flying (This creature can't be blocked except by creatures with flying or reach.)\nWhenever one or more creatures you control attack, they gain indestructible until end of turn. (Damage and effects that say \"destroy\" don't destroy them.)", "toughness": "5", "type": "Creature — Angel", "types": ["Creature"], "uuid": "0cf128c2-94c5-5faf-8918-0d874722d941"}, {"artist": "Alex Konstad", "borderColor": "black", "colorIdentity": ["U"], "colors": ["U"], "convertedManaCost": 7.0, "edhrecRank": 13449, "flavorText": "It is ancient, immense, and irresistible.", "foreignData": [], "frameVersion": "2015", "hasFoil": true, "hasNonFoil": false, "isArena": true, "isPaper": true, "isStarter": true, "layout": "normal", "legalities": {"commander": "Legal", "duel": "Legal", "legacy": "Legal", "modern": "Legal", "standard": "Legal", "vintage": "Legal"}, "manaCost": "{5}{U}{U}", "mtgArenaId": 68410, "mtgstocksId": 40519, "multiverseId": 456517, "name": "Angler Turtle", "number": "GP2", "originalText": "Hexproof\nCreatures your opponents control attack each combat if able.", "originalType": "Creature — Turtle", "power": "5", "prices": {"paper": {}, "paperFoil": {"2019-06-02": 0.83, "2019-06-09": 0.59, "2019-06-16": 0.71, "2019-06-23": 0.78, "2019-06-30": 0.74, "2019-07-07": 0.66, "2019-07-14": 0.75, "2019-07-21": 0.75, "2019-07-28": 0.74, "2019-08-04": 0.75, "2019-08-11": 0.75, "2019-08-18": 0.64, "2019-08-25": 0.68}}, "printings": ["G18", "PZ2"], "rarity": "rare", "rulings": [], "scryfallId": "86caf85d-7fb3-4e28-b8ba-a8857f0268a4", "scryfallIllustrationId": "c83c89f1-83b7-4ef3-bf9a-15887aadf31f", "scryfallOracleId": "a09da13e-f8a3-410e-941a-9912d2cfe7de", "subtypes": ["Turtle"], "supertypes": [], "tcgplayerProductId": 175207, "text": "Hexproof\nCreatures your opponents control attack each combat if able.", "toughness": "7", "type": "Creature — Turtle", "types": ["Creature"], "uuid": "5c8b7510-5b24-50b4-a91c-d151e71cc57d"}, {"artist": "Daarken", "borderColor": "black", "colorIdentity": ["R"], "colors": ["R"], "convertedManaCost": 6.0, "edhrecRank": 14083, "flavorText": "Their fires burn quietly, allowing the phoenixes to glide silently through the canyon.", "foreignData": [], "frameVersion": "2015", "hasFoil": true, "hasNonFoil": false, "isArena": true, "isPaper": true, "isStarter": true, "layout": "normal", "legalities": {"brawl": "Legal", "commander": "Legal", "duel": "Legal", "future": "Legal", "legacy": "Legal", "modern": "Legal", "standard": "Legal", "vintage": "Legal"}, "manaCost": "{4}{R}{R}", "mtgArenaId": 68412, "mtgstocksId": 40526, "multiverseId": 456519, "name": "Immortal Phoenix", "number": "GP4", "originalText": "Flying\nWhen Immortal Phoenix dies, return it to its owner's hand.", "originalType": "Creature — Phoenix", "power": "5", "prices": {"paper": {}, "paperFoil": {"2019-06-02": 0.62, "2019-06-09": 0.67, "2019-06-16": 0.69, "2019-06-23": 0.75, "2019-06-30": 0.68, "2019-07-07": 0.66, "2019-07-14": 0.73, "2019-07-21": 0.71, "2019-07-28": 0.61, "2019-08-04": 0.57, "2019-08-11": 0.67, "2019-08-18": 0.68, "2019-08-25": 0.7}}, "printings": ["G18", "M20", "PZ2"], "rarity": "rare", "rulings": [{"date": "2019-07-12", "text": "If Immortal Phoenix leaves the graveyard after it dies but before its triggered ability resolves, it won’t be returned to its owner’s hand."}], "scryfallId": "172b9ddc-53f1-4c8a-8e45-329d019f531b", "scryfallIllustrationId": "253b4694-2964-409e-90b8-2c20e48a981e", "scryfallOracleId": "1d8bd391-b133-4c8b-95ad-7f7ab99137c7", "subtypes": ["Phoenix"], "supertypes": [], "tcgplayerProductId": 175208, "text": "Flying (This creature can't be blocked except by creatures with flying or reach.)\nWhen Immortal Phoenix dies, return it to its owner's hand.", "toughness": "3", "type": "Creature — Phoenix", "types": ["Creature"], "uuid": "a99ad598-8a0a-5fd8-b1c8-9bf209502f1c"}, {"artist": "Lars Grant-West", "borderColor": "black", "colorIdentity": ["G"], "colors": ["G"], "convertedManaCost": 7.0, "edhrecRank": 6921, "flavorText": "Not even the tallest tree stands a chance against the underside of a dinosaur's foot.", "foreignData": [], "frameVersion": "2015", "hasFoil": true, "hasNonFoil": false, "isArena": true, "isPaper": true, "isStarter": true, "layout": "normal", "legalities": {"commander": "Legal", "duel": "Legal", "legacy": "Legal", "modern": "Legal", "standard": "Legal", "vintage": "Legal"}, "manaCost": "{5}{G}{G}", "mtgArenaId": 68413, "mtgstocksId": 40523, "multiverseId": 456520, "name": "Rampaging Brontodon", "number": "GP5", "originalText": "Trample\nWhenever Rampaging Brontodon attacks, it gets +1/+1 until end of turn for each land you control.", "originalType": "Creature — Dinosaur", "power": "7", "prices": {"paper": {}, "paperFoil": {"2019-06-02": 2.14, "2019-06-09": 2.16, "2019-06-16": 2.19, "2019-06-23": 2.3, "2019-06-30": 2.29, "2019-07-07": 2.61, "2019-07-14": 2.99, "2019-07-21": 3.42, "2019-07-28": 3.45, "2019-08-04": 3.47, "2019-08-11": 3.45, "2019-08-18": 3.86, "2019-08-25": 3.85}}, "printings": ["G18", "PZ2"], "rarity": "rare", "rulings": [], "scryfallId": "4232ef32-de63-49b1-8fbb-d080231c4bbd", "scryfallIllustrationId": "723b3093-aa6e-44fd-8715-03e66e0ac5c2", "scryfallOracleId": "bfea2229-a1ca-40c1-aaad-5f97add3f079", "subtypes": ["Dinosaur"], "supertypes": [], "tcgplayerProductId": 175209, "text": "Trample\nWhenever Rampaging Brontodon attacks, it gets +1/+1 until end of turn for each land you control.", "toughness": "7", "type": "Creature — Dinosaur", "types": ["Creature"], "uuid": "4bffb0ea-5849-58b4-87ee-d7cc9f3a43e3"}, {"artist": "Mitchell Malloy", "borderColor": "black", "colorIdentity": ["B"], "colors": ["B"], "convertedManaCost": 6.0, "edhrecRank": 12622, "flavorText": "\"Those who stood in my path now lay behind me.\"", "foreignData": [], "frameVersion": "2015", "hasFoil": true, "hasNonFoil": false, "isArena": true, "isPaper": true, "isStarter": true, "layout": "normal", "legalities": {"commander": "Legal", "duel": "Legal", "legacy": "Legal", "modern": "Legal", "standard": "Legal", "vintage": "Legal"}, "manaCost": "{4}{B}{B}", "mtgArenaId": 68411, "mtgstocksId": 40520, "multiverseId": 456518, "name": "Vengeant Vampire", "number": "GP3", "originalText": "Lifelink\nWhen Vengeant Vampire dies, destroy target creature an opponent controls and you gain 4 life.", "originalType": "Creature — Vampire", "power": "4", "prices": {"paper": {}, "paperFoil": {"2019-06-02": 0.91, "2019-06-09": 0.87, "2019-06-16": 0.85, "2019-06-23": 0.95, "2019-06-30": 0.83, "2019-07-07": 0.83, "2019-07-14": 0.83, "2019-07-21": 0.79, "2019-07-28": 0.79, "2019-08-04": 0.78, "2019-08-11": 0.76, "2019-08-18": 0.77, "2019-08-25": 0.79}}, "printings": ["G18", "PZ2"], "rarity": "rare", "rulings": [], "scryfallId": "7dbd00dc-0d61-4960-8bc4-1b6ba34fc599", "scryfallIllustrationId": "1c3f1725-af35-4539-a4e2-2ddeb64cade3", "scryfallOracleId": "e9f4d669-d915-4984-bd3c-12202c366e9b", "subtypes": ["Vampire"], "supertypes": [], "tcgplayerProductId": 175206, "text": "Lifelink\nWhen Vengeant Vampire dies, destroy target creature an opponent controls and you gain 4 life.", "toughness": "4", "type": "Creature — Vampire", "types": ["Creature"], "uuid": "8cb9af5e-f059-5de6-ac6c-f4462abb099e"}], "code": "G18", "isFoilOnly": true, "isOnlineOnly": false, "keyruneCode": "M19", "meta": {"date": "2019-09-01", "pricesDate": "2019-09-01", "version": "4.5.0-rebuild.4"}, "name": "M19 Gift Pack", "parentCode": "M19", "releaseDate": "2018-11-16", "tokens": [], "totalSetSize": 5, "translations": {}, "type": "box"}