{"baseSetSize": 0, "cards": [{"artist": "Kari Christensen", "borderColor": "black", "colorIdentity": ["R"], "colors": ["R"], "convertedManaCost": 4.0, "flavorText": "\"Sure, I could set things on fire by myself. But teamwork can be fun, too.\"", "foreignData": [], "frameVersion": "2015", "hasFoil": false, "hasNonFoil": true, "isPaper": true, "isStarter": true, "layout": "normal", "legalities": {}, "loyalty": "3", "manaCost": "{2}{R}{R}", "name": "Chandra, Gremlin Wrangler", "number": "1", "printings": ["HTR"], "rarity": "mythic", "rulings": [], "scryfallId": "d7ee8f1a-76ca-48a5-b71c-bc787cf66a09", "scryfallIllustrationId": "6e2329a1-3476-44c6-ade5-421b10bc09cc", "scryfallOracleId": "486757df-23c0-4b53-97c3-c38c4eb32a56", "subtypes": ["Chandra"], "supertypes": ["Legendary"], "text": "[+1]: Create a 2/2 red Gremlin creature token.\n[−2]: Chandra, Gremlin Wrangler deals X damage to any target, where X is the number of Gremlins you control.", "type": "Legendary Planeswalker — Chandra", "types": ["Planeswalker"], "uuid": "1915dd29-dfd4-5029-a6b4-9492c3554d71"}, {"artist": "Mike Burns", "borderColor": "black", "colorIdentity": ["U", "W"], "colors": ["U", "W"], "convertedManaCost": 4.0, "foreignData": [], "frameVersion": "2015", "hasFoil": false, "hasNonFoil": true, "isPaper": true, "isStarter": true, "layout": "normal", "legalities": {}, "loyalty": "1d4+1", "manaCost": "{2}{W}{U}", "name": "Dungeon Master", "number": "2", "printings": ["HTR"], "rarity": "mythic", "rulings": [], "scryfallId": "a4cf1827-2ce6-4592-b213-858dcb115ae0", "scryfallIllustrationId": "365903b7-d641-4772-93ca-c1e5a0eca292", "scryfallOracleId": "6bbd0bf6-cb22-431f-be1b-e76febf68cfc", "subtypes": ["Dungeon", "Master"], "supertypes": ["Legendary"], "text": "[+1]: Target opponent creates a 1/1 black Skeleton creature token with \"When this creature dies, each opponent gains 2 life.\"\n[+1]: Roll a d20. If you roll a 1, skip your next turn. If you roll a 12 or higher, draw a card.\n[−6]: You get an adventuring party. (Your party is a 3/3 red Fighter with first strike, a 1/1 white Cleric with lifelink, a 2/2 black Rogue with hexproof, and a 1/1 blue Wizard with flying.)", "type": "Legendary Planeswalker — Dungeon Master", "types": ["Planeswalker"], "uuid": "72d57f27-5913-5563-b42a-d0b830215bfd"}, {"artist": "Yoichi Ito", "borderColor": "black", "colorIdentity": ["B", "G", "R", "U", "W"], "colors": ["B", "G", "R", "U", "W"], "convertedManaCost": 5.0, "flavorText": "\"Keep rising.\"", "foreignData": [], "frameVersion": "2015", "hasFoil": false, "hasNonFoil": true, "isPaper": true, "isStarter": true, "layout": "normal", "legalities": {}, "manaCost": "{W}{U}{B}{R}{G}", "name": "Nira, Hellkite Duelist", "number": "3", "power": "6", "printings": ["HTR"], "rarity": "mythic", "rulings": [], "scryfallId": "58ce16da-30d3-49ca-9c85-2dcb599f8913", "scryfallIllustrationId": "ee439f3b-826b-4dab-a4c4-97405eb42af4", "scryfallOracleId": "4fc8d905-8aeb-4a62-a99f-5d888da30f2f", "subtypes": ["Dragon"], "supertypes": ["Legendary"], "text": "Flash\nFlying, trample, haste\nWhen Nira, Hellkite Duelist enters the battlefield, the next time you would lose the game this turn, instead draw three cards and your life total becomes 5.", "toughness": "6", "type": "Legendary Creature — Dragon", "types": ["Creature"], "uuid": "d802c09e-7971-53d9-94c8-1b9df8a6c377"}], "code": "HTR", "isFoilOnly": true, "isOnlineOnly": false, "keyruneCode": "STAR", "mcmId": 2417, "mcmName": "Heroes of the Realm Promos", "meta": {"date": "2019-09-01", "pricesDate": "2019-09-01", "version": "4.5.0-rebuild.4"}, "name": "2016 Heroes of the Realm", "releaseDate": "2017-09-20", "tokens": [], "totalSetSize": 3, "translations": {}, "type": "funny"}