{"baseSetSize": 0, "block": "Judge Gift Cards", "cards": [{"artist": "Igor Kieryluk", "borderColor": "black", "colorIdentity": ["W"], "colors": ["W"], "convertedManaCost": 7.0, "edhrecRank": 349, "flavorText": "\"The Gitaxians whisper among themselves of other worlds. If they exist, we must bring Phyrexia's magnificence to them.\"", "foreignData": [], "frameVersion": "2003", "hasFoil": true, "hasNonFoil": false, "isPaper": true, "isPromo": true, "isReprint": true, "isStarter": true, "layout": "normal", "legalities": {"commander": "Legal", "duel": "Legal", "legacy": "Legal", "modern": "Legal", "vintage": "Legal"}, "manaCost": "{5}{W}{W}", "mtgstocksId": 24803, "name": "Elesh Norn, Grand Cenobite", "number": "8", "power": "4", "prices": {"paper": {}, "paperFoil": {"2019-06-02": 260.09, "2019-06-09": 260.09, "2019-06-16": 258.99, "2019-06-23": 254.45, "2019-06-30": 258.0, "2019-07-07": 259.0, "2019-07-14": 255.17, "2019-07-21": 258.82, "2019-07-28": 257.0, "2019-08-04": 257.0, "2019-08-11": 260.09, "2019-08-18": 250.0, "2019-08-25": 250.0}}, "printings": ["IMA", "J14", "MM2", "NPH", "PRM"], "purchaseUrls": {"mtgstocks": "https://mtgjson.com/links/2d6850080cae846d", "tcgplayer": "https://mtgjson.com/links/4b20f5ea79ed67f5"}, "rarity": "rare", "rulings": [{"date": "2017-11-17", "text": "If a second Elesh Norn, Grand Cenobite comes under your control, you’ll put one into its owner’s graveyard due to the “legend rule” at the same time that any of your opponents’ creatures getting -4/-4 are put into their owner’s graveyard for having 0 or less toughness."}], "scryfallId": "f7a4a5cd-96f6-40ce-a7ab-5e1d0e3b4379", "scryfallIllustrationId": "7618066e-d3fe-4ee5-aeea-f4e73a256ec0", "scryfallOracleId": "958d71ff-c9f7-46f0-96ca-79e7f4d65a16", "subtypes": ["Praetor"], "supertypes": ["Legendary"], "tcgplayerProductId": 82627, "text": "Vigilance\nOther creatures you control get +2/+2.\nCreatures your opponents control get -2/-2.", "toughness": "7", "type": "Legendary Creature — Praetor", "types": ["Creature"], "uuid": "02a0ac21-6bc9-510e-a2ad-c935ec7dd28f", "watermark": "phyrexian"}, {"artist": "Matt Stewart", "borderColor": "black", "colorIdentity": ["U"], "colors": ["U"], "convertedManaCost": 5.0, "edhrecRank": 280, "foreignData": [], "frameVersion": "2003", "hasFoil": true, "hasNonFoil": false, "isPaper": true, "isPromo": true, "isReprint": true, "isStarter": true, "layout": "normal", "legalities": {"commander": "Legal", "duel": "Legal", "legacy": "Legal", "vintage": "Legal"}, "manaCost": "{3}{U}{U}", "mtgstocksId": 24796, "name": "Force of Will", "number": "4", "prices": {"paper": {}, "paperFoil": {"2019-06-02": 345.0, "2019-06-09": 342.99, "2019-06-16": 342.99, "2019-06-23": 344.0, "2019-06-30": 348.05, "2019-07-07": 348.99, "2019-07-14": 349.04, "2019-07-21": 349.99, "2019-07-28": 350.0, "2019-08-04": 372.55, "2019-08-11": 380.37, "2019-08-18": 329.99, "2019-08-25": 327.92}}, "printings": ["ALL", "EMA", "J14", "ME1", "MP2", "OLGC", "PRM", "VMA", "WC97"], "purchaseUrls": {"mtgstocks": "https://mtgjson.com/links/16cceb7d6d0989ac", "tcgplayer": "https://mtgjson.com/links/fd5591122ac0bb6d"}, "rarity": "rare", "rulings": [{"date": "2016-06-08", "text": "If another effect causes Force of Will to cost more, you must pay that additional cost even if you pay its alternative cost."}], "scryfallId": "53ed5673-728f-4da3-ad18-3bd72032e815", "scryfallIllustrationId": "ae3c6e7c-458f-41a5-aec2-f6d4ba1fee93", "scryfallOracleId": "956381ba-6d37-4a8a-846c-bad79222dbee", "subtypes": [], "supertypes": [], "tcgplayerProductId": 82619, "text": "You may pay 1 life and exile a blue card from your hand rather than pay this spell's mana cost.\nCounter target spell.", "type": "Instant", "types": ["Instant"], "uuid": "584b7c27-b4ae-5363-8cd1-928eeb81afe8", "watermark": "wotc"}, {"artist": "Terese Nielsen", "borderColor": "black", "colorIdentity": ["G"], "colors": [], "convertedManaCost": 0.0, "foreignData": [], "frameVersion": "2003", "hasFoil": true, "hasNonFoil": false, "isFullArt": true, "isPaper": true, "isPromo": true, "isReprint": true, "isStarter": true, "layout": "normal", "legalities": {"brawl": "Legal", "commander": "Legal", "duel": "Legal", "future": "Legal", "legacy": "Legal", "modern": "Legal", "pauper": "Legal", "penny": "Legal", "standard": "Legal", "vintage": "Legal"}, "mtgstocksId": 25535, "name": "Forest", "number": "5★", "prices": {"paper": {}, "paperFoil": {"2019-06-02": 129.99, "2019-06-09": 128.98, "2019-06-16": 129.97, "2019-06-23": 128.98, "2019-06-30": 128.98, "2019-07-07": 128.98, "2019-07-14": 128.98, "2019-07-21": 128.98, "2019-07-28": 128.02, "2019-08-04": 126.15, "2019-08-11": 126.15, "2019-08-18": 125.0, "2019-08-25": 125.0}}, "printings": ["10E", "2ED", "3ED", "4BB", "4ED", "5ED", "6ED", "7ED", "8ED", "9ED", "AKH", "ALA", "ANA", "ARC", "ATH", "AVR", "BBD", "BFZ", "BRB", "BTD", "C13", "C14", "C15", "C16", "C17", "C18", "C19", "CED", "CEI", "CHK", "CM2", "CMA", "CMD", "CST", "DD1", "DDD", "DDE", "DDG", "DDH", "DDJ", "DDL", "DDM", "DDO", "DDP", "DDR", "DDS", "DDU", "DKM", "DOM", "DPA", "DTK", "E01", "EVG", "FBB", "FRF", "G17", "GK1", "GK2", "GNT", "GRN", "GS1", "GVL", "H09", "HOP", "HOU", "ICE", "INV", "ISD", "ITP", "J14", "KLD", "KTK", "LEA", "LEB", "LRW", "M10", "M11", "M12", "M13", "M14", "M15", "M19", "M20", "MBS", "ME1", "ME3", "MIR", "MMQ", "MRD", "NPH", "ODY", "ONS", "ORI", "P02", "PAL00", "PAL01", "PAL03", "PAL04", "PAL05", "PAL06", "PAL99", "PALP", "PARL", "PC2", "PCA", "PELP", "PF19", "PGPX", "PGRU", "PMPS", "PMPS06", "PMPS07", "PMPS08", "PMPS09", "PMPS10", "PMPS11", "POR", "PPP1", "PRM", "PRW2", "PRWK", "PS11", "PSAL", "PSS2", "PSS3", "PTC", "PTK", "PZ2", "RAV", "RIX", "RNA", "ROE", "RQS", "RTR", "S99", "SHM", "SOI", "SOM", "SUM", "TD0", "TD2", "THS", "TMP", "TPR", "TSP", "UGL", "UNH", "USG", "UST", "WAR", "WC00", "WC01", "WC02", "WC03", "WC04", "WC97", "WC98", "WC99", "XLN", "ZEN"], "purchaseUrls": {"mtgstocks": "https://mtgjson.com/links/e462293a9d61d325", "tcgplayer": "https://mtgjson.com/links/611fbb3a44a2bf17"}, "rarity": "rare", "rulings": [], "scryfallId": "ac2c51de-2ec9-4a38-a117-75e90abf0feb", "scryfallIllustrationId": "a13b2961-fe6e-4536-b003-96d43113ccf2", "scryfallOracleId": "b34bb2dc-c1af-4d77-b0b3-a0fb342a5fc6", "subtypes": ["Forest"], "supertypes": ["Basic"], "tcgplayerProductId": 92167, "text": "({T}: Add {G}.)", "type": "Basic Land — Forest", "types": ["Land"], "uuid": "6f5f88ef-a6e6-53f4-9eba-c8fce6190e57"}, {"artist": "Mathias Kollros", "borderColor": "black", "colorIdentity": ["G"], "colors": ["G"], "convertedManaCost": 4.0, "edhrecRank": 544, "flavorText": "\"To examine the causes of life, we must first have recourse to death.\" —Mary Shelley, Frankenstein", "foreignData": [], "frameVersion": "2003", "hasFoil": true, "hasNonFoil": false, "isPaper": true, "isPromo": true, "isReprint": true, "isStarter": true, "layout": "normal", "legalities": {"commander": "Legal", "duel": "Legal", "legacy": "Legal", "modern": "Legal", "vintage": "Legal"}, "manaCost": "{2}{G}{G}", "mtgstocksId": 24797, "name": "Greater Good", "number": "2", "prices": {"paper": {}, "paperFoil": {"2019-06-02": 21.31, "2019-06-09": 21.2, "2019-06-16": 21.46, "2019-06-23": 20.26, "2019-06-30": 20.11, "2019-07-07": 20.49, "2019-07-14": 20.9, "2019-07-21": 20.78, "2019-07-28": 20.78, "2019-08-04": 20.49, "2019-08-11": 20.61, "2019-08-18": 20.49, "2019-08-25": 21.01}}, "printings": ["9ED", "BBD", "J14", "PRM", "USG"], "purchaseUrls": {"mtgstocks": "https://mtgjson.com/links/15c69d703da6e833", "tcgplayer": "https://mtgjson.com/links/255608eed83bfcfa"}, "rarity": "rare", "rulings": [{"date": "2005-08-01", "text": "You must discard three cards regardless of how many cards you drew. If you have less than three cards in hand, you discard your hand."}, {"date": "2005-08-01", "text": "You draw cards equal to the creature’s power when you sacrificed it. This includes any bonuses from effects like Giant Growth."}], "scryfallId": "96bd83fe-ae97-4c5c-9e1e-3c48f624b24b", "scryfallIllustrationId": "1cf84e78-f63d-471e-a62e-78db497bad91", "scryfallOracleId": "dc0593c2-ccb4-4648-a592-c5bcd121dc72", "subtypes": [], "supertypes": [], "tcgplayerProductId": 82620, "text": "Sacrifice a creature: Draw cards equal to the sacrificed creature's power, then discard three cards.", "type": "Enchantment", "types": ["Enchantment"], "uuid": "8dfab09e-b758-532b-acad-deb9fd4c3c05", "watermark": "wotc"}, {"artist": "Terese Nielsen", "borderColor": "black", "colorIdentity": ["U", "W"], "colors": ["U", "W"], "convertedManaCost": 3.0, "edhrecRank": 1211, "flavorText": "\"I never thought I'd spend my life fighting. I'm a maker, not a destroyer.\"", "foreignData": [], "frameVersion": "2003", "hasFoil": true, "hasNonFoil": false, "isPaper": true, "isPromo": true, "isReprint": true, "isStarter": true, "layout": "normal", "legalities": {"commander": "Legal", "duel": "Legal", "legacy": "Legal", "vintage": "Legal"}, "manaCost": "{1}{W}{U}", "mtgstocksId": 24798, "name": "Hanna, Ship's Navigator", "number": "5", "power": "1", "prices": {"paper": {}, "paperFoil": {"2019-06-02": 17.04, "2019-06-09": 17.15, "2019-06-16": 16.61, "2019-06-23": 16.12, "2019-06-30": 16.39, "2019-07-07": 16.37, "2019-07-14": 15.91, "2019-07-21": 16.18, "2019-07-28": 15.6, "2019-08-04": 15.5, "2019-08-11": 15.48, "2019-08-18": 16.12, "2019-08-25": 15.5}}, "printings": ["A25", "C16", "INV", "J14", "PRM"], "purchaseUrls": {"mtgstocks": "https://mtgjson.com/links/0ebfdeb14ad22646", "tcgplayer": "https://mtgjson.com/links/cfc3192340e39658"}, "rarity": "rare", "rulings": [], "scryfallId": "e34e53fc-0c11-4594-b4ca-eaac663040ae", "scryfallIllustrationId": "ec4ea17c-d925-4509-9746-818420cd6394", "scryfallOracleId": "3b008c71-e2a0-4f56-83d3-655c5dd58e0e", "subtypes": ["Human", "Artificer"], "supertypes": ["Legendary"], "tcgplayerProductId": 82621, "text": "{1}{W}{U}, {T}: Return target artifact or enchantment card from your graveyard to your hand.", "toughness": "2", "type": "Legendary Creature — Human Artificer", "types": ["Creature"], "uuid": "e1810fad-891a-5462-bb56-47a8deadf617", "watermark": "wotc"}, {"artist": "Terese Nielsen", "borderColor": "black", "colorIdentity": ["U"], "colors": [], "convertedManaCost": 0.0, "foreignData": [], "frameVersion": "2003", "hasFoil": true, "hasNonFoil": false, "isFullArt": true, "isPaper": true, "isPromo": true, "isReprint": true, "isStarter": true, "layout": "normal", "legalities": {"brawl": "Legal", "commander": "Legal", "duel": "Legal", "future": "Legal", "legacy": "Legal", "modern": "Legal", "pauper": "Legal", "penny": "Legal", "standard": "Legal", "vintage": "Legal"}, "mtgstocksId": 25536, "name": "Island", "number": "2★", "prices": {"paper": {}, "paperFoil": {"2019-06-02": 184.97, "2019-06-09": 184.94, "2019-06-16": 184.93, "2019-06-23": 179.99, "2019-06-30": 179.99, "2019-07-07": 179.99, "2019-07-14": 179.99, "2019-07-21": 179.99, "2019-07-28": 179.99, "2019-08-04": 178.09, "2019-08-11": 178.09, "2019-08-18": 177.93, "2019-08-25": 178.74}}, "printings": ["10E", "2ED", "3ED", "4BB", "4ED", "5ED", "6ED", "7ED", "8ED", "9ED", "AKH", "ALA", "ANA", "ARC", "AVR", "BBD", "BFZ", "BRB", "BTD", "C13", "C14", "C15", "C16", "C17", "C18", "C19", "CED", "CEI", "CHK", "CM2", "CMA", "CMD", "CST", "DD2", "DDE", "DDF", "DDH", "DDI", "DDJ", "DDM", "DDN", "DDO", "DDQ", "DDS", "DDT", "DDU", "DOM", "DPA", "DTK", "E01", "FBB", "FRF", "G17", "GK1", "GK2", "GNT", "GRN", "GS1", "H09", "HOP", "HOU", "ICE", "INV", "ISD", "ITP", "J14", "JVC", "KLD", "KTK", "LEA", "LEB", "LRW", "M10", "M11", "M12", "M13", "M14", "M15", "M19", "M20", "MBS", "ME1", "ME3", "MIR", "MMQ", "MRD", "NPH", "ODY", "ONS", "ORI", "P02", "PAL00", "PAL01", "PAL02", "PAL03", "PAL04", "PAL05", "PAL06", "PAL99", "PALP", "PARL", "PC2", "PCA", "PELP", "PF19", "PGPX", "PGRU", "PMPS", "PMPS06", "PMPS07", "PMPS08", "PMPS09", "PMPS10", "PMPS11", "POR", "PPP1", "PRM", "PRW2", "PRWK", "PS11", "PSAL", "PSS2", "PSS3", "PTC", "PTK", "PZ2", "RAV", "RIX", "RNA", "ROE", "RQS", "RTR", "S99", "SHM", "SOI", "SOM", "SUM", "TD0", "TD2", "THS", "TMP", "TPR", "TSP", "UGL", "UNH", "USG", "UST", "WAR", "WC00", "WC01", "WC02", "WC03", "WC04", "WC97", "WC98", "XLN", "ZEN"], "purchaseUrls": {"mtgstocks": "https://mtgjson.com/links/ec7f9a97e1e046a2", "tcgplayer": "https://mtgjson.com/links/f285cc4ef592d6b4"}, "rarity": "rare", "rulings": [], "scryfallId": "644791df-ac34-45c7-90c1-0ebd9e519840", "scryfallIllustrationId": "3c9a3a06-91a1-4480-bb05-c545d1e2020d", "scryfallOracleId": "b2c6aa39-2d2a-459c-a555-fb48ba993373", "subtypes": ["Island"], "supertypes": ["Basic"], "tcgplayerProductId": 92163, "text": "({T}: Add {U}.)", "type": "Basic Land — Island", "types": ["Land"], "uuid": "04eadb3c-ca12-5bab-8b33-bd91def1c749"}, {"artist": "Todd Lockwood", "borderColor": "black", "colorIdentity": ["B", "G", "W"], "colors": ["B", "G", "W"], "convertedManaCost": 8.0, "edhrecRank": 2947, "flavorText": "\"Death tried to uncrown me. But now I return, king of a greater realm.\"", "foreignData": [], "frameVersion": "2003", "hasFoil": true, "hasNonFoil": false, "isPaper": true, "isPromo": true, "isReprint": true, "isStarter": true, "layout": "normal", "legalities": {"commander": "Legal", "duel": "Legal", "legacy": "Legal", "vintage": "Legal"}, "manaCost": "{5}{W}{B}{G}", "mtgstocksId": 23123, "name": "Karador, Ghost Chieftain", "number": "1", "power": "3", "prices": {"paper": {}, "paperFoil": {"2019-06-02": 31.86, "2019-06-09": 30.93, "2019-06-16": 30.44, "2019-06-23": 30.0, "2019-06-30": 29.93, "2019-07-07": 29.93, "2019-07-14": 29.75, "2019-07-21": 29.44, "2019-07-28": 28.89, "2019-08-04": 28.88, "2019-08-11": 28.83, "2019-08-18": 28.49, "2019-08-25": 28.24}}, "printings": ["CMD", "J14", "OCMD", "PRM"], "purchaseUrls": {"mtgstocks": "https://mtgjson.com/links/918e2cbf9646d908", "tcgplayer": "https://mtgjson.com/links/502f453acb2c160d"}, "rarity": "rare", "rulings": [{"date": "2011-09-22", "text": "If Karador is your commander, calculate any cost increases, including the one based on the number of times you’ve cast Karador from the command zone, before considering Karador’s cost-reduction ability."}, {"date": "2011-09-22", "text": "If you somehow cast Karador from a graveyard, its cost-reduction ability won’t count itself."}, {"date": "2011-09-22", "text": "Although Karador’s second ability allows you to cast one creature card from your graveyard on each of your turns, it doesn’t change when you can cast that card. Unless it has flash, the creature card must be cast during one of your main phases when the stack is empty."}, {"date": "2011-09-22", "text": "Karador’s second ability doesn’t affect the costs you need to pay to cast that creature spell."}, {"date": "2011-09-22", "text": "Karador’s first ability functions on the stack. Karador’s second ability functions only on the battlefield."}, {"date": "2011-09-22", "text": "If you cast a creature card from your graveyard, then Karador leaves the battlefield, then returns to the battlefield, you may cast another creature card from your graveyard that turn. If you didn’t cast a creature card from your graveyard while Karador was on the battlefield the first time, you may still cast only one creature card from your graveyard when it returns to the battlefield."}], "scryfallId": "02fccffa-a83b-4ca9-897b-474e333c90f1", "scryfallIllustrationId": "e0e67458-dc54-4289-b75a-25d47923b1c6", "scryfallOracleId": "304c194f-fa0b-42e5-93ca-8c587181d33c", "subtypes": ["Centaur", "Spirit"], "supertypes": ["Legendary"], "tcgplayerProductId": 79289, "text": "This spell costs {1} less to cast for each creature card in your graveyard.\nDuring each of your turns, you may cast one creature card from your graveyard.", "toughness": "4", "type": "Legendary Creature — Centaur Spirit", "types": ["Creature"], "uuid": "2e154f78-f029-5390-9f7f-bc66a3d43f26", "watermark": "wotc"}, {"artist": "Terese Nielsen", "borderColor": "black", "colorIdentity": ["R"], "colors": [], "convertedManaCost": 0.0, "foreignData": [], "frameVersion": "2003", "hasFoil": true, "hasNonFoil": false, "isFullArt": true, "isPaper": true, "isPromo": true, "isReprint": true, "isStarter": true, "layout": "normal", "legalities": {"brawl": "Legal", "commander": "Legal", "duel": "Legal", "future": "Legal", "legacy": "Legal", "modern": "Legal", "pauper": "Legal", "penny": "Legal", "standard": "Legal", "vintage": "Legal"}, "mtgstocksId": 25537, "name": "Mountain", "number": "4★", "prices": {"paper": {}, "paperFoil": {"2019-06-02": 74.99, "2019-06-09": 74.99, "2019-06-16": 74.97, "2019-06-23": 73.64, "2019-06-30": 74.83, "2019-07-07": 74.76, "2019-07-14": 74.96, "2019-07-21": 73.92, "2019-07-28": 73.99, "2019-08-04": 72.98, "2019-08-11": 72.98, "2019-08-18": 70.0, "2019-08-25": 69.99}}, "printings": ["10E", "2ED", "3ED", "4BB", "4ED", "5ED", "6ED", "7ED", "8ED", "9ED", "AKH", "ALA", "ANA", "ARC", "ARN", "ATH", "AVR", "BBD", "BFZ", "BRB", "BTD", "C13", "C14", "C15", "C16", "C17", "C18", "C19", "CED", "CEI", "CHK", "CM2", "CMA", "CMD", "CST", "DD1", "DD2", "DDE", "DDG", "DDH", "DDI", "DDJ", "DDK", "DDL", "DDN", "DDP", "DDS", "DDT", "DDU", "DKM", "DOM", "DPA", "DTK", "E01", "EVG", "FBB", "FRF", "G17", "GK1", "GK2", "GNT", "GRN", "GS1", "H09", "HOP", "HOU", "ICE", "INV", "ISD", "ITP", "J14", "JVC", "KLD", "KTK", "LEA", "LEB", "LRW", "M10", "M11", "M12", "M13", "M14", "M15", "M19", "M20", "MBS", "ME1", "ME3", "MIR", "MMQ", "MRD", "NPH", "ODY", "ONS", "ORI", "P02", "PAL00", "PAL01", "PAL03", "PAL04", "PAL05", "PAL06", "PAL99", "PALP", "PARL", "PC2", "PCA", "PD2", "PELP", "PF19", "PGPX", "PGRU", "PMPS", "PMPS06", "PMPS07", "PMPS08", "PMPS09", "PMPS10", "PMPS11", "POR", "PPP1", "PRM", "PRW2", "PRWK", "PS11", "PSAL", "PSS2", "PSS3", "PTC", "PTK", "PZ2", "RAV", "RIX", "RNA", "ROE", "RQS", "RTR", "S99", "SHM", "SOI", "SOM", "SUM", "TD0", "THS", "TMP", "TPR", "TSP", "UGL", "UNH", "USG", "UST", "WAR", "WC00", "WC01", "WC02", "WC03", "WC97", "WC98", "WC99", "XLN", "ZEN"], "purchaseUrls": {"mtgstocks": "https://mtgjson.com/links/586126def37f48c8", "tcgplayer": "https://mtgjson.com/links/804403e917b1de27"}, "rarity": "rare", "rulings": [], "scryfallId": "af06d83f-1c5a-4eb6-92b4-216acfe20641", "scryfallIllustrationId": "352cba36-a964-4154-8ae8-b17806970374", "scryfallOracleId": "a3fb7228-e76b-4e96-a40e-20b5fed75685", "subtypes": ["Mountain"], "supertypes": ["Basic"], "tcgplayerProductId": 92162, "text": "({T}: Add {R}.)", "type": "Basic Land — Mountain", "types": ["Land"], "uuid": "e44a2e53-df38-5628-be68-c29facb4efe1"}, {"artist": "Mark Winters", "borderColor": "black", "colorIdentity": ["B", "R", "U"], "colors": ["B", "R", "U"], "convertedManaCost": 5.0, "edhrecRank": 1790, "flavorText": "His enemies wondered if the lich king's brutal death and unnatural rebirth had been his plan all along.", "foreignData": [], "frameVersion": "2003", "hasFoil": true, "hasNonFoil": false, "isPaper": true, "isPromo": true, "isReprint": true, "isStarter": true, "layout": "normal", "legalities": {"commander": "Legal", "duel": "Legal", "legacy": "Legal", "penny": "Legal", "vintage": "Legal"}, "manaCost": "{2}{U}{B}{R}", "mtgstocksId": 24799, "name": "Nekusar, the Mindrazer", "number": "7", "power": "2", "prices": {"paper": {}, "paperFoil": {"2019-06-02": 28.88, "2019-06-09": 29.87, "2019-06-16": 29.87, "2019-06-23": 29.81, "2019-06-30": 29.32, "2019-07-07": 28.82, "2019-07-14": 29.31, "2019-07-21": 28.18, "2019-07-28": 26.03, "2019-08-04": 27.6, "2019-08-11": 27.78, "2019-08-18": 25.06, "2019-08-25": 26.23}}, "printings": ["C13", "J14", "OC13", "PRM"], "purchaseUrls": {"mtgstocks": "https://mtgjson.com/links/9e73fd45d8999177", "tcgplayer": "https://mtgjson.com/links/ceef8855ea250b43"}, "rarity": "rare", "rulings": [], "scryfallId": "9ee77c7b-0db9-4281-85d6-fe91f3db47ea", "scryfallIllustrationId": "ac890f29-b963-485c-ada3-23c6abc60c3a", "scryfallOracleId": "8a5e3c8e-8e22-49b9-8ee5-4a36361f0da6", "subtypes": ["Zombie", "Wizard"], "supertypes": ["Legendary"], "tcgplayerProductId": 82622, "text": "At the beginning of each player's draw step, that player draws an additional card.\nWhenever an opponent draws a card, Nekusar, the Mindrazer deals 1 damage to that player.", "toughness": "4", "type": "Legendary Creature — Zombie Wizard", "types": ["Creature"], "uuid": "dadc936d-e104-5a25-b844-4ecc3aba23ea", "watermark": "wotc"}, {"artist": "Eric Deschamps", "borderColor": "black", "colorIdentity": ["B", "U", "W"], "colors": ["B", "U", "W"], "convertedManaCost": 6.0, "edhrecRank": 2128, "foreignData": [], "frameVersion": "2003", "hasFoil": true, "hasNonFoil": false, "isPaper": true, "isPromo": true, "isReprint": true, "isStarter": true, "layout": "normal", "legalities": {"commander": "Legal", "duel": "Restricted", "legacy": "Legal", "vintage": "Legal"}, "manaCost": "{3}{W}{U}{B}", "mtgstocksId": 24800, "name": "Oloro, Ageless Ascetic", "number": "9", "power": "4", "prices": {"paper": {}, "paperFoil": {"2019-06-02": 49.99, "2019-06-09": 49.99, "2019-06-16": 49.99, "2019-06-23": 49.97, "2019-06-30": 44.88, "2019-07-07": 45.12, "2019-07-14": 42.14, "2019-07-21": 40.93, "2019-07-28": 39.97, "2019-08-04": 37.88, "2019-08-11": 35.45, "2019-08-18": 36.0, "2019-08-25": 34.0}}, "printings": ["C13", "J14", "OC13", "PRM"], "purchaseUrls": {"mtgstocks": "https://mtgjson.com/links/d7d7cb4608da4b99", "tcgplayer": "https://mtgjson.com/links/3d4a565cbe9c34c6"}, "rarity": "rare", "rulings": [{"date": "2013-10-17", "text": "If Oloro is your commander, its last ability will trigger at the beginning of the upkeep step on your first turn."}, {"date": "2013-10-17", "text": "Oloro’s second ability triggers just once for each life-gaining event, no matter how much life is gained."}, {"date": "2013-10-17", "text": "You decide whether to pay {1} as the second ability resolves. If you do, you’ll draw a card and each opponent will lose 1 life."}, {"date": "2013-10-17", "text": "Oloro’s first ability works only if Oloro is on the battlefield."}, {"date": "2013-10-17", "text": "In some unusual cases, you can gain life even though your life total actually decreases. For example, if you are being attacked by two 3/3 creatures and you block one with a 2/2 creature with lifelink, your life total will decrease by 1 even though you’ve gained 2 life. Oloro’s second ability would trigger."}, {"date": "2013-10-17", "text": "In a Two-Headed Giant game, life gained by your teammate won’t cause the ability to trigger, even though it causes your team’s life total to increase."}, {"date": "2013-10-17", "text": "If two creatures you control with lifelink deal combat damage at the same time, Oloro’s ability will trigger twice. However, if a single creature with lifelink deals combat damage to multiple creatures, players, and/or planeswalkers at the same time (perhaps because it has trample or was blocked by more than one creature), the ability will trigger only once."}, {"date": "2015-01-19", "text": "Oloro, Ageless Ascetic is banned as a commander in Duel Commander format, but it may be part of your deck."}], "scryfallId": "9c4114ea-137f-4710-8ee8-69ab445b6918", "scryfallIllustrationId": "8b20b731-880f-4b85-a994-229ae95d5041", "scryfallOracleId": "620ff5f2-7d3f-467f-943d-3b62c2135023", "subtypes": ["Giant", "Soldier"], "supertypes": ["Legendary"], "tcgplayerProductId": 82623, "text": "At the beginning of your upkeep, you gain 2 life.\nWhenever you gain life, you may pay {1}. If you do, draw a card and each opponent loses 1 life.\nAt the beginning of your upkeep, if Oloro, Ageless Ascetic is in the command zone, you gain 2 life.", "toughness": "5", "type": "Legendary Creature — Giant Soldier", "types": ["Creature"], "uuid": "9b9addd3-6c41-5a47-8509-d7e591a5d402", "watermark": "wotc"}, {"artist": "Terese Nielsen", "borderColor": "black", "colorIdentity": ["W"], "colors": [], "convertedManaCost": 0.0, "foreignData": [], "frameVersion": "2003", "hasFoil": true, "hasNonFoil": false, "isFullArt": true, "isPaper": true, "isPromo": true, "isReprint": true, "isStarter": true, "layout": "normal", "legalities": {"brawl": "Legal", "commander": "Legal", "duel": "Legal", "future": "Legal", "legacy": "Legal", "modern": "Legal", "pauper": "Legal", "penny": "Legal", "standard": "Legal", "vintage": "Legal"}, "mtgstocksId": 25538, "name": "Plains", "number": "1★", "prices": {"paper": {}, "paperFoil": {"2019-06-02": 79.47, "2019-06-09": 78.92, "2019-06-16": 79.47, "2019-06-23": 78.85, "2019-06-30": 78.17, "2019-07-07": 77.49, "2019-07-14": 77.24, "2019-07-21": 77.49, "2019-07-28": 77.49, "2019-08-04": 78.09, "2019-08-11": 78.09, "2019-08-18": 76.5, "2019-08-25": 76.49}}, "printings": ["10E", "2ED", "3ED", "4BB", "4ED", "5ED", "6ED", "7ED", "8ED", "9ED", "AKH", "ALA", "ANA", "ARC", "ATH", "AVR", "BBD", "BFZ", "BRB", "C13", "C14", "C15", "C16", "C17", "C18", "C19", "CED", "CEI", "CHK", "CM2", "CMA", "CMD", "CST", "DDC", "DDE", "DDF", "DDG", "DDH", "DDI", "DDK", "DDL", "DDN", "DDO", "DDP", "DDQ", "DOM", "DTK", "DVD", "E01", "FBB", "FRF", "G17", "GK1", "GK2", "GNT", "GRN", "GS1", "H09", "HOP", "HOU", "ICE", "INV", "ISD", "ITP", "J14", "KLD", "KTK", "LEA", "LEB", "LRW", "M10", "M11", "M12", "M13", "M14", "M15", "M19", "M20", "MBS", "MD1", "ME1", "ME3", "MIR", "MMQ", "MRD", "NPH", "ODY", "ONS", "ORI", "P02", "PAL00", "PAL01", "PAL03", "PAL04", "PAL05", "PAL06", "PAL99", "PALP", "PARL", "PC2", "PCA", "PDGM", "PELP", "PF19", "PGPX", "PGRU", "PMPS", "PMPS06", "PMPS07", "PMPS08", "PMPS09", "PMPS10", "PMPS11", "POR", "PPP1", "PRM", "PRW2", "PRWK", "PS11", "PSAL", "PSS2", "PSS3", "PTC", "PTK", "PZ2", "RAV", "RIX", "RNA", "ROE", "RQS", "RTR", "S99", "SHM", "SOI", "SOM", "SUM", "TD0", "TD2", "THS", "TMP", "TPR", "TSP", "UGL", "UNH", "USG", "UST", "WAR", "WC00", "WC02", "WC03", "WC04", "WC97", "WC98", "XLN", "ZEN"], "purchaseUrls": {"mtgstocks": "https://mtgjson.com/links/14bebdcdc2eec8df", "tcgplayer": "https://mtgjson.com/links/0e8a4911a289446d"}, "rarity": "rare", "rulings": [], "scryfallId": "99577b28-4bfc-4192-bb23-c1f73666295e", "scryfallIllustrationId": "194d8c02-c021-4e75-b869-fa5338ff26be", "scryfallOracleId": "bc71ebf6-2056-41f7-be35-b2e5c34afa99", "subtypes": ["Plains"], "supertypes": ["Basic"], "tcgplayerProductId": 92165, "text": "({T}: Add {W}.)", "type": "Basic Land — Plains", "types": ["Land"], "uuid": "fd294691-be0a-53ef-88d4-6bf58a046f91"}, {"artist": "Izzy", "borderColor": "black", "colorIdentity": ["G", "R", "U"], "colors": ["G", "R", "U"], "convertedManaCost": 5.0, "edhrecRank": 2836, "foreignData": [], "frameVersion": "2003", "hasFoil": true, "hasNonFoil": false, "isPaper": true, "isPromo": true, "isReprint": true, "isStarter": true, "layout": "normal", "legalities": {"commander": "Legal", "duel": "Legal", "legacy": "Legal", "penny": "Legal", "vintage": "Legal"}, "manaCost": "{2}{G}{U}{R}", "mtgstocksId": 24801, "name": "Riku of Two Reflections", "number": "3", "power": "2", "prices": {"paper": {}, "paperFoil": {"2019-06-02": 55.99, "2019-06-09": 55.37, "2019-06-16": 55.37, "2019-06-23": 49.86, "2019-06-30": 45.99, "2019-07-07": 45.98, "2019-07-14": 45.0, "2019-07-21": 44.75, "2019-07-28": 43.3, "2019-08-04": 42.87, "2019-08-11": 42.8, "2019-08-18": 42.75, "2019-08-25": 42.26}}, "printings": ["CMD", "J14", "OCMD", "PRM"], "purchaseUrls": {"mtgstocks": "https://mtgjson.com/links/e024c3ae69967880", "tcgplayer": "https://mtgjson.com/links/201ae2cd37f45a39"}, "rarity": "mythic", "rulings": [{"date": "2011-09-22", "text": "Each time the first ability triggers, you can pay {U}{R} only one time to get one copy of the spell. Each time the second ability triggers, you can pay {G}{U} only one time to get one token."}, {"date": "2011-09-22", "text": "If the spell that caused Riku’s first ability to trigger has left the stack by the time the ability resolves, you can still pay {U}{R}. If you do, you’ll copy the spell as it last existed on the stack."}, {"date": "2011-09-22", "text": "Riku’s first ability triggers whenever you cast any instant or sorcery spell, regardless of whether that spell has targets."}, {"date": "2011-09-22", "text": "If the copied spell has {X} in its mana cost, the value of X is copied."}, {"date": "2011-09-22", "text": "If the copied spell is modal (that is, it says “Choose one —” or the like), the copy has the same mode as the original spell. You can’t choose a different one."}, {"date": "2011-09-22", "text": "You can’t pay any additional costs for the copy. However, effects based on any additional costs paid for the original spell are copied as though those same costs were paid for the copy. Notably, if the original spell was kicked (or kicked a certain number of times), the copy will also be kicked (or kicked that many times)."}, {"date": "2011-09-22", "text": "If the creature that caused Riku’s second ability to trigger has already left the battlefield by the time the ability resolves, you can still pay {G}{U}. If you do, you’ll still put a token onto the battlefield. That token has the copiable values of the characteristics of that creature as it last existed on the battlefield."}, {"date": "2011-09-22", "text": "As the token is created, it checks the printed values of the creature it’s copying, as well as any copy effects that have been applied to it."}, {"date": "2011-09-22", "text": "The copiable values of the token’s characteristics are the same as the copiable values of the characteristics of the creature it’s copying."}, {"date": "2011-09-22", "text": "If the creature had {X} in its mana cost, X must be 0. Note this is different from an {X} found in the mana cost of a copied spell."}], "scryfallId": "8e03bb1f-7324-4283-8ee2-799c7b7448c3", "scryfallIllustrationId": "3adc962b-483d-4b31-8da2-4c1bfad74513", "scryfallOracleId": "f697c78d-7e4f-4320-bfc6-2a25e6d7dc94", "subtypes": ["Human", "Wizard"], "supertypes": ["Legendary"], "tcgplayerProductId": 82624, "text": "Whenever you cast an instant or sorcery spell, you may pay {U}{R}. If you do, copy that spell. You may choose new targets for the copy.\nWhenever another nontoken creature enters the battlefield under your control, you may pay {G}{U}. If you do, create a token that's a copy of that creature.", "toughness": "2", "type": "Legendary Creature — Human Wizard", "types": ["Creature"], "uuid": "6a08268e-d975-51c1-981f-cde61d2e8619", "watermark": "wotc"}, {"artist": "Terese Nielsen", "borderColor": "black", "colorIdentity": ["B"], "colors": [], "convertedManaCost": 0.0, "foreignData": [], "frameVersion": "2003", "hasFoil": true, "hasNonFoil": false, "isFullArt": true, "isPaper": true, "isPromo": true, "isReprint": true, "isStarter": true, "layout": "normal", "legalities": {"brawl": "Legal", "commander": "Legal", "duel": "Legal", "future": "Legal", "legacy": "Legal", "modern": "Legal", "pauper": "Legal", "penny": "Legal", "standard": "Legal", "vintage": "Legal"}, "mtgstocksId": 25539, "name": "Swamp", "number": "3★", "prices": {"paper": {}, "paperFoil": {"2019-06-02": 77.11, "2019-06-09": 75.35, "2019-06-16": 75.35, "2019-06-23": 71.55, "2019-06-30": 71.55, "2019-07-07": 70.97, "2019-07-14": 70.48, "2019-07-21": 69.99, "2019-07-28": 70.97, "2019-08-04": 69.98, "2019-08-11": 69.49, "2019-08-18": 68.75, "2019-08-25": 69.49}}, "printings": ["10E", "2ED", "3ED", "4BB", "4ED", "5ED", "6ED", "7ED", "8ED", "9ED", "AKH", "ALA", "ANA", "ARC", "ATH", "AVR", "BBD", "BFZ", "BRB", "BTD", "C13", "C14", "C15", "C16", "C17", "C18", "C19", "CED", "CEI", "CHK", "CM2", "CMA", "CMD", "CST", "DDC", "DDD", "DDE", "DDH", "DDJ", "DDK", "DDM", "DDN", "DDP", "DDQ", "DDR", "DKM", "DOM", "DPA", "DTK", "DVD", "E01", "FBB", "FRF", "G17", "GK1", "GK2", "GNT", "GRN", "GVL", "H09", "HOP", "HOU", "ICE", "INV", "ISD", "ITP", "J14", "KLD", "KTK", "LEA", "LEB", "LRW", "M10", "M11", "M12", "M13", "M14", "M15", "M19", "M20", "MBS", "MD1", "ME1", "ME3", "MIR", "MMQ", "MRD", "NPH", "ODY", "ONS", "ORI", "P02", "PAL00", "PAL01", "PAL03", "PAL04", "PAL05", "PAL06", "PAL99", "PALP", "PARL", "PC2", "PCA", "PD3", "PELP", "PF19", "PGPX", "PGRU", "PHUK", "PMPS", "PMPS06", "PMPS07", "PMPS08", "PMPS09", "PMPS10", "PMPS11", "POR", "PPP1", "PRM", "PRW2", "PRWK", "PS11", "PSAL", "PSS2", "PSS3", "PTC", "PTK", "RAV", "RIX", "RNA", "ROE", "RQS", "RTR", "S99", "SHM", "SOI", "SOM", "SUM", "TD0", "TD2", "THS", "TMP", "TPR", "TSP", "UGL", "UNH", "USG", "UST", "WAR", "WC01", "WC02", "WC03", "WC97", "WC98", "WC99", "XLN", "ZEN"], "purchaseUrls": {"mtgstocks": "https://mtgjson.com/links/3e01b738fc9ddd18", "tcgplayer": "https://mtgjson.com/links/fc8899c16afef75e"}, "rarity": "rare", "rulings": [], "scryfallId": "90bc54df-b5a0-43fd-b3e6-3ba3d295d25c", "scryfallIllustrationId": "ad275a68-61cb-4159-91aa-80f12003ea10", "scryfallOracleId": "56719f6a-1a6c-4c0a-8d21-18f7d7350b68", "subtypes": ["Swamp"], "supertypes": ["Basic"], "tcgplayerProductId": 92166, "text": "({T}: Add {B}.)", "type": "Basic Land — Swamp", "types": ["Land"], "uuid": "f2e5df0f-cc65-5b64-a18c-f7497fbf0a17"}, {"artist": "Chris Rahn", "borderColor": "black", "colorIdentity": [], "colors": [], "convertedManaCost": 3.0, "edhrecRank": 288, "foreignData": [], "frameVersion": "1997", "hasFoil": true, "hasNonFoil": false, "isPaper": true, "isPromo": true, "isReprint": true, "isStarter": true, "layout": "normal", "legalities": {"commander": "Legal", "duel": "Legal", "legacy": "Legal", "modern": "Legal", "vintage": "Legal"}, "manaCost": "{3}", "mtgstocksId": 24802, "name": "Sword of Feast and Famine", "number": "6", "prices": {"paper": {}, "paperFoil": {"2019-06-02": 74.99, "2019-06-09": 74.74, "2019-06-16": 72.46, "2019-06-23": 70.98, "2019-06-30": 70.48, "2019-07-07": 71.88, "2019-07-14": 70.96, "2019-07-21": 71.55, "2019-07-28": 69.99, "2019-08-04": 69.99, "2019-08-11": 69.99, "2019-08-18": 71.44, "2019-08-25": 69.96}}, "printings": ["J14", "MBS", "MD1", "MPS", "PGPX", "PRM"], "purchaseUrls": {"mtgstocks": "https://mtgjson.com/links/eb83b1ddf6c5cd04", "tcgplayer": "https://mtgjson.com/links/02d53e586401ff0e"}, "rarity": "rare", "rulings": [{"date": "2011-06-01", "text": "You’ll untap all lands you control even if the player doesn’t discard a card."}], "scryfallId": "0d239414-fd5a-4e7a-9f53-79fb38e46435", "scryfallIllustrationId": "83d60a35-d3ac-461c-858a-ca25616b3a22", "scryfallOracleId": "d0901053-6de0-46d0-9ee3-8d40510236c1", "subtypes": ["Equipment"], "supertypes": [], "tcgplayerProductId": 82625, "text": "Equipped creature gets +2/+2 and has protection from black and from green.\nWhenever equipped creature deals combat damage to a player, that player discards a card and you untap all lands you control.\nEquip {2}", "type": "Artifact — Equipment", "types": ["Artifact"], "uuid": "af3e5017-1ab6-5c9b-98c4-33a71340dbc7"}], "code": "J14", "isFoilOnly": true, "isOnlineOnly": false, "keyruneCode": "STAR", "meta": {"date": "2019-09-01", "pricesDate": "2019-09-01", "version": "4.5.0-rebuild.4"}, "name": "Judge Gift Cards 2014", "releaseDate": "2014-01-01", "tcgplayerGroupId": 62, "tokens": [], "totalSetSize": 14, "translations": {}, "type": "promo"}