{"baseSetSize": 0, "block": "Judge Gift Cards", "cards": [{"artist": "Winona Nelson", "borderColor": "black", "colorIdentity": ["G"], "colors": ["G"], "convertedManaCost": 3.0, "edhrecRank": 523, "flavorText": "\"I do not miss Jukai Forest. It is not my home. My home is Kamigawa, its people my family. Wherever I set my pack and rest my head, I am home.\"", "foreignData": [], "frameVersion": "2015", "hasFoil": true, "hasNonFoil": false, "isPaper": true, "isPromo": true, "isReprint": true, "isStarter": true, "layout": "normal", "legalities": {"commander": "Legal", "duel": "Legal", "legacy": "Legal", "modern": "Legal", "vintage": "Legal"}, "manaCost": "{2}{G}", "mtgstocksId": 31203, "name": "Azusa, Lost but Seeking", "number": "3", "power": "1", "prices": {"paper": {}, "paperFoil": {"2019-06-02": 69.99, "2019-06-09": 72.62, "2019-06-16": 71.31, "2019-06-23": 69.99, "2019-06-30": 72.62, "2019-07-07": 68.89, "2019-07-14": 67.9, "2019-07-21": 67.9, "2019-07-28": 67.69, "2019-08-04": 67.89, "2019-08-11": 67.9, "2019-08-18": 67.9, "2019-08-25": 67.69}}, "printings": ["A25", "CHK", "J16", "OCM1", "PRM"], "purchaseUrls": {"mtgstocks": "https://mtgjson.com/links/2c43b8bcc4c51161", "tcgplayer": "https://mtgjson.com/links/356deb3d9fde8a9f"}, "rarity": "rare", "rulings": [{"date": "2018-03-16", "text": "Azusa’s ability is cumulative with other effects that allow you to play additional lands, such as that of Wayward Swordtooth (from the Rivals of Ixalan set)."}], "scryfallId": "e534731d-2bc0-4af7-8143-96cc4b2d6438", "scryfallIllustrationId": "585a2991-3b9c-4126-9216-984759f10532", "scryfallOracleId": "6c2c8bf3-9bf8-4a86-89d3-3bb36260dc51", "subtypes": ["Human", "Monk"], "supertypes": ["Legendary"], "tcgplayerProductId": 119728, "text": "You may play two additional lands on each of your turns.", "toughness": "2", "type": "Legendary Creature — Human Monk", "types": ["Creature"], "uuid": "f379a63d-ada7-5901-8f6a-8ab6759744ba", "watermark": "wotc"}, {"artist": "Jonas De Ro", "borderColor": "black", "colorIdentity": [], "colors": [], "convertedManaCost": 0.0, "edhrecRank": 365, "flavorText": "\"I gazed once into that light. Now it burns in my mind, forever denying me rest.\" —Riku of Two Reflections", "foreignData": [], "frameVersion": "2015", "hasFoil": true, "hasNonFoil": false, "isPaper": true, "isPromo": true, "isReprint": true, "isStarter": true, "layout": "normal", "legalities": {"commander": "Legal", "duel": "Legal", "legacy": "Legal", "vintage": "Legal"}, "mtgstocksId": 30411, "name": "Command Beacon", "number": "4", "prices": {"paper": {}, "paperFoil": {"2019-06-02": 40.88, "2019-06-09": 40.89, "2019-06-16": 40.89, "2019-06-23": 40.88, "2019-06-30": 40.89, "2019-07-07": 40.88, "2019-07-14": 38.49, "2019-07-21": 39.99, "2019-07-28": 38.49, "2019-08-04": 36.97, "2019-08-11": 37.56, "2019-08-18": 37.2, "2019-08-25": 37.77}}, "printings": ["C15", "J16", "PZ1"], "purchaseUrls": {"mtgstocks": "https://mtgjson.com/links/3cda6e55e8172979", "tcgplayer": "https://mtgjson.com/links/d1aa4311cda51fcf"}, "rarity": "rare", "rulings": [{"date": "2015-11-04", "text": "If you cast a commander from your hand, the additional cost based on the number of times you’ve cast it from your command zone (sometimes referred to as the “commander tax”) doesn’t apply. Additionally, that casting won’t add to the tax if you later cast the commander from the command zone."}, {"date": "2015-11-04", "text": "If your commander isn’t in the command zone (or you’re not playing Commander) as the last ability resolves, nothing happens."}, {"date": "2016-11-08", "text": "If you have two commanders with the partner ability in the command zone, Command Beacon’s effect puts one of your choice into your hand, not both."}], "scryfallId": "a46f073a-2d2a-46bc-b941-7f05f80b6736", "scryfallIllustrationId": "6d5ef2b5-f565-4362-bbfb-8a1ea56d3ad8", "scryfallOracleId": "7e8c2a18-e404-40ff-a9e0-ec3eeb6d576e", "subtypes": [], "supertypes": [], "tcgplayerProductId": 111644, "text": "{T}: Add {C}.\n{T}, Sacrifice Command Beacon: Put your commander into your hand from the command zone.", "type": "Land", "types": ["Land"], "uuid": "a211de91-6b26-5125-9296-841314b83b37", "watermark": "wotc"}, {"artist": "Jack Wang", "borderColor": "black", "colorIdentity": ["G"], "colors": ["G"], "convertedManaCost": 4.0, "edhrecRank": 1401, "foreignData": [], "frameVersion": "2015", "hasFoil": true, "hasNonFoil": false, "isPaper": true, "isPromo": true, "isReprint": true, "isStarter": true, "layout": "normal", "legalities": {"commander": "Legal", "duel": "Legal", "legacy": "Legal", "vintage": "Legal"}, "manaCost": "{3}{G}", "mtgstocksId": 32151, "name": "Defense of the Heart", "number": "7", "prices": {"paper": {}, "paperFoil": {"2019-06-02": 38.0, "2019-06-09": 38.49, "2019-06-16": 39.89, "2019-06-23": 37.79, "2019-06-30": 37.99, "2019-07-07": 37.0, "2019-07-14": 37.1, "2019-07-21": 37.19, "2019-07-28": 37.19, "2019-08-04": 37.33, "2019-08-11": 37.0, "2019-08-18": 37.4, "2019-08-25": 37.91}}, "printings": ["J16", "ULG"], "purchaseUrls": {"mtgstocks": "https://mtgjson.com/links/33c79b7681be5b00", "tcgplayer": "https://mtgjson.com/links/09465004f2fff6a6"}, "rarity": "rare", "rulings": [{"date": "2004-10-04", "text": "In a multiplayer game, it triggers if at least one opponent controls three or more creatures."}, {"date": "2004-10-04", "text": "You choose how many cards to put onto the battlefield during the resolution after you look through your library. You do not choose as the ability goes on the stack."}, {"date": "2004-10-04", "text": "This triggered ability only triggers if your opponent controls 3 or more creatures at the beginning of upkeep. This condition is checked again on resolution."}, {"date": "2010-06-15", "text": "If this card is not on the battlefield at the time it resolves, then you can’t sacrifice it. You still perform the search and put any creature cards you find onto the battlefield."}], "scryfallId": "9c981e33-669e-4c1b-920f-8d4b2fb00bb9", "scryfallIllustrationId": "59789d57-5365-4f9a-a2fa-b4624239d273", "scryfallOracleId": "e7e1b166-9267-426d-897d-24903327b48d", "subtypes": [], "supertypes": [], "tcgplayerProductId": 123618, "text": "At the beginning of your upkeep, if an opponent controls three or more creatures, sacrifice Defense of the Heart, search your library for up to two creature cards, and put those cards onto the battlefield. Then shuffle your library.", "type": "Enchantment", "types": ["Enchantment"], "uuid": "0dbe94b5-ee94-56d0-af10-9770a51509ef", "watermark": "wotc"}, {"artist": "Li Tie", "borderColor": "black", "colorIdentity": ["B"], "colors": ["B"], "convertedManaCost": 1.0, "edhrecRank": 1246, "flavorText": "\"If Heaven has placed it in your hands, it means that the throne is destined to be yours.\"", "foreignData": [], "frameVersion": "2015", "hasFoil": true, "hasNonFoil": false, "isPaper": true, "isPromo": true, "isReprint": true, "isStarter": true, "layout": "normal", "legalities": {"commander": "Legal", "duel": "Banned", "legacy": "Banned", "vintage": "Restricted"}, "manaCost": "{B}", "mtgstocksId": 32555, "name": "Imperial Seal", "number": "6", "prices": {"paper": {}, "paperFoil": {"2019-06-02": 292.49, "2019-06-09": 292.09, "2019-06-16": 297.86, "2019-06-23": 298.09, "2019-06-30": 312.08, "2019-07-07": 286.09, "2019-07-14": 292.07, "2019-07-21": 285.69, "2019-07-28": 283.38, "2019-08-04": 280.95, "2019-08-11": 277.95, "2019-08-18": 272.97, "2019-08-25": 274.48}}, "printings": ["J16", "ME2", "PTK"], "purchaseUrls": {"mtgstocks": "https://mtgjson.com/links/2f5115f2b5ef4ac3", "tcgplayer": "https://mtgjson.com/links/baf46c2b6f47929f"}, "rarity": "rare", "rulings": [], "scryfallId": "5ab21006-7f61-49e0-8b6a-0397c5d4c3bd", "scryfallIllustrationId": "e06ce611-e2f6-40d5-92ea-cab1dcea8c02", "scryfallOracleId": "16cd0b90-f70c-4efa-b252-8de8784ef9a3", "subtypes": [], "supertypes": [], "tcgplayerProductId": 126214, "text": "Search your library for a card, then shuffle your library and put that card on top of it. You lose 2 life.", "type": "Sorcery", "types": ["Sorcery"], "uuid": "6d0f9481-60e8-565d-bc1b-8901cd996a22", "watermark": "wotc"}, {"artist": "Mike Bierek", "borderColor": "black", "colorIdentity": ["U"], "colors": ["U"], "convertedManaCost": 2.0, "edhrecRank": 329, "flavorText": "\"Power is wasted on the weak. They never keep it for long.\" —Nicol Bolas", "foreignData": [], "frameVersion": "2015", "hasFoil": true, "hasNonFoil": false, "isPaper": true, "isPromo": true, "isReprint": true, "isStarter": true, "layout": "normal", "legalities": {"commander": "Legal", "duel": "Banned", "legacy": "Banned", "vintage": "Legal"}, "manaCost": "{U}{U}", "mtgstocksId": 31205, "name": "Mana Drain", "number": "2", "prices": {"paper": {}, "paperFoil": {"2019-06-02": 144.99, "2019-06-09": 140.54, "2019-06-16": 146.99, "2019-06-23": 146.0, "2019-06-30": 147.0, "2019-07-07": 146.0, "2019-07-14": 147.0, "2019-07-21": 145.39, "2019-07-28": 144.99, "2019-08-04": 144.49, "2019-08-11": 144.99, "2019-08-18": 140.0, "2019-08-25": 140.0}}, "printings": ["IMA", "J16", "LEG", "ME3", "PRM", "VMA"], "purchaseUrls": {"mtgstocks": "https://mtgjson.com/links/ee720fb4bf416200", "tcgplayer": "https://mtgjson.com/links/088f9744e13df9b2"}, "rarity": "rare", "rulings": [{"date": "2017-11-17", "text": "Mana Drain can target a spell that can’t be countered. When Mana Drain resolves, that spell won’t be countered, but you’ll still add mana to your mana pool at the beginning of your next main phase."}, {"date": "2017-11-17", "text": "If the target spell is an illegal target when Mana Drain tries to resolve, it won’t resolve and none of its effects will happen. You won’t get any mana."}, {"date": "2017-11-17", "text": "Mana Drain’s delayed triggered ability will usually trigger at the beginning of your precombat main phase. However, if you cast Mana Drain during your precombat main phase or during your combat phase, its delayed triggered ability will trigger at the beginning of that turn’s postcombat main phase."}], "scryfallId": "8c6b2642-4d17-4c0b-a3c3-b29d5ffdfbf8", "scryfallIllustrationId": "ca175dbc-35ca-40fe-a90c-cfe215a6f400", "scryfallOracleId": "74d3277a-38e5-4732-afed-084a56148f20", "subtypes": [], "supertypes": [], "tcgplayerProductId": 119727, "text": "Counter target spell. At the beginning of your next main phase, add an amount of {C} equal to that spell's converted mana cost.", "type": "Instant", "types": ["Instant"], "uuid": "95f14726-d961-5f72-989d-8c8ce5ff6a90", "watermark": "wotc"}, {"artist": "Kieran Yanner", "borderColor": "black", "colorIdentity": ["U"], "colors": ["U"], "convertedManaCost": 5.0, "edhrecRank": 356, "foreignData": [], "frameVersion": "2015", "hasFoil": true, "hasNonFoil": false, "isPaper": true, "isPromo": true, "isReprint": true, "isStarter": true, "layout": "normal", "legalities": {"commander": "Legal", "duel": "Legal", "legacy": "Legal", "vintage": "Legal"}, "manaCost": "{3}{U}{U}", "mtgstocksId": 32556, "name": "Mystic Confluence", "number": "5", "prices": {"paper": {}, "paperFoil": {"2019-06-02": 15.88, "2019-06-09": 15.99, "2019-06-16": 15.37, "2019-06-23": 15.19, "2019-06-30": 15.04, "2019-07-07": 15.09, "2019-07-14": 15.1, "2019-07-21": 15.19, "2019-07-28": 15.15, "2019-08-04": 15.01, "2019-08-11": 15.09, "2019-08-18": 15.0, "2019-08-25": 14.99}}, "printings": ["BBD", "C15", "J16", "PZ1"], "purchaseUrls": {"mtgstocks": "https://mtgjson.com/links/574fde1f7104089e", "tcgplayer": "https://mtgjson.com/links/175a020b8c6d04df"}, "rarity": "rare", "rulings": [{"date": "2015-11-04", "text": "You choose the modes as you cast the spell. Once modes are chosen, they can’t be changed."}, {"date": "2015-11-04", "text": "If a mode requires a target, you can select that mode only if there’s a legal target available. Ignore the targeting requirements for modes you don’t choose. Each time you select that mode, you can choose a different target, or you can choose the same target."}, {"date": "2015-11-04", "text": "No matter which combination of modes you choose, you always follow the instructions of a Confluence in the order they are written. If the same mode is chosen more than once, you choose their relative order as you cast the spell."}, {"date": "2015-11-04", "text": "No player can cast spells or activate abilities in between the modes of a resolving spell."}, {"date": "2015-11-04", "text": "If a Confluence is copied, the effect that creates the copy will usually allow you to choose new targets, but you can’t choose new modes."}, {"date": "2015-11-04", "text": "If all targets for the chosen modes become illegal before the Confluence resolves, the spell won’t resolve and none of its effects will happen. If at least one target is still legal, the spell will resolve but will have no effect on any illegal targets."}], "scryfallId": "fda21404-b683-4aed-b606-cb4241e42c9b", "scryfallIllustrationId": "570652d9-2c09-4702-acc2-85d160bec8a0", "scryfallOracleId": "cd11c27b-9368-4622-bc5a-2e0b993cc42b", "subtypes": [], "supertypes": [], "tcgplayerProductId": 126213, "text": "Choose three. You may choose the same mode more than once.\n• Counter target spell unless its controller pays {3}.\n• Return target creature to its owner's hand.\n• Draw a card.", "type": "Instant", "types": ["Instant"], "uuid": "ffec94b4-dad3-501d-8666-821e1ce7508b", "watermark": "wotc"}, {"artist": "Josu Hernaiz", "borderColor": "black", "colorIdentity": ["B", "U", "W"], "colors": ["B", "U", "W"], "convertedManaCost": 4.0, "edhrecRank": 1836, "flavorText": "Zur remained aloof from Terisiare's suffering, intent only on his own perfection.", "foreignData": [], "frameVersion": "2015", "hasFoil": true, "hasNonFoil": false, "isPaper": true, "isPromo": true, "isReprint": true, "isStarter": true, "layout": "normal", "legalities": {"commander": "Legal", "duel": "Legal", "legacy": "Legal", "modern": "Legal", "vintage": "Legal"}, "manaCost": "{1}{W}{U}{B}", "mtgstocksId": 32153, "name": "Zur the Enchanter", "number": "8", "power": "1", "prices": {"paper": {}, "paperFoil": {"2019-06-02": 49.79, "2019-06-09": 48.82, "2019-06-16": 48.04, "2019-06-23": 47.95, "2019-06-30": 47.95, "2019-07-07": 47.45, "2019-07-14": 47.94, "2019-07-21": 46.0, "2019-07-28": 46.75, "2019-08-04": 46.0, "2019-08-11": 46.49, "2019-08-18": 47.89, "2019-08-25": 47.89}}, "printings": ["CSP", "J16", "MM3", "OCM1"], "purchaseUrls": {"mtgstocks": "https://mtgjson.com/links/20b79d748fb31991", "tcgplayer": "https://mtgjson.com/links/f9561ae1812c22de"}, "rarity": "rare", "rulings": [{"date": "2015-01-19", "text": "Zur the Enchanter is banned as a commander in Duel Commander format, but it may be part of your deck."}, {"date": "2017-03-14", "text": "An Aura put onto the battlefield without being cast doesn’t target anything, so it could be attached to a permanent with shroud or hexproof. However, the Aura’s enchant ability restricts what it can be attached to."}], "scryfallId": "1dd33e67-3bf5-41cf-a552-1db6a28b8561", "scryfallIllustrationId": "b3d793d8-7c53-46be-856e-5a51aa1e7ab0", "scryfallOracleId": "d7950018-d744-48a8-81aa-0d8384703f48", "subtypes": ["Human", "Wizard"], "supertypes": ["Legendary"], "tcgplayerProductId": 123617, "text": "Flying\nWhenever Zur the Enchanter attacks, you may search your library for an enchantment card with converted mana cost 3 or less and put it onto the battlefield. If you do, shuffle your library.", "toughness": "4", "type": "Legendary Creature — Human Wizard", "types": ["Creature"], "uuid": "6f7d8ae3-bcfc-5827-804a-6e05eb3abd7a", "watermark": "wotc"}], "code": "J16", "isFoilOnly": true, "isOnlineOnly": false, "keyruneCode": "STAR", "meta": {"date": "2019-09-01", "pricesDate": "2019-09-01", "version": "4.5.0-rebuild.4"}, "name": "Judge Gift Cards 2016", "releaseDate": "2016-01-01", "tcgplayerGroupId": 62, "tokens": [], "totalSetSize": 7, "translations": {}, "type": "promo"}