{"baseSetSize": 0, "cards": [], "code": "L16", "isFoilOnly": false, "isOnlineOnly": false, "keyruneCode": "DEFAULT", "meta": {"date": "2019-09-01", "pricesDate": "2019-09-01", "version": "4.5.0-rebuild.4"}, "name": "League Tokens 2016", "releaseDate": "2016-01-01", "tokens": [{"artist": "Richard Wright", "colorIdentity": [], "colors": [], "layout": "double_faced_token", "name": "Thopter", "names": ["Servo", "Thopter"], "number": "5", "power": "1", "reverseRelated": [], "scryfallId": "4e3690fa-627e-4b3b-b517-e2cd1b4bbdd0", "scryfallOracleId": "2fb4053a-e7a4-4be9-ad34-51cdee0b3c75", "side": "b", "text": "Flying", "toughness": "1", "type": "Token Artifact Creature — Thopter", "uuid": "7f3cc52a-878c-5496-9aec-c9fe91aad695"}, {"artist": "Victor Adame Minguez", "colorIdentity": [], "colors": [], "layout": "double_faced_token", "name": "Servo", "names": ["Servo", "Thopter"], "number": "5", "power": "1", "reverseRelated": [], "scryfallId": "4e3690fa-627e-4b3b-b517-e2cd1b4bbdd0", "scryfallOracleId": "2fb4053a-e7a4-4be9-ad34-51cdee0b3c75", "side": "a", "toughness": "1", "type": "Token Artifact Creature — Servo", "uuid": "ac29af74-e2a4-58ef-9b32-eeb6a66a1a15"}], "totalSetSize": 1, "translations": {}, "type": "token"}