{"baseSetSize": 0, "cards": [{"artist": "Chuck Lukacs", "borderColor": "black", "colorIdentity": ["W"], "colors": ["W"], "convertedManaCost": 1.0, "edhrecRank": 13056, "flavorText": "\"We are a clachan of smiths. The forge is as comfortable to us as a small fire during a cool winter's evening.\"", "foreignData": [], "frameVersion": "2003", "hasFoil": false, "hasNonFoil": true, "isPaper": true, "isReprint": true, "isStarter": true, "layout": "normal", "legalities": {"commander": "Legal", "duel": "Legal", "legacy": "Legal", "modern": "Legal", "vintage": "Legal"}, "manaCost": "{W}", "mcmId": 267012, "mcmMetaId": 9119, "mtgstocksId": 24841, "multiverseId": 382179, "name": "Burrenton Forge-Tender", "number": "22", "originalText": "Protection from red\nSacrifice Burrenton Forge-Tender: Prevent all damage a red source of your choice would deal this turn.", "originalType": "Creature — Kithkin Wizard", "power": "1", "prices": {"paper": {"2019-06-02": 0.6, "2019-06-09": 0.6, "2019-06-16": 0.59, "2019-06-23": 0.61, "2019-06-30": 0.61, "2019-07-07": 0.62, "2019-07-14": 0.57, "2019-07-21": 0.53, "2019-07-28": 0.54, "2019-08-04": 0.57, "2019-08-11": 0.52, "2019-08-18": 0.53, "2019-08-25": 0.53}, "paperFoil": {}}, "printings": ["IMA", "LRW", "MD1"], "purchaseUrls": {"cardmarket": "https://mtgjson.com/links/9870c6c44f143578", "mtgstocks": "https://mtgjson.com/links/229d86c66c90cfc4", "tcgplayer": "https://mtgjson.com/links/e5f396410a0de695"}, "rarity": "uncommon", "rulings": [{"date": "2017-11-17", "text": "If the red source you chose changes colors before it deals damage, the damage-prevention effect doesn’t apply."}, {"date": "2017-11-17", "text": "The last ability of Burrenton Forge-Tender doesn’t target anything. You choose a source of damage as the ability resolves, if able. You can activate it even if there is no source to choose."}, {"date": "2017-11-17", "text": "If a permanent spell is chosen as the source of damage, Burrenton Forge-Tender’s prevention effect continues to apply for the rest of the turn to the permanent that spell becomes once it has entered the battlefield."}], "scryfallId": "b50df9f4-2e10-452f-839e-3c479b58c53a", "scryfallIllustrationId": "a79e91ad-114c-4bfe-b7e8-1bcb08ed0203", "scryfallOracleId": "70bb275b-3458-4690-a50f-b231fbf0bccb", "subtypes": ["Kithkin", "Wizard"], "supertypes": [], "tcgplayerProductId": 82752, "text": "Protection from red\nSacrifice Burrenton Forge-Tender: Prevent all damage a red source of your choice would deal this turn.", "toughness": "1", "type": "Creature — Kithkin Wizard", "types": ["Creature"], "uuid": "41453754-10e4-5877-b149-35104e6d878d"}, {"artist": "Jim Nelson", "borderColor": "black", "colorIdentity": ["B", "W"], "colors": [], "convertedManaCost": 0.0, "edhrecRank": 164, "foreignData": [], "frameVersion": "2003", "hasFoil": false, "hasNonFoil": true, "isPaper": true, "isReprint": true, "isStarter": true, "layout": "normal", "legalities": {"commander": "Legal", "duel": "Legal", "legacy": "Legal", "modern": "Legal", "vintage": "Legal"}, "mcmId": 267013, "mcmMetaId": 871, "mtgstocksId": 24842, "multiverseId": 382180, "name": "Caves of Koilos", "number": "14", "originalText": "{T}: Add {1} to your mana pool.\n{T}: Add {W} or {B} to your mana pool. Caves of Koilos deals 1 damage to you.", "originalType": "Land", "prices": {"paper": {"2019-06-02": 1.0, "2019-06-09": 1.0, "2019-06-16": 1.0, "2019-06-23": 1.0, "2019-06-30": 1.0, "2019-07-07": 1.0, "2019-07-14": 1.0, "2019-07-21": 1.0, "2019-07-28": 1.0, "2019-08-04": 1.0, "2019-08-11": 1.0, "2019-08-18": 0.99, "2019-08-25": 1.0}, "paperFoil": {}}, "printings": ["10E", "9ED", "APC", "C16", "M15", "MD1", "ORI"], "purchaseUrls": {"cardmarket": "https://mtgjson.com/links/2931bd58b87821d4", "mtgstocks": "https://mtgjson.com/links/03b4c1609c08e3d0", "tcgplayer": "https://mtgjson.com/links/976bc77e304c0bdc"}, "rarity": "rare", "rulings": [{"date": "2015-06-22", "text": "The damage dealt to you is part of the second mana ability. It doesn’t use the stack and can’t be responded to."}, {"date": "2015-06-22", "text": "Like most lands, each land in this cycle is colorless. The damage dealt to you is dealt by a colorless source."}], "scryfallId": "68ed4c64-8998-4686-b5d4-e9735e0c1a76", "scryfallIllustrationId": "7ac14d86-a66b-4368-9b4f-a8a497706e9e", "scryfallOracleId": "33de01e9-ce5a-42d4-afcb-343cd54a6d80", "subtypes": [], "supertypes": [], "tcgplayerProductId": 82732, "text": "{T}: Add {C}.\n{T}: Add {W} or {B}. Caves of Koilos deals 1 damage to you.", "type": "Land", "types": ["Land"], "uuid": "351a68d9-114d-5276-b0a6-66d067e1aaf4"}, {"artist": "Jung Park", "borderColor": "black", "colorIdentity": [], "colors": [], "convertedManaCost": 0.0, "edhrecRank": 88, "flavorText": "\"There is much to learn here, but few can endure the ringing of the spires.\" —Nulakam the Archivist", "foreignData": [], "frameVersion": "2003", "hasFoil": false, "hasNonFoil": true, "isPaper": true, "isReprint": true, "isStarter": true, "layout": "normal", "legalities": {"commander": "Legal", "duel": "Legal", "legacy": "Legal", "modern": "Legal", "vintage": "Legal"}, "mcmId": 267014, "mcmMetaId": 1009, "mtgstocksId": 24843, "multiverseId": 382181, "name": "City of Brass", "number": "15", "originalText": "Whenever City of Brass becomes tapped, it deals 1 damage to you.\n{T}: Add one mana of any color to your mana pool.", "originalType": "Land", "prices": {"paper": {"2019-06-02": 11.39, "2019-06-09": 11.26, "2019-06-16": 11.29, "2019-06-23": 11.38, "2019-06-30": 11.35, "2019-07-07": 11.69, "2019-07-14": 11.43, "2019-07-21": 11.44, "2019-07-28": 11.47, "2019-08-04": 11.54, "2019-08-11": 11.64, "2019-08-18": 11.6, "2019-08-25": 11.45}, "paperFoil": {}}, "printings": ["5ED", "6ED", "7ED", "8ED", "ARN", "CHR", "MD1", "ME4", "MMA", "PRM", "PSUS", "PTC", "RIN", "WC00", "WC01", "WC02", "WC03", "WC97", "WC98"], "purchaseUrls": {"cardmarket": "https://mtgjson.com/links/0480271c6e2b5529", "mtgstocks": "https://mtgjson.com/links/dd50a9e36dcef589", "tcgplayer": "https://mtgjson.com/links/89f63ec5e293a9cb"}, "rarity": "rare", "rulings": [{"date": "2004-10-04", "text": "The first ability triggers no matter how the land becomes tapped."}, {"date": "2004-10-04", "text": "If you tap City of Brass while you are casting a spell or activating an ability, its ability will trigger and wait. When you finish casting that spell or activating that ability, City of Brass’s triggered ability is put on the stack on top of it. City of Brass’s ability will resolve first."}, {"date": "2004-10-04", "text": "On the other hand, you can tap City of Brass, put its triggered ability on the stack, and then respond to that ability by casting an instant or activating an ability using that mana. In that case, the instant spell or activated ability will resolve first."}], "scryfallId": "2d120ddb-73e7-4dbc-b48c-4a6c74f331c3", "scryfallIllustrationId": "a3bb8f2c-e390-4d71-86f6-d332869233b9", "scryfallOracleId": "f25351e3-539b-4bbc-b92d-6480acf4d722", "subtypes": [], "supertypes": [], "tcgplayerProductId": 82733, "text": "Whenever City of Brass becomes tapped, it deals 1 damage to you.\n{T}: Add one mana of any color.", "type": "Land", "types": ["Land"], "uuid": "be1b7e6a-8132-5bda-8429-2b62ad0513af"}, {"artist": "Terese Nielsen", "borderColor": "black", "colorIdentity": ["B"], "colors": ["B"], "convertedManaCost": 3.0, "edhrecRank": 1334, "flavorText": "\"You serve Phyrexia. Your pieces would better serve Phyrexia elsewhere.\" —Azax-Azog, the Demon Thane", "foreignData": [], "frameVersion": "2003", "hasFoil": false, "hasNonFoil": true, "isPaper": true, "isReprint": true, "isStarter": true, "layout": "normal", "legalities": {"commander": "Legal", "duel": "Legal", "legacy": "Legal", "modern": "Legal", "vintage": "Legal"}, "manaCost": "{1}{B/P}{B/P}", "mcmId": 267015, "mcmMetaId": 202703, "mtgstocksId": 24844, "multiverseId": 382182, "name": "Dismember", "number": "25", "originalText": "({PB} can be paid with either {B} or 2 life.)\nTarget creature gets -5/-5 until end of turn.", "originalType": "Instant", "prices": {"paper": {"2019-06-02": 3.66, "2019-06-09": 3.59, "2019-06-16": 3.62, "2019-06-23": 3.68, "2019-06-30": 3.63, "2019-07-07": 3.78, "2019-07-14": 3.75, "2019-07-21": 3.78, "2019-07-28": 3.76, "2019-08-04": 3.76, "2019-08-11": 3.82, "2019-08-18": 3.81, "2019-08-25": 3.94}, "paperFoil": {}}, "printings": ["F12", "MD1", "MM2", "NPH", "PRM"], "purchaseUrls": {"cardmarket": "https://mtgjson.com/links/a6df693110fc8da2", "mtgstocks": "https://mtgjson.com/links/a73c4341b51f651f", "tcgplayer": "https://mtgjson.com/links/84bb49258e23430d"}, "rarity": "uncommon", "rulings": [{"date": "2011-06-01", "text": "A card with Phyrexian mana symbols in its mana cost is each color that appears in that mana cost, regardless of how that cost may have been paid."}, {"date": "2011-06-01", "text": "To calculate the converted mana cost of a card with Phyrexian mana symbols in its cost, count each Phyrexian mana symbol as 1."}, {"date": "2011-06-01", "text": "As you cast a spell or activate an activated ability with one or more Phyrexian mana symbols in its cost, you choose how to pay for each Phyrexian mana symbol at the same time you would choose modes or choose a value for X."}, {"date": "2011-06-01", "text": "If you’re at 1 life or less, you can’t pay 2 life."}, {"date": "2011-06-01", "text": "Phyrexian mana is not a new color. Players can’t add Phyrexian mana to their mana pools."}], "scryfallId": "e48e2da3-8597-48c2-8287-f0264a7788c7", "scryfallIllustrationId": "e16dc6cf-82ef-4073-98bd-4d3f1f461c96", "scryfallOracleId": "fd74f8eb-0253-42dd-8277-186d4934da38", "subtypes": [], "supertypes": [], "tcgplayerProductId": 82753, "text": "({B/P} can be paid with either {B} or 2 life.)\nTarget creature gets -5/-5 until end of turn.", "type": "Instant", "types": ["Instant"], "uuid": "90247997-be0a-51d0-b1f4-9abf3c8c26f6", "watermark": "phyrexian"}, {"artist": "Steven Belledin", "borderColor": "black", "colorIdentity": ["B"], "colors": ["B"], "convertedManaCost": 1.0, "edhrecRank": 1552, "flavorText": "\"It hurts more if you think about it.\" —Hooks, Cabal torturer", "foreignData": [], "frameVersion": "2003", "hasFoil": false, "hasNonFoil": true, "isPaper": true, "isReprint": true, "isStarter": true, "layout": "normal", "legalities": {"brawl": "Legal", "commander": "Legal", "duel": "Legal", "future": "Legal", "legacy": "Legal", "modern": "Legal", "pauper": "Legal", "penny": "Legal", "standard": "Legal", "vintage": "Legal"}, "manaCost": "{B}", "mcmId": 267016, "mcmMetaId": 1642, "mtgstocksId": 24846, "multiverseId": 382183, "name": "Duress", "number": "23", "originalText": "Target opponent reveals his or her hand. You choose a noncreature, nonland card from it. That player discards that card.", "originalType": "Sorcery", "prices": {"paper": {"2019-06-02": 0.2, "2019-06-09": 0.2, "2019-06-16": 0.2, "2019-06-23": 0.2, "2019-06-30": 0.2, "2019-07-07": 0.2, "2019-07-14": 0.2, "2019-07-21": 0.2, "2019-07-28": 0.2, "2019-08-04": 0.2, "2019-08-11": 0.2, "2019-08-18": 0.2, "2019-08-25": 0.2}, "paperFoil": {}}, "printings": ["7ED", "DDC", "DTK", "DVD", "EMA", "F05", "IMA", "M10", "M11", "M13", "M14", "M19", "M20", "MD1", "PAL00", "PANA", "PD3", "PI14", "PRM", "USG", "WC01", "WC02", "WC99", "XLN"], "purchaseUrls": {"cardmarket": "https://mtgjson.com/links/c9da9ef7bb207585", "mtgstocks": "https://mtgjson.com/links/a460f9960bfdd9d8", "tcgplayer": "https://mtgjson.com/links/33247efd975c54bc"}, "rarity": "common", "rulings": [], "scryfallId": "2854b2aa-5fa7-41c1-81c9-c2df8f6a7bfa", "scryfallIllustrationId": "61881168-c895-4d75-b811-71c3d2858b70", "scryfallOracleId": "33d405ea-7a9a-4970-b70f-9c05d90dd6f0", "subtypes": [], "supertypes": [], "tcgplayerProductId": 82754, "text": "Target opponent reveals their hand. You choose a noncreature, nonland card from it. That player discards that card.", "type": "Sorcery", "types": ["Sorcery"], "uuid": "ccb58cc0-ea1d-5a1e-ad84-1ab975e66b92"}, {"artist": "Volkan Baǵa", "borderColor": "black", "colorIdentity": ["W"], "colors": ["W"], "convertedManaCost": 4.0, "edhrecRank": 796, "foreignData": [], "frameVersion": "2003", "hasFoil": false, "hasNonFoil": true, "isPaper": true, "isReprint": true, "isStarter": true, "layout": "normal", "legalities": {"commander": "Legal", "duel": "Legal", "legacy": "Legal", "modern": "Legal", "vintage": "Legal"}, "loyalty": "4", "manaCost": "{2}{W}{W}", "mcmId": 267017, "mcmMetaId": 10099, "mtgstocksId": 24848, "multiverseId": 382184, "name": "Elspeth, Knight-Errant", "names": [], "number": "13", "originalText": "+1: Put a 1/1 white Soldier creature token onto the battlefield.\n+1: Target creature gets +3/+3 and gains flying until end of turn.\n-8: You get an emblem with \"Artifacts, creatures, enchantments, and lands you control have indestructible.\"", "originalType": "Planeswalker — Elspeth", "prices": {"paper": {"2019-06-02": 14.98, "2019-06-09": 14.92, "2019-06-16": 15.04, "2019-06-23": 15.17, "2019-06-30": 14.99, "2019-07-07": 15.0, "2019-07-14": 14.95, "2019-07-21": 14.7, "2019-07-28": 14.57, "2019-08-04": 14.43, "2019-08-11": 14.36, "2019-08-18": 14.07, "2019-08-25": 13.97}, "paperFoil": {}}, "printings": ["ALA", "DDF", "MD1", "MED", "MMA"], "purchaseUrls": {"cardmarket": "https://mtgjson.com/links/a3071f05131fe102", "mtgstocks": "https://mtgjson.com/links/46de45d835810c43", "tcgplayer": "https://mtgjson.com/links/8db4f27a144d12ed"}, "rarity": "mythic", "rulings": [{"date": "2011-01-01", "text": "Emblems behave similarly to enchantments: They have an ability that, in a general sense, continually affects the game. The primary difference between them is that emblems aren’t permanents and don’t exist on the battlefield. Nothing in the game can remove an emblem, simply because no other spell or ability references them. Once you get an emblem, you keep it for the rest of the game. Emblems have no color, name, card type, or other characteristics beyond the listed ability."}, {"date": "2013-07-01", "text": "Lethal damage and effects that say “destroy” won’t cause a permanent with indestructible to be put into the graveyard. However, a permanent with indestructible can be put into the graveyard for a number of reasons. The most likely reasons are if it’s sacrificed, if it’s a creature whose toughness is 0 or less, or if it’s an Aura that’s either unattached or attached to something illegal."}], "scryfallId": "200e0e28-88cc-43e5-8774-28ba791cfa63", "scryfallIllustrationId": "524c6736-deac-42cf-bb6c-6065106372a0", "scryfallOracleId": "eab0d8b9-c66f-402f-b259-f46f15cefd78", "subtypes": ["Elspeth"], "supertypes": ["Legendary"], "tcgplayerProductId": 82751, "text": "[+1]: Create a 1/1 white Soldier creature token.\n[+1]: Target creature gets +3/+3 and gains flying until end of turn.\n[−8]: You get an emblem with \"Artifacts, creatures, enchantments, and lands you control have indestructible.\"", "type": "Legendary Planeswalker — Elspeth", "types": ["Planeswalker"], "uuid": "7c8c6c08-522a-5eea-ac14-1474dc905b9a"}, {"artist": "Peter Mohrbacher", "borderColor": "black", "colorIdentity": [], "colors": [], "convertedManaCost": 0.0, "edhrecRank": 86, "flavorText": "Deserted, but not uninhabited.", "foreignData": [], "frameVersion": "2003", "hasFoil": false, "hasNonFoil": true, "isPaper": true, "isReprint": true, "isStarter": true, "layout": "normal", "legalities": {"commander": "Legal", "duel": "Legal", "legacy": "Legal", "modern": "Legal", "vintage": "Legal"}, "mcmId": 267018, "mcmMetaId": 7587, "mtgstocksId": 24850, "multiverseId": 382185, "name": "Ghost Quarter", "number": "26", "originalText": "{T}: Add {1} to your mana pool.\n{T}, Sacrifice Ghost Quarter: Destroy target land. Its controller may search his or her library for a basic land card, put it onto the battlefield, then shuffle his or her library.", "originalType": "Land", "prices": {"paper": {"2019-06-02": 1.79, "2019-06-09": 1.79, "2019-06-16": 1.79, "2019-06-23": 1.75, "2019-06-30": 1.75, "2019-07-07": 1.76, "2019-07-14": 1.75, "2019-07-21": 1.75, "2019-07-28": 1.7, "2019-08-04": 1.68, "2019-08-11": 1.69, "2019-08-18": 1.67, "2019-08-25": 1.64}, "paperFoil": {}}, "printings": ["C14", "C15", "CM2", "CMA", "DIS", "ISD", "MD1", "TD0"], "purchaseUrls": {"cardmarket": "https://mtgjson.com/links/2f1b8f1e48bce83e", "mtgstocks": "https://mtgjson.com/links/bccbf7319af0fdde", "tcgplayer": "https://mtgjson.com/links/a4f9756003d2d552"}, "rarity": "uncommon", "rulings": [{"date": "2006-05-01", "text": "If you target Ghost Quarter with its own ability, the ability won’t resolve because its target is no longer on the battlefield. You won’t get to search for a land card."}, {"date": "2011-09-22", "text": "If the targeted land is an illegal target by the time Ghost Quarter’s ability resolves, it won’t resolve and none of its effects will happen. The land’s controller won’t get to search for a basic land card."}, {"date": "2013-07-01", "text": "The target land’s controller gets to search for a basic land card even if that land wasn’t destroyed by Ghost Quarter’s ability. This may happen because the land has indestructible or because it was regenerated."}], "scryfallId": "ad9fd015-02b6-482b-a93d-c9489e18df10", "scryfallIllustrationId": "0b1b6a53-76d8-4823-bd99-caa81431d94d", "scryfallOracleId": "2ec4288e-34c6-4831-a2c0-ba1ca1d9d1dc", "subtypes": [], "supertypes": [], "tcgplayerProductId": 82755, "text": "{T}: Add {C}.\n{T}, Sacrifice Ghost Quarter: Destroy target land. Its controller may search their library for a basic land card, put it onto the battlefield, then shuffle their library.", "type": "Land", "types": ["Land"], "uuid": "e29c8883-3df8-5e39-ab43-c038a4487df8"}, {"artist": "Greg Staples", "borderColor": "black", "colorIdentity": ["W"], "colors": ["W"], "convertedManaCost": 2.0, "edhrecRank": 2248, "flavorText": "Together the soldiers were like a golden blade, cutting down their enemies and scarring the darkness.", "foreignData": [], "frameVersion": "2003", "hasFoil": false, "hasNonFoil": true, "isPaper": true, "isReprint": true, "isStarter": true, "layout": "normal", "legalities": {"commander": "Legal", "duel": "Legal", "legacy": "Legal", "modern": "Legal", "penny": "Legal", "vintage": "Legal"}, "manaCost": "{1}{W}", "mcmId": 267019, "mcmMetaId": 10573, "mtgstocksId": 24852, "multiverseId": 382186, "name": "Honor of the Pure", "number": "6", "originalText": "White creatures you control get +1/+1.", "originalType": "Enchantment", "prices": {"paper": {"2019-06-02": 1.99, "2019-06-09": 1.99, "2019-06-16": 2.0, "2019-06-23": 1.99, "2019-06-30": 1.99, "2019-07-07": 1.99, "2019-07-14": 1.99, "2019-07-21": 1.99, "2019-07-28": 1.99, "2019-08-04": 1.98, "2019-08-11": 1.99, "2019-08-18": 1.99, "2019-08-25": 1.98}, "paperFoil": {}}, "printings": ["M10", "M11", "M12", "MD1", "PM10", "PRM", "PS11"], "purchaseUrls": {"cardmarket": "https://mtgjson.com/links/08f36d54b6b25675", "mtgstocks": "https://mtgjson.com/links/eb2b3156f40ea003", "tcgplayer": "https://mtgjson.com/links/abafcb1fb8de060f"}, "rarity": "rare", "rulings": [], "scryfallId": "cf643b03-d388-451b-933a-28f3c4087877", "scryfallIllustrationId": "0c1b3c92-2d0d-4333-a927-9b62429d86b0", "scryfallOracleId": "eb4188bb-62df-4309-bde1-f66318fe2f05", "subtypes": [], "supertypes": [], "tcgplayerProductId": 82741, "text": "White creatures you control get +1/+1.", "type": "Enchantment", "types": ["Enchantment"], "uuid": "323adc24-5dc8-5c33-8f39-0ed5cf0d45b9"}, {"artist": "Tomasz Jedruszek", "borderColor": "black", "colorIdentity": ["B"], "colors": ["B"], "convertedManaCost": 1.0, "edhrecRank": 2597, "flavorText": "You will scream out your innermost secrets just to make it stop.", "foreignData": [], "frameVersion": "2003", "hasFoil": false, "hasNonFoil": true, "isPaper": true, "isReprint": true, "isStarter": true, "layout": "normal", "legalities": {"commander": "Legal", "duel": "Legal", "legacy": "Legal", "modern": "Legal", "vintage": "Legal"}, "manaCost": "{B}", "mcmId": 267020, "mcmMetaId": 11182, "mtgstocksId": 24854, "multiverseId": 382187, "name": "Inquisition of Kozilek", "number": "4", "originalText": "Target player reveals his or her hand. You choose a nonland card from it with converted mana cost 3 or less. That player discards that card.", "originalType": "Sorcery", "prices": {"paper": {"2019-06-02": 5.42, "2019-06-09": 5.49, "2019-06-16": 5.49, "2019-06-23": 5.5, "2019-06-30": 5.5, "2019-07-07": 5.5, "2019-07-14": 5.5, "2019-07-21": 5.55, "2019-07-28": 5.52, "2019-08-04": 5.52, "2019-08-11": 5.65, "2019-08-18": 5.6, "2019-08-25": 5.49}, "paperFoil": {}}, "printings": ["CN2", "MD1", "MM3", "ROE"], "purchaseUrls": {"cardmarket": "https://mtgjson.com/links/8ee5be7167f37b1c", "mtgstocks": "https://mtgjson.com/links/90a99c05f44d4a7d", "tcgplayer": "https://mtgjson.com/links/99e8fee802176cda"}, "rarity": "uncommon", "rulings": [{"date": "2014-02-01", "text": "If you target yourself with this spell, you must reveal your entire hand to the other players just as any other player would."}], "scryfallId": "5c1d4835-c662-4deb-b8f9-cd7b04948edf", "scryfallIllustrationId": "5a4c2371-8dc2-4fca-ae7f-8c4a84638b3c", "scryfallOracleId": "395611fa-aec2-4c9e-92c3-70cf95cc00f4", "subtypes": [], "supertypes": [], "tcgplayerProductId": 82742, "text": "Target player reveals their hand. You choose a nonland card from it with converted mana cost 3 or less. That player discards that card.", "type": "Sorcery", "types": ["Sorcery"], "uuid": "ea0e5113-2e0d-58ef-9387-9bdd52c7eb80"}, {"artist": "Clint Cearley", "borderColor": "black", "colorIdentity": ["W"], "colors": ["W"], "convertedManaCost": 2.0, "edhrecRank": 1040, "flavorText": "In life, they were a motley crew: farmers, lords, cutpurses, priests. In death, they are united in singular, benevolent purpose.", "foreignData": [], "frameVersion": "2003", "hasFoil": false, "hasNonFoil": true, "isPaper": true, "isReprint": true, "isStarter": true, "layout": "normal", "legalities": {"commander": "Legal", "duel": "Legal", "legacy": "Legal", "modern": "Legal", "penny": "Legal", "vintage": "Legal"}, "manaCost": "{1}{W}", "mcmId": 267021, "mcmMetaId": 204109, "mtgstocksId": 24856, "multiverseId": 382188, "name": "Intangible Virtue", "number": "7", "originalText": "Creature tokens you control get +1/+1 and have vigilance.", "originalType": "Enchantment", "prices": {"paper": {"2019-06-02": 0.28, "2019-06-09": 0.27, "2019-06-16": 0.28, "2019-06-23": 0.3, "2019-06-30": 0.3, "2019-07-07": 0.3, "2019-07-14": 0.29, "2019-07-21": 0.3, "2019-07-28": 0.3, "2019-08-04": 0.3, "2019-08-11": 0.32, "2019-08-18": 0.32, "2019-08-25": 0.32}, "paperFoil": {}}, "printings": ["C19", "CNS", "EMA", "ISD", "MD1", "MM3"], "purchaseUrls": {"cardmarket": "https://mtgjson.com/links/cf9b43f176d94f88", "mtgstocks": "https://mtgjson.com/links/96bb80f11a2bf1a1", "tcgplayer": "https://mtgjson.com/links/b19632ec823fd0d9"}, "rarity": "uncommon", "rulings": [], "scryfallId": "47ccaac5-ca40-44de-9db2-13649c8e5722", "scryfallIllustrationId": "94187b15-b169-4556-bab1-6c7fe9d88555", "scryfallOracleId": "d21c3c8f-d105-4ba9-bf69-e5f26f0f8ec5", "subtypes": [], "supertypes": [], "tcgplayerProductId": 82743, "text": "Creature tokens you control get +1/+1 and have vigilance.", "type": "Enchantment", "types": ["Enchantment"], "uuid": "09968338-8fc0-585c-801e-ca47d36a7a38"}, {"artist": "Cliff Childs", "borderColor": "black", "colorIdentity": ["B", "W"], "colors": [], "convertedManaCost": 0.0, "edhrecRank": 119, "flavorText": "Not every church is a place of faith.", "foreignData": [], "frameVersion": "2003", "hasFoil": false, "hasNonFoil": true, "isPaper": true, "isReprint": true, "isStarter": true, "layout": "normal", "legalities": {"brawl": "Legal", "commander": "Legal", "duel": "Legal", "legacy": "Legal", "modern": "Legal", "standard": "Legal", "vintage": "Legal"}, "mcmId": 267022, "mcmMetaId": 203987, "mtgstocksId": 24858, "multiverseId": 382189, "name": "Isolated Chapel", "number": "16", "originalText": "Isolated Chapel enters the battlefield tapped unless you control a Plains or a Swamp.\n{T}: Add {W} or {B} to your mana pool.", "originalType": "Land", "prices": {"paper": {"2019-06-02": 6.27, "2019-06-09": 6.13, "2019-06-16": 6.25, "2019-06-23": 6.06, "2019-06-30": 5.99, "2019-07-07": 5.99, "2019-07-14": 5.95, "2019-07-21": 5.74, "2019-07-28": 5.26, "2019-08-04": 5.07, "2019-08-11": 4.99, "2019-08-18": 4.75, "2019-08-25": 4.8}, "paperFoil": {}}, "printings": ["DOM", "ISD", "MD1", "PDOM"], "purchaseUrls": {"cardmarket": "https://mtgjson.com/links/c3a73f7dcc75e994", "mtgstocks": "https://mtgjson.com/links/8ce506e54f77790c", "tcgplayer": "https://mtgjson.com/links/4fa67cbf28d7e84f"}, "rarity": "rare", "rulings": [], "scryfallId": "4e1ad9b1-f59c-4990-a43f-1a705f09bae7", "scryfallIllustrationId": "6eddf52e-9f26-4810-aaad-a39bfca6f174", "scryfallOracleId": "7e5d9efe-48a9-434b-bb09-056e0e09cc9a", "subtypes": [], "supertypes": [], "tcgplayerProductId": 82734, "text": "Isolated Chapel enters the battlefield tapped unless you control a Plains or a Swamp.\n{T}: Add {W} or {B}.", "type": "Land", "types": ["Land"], "uuid": "93e0b4d6-1063-5a2f-8290-010de18fd774"}, {"artist": "Matt Thompson", "borderColor": "black", "colorIdentity": ["W"], "colors": ["W"], "convertedManaCost": 2.0, "edhrecRank": 2636, "flavorText": "\"Before the war, we prayed to Kataki to sharpen our swords and harden our armor. Without his blessing our weapons are all but useless against the kami hordes.\" —Kenzo the Hardhearted", "foreignData": [], "frameVersion": "2003", "hasFoil": false, "hasNonFoil": true, "isPaper": true, "isReprint": true, "isStarter": true, "layout": "normal", "legalities": {"commander": "Legal", "duel": "Legal", "legacy": "Legal", "modern": "Legal", "vintage": "Legal"}, "manaCost": "{1}{W}", "mcmId": 267023, "mcmMetaId": 7289, "mtgstocksId": 24859, "multiverseId": 382190, "name": "Kataki, War's Wage", "number": "24", "originalText": "All artifacts have \"At the beginning of your upkeep, sacrifice this artifact unless you pay {1}.\"", "originalType": "Legendary Creature — Spirit", "power": "2", "prices": {"paper": {"2019-06-02": 3.68, "2019-06-09": 3.58, "2019-06-16": 3.57, "2019-06-23": 3.56, "2019-06-30": 3.48, "2019-07-07": 3.52, "2019-07-14": 3.37, "2019-07-21": 3.26, "2019-07-28": 3.25, "2019-08-04": 3.25, "2019-08-11": 2.99, "2019-08-18": 2.98, "2019-08-25": 2.99}, "paperFoil": {}}, "printings": ["MD1", "MMA", "SOK"], "purchaseUrls": {"cardmarket": "https://mtgjson.com/links/e6999ede91c8d9ca", "mtgstocks": "https://mtgjson.com/links/9c50872acb9082b9", "tcgplayer": "https://mtgjson.com/links/7f260b0ecf752f68"}, "rarity": "rare", "rulings": [], "scryfallId": "9057835d-3d5c-4daf-af96-3b6ea749b12e", "scryfallIllustrationId": "29baa900-8d35-4c97-9183-6307d4688344", "scryfallOracleId": "27ffa6e9-c161-4f53-8b41-7fae5f199f41", "subtypes": ["Spirit"], "supertypes": ["Legendary"], "tcgplayerProductId": 82756, "text": "All artifacts have \"At the beginning of your upkeep, sacrifice this artifact unless you pay {1}.\"", "toughness": "1", "type": "Legendary Creature — Spirit", "types": ["Creature"], "uuid": "cbcc7978-de82-50b0-a3dd-bda58ae673c8"}, {"artist": "Bud Cook", "borderColor": "black", "colorIdentity": ["B", "W"], "colors": ["W"], "convertedManaCost": 3.0, "edhrecRank": 3619, "flavorText": "The murdered inhabitants of Hollowhenge impart to the living the terror they felt in death.", "foreignData": [], "frameVersion": "2003", "hasFoil": false, "hasNonFoil": true, "isPaper": true, "isReprint": true, "isStarter": true, "layout": "normal", "legalities": {"commander": "Legal", "duel": "Legal", "legacy": "Legal", "modern": "Legal", "vintage": "Legal"}, "manaCost": "{2}{W}", "mcmId": 267024, "mcmMetaId": 204777, "mtgstocksId": 24860, "multiverseId": 382191, "name": "Lingering Souls", "names": [], "number": "11", "originalText": "Put two 1/1 white Spirit creature tokens with flying onto the battlefield.\nFlashback {1}{B} (You may cast this card from your graveyard for its flashback cost. Then exile it.)", "originalType": "Sorcery", "prices": {"paper": {"2019-06-02": 0.94, "2019-06-09": 0.92, "2019-06-16": 0.95, "2019-06-23": 0.98, "2019-06-30": 0.94, "2019-07-07": 0.96, "2019-07-14": 0.98, "2019-07-21": 0.95, "2019-07-28": 0.95, "2019-08-04": 0.94, "2019-08-11": 0.94, "2019-08-18": 0.94, "2019-08-25": 0.95}, "paperFoil": {}}, "printings": ["DDK", "DKA", "F12", "MD1", "MM3", "PRM"], "purchaseUrls": {"cardmarket": "https://mtgjson.com/links/d5abb6c3e7e9bf1f", "mtgstocks": "https://mtgjson.com/links/15aa2672e65ce0d2", "tcgplayer": "https://mtgjson.com/links/65e2d0e1e77c615b"}, "rarity": "uncommon", "rulings": [], "scryfallId": "70e33f45-7d47-423b-a123-8541f1d1afb4", "scryfallIllustrationId": "1541a315-1b23-418f-b291-2c8f60740935", "scryfallOracleId": "0b8c3337-04dd-4798-8203-6d8b8cfb936b", "subtypes": [], "supertypes": [], "tcgplayerProductId": 82744, "text": "Create two 1/1 white Spirit creature tokens with flying.\nFlashback {1}{B} (You may cast this card from your graveyard for its flashback cost. Then exile it.)", "type": "Sorcery", "types": ["Sorcery"], "uuid": "37d20a18-95f1-533a-85ea-af316db938d3"}, {"artist": "Todd Lockwood", "borderColor": "black", "colorIdentity": ["W"], "colors": ["W"], "convertedManaCost": 1.0, "edhrecRank": 38, "foreignData": [], "frameVersion": "2003", "hasFoil": false, "hasNonFoil": true, "isPaper": true, "isReprint": true, "isStarter": true, "layout": "normal", "legalities": {"commander": "Legal", "duel": "Legal", "legacy": "Legal", "modern": "Legal", "vintage": "Legal"}, "manaCost": "{W}", "mcmId": 267025, "mcmMetaId": 10286, "mtgstocksId": 24861, "multiverseId": 382192, "name": "Path to Exile", "number": "3", "originalText": "Exile target creature. Its controller may search his or her library for a basic land card, put that card onto the battlefield tapped, then shuffle his or her library.", "originalType": "Instant", "prices": {"paper": {"2019-06-02": 10.55, "2019-06-09": 10.11, "2019-06-16": 10.25, "2019-06-23": 10.0, "2019-06-30": 11.22, "2019-07-07": 10.99, "2019-07-14": 10.99, "2019-07-21": 10.99, "2019-07-28": 10.54, "2019-08-04": 10.41, "2019-08-11": 10.34, "2019-08-18": 9.99, "2019-08-25": 9.99}, "paperFoil": {}}, "printings": ["ARC", "CMA", "CMD", "CON", "DDI", "E02", "F15", "MD1", "MM3", "MMA", "PRM", "PWP09", "SS2"], "purchaseUrls": {"cardmarket": "https://mtgjson.com/links/9b7de31007548a59", "mtgstocks": "https://mtgjson.com/links/471b6f1ab60cd49a", "tcgplayer": "https://mtgjson.com/links/e6d9ef5c79949c9b"}, "rarity": "uncommon", "rulings": [{"date": "2017-03-14", "text": "If the targeted creature becomes an illegal target by the time Path to Exile would resolve, the entire spell doesn’t resolve. The creature’s controller won’t search for a basic land card."}, {"date": "2017-03-14", "text": "The controller of the exiled creature isn’t required to search their library for a basic land. If that player doesn’t, the player won’t shuffle their library."}], "scryfallId": "045ce37b-86d2-4e56-84af-b6625b53d13c", "scryfallIllustrationId": "521e5f89-b059-432f-b515-c207cccf3796", "scryfallOracleId": "d683d985-9888-4d21-8b5f-69e69ce4a03b", "subtypes": [], "supertypes": [], "tcgplayerProductId": 82745, "text": "Exile target creature. Its controller may search their library for a basic land card, put that card onto the battlefield tapped, then shuffle their library.", "type": "Instant", "types": ["Instant"], "uuid": "dc60dc16-3fd1-5f0f-b952-6807e947622e"}, {"artist": "Adam Paquette", "borderColor": "black", "colorIdentity": ["W"], "colors": [], "convertedManaCost": 0.0, "foreignData": [], "frameVersion": "2003", "hasFoil": false, "hasNonFoil": true, "isPaper": true, "isReprint": true, "isStarter": true, "layout": "normal", "legalities": {"brawl": "Legal", "commander": "Legal", "duel": "Legal", "future": "Legal", "legacy": "Legal", "modern": "Legal", "pauper": "Legal", "penny": "Legal", "standard": "Legal", "vintage": "Legal"}, "mcmId": 267026, "mcmMetaId": 4251, "mtgstocksId": 24862, "multiverseId": 382193, "name": "Plains", "number": "19", "originalText": "W", "originalType": "Basic Land — Plains", "prices": {"paper": {"2019-06-02": 0.39, "2019-06-09": 0.39, "2019-06-16": 0.39, "2019-06-23": 0.39, "2019-06-30": 0.35, "2019-07-07": 0.38, "2019-07-14": 0.35, "2019-07-21": 0.3, "2019-07-28": 0.34, "2019-08-04": 0.3, "2019-08-11": 0.35, "2019-08-18": 0.35, "2019-08-25": 0.35}, "paperFoil": {}}, "printings": ["10E", "2ED", "3ED", "4BB", "4ED", "5ED", "6ED", "7ED", "8ED", "9ED", "AKH", "ALA", "ANA", "ARC", "ATH", "AVR", "BBD", "BFZ", "BRB", "C13", "C14", "C15", "C16", "C17", "C18", "C19", "CED", "CEI", "CHK", "CM2", "CMA", "CMD", "CST", "DDC", "DDE", "DDF", "DDG", "DDH", "DDI", "DDK", "DDL", "DDN", "DDO", "DDP", "DDQ", "DOM", "DTK", "DVD", "E01", "FBB", "FRF", "G17", "GK1", "GK2", "GNT", "GRN", "GS1", "H09", "HOP", "HOU", "ICE", "INV", "ISD", "ITP", "J14", "KLD", "KTK", "LEA", "LEB", "LRW", "M10", "M11", "M12", "M13", "M14", "M15", "M19", "M20", "MBS", "MD1", "ME1", "ME3", "MIR", "MMQ", "MRD", "NPH", "ODY", "ONS", "ORI", "P02", "PAL00", "PAL01", "PAL03", "PAL04", "PAL05", "PAL06", "PAL99", "PALP", "PARL", "PC2", "PCA", "PDGM", "PELP", "PF19", "PGPX", "PGRU", "PMPS", "PMPS06", "PMPS07", "PMPS08", "PMPS09", "PMPS10", "PMPS11", "POR", "PPP1", "PRM", "PRW2", "PRWK", "PS11", "PSAL", "PSS2", "PSS3", "PTC", "PTK", "PZ2", "RAV", "RIX", "RNA", "ROE", "RQS", "RTR", "S99", "SHM", "SOI", "SOM", "SUM", "TD0", "TD2", "THS", "TMP", "TPR", "TSP", "UGL", "UNH", "USG", "UST", "WAR", "WC00", "WC02", "WC03", "WC04", "WC97", "WC98", "XLN", "ZEN"], "purchaseUrls": {"cardmarket": "https://mtgjson.com/links/2d6253cb417cd561", "mtgstocks": "https://mtgjson.com/links/ebca3f91aa31edb3", "tcgplayer": "https://mtgjson.com/links/95dec5c17f0ecc70"}, "rarity": "common", "rulings": [], "scryfallId": "19d1d724-731a-4125-99d1-25a81e8ff08c", "scryfallIllustrationId": "b888c083-98c5-4ff5-81b1-cf98c79ed9c8", "scryfallOracleId": "bc71ebf6-2056-41f7-be35-b2e5c34afa99", "subtypes": ["Plains"], "supertypes": ["Basic"], "tcgplayerProductId": 82735, "text": "({T}: Add {W}.)", "type": "Basic Land — Plains", "types": ["Land"], "uuid": "de0906ed-9951-520d-904e-e55a91339fc0"}, {"artist": "John Matson", "borderColor": "black", "colorIdentity": ["W"], "colors": ["W"], "convertedManaCost": 2.0, "edhrecRank": 3569, "flavorText": "\"The nim raid our homes without warning. We must defend our homes without hesitation.\"", "foreignData": [], "frameVersion": "2003", "hasFoil": false, "hasNonFoil": true, "isPaper": true, "isReprint": true, "isStarter": true, "layout": "normal", "legalities": {"brawl": "Legal", "commander": "Legal", "duel": "Legal", "future": "Legal", "legacy": "Legal", "modern": "Legal", "pauper": "Legal", "penny": "Legal", "standard": "Legal", "vintage": "Legal"}, "manaCost": "{1}{W}", "mcmId": 267027, "mcmMetaId": 4485, "mtgstocksId": 24863, "multiverseId": 382194, "name": "Raise the Alarm", "names": [], "number": "8", "originalText": "Put two 1/1 white Soldier creature tokens onto the battlefield.", "originalType": "Instant", "prices": {"paper": {"2019-06-02": 0.2, "2019-06-09": 0.2, "2019-06-16": 0.2, "2019-06-23": 0.2, "2019-06-30": 0.2, "2019-07-07": 0.2, "2019-07-14": 0.2, "2019-07-21": 0.2, "2019-07-28": 0.2, "2019-08-04": 0.19, "2019-08-11": 0.19, "2019-08-18": 0.19, "2019-08-25": 0.2}, "paperFoil": {}}, "printings": ["CN2", "DDF", "DDO", "EMA", "M15", "M20", "MD1", "MM2", "MRD"], "purchaseUrls": {"cardmarket": "https://mtgjson.com/links/d1b565fc2cc8dfb3", "mtgstocks": "https://mtgjson.com/links/a666df490499907b", "tcgplayer": "https://mtgjson.com/links/2f3f0cd529236e6b"}, "rarity": "common", "rulings": [], "scryfallId": "23a3e9e3-5ec1-4f4c-9bbd-84908fa09ed3", "scryfallIllustrationId": "ba5aa74e-967b-40af-8cf1-a17c454ef04c", "scryfallOracleId": "5b2364d7-a811-4595-a1b4-224c70555ffa", "subtypes": [], "supertypes": [], "tcgplayerProductId": 82746, "text": "Create two 1/1 white Soldier creature tokens.", "type": "Instant", "types": ["Instant"], "uuid": "f59f3d42-4320-5b90-a4a6-443af342ec6d"}, {"artist": "Jean-Sébastien Rossbach", "borderColor": "black", "colorIdentity": [], "colors": [], "convertedManaCost": 1.0, "edhrecRank": 1158, "flavorText": "Elves believe the hydra-god Progenitus sleeps beneath Naya, feeding on forgotten magics.", "foreignData": [], "frameVersion": "2003", "hasFoil": false, "hasNonFoil": true, "isPaper": true, "isReprint": true, "isStarter": true, "layout": "normal", "legalities": {"commander": "Legal", "duel": "Legal", "legacy": "Legal", "modern": "Legal", "pauper": "Legal", "vintage": "Legal"}, "manaCost": "{1}", "mcmId": 267028, "mcmMetaId": 10082, "mtgstocksId": 24864, "multiverseId": 382195, "name": "Relic of Progenitus", "number": "21", "originalText": "{T}: Target player exiles a card from his or her graveyard.\n{1}, Exile Relic of Progenitus: Exile all cards from all graveyards. Draw a card.", "originalType": "Artifact", "prices": {"paper": {"2019-06-02": 4.63, "2019-06-09": 4.64, "2019-06-16": 4.7, "2019-06-23": 4.82, "2019-06-30": 4.71, "2019-07-07": 4.73, "2019-07-14": 4.6, "2019-07-21": 4.61, "2019-07-28": 4.6, "2019-08-04": 4.7, "2019-08-11": 4.62, "2019-08-18": 4.5, "2019-08-25": 4.59}, "paperFoil": {}}, "printings": ["ALA", "EMA", "HOP", "MD1", "MMA", "TD0"], "purchaseUrls": {"cardmarket": "https://mtgjson.com/links/6955a8e758b3ce70", "mtgstocks": "https://mtgjson.com/links/4cb90db560552811", "tcgplayer": "https://mtgjson.com/links/d98acb3d5fa23a54"}, "rarity": "uncommon", "rulings": [{"date": "2016-06-08", "text": "If you activate Relic of Progenitus’s first ability, the targeted player chooses which card to exile. The choice is made as the ability resolves."}, {"date": "2016-06-08", "text": "You can activate Relic of Progenitus’s second ability even if no players have any cards in their graveyards. You’ll still draw a card."}], "scryfallId": "f77a1544-ba6b-41cc-af10-34cf162eac9b", "scryfallIllustrationId": "1d878886-49de-4351-b12b-b5a274e466d5", "scryfallOracleId": "6a9c3401-570c-41cb-a605-75dfa57d6ab7", "subtypes": [], "supertypes": [], "tcgplayerProductId": 82757, "text": "{T}: Target player exiles a card from their graveyard.\n{1}, Exile Relic of Progenitus: Exile all cards from all graveyards. Draw a card.", "type": "Artifact", "types": ["Artifact"], "uuid": "307dc50a-5715-5f17-92ee-7acd994a2b9c"}, {"artist": "Igor Kieryluk", "borderColor": "black", "colorIdentity": [], "colors": [], "convertedManaCost": 2.0, "edhrecRank": 6915, "foreignData": [], "frameVersion": "2003", "hasFoil": false, "hasNonFoil": true, "isPaper": true, "isReprint": true, "isStarter": true, "layout": "normal", "legalities": {"commander": "Legal", "duel": "Legal", "legacy": "Legal", "modern": "Legal", "penny": "Legal", "vintage": "Legal"}, "manaCost": "{2}", "mcmId": 267029, "mcmMetaId": 202790, "mtgstocksId": 24865, "multiverseId": 382196, "name": "Shrine of Loyal Legions", "names": [], "number": "5", "originalText": "At the beginning of your upkeep or whenever you cast a white spell, put a charge counter on Shrine of Loyal Legions.\n{3}, {T}, Sacrifice Shrine of Loyal Legions: Put a 1/1 colorless Myr artifact creature token onto the battlefield for each charge counter on Shrine of Loyal Legions.", "originalType": "Artifact", "prices": {"paper": {"2019-06-02": 0.24, "2019-06-09": 0.24, "2019-06-16": 0.24, "2019-06-23": 0.24, "2019-06-30": 0.24, "2019-07-07": 0.25, "2019-07-14": 0.25, "2019-07-21": 0.25, "2019-07-28": 0.25, "2019-08-04": 0.25, "2019-08-11": 0.25, "2019-08-18": 0.25, "2019-08-25": 0.25}, "paperFoil": {}}, "printings": ["MD1", "NPH"], "purchaseUrls": {"cardmarket": "https://mtgjson.com/links/de6a93cb48d4b7b3", "mtgstocks": "https://mtgjson.com/links/6b97a267563b2736", "tcgplayer": "https://mtgjson.com/links/6c3105ee99c37997"}, "rarity": "uncommon", "rulings": [], "scryfallId": "ced53428-391d-4b61-83e8-cce297e28de9", "scryfallIllustrationId": "b6597efd-ad02-4bc8-bd30-f49abc0ba362", "scryfallOracleId": "9696ad3d-2e17-4ab7-88ee-3c56a632b7a8", "subtypes": [], "supertypes": [], "tcgplayerProductId": 82747, "text": "At the beginning of your upkeep or whenever you cast a white spell, put a charge counter on Shrine of Loyal Legions.\n{3}, {T}, Sacrifice Shrine of Loyal Legions: Create a 1/1 colorless Myr artifact creature token for each charge counter on Shrine of Loyal Legions.", "type": "Artifact", "types": ["Artifact"], "uuid": "87a202c4-8021-5211-948d-8ab1f95fce15", "watermark": "phyrexian"}, {"artist": "Randy Gallegos", "borderColor": "black", "colorIdentity": ["W"], "colors": ["W"], "convertedManaCost": 1.0, "edhrecRank": 646, "flavorText": "\"One does not question the size or shape of the grains of sand in an hourglass. Nor do I question the temperament of the souls under my guidance.\"", "foreignData": [], "frameVersion": "2003", "hasFoil": false, "hasNonFoil": true, "isPaper": true, "isReprint": true, "isStarter": true, "layout": "normal", "legalities": {"commander": "Legal", "duel": "Legal", "legacy": "Legal", "modern": "Legal", "pauper": "Legal", "penny": "Legal", "vintage": "Legal"}, "manaCost": "{W}", "mcmId": 267030, "mcmMetaId": 5423, "mtgstocksId": 24866, "multiverseId": 382197, "name": "Soul Warden", "number": "1", "originalText": "Whenever another creature enters the battlefield, you gain 1 life.", "originalType": "Creature — Human Cleric", "power": "1", "prices": {"paper": {"2019-06-02": 0.77, "2019-06-09": 0.79, "2019-06-16": 0.78, "2019-06-23": 0.78, "2019-06-30": 0.78, "2019-07-07": 0.79, "2019-07-14": 0.77, "2019-07-21": 0.79, "2019-07-28": 0.76, "2019-08-04": 0.75, "2019-08-11": 0.76, "2019-08-18": 0.71, "2019-08-25": 0.7}, "paperFoil": {}}, "printings": ["10E", "9ED", "BRB", "EXO", "HOP", "M10", "MD1", "MM3", "PSAL", "WC98"], "purchaseUrls": {"cardmarket": "https://mtgjson.com/links/1aab11a3f927f374", "mtgstocks": "https://mtgjson.com/links/403be7d6f1e4db66", "tcgplayer": "https://mtgjson.com/links/d863fd4c1414e62f"}, "rarity": "common", "rulings": [{"date": "2004-10-04", "text": "Does not trigger on a card on the battlefield being changed into a creature."}, {"date": "2004-10-04", "text": "The ability will not trigger on itself entering the battlefield, but it will trigger on any other creature that is put onto the battlefield at the same time."}, {"date": "2005-08-01", "text": "Two Soul Wardens entering the battlefield at the same time will each cause the other’s ability to trigger."}, {"date": "2005-08-01", "text": "The life gain is mandatory."}], "scryfallId": "d563249e-7203-4d54-af5a-82d2f1a584cb", "scryfallIllustrationId": "c59983d5-da9e-4f54-aef7-ec8742c1f355", "scryfallOracleId": "f3fad295-1af2-4ecc-8546-b121ad6be27b", "subtypes": ["Human", "Cleric"], "supertypes": [], "tcgplayerProductId": 82739, "text": "Whenever another creature enters the battlefield, you gain 1 life.", "toughness": "1", "type": "Creature — Human Cleric", "types": ["Creature"], "uuid": "b9bf70d4-ab90-51bc-98eb-0fdea385d8a9"}, {"artist": "Tomasz Jedruszek", "borderColor": "black", "colorIdentity": ["W"], "colors": ["W"], "convertedManaCost": 6.0, "edhrecRank": 4242, "flavorText": "\"I need never remember my past associates, my victims, my mistakes. Innistrad preserves them all for me.\" —Sorin Markov", "foreignData": [], "frameVersion": "2003", "hasFoil": false, "hasNonFoil": true, "isPaper": true, "isReprint": true, "isStarter": true, "layout": "normal", "legalities": {"commander": "Legal", "duel": "Legal", "legacy": "Legal", "modern": "Legal", "vintage": "Legal"}, "manaCost": "{2/W}{2/W}{2/W}", "mcmId": 267031, "mcmMetaId": 9589, "mtgstocksId": 24867, "multiverseId": 382198, "name": "Spectral Procession", "names": [], "number": "12", "originalText": "Put three 1/1 white Spirit creature tokens with flying onto the battlefield.", "originalType": "Sorcery", "prices": {"paper": {"2019-06-02": 0.5, "2019-06-09": 0.5, "2019-06-16": 0.53, "2019-06-23": 0.54, "2019-06-30": 0.54, "2019-07-07": 0.54, "2019-07-14": 0.55, "2019-07-21": 0.53, "2019-07-28": 0.52, "2019-08-04": 0.52, "2019-08-11": 0.52, "2019-08-18": 0.52, "2019-08-25": 0.51}, "paperFoil": {}}, "printings": ["C14", "DDK", "MD1", "MM2", "SHM"], "purchaseUrls": {"cardmarket": "https://mtgjson.com/links/d2262cc501d2dae7", "mtgstocks": "https://mtgjson.com/links/daedc5332d234b54", "tcgplayer": "https://mtgjson.com/links/cc121a036ff19a7c"}, "rarity": "uncommon", "rulings": [{"date": "2008-05-01", "text": "If an effect reduces the cost to cast a spell by an amount of generic mana, it applies to a monocolored hybrid spell only if you’ve chosen a method of paying for it that includes generic mana."}, {"date": "2008-05-01", "text": "A card with a monocolored hybrid mana symbol in its mana cost is each of the colors that appears in its mana cost, regardless of what mana was spent to cast it. Thus, Spectral Procession is white even if you spend six blue mana to cast it."}, {"date": "2008-05-01", "text": "A card with monocolored hybrid mana symbols in its mana cost has a converted mana cost equal to the highest possible cost it could be cast for. Its converted mana cost never changes. Thus, Spectral Procession has a converted mana cost of 6, even if you spend {W}{W}{W} to cast it."}, {"date": "2008-05-01", "text": "If a cost includes more than one monocolored hybrid mana symbol, you can choose a different way to pay for each symbol. For example, you can pay for Spectral Procession by spending {W}{W}{W}, {2}{W}{W}, {4}{W}, or {6}."}], "scryfallId": "9ac8b456-4a5e-4255-ab5b-694e83a2bbaa", "scryfallIllustrationId": "07e86e33-4491-4abc-b081-af1ed986b71f", "scryfallOracleId": "376271a6-80f0-47a6-990a-5ec5517aae42", "subtypes": [], "supertypes": [], "tcgplayerProductId": 82748, "text": "Create three 1/1 white Spirit creature tokens with flying.", "type": "Sorcery", "types": ["Sorcery"], "uuid": "e2057e98-f97e-5a9a-b55f-362efed3f1df"}, {"artist": "Adam Paquette", "borderColor": "black", "colorIdentity": ["B"], "colors": [], "convertedManaCost": 0.0, "foreignData": [], "frameVersion": "2003", "hasFoil": false, "hasNonFoil": true, "isPaper": true, "isReprint": true, "isStarter": true, "layout": "normal", "legalities": {"brawl": "Legal", "commander": "Legal", "duel": "Legal", "future": "Legal", "legacy": "Legal", "modern": "Legal", "pauper": "Legal", "penny": "Legal", "standard": "Legal", "vintage": "Legal"}, "mcmId": 267032, "mcmMetaId": 5739, "mtgstocksId": 24868, "multiverseId": 382199, "name": "Swamp", "number": "20", "originalText": "B", "originalType": "Basic Land — Swamp", "prices": {"paper": {"2019-06-02": 0.5, "2019-06-09": 0.5, "2019-06-16": 0.5, "2019-06-23": 0.5, "2019-06-30": 0.49, "2019-07-07": 0.49, "2019-07-14": 0.49, "2019-07-21": 0.49, "2019-07-28": 0.46, "2019-08-04": 0.47, "2019-08-11": 0.48, "2019-08-18": 0.48, "2019-08-25": 0.48}, "paperFoil": {}}, "printings": ["10E", "2ED", "3ED", "4BB", "4ED", "5ED", "6ED", "7ED", "8ED", "9ED", "AKH", "ALA", "ANA", "ARC", "ATH", "AVR", "BBD", "BFZ", "BRB", "BTD", "C13", "C14", "C15", "C16", "C17", "C18", "C19", "CED", "CEI", "CHK", "CM2", "CMA", "CMD", "CST", "DDC", "DDD", "DDE", "DDH", "DDJ", "DDK", "DDM", "DDN", "DDP", "DDQ", "DDR", "DKM", "DOM", "DPA", "DTK", "DVD", "E01", "FBB", "FRF", "G17", "GK1", "GK2", "GNT", "GRN", "GVL", "H09", "HOP", "HOU", "ICE", "INV", "ISD", "ITP", "J14", "KLD", "KTK", "LEA", "LEB", "LRW", "M10", "M11", "M12", "M13", "M14", "M15", "M19", "M20", "MBS", "MD1", "ME1", "ME3", "MIR", "MMQ", "MRD", "NPH", "ODY", "ONS", "ORI", "P02", "PAL00", "PAL01", "PAL03", "PAL04", "PAL05", "PAL06", "PAL99", "PALP", "PARL", "PC2", "PCA", "PD3", "PELP", "PF19", "PGPX", "PGRU", "PHUK", "PMPS", "PMPS06", "PMPS07", "PMPS08", "PMPS09", "PMPS10", "PMPS11", "POR", "PPP1", "PRM", "PRW2", "PRWK", "PS11", "PSAL", "PSS2", "PSS3", "PTC", "PTK", "RAV", "RIX", "RNA", "ROE", "RQS", "RTR", "S99", "SHM", "SOI", "SOM", "SUM", "TD0", "TD2", "THS", "TMP", "TPR", "TSP", "UGL", "UNH", "USG", "UST", "WAR", "WC01", "WC02", "WC03", "WC97", "WC98", "WC99", "XLN", "ZEN"], "purchaseUrls": {"cardmarket": "https://mtgjson.com/links/f9bc2f73b29f701a", "mtgstocks": "https://mtgjson.com/links/bb83396ee9feaf60", "tcgplayer": "https://mtgjson.com/links/cf2bacbe4cc21329"}, "rarity": "common", "rulings": [], "scryfallId": "e2029951-b0cb-4c09-8dc1-ec177e278877", "scryfallIllustrationId": "c7be2143-24ca-45c1-831f-c6fd961a0bb1", "scryfallOracleId": "56719f6a-1a6c-4c0a-8d21-18f7d7350b68", "subtypes": ["Swamp"], "supertypes": ["Basic"], "tcgplayerProductId": 82736, "text": "({T}: Add {B}.)", "type": "Basic Land — Swamp", "types": ["Land"], "uuid": "24640f8f-5180-505c-90e6-b979c930cca6"}, {"artist": "Chris Rahn", "borderColor": "black", "colorIdentity": [], "colors": [], "convertedManaCost": 3.0, "edhrecRank": 288, "foreignData": [], "frameVersion": "2003", "hasFoil": false, "hasNonFoil": true, "isPaper": true, "isReprint": true, "isStarter": true, "layout": "normal", "legalities": {"commander": "Legal", "duel": "Legal", "legacy": "Legal", "modern": "Legal", "vintage": "Legal"}, "manaCost": "{3}", "mcmId": 267033, "mcmMetaId": 202437, "mtgstocksId": 24869, "multiverseId": 382200, "name": "Sword of Feast and Famine", "number": "10", "originalText": "Equipped creature gets +2/+2 and has protection from black and from green.\nWhenever equipped creature deals combat damage to a player, that player discards a card and you untap all lands you control.\nEquip {2}", "originalType": "Artifact — Equipment", "prices": {"paper": {"2019-06-02": 40.25, "2019-06-09": 41.19, "2019-06-16": 41.99, "2019-06-23": 40.74, "2019-06-30": 40.49, "2019-07-07": 40.87, "2019-07-14": 40.24, "2019-07-21": 40.49, "2019-07-28": 41.01, "2019-08-04": 42.0, "2019-08-11": 41.9, "2019-08-18": 40.49, "2019-08-25": 40.07}, "paperFoil": {}}, "printings": ["J14", "MBS", "MD1", "MPS", "PGPX", "PRM"], "purchaseUrls": {"cardmarket": "https://mtgjson.com/links/aeb085bf865c387b", "mtgstocks": "https://mtgjson.com/links/a1313be59b620329", "tcgplayer": "https://mtgjson.com/links/36c39fa8cff0bc74"}, "rarity": "mythic", "rulings": [{"date": "2011-06-01", "text": "You’ll untap all lands you control even if the player doesn’t discard a card."}], "scryfallId": "9b370b3f-ae0d-4744-8b3d-3c48c81c1326", "scryfallIllustrationId": "83d60a35-d3ac-461c-858a-ca25616b3a22", "scryfallOracleId": "d0901053-6de0-46d0-9ee3-8d40510236c1", "subtypes": ["Equipment"], "supertypes": [], "tcgplayerProductId": 82749, "text": "Equipped creature gets +2/+2 and has protection from black and from green.\nWhenever equipped creature deals combat damage to a player, that player discards a card and you untap all lands you control.\nEquip {2}", "type": "Artifact — Equipment", "types": ["Artifact"], "uuid": "96437c0f-78c3-5909-8cfd-159426dc1532", "watermark": "mirran"}, {"artist": "rk post", "borderColor": "black", "colorIdentity": ["B", "W"], "colors": ["B", "W"], "convertedManaCost": 2.0, "edhrecRank": 4562, "foreignData": [], "frameVersion": "2003", "hasFoil": false, "hasNonFoil": true, "isPaper": true, "isReprint": true, "isStarter": true, "layout": "normal", "legalities": {"commander": "Legal", "duel": "Legal", "legacy": "Legal", "modern": "Legal", "vintage": "Legal"}, "manaCost": "{W}{B}", "mcmId": 267034, "mcmMetaId": 10254, "mtgstocksId": 24870, "multiverseId": 382201, "name": "Tidehollow Sculler", "number": "2", "originalText": "When Tidehollow Sculler enters the battlefield, target opponent reveals his or her hand and you choose a nonland card from it. Exile that card.\nWhen Tidehollow Sculler leaves the battlefield, return the exiled card to its owner's hand.", "originalType": "Artifact Creature — Zombie", "power": "2", "prices": {"paper": {"2019-06-02": 1.19, "2019-06-09": 1.19, "2019-06-16": 1.19, "2019-06-23": 1.19, "2019-06-30": 1.19, "2019-07-07": 1.19, "2019-07-14": 1.15, "2019-07-21": 1.13, "2019-07-28": 1.19, "2019-08-04": 1.19, "2019-08-11": 1.13, "2019-08-18": 1.19, "2019-08-25": 1.19}, "paperFoil": {}}, "printings": ["ALA", "F10", "MD1", "MMA", "PRM"], "purchaseUrls": {"cardmarket": "https://mtgjson.com/links/6343a2b38b151dbb", "mtgstocks": "https://mtgjson.com/links/bd2e19c4d84728cb", "tcgplayer": "https://mtgjson.com/links/a19d60eae0bbf7c4"}, "rarity": "uncommon", "rulings": [{"date": "2013-06-07", "text": "If Tidehollow Sculler leaves the battlefield before its first ability has resolved, its second ability will trigger. This ability will do nothing when it resolves. Then its first ability will resolve and exile the chosen card forever."}], "scryfallId": "ba9c7a2e-99c6-4498-a8ed-9171cd9373e0", "scryfallIllustrationId": "44bd8545-c02d-4fd9-845a-ebd08cab4e29", "scryfallOracleId": "51b55057-8b14-4277-894b-4813b4f7eb39", "subtypes": ["Zombie"], "supertypes": [], "tcgplayerProductId": 82740, "text": "When Tidehollow Sculler enters the battlefield, target opponent reveals their hand and you choose a nonland card from it. Exile that card.\nWhen Tidehollow Sculler leaves the battlefield, return the exiled card to its owner's hand.", "toughness": "2", "type": "Artifact Creature — Zombie", "types": ["Artifact", "Creature"], "uuid": "fa1cc017-e161-56af-a2ce-30f6c1f9a299"}, {"artist": "John Avon", "borderColor": "black", "colorIdentity": ["B", "W"], "colors": [], "convertedManaCost": 0.0, "edhrecRank": 612, "flavorText": "\"For centuries my creation kept this world in balance. Now only her shadow remains.\" —Sorin Markov", "foreignData": [], "frameVersion": "2003", "hasFoil": false, "hasNonFoil": true, "isPaper": true, "isReprint": true, "isStarter": true, "layout": "normal", "legalities": {"commander": "Legal", "duel": "Legal", "legacy": "Legal", "modern": "Legal", "vintage": "Legal"}, "mcmId": 267035, "mcmMetaId": 204801, "mtgstocksId": 24871, "multiverseId": 382202, "name": "Vault of the Archangel", "number": "17", "originalText": "{T}: Add {1} to your mana pool.\n{2}{W}{B}, {T}: Creatures you control gain deathtouch and lifelink until end of turn.", "originalType": "Land", "prices": {"paper": {"2019-06-02": 3.49, "2019-06-09": 3.32, "2019-06-16": 3.44, "2019-06-23": 3.42, "2019-06-30": 3.3, "2019-07-07": 3.41, "2019-07-14": 3.41, "2019-07-21": 3.45, "2019-07-28": 3.37, "2019-08-04": 3.44, "2019-08-11": 3.39, "2019-08-18": 3.42, "2019-08-25": 3.42}, "paperFoil": {}}, "printings": ["DKA", "MD1"], "purchaseUrls": {"cardmarket": "https://mtgjson.com/links/d84e327dbc7b47be", "mtgstocks": "https://mtgjson.com/links/a7b760eb64b5d09c", "tcgplayer": "https://mtgjson.com/links/0bbb8ddfccbba3e3"}, "rarity": "rare", "rulings": [{"date": "2011-01-22", "text": "Vault of the Archangel’s last ability affects only creatures you control when that ability resolves. It won’t affect creatures that come under your control later in the turn."}, {"date": "2011-01-22", "text": "Multiple instances of deathtouch or lifelink on the same creature are redundant."}], "scryfallId": "6efbe3db-5d38-4807-9348-0204fa5a7681", "scryfallIllustrationId": "a5af8601-d277-40ec-b7db-7c067d95aff1", "scryfallOracleId": "eeaac65a-3480-475a-bb28-e6375d53f487", "subtypes": [], "supertypes": [], "tcgplayerProductId": 82737, "text": "{T}: Add {C}.\n{2}{W}{B}, {T}: Creatures you control gain deathtouch and lifelink until end of turn.", "type": "Land", "types": ["Land"], "uuid": "8e0c1e22-e1c5-5e32-8861-c11c14fb76c3"}, {"artist": "Omar Rayyan", "borderColor": "black", "colorIdentity": ["W"], "colors": [], "convertedManaCost": 0.0, "edhrecRank": 898, "foreignData": [], "frameVersion": "2003", "hasFoil": false, "hasNonFoil": true, "isPaper": true, "isReprint": true, "isStarter": true, "layout": "normal", "legalities": {"commander": "Legal", "duel": "Legal", "legacy": "Legal", "modern": "Legal", "vintage": "Legal"}, "mcmId": 267036, "mcmMetaId": 9392, "mtgstocksId": 24872, "multiverseId": 382203, "name": "Windbrisk Heights", "number": "18", "originalText": "Hideaway (This land enters the battlefield tapped. When it does, look at the top four cards of your library, exile one face down, then put the rest on the bottom of your library.)\n{T}: Add {W} to your mana pool.\n{W}, {T}: You may play the exiled card without paying its mana cost if you attacked with three or more creatures this turn.", "originalType": "Land", "prices": {"paper": {"2019-06-02": 1.23, "2019-06-09": 1.22, "2019-06-16": 1.31, "2019-06-23": 1.36, "2019-06-30": 1.38, "2019-07-07": 1.37, "2019-07-14": 1.44, "2019-07-21": 1.44, "2019-07-28": 1.39, "2019-08-04": 1.37, "2019-08-11": 1.34, "2019-08-18": 1.32, "2019-08-25": 1.3}, "paperFoil": {}}, "printings": ["C16", "LRW", "MD1", "V12"], "purchaseUrls": {"cardmarket": "https://mtgjson.com/links/61a1fb2fb35dde28", "mtgstocks": "https://mtgjson.com/links/12a2fd5f4fe6f5f0", "tcgplayer": "https://mtgjson.com/links/ef23be909351f93c"}, "rarity": "rare", "rulings": [{"date": "2007-10-01", "text": "At the time the ability resolves, you’ll get to play the card if you declared three different creatures as attackers at any point in the turn. A creature declared as an attacker in two different attack phases counts only once. A creature that entered the battlefield attacking (such as a token created by Militia’s Pride) doesn’t count because you never attacked with it."}], "scryfallId": "10822e32-adf3-4ad7-b889-e81d68983b5b", "scryfallIllustrationId": "255e53a7-fcc2-4cb4-bcd3-6591fca44e22", "scryfallOracleId": "3589bcfc-42b0-414a-adce-bc690dc631c8", "subtypes": [], "supertypes": [], "tcgplayerProductId": 82738, "text": "Hideaway (This land enters the battlefield tapped. When it does, look at the top four cards of your library, exile one face down, then put the rest on the bottom of your library.)\n{T}: Add {W}.\n{W}, {T}: You may play the exiled card without paying its mana cost if you attacked with three or more creatures this turn.", "type": "Land", "types": ["Land"], "uuid": "16b89b7b-cbc2-571b-9f51-056d85100d5f"}, {"artist": "Christopher Moeller", "borderColor": "black", "colorIdentity": ["B", "W"], "colors": ["B", "W"], "convertedManaCost": 2.0, "edhrecRank": 7850, "flavorText": "\"Jharic returned from Grixis changed, a haunted look in her eyes. She destroyed them with an unholy glee that made me shudder.\" —Knight-Captain Wyhorn", "foreignData": [], "frameVersion": "2003", "hasFoil": false, "hasNonFoil": true, "isPaper": true, "isReprint": true, "isStarter": true, "layout": "normal", "legalities": {"commander": "Legal", "duel": "Legal", "legacy": "Legal", "modern": "Legal", "vintage": "Legal"}, "manaCost": "{W}{B}", "mcmId": 267037, "mcmMetaId": 10498, "mtgstocksId": 24873, "multiverseId": 382204, "name": "Zealous Persecution", "number": "9", "originalText": "Until end of turn, creatures you control get +1/+1 and creatures your opponents control get -1/-1.", "originalType": "Instant", "prices": {"paper": {"2019-06-02": 0.38, "2019-06-09": 0.38, "2019-06-16": 0.37, "2019-06-23": 0.38, "2019-06-30": 0.38, "2019-07-07": 0.37, "2019-07-14": 0.37, "2019-07-21": 0.36, "2019-07-28": 0.35, "2019-08-04": 0.35, "2019-08-11": 0.36, "2019-08-18": 0.35, "2019-08-25": 0.37}, "paperFoil": {}}, "printings": ["ARB", "DDK", "E02", "EMA", "MD1"], "purchaseUrls": {"cardmarket": "https://mtgjson.com/links/57dbe83d849856f2", "mtgstocks": "https://mtgjson.com/links/4d46db5d458a19f6", "tcgplayer": "https://mtgjson.com/links/edb3986f3179ff39"}, "rarity": "uncommon", "rulings": [], "scryfallId": "d5725eaf-e77c-4582-a785-1668ae1f4007", "scryfallIllustrationId": "d3933b44-e357-4a93-b8f1-37eec203bfee", "scryfallOracleId": "ccf8d919-1399-4bef-94ac-04c67f122828", "subtypes": [], "supertypes": [], "tcgplayerProductId": 82750, "text": "Until end of turn, creatures you control get +1/+1 and creatures your opponents control get -1/-1.", "type": "Instant", "types": ["Instant"], "uuid": "f3746121-9afd-534e-bfee-012b9c1d16ea"}], "code": "MD1", "isFoilOnly": false, "isOnlineOnly": false, "keyruneCode": "MD1", "mcmId": 1484, "mcmName": "Modern Event Deck 2014", "meta": {"date": "2019-09-01", "pricesDate": "2019-09-01", "version": "4.5.0-rebuild.4"}, "name": "Modern Event Deck 2014", "releaseDate": "2014-05-30", "tcgplayerGroupId": 1346, "tokens": [{"artist": "Volkan Baǵa", "borderColor": "black", "colorIdentity": [], "colors": [], "layout": "emblem", "name": "Elspeth, Knight-Errant Emblem", "number": "4", "reverseRelated": ["Elspeth, Knight-Errant"], "scryfallId": "8360fc12-57c0-4701-8e19-0878ed5abb4f", "scryfallIllustrationId": "5da6e7ad-d754-4dc9-8910-b9f0f002fbd3", "scryfallOracleId": "17549447-6f19-4d87-8af1-58b6bb387003", "text": "Artifacts, creatures, enchantments, and lands you control have indestructible.", "type": "Emblem — Elspeth", "uuid": "0192173d-ab24-58a4-a8f2-09a2bf589b5d"}, {"artist": "Matt Stewart", "borderColor": "black", "colorIdentity": [], "colors": [], "layout": "normal", "name": "Myr", "number": "3", "power": "1", "reverseRelated": ["Shrine of Loyal Legions"], "scryfallId": "dfe197cf-6f36-424e-a544-cbe7a56f8a32", "scryfallIllustrationId": "28b69ea3-c8e3-4ba9-9c58-d6f78603b34d", "scryfallOracleId": "bf690282-125f-431c-a363-39f6772324c8", "toughness": "1", "type": "Token Artifact Creature — Myr", "uuid": "e550e7b6-b67f-5534-b606-7bcd32f551c6"}, {"artist": "Goran Josic", "borderColor": "black", "colorIdentity": ["W"], "colors": ["W"], "layout": "normal", "name": "Soldier", "number": "1", "power": "1", "reverseRelated": ["Raise the Alarm", "Elspeth, Knight-Errant"], "scryfallId": "05e8f775-02bd-46dc-a618-07a9a127fa69", "scryfallIllustrationId": "8435b0da-d791-4a49-ad91-d12eec86dd53", "scryfallOracleId": "eac25f12-6459-438c-a09e-93e23d2cf80d", "toughness": "1", "type": "Token Creature — Soldier", "uuid": "b69b9965-1fd5-543b-8a41-268210a95038"}, {"artist": "Kev Walker", "borderColor": "black", "colorIdentity": ["W"], "colors": ["W"], "layout": "normal", "name": "Spirit", "number": "2", "power": "1", "reverseRelated": ["Lingering Souls", "Spectral Procession"], "scryfallId": "2e16c19f-ef44-4ebc-aa1d-f95646ae312b", "scryfallIllustrationId": "50d30d59-fc72-490a-b2db-04ffd0d0de5f", "scryfallOracleId": "dc4e2134-f0c2-49aa-9ea3-ebf83af1445c", "text": "Flying", "toughness": "1", "type": "Token Creature — Spirit", "uuid": "de24faeb-b621-5713-ba5a-c6bd302d5231"}], "totalSetSize": 26, "translations": {}, "type": "box"}