{"baseSetSize": 0, "cards": [{"artist": "Cynthia Sheppard", "borderColor": "black", "colorIdentity": ["B", "R"], "colors": ["B", "R"], "convertedManaCost": 3.0, "edhrecRank": 6047, "flavorText": "\"We all hide a little madness behind our sophistication, do we not?\"", "foreignData": [], "frameVersion": "2015", "hasFoil": true, "hasNonFoil": true, "isOversized": true, "isReprint": true, "isStarter": true, "layout": "normal", "legalities": {"commander": "Legal", "duel": "Legal", "legacy": "Legal", "vintage": "Legal"}, "manaCost": "{1}{B}{R}", "name": "Anje Falkenrath", "number": "37", "power": "1", "printings": ["C19", "OC19"], "rarity": "mythic", "rulings": [], "scryfallId": "64f1bc91-a96a-4472-ba19-e58582dfa662", "scryfallIllustrationId": "5fac2aed-1a6a-4a3f-80f5-08d232dfbbc3", "scryfallOracleId": "4dab6a96-4376-4aea-983d-406167993214", "subtypes": ["Vampire"], "supertypes": ["Legendary"], "text": "Haste\n{T}, Discard a card: Draw a card.\nWhenever you discard a card, if it has madness, untap Anje Falkenrath.", "toughness": "3", "type": "Legendary Creature — Vampire", "types": ["Creature"], "uuid": "68068e4d-41a4-501d-8b67-49cdbb2a54f2"}, {"artist": "Yongjae Choi", "borderColor": "black", "colorIdentity": ["G", "R", "W"], "colors": ["G", "R", "W"], "convertedManaCost": 5.0, "edhrecRank": 6978, "foreignData": [], "frameVersion": "2015", "hasFoil": true, "hasNonFoil": true, "isOversized": true, "isReprint": true, "isStarter": true, "layout": "normal", "legalities": {"commander": "Legal", "duel": "Legal", "legacy": "Legal", "vintage": "Legal"}, "manaCost": "{2}{R}{G}{W}", "name": "Ghired, Conclave Exile", "names": [], "number": "42", "power": "2", "printings": ["C19", "OC19"], "rarity": "mythic", "rulings": [], "scryfallId": "90fffd2b-257d-4e64-9fc7-02d68c75ddf5", "scryfallIllustrationId": "8390fbce-7d8c-420d-b9fb-3ca7e6034c61", "scryfallOracleId": "ce08fbfb-5d51-4dfc-80ae-87d5d9c7726f", "subtypes": ["Human", "Shaman"], "supertypes": ["Legendary"], "text": "When Ghired, Conclave Exile enters the battlefield, create a 4/4 green Rhino creature token with trample.\nWhenever Ghired attacks, populate. The token enters the battlefield tapped and attacking. (To populate, create a token that's a copy of a creature token you control.)", "toughness": "5", "type": "Legendary Creature — Human Shaman", "types": ["Creature"], "uuid": "b507fac4-a02f-5c2f-8db0-c608c44c0dd6"}, {"artist": "Caio Monteiro", "borderColor": "black", "colorIdentity": ["B", "G", "U"], "colors": ["B", "G", "U"], "convertedManaCost": 4.0, "edhrecRank": 7571, "flavorText": "\"The only constant in life is the unknown.\"", "foreignData": [], "frameVersion": "2015", "hasFoil": true, "hasNonFoil": true, "isOversized": true, "isReprint": true, "isStarter": true, "layout": "normal", "legalities": {"commander": "Legal", "duel": "Legal", "legacy": "Legal", "vintage": "Legal"}, "manaCost": "{1}{B}{G}{U}", "name": "Kadena, Slinking Sorcerer", "number": "45", "power": "3", "printings": ["C19", "OC19"], "rarity": "mythic", "rulings": [], "scryfallId": "6f6c7757-bcde-4d1e-9bdc-2b650905b5d8", "scryfallIllustrationId": "2b3a004c-4888-49b6-b37d-f4e4ad4a545f", "scryfallOracleId": "4da13eb8-ca18-43f1-b54b-d3ddceb980d2", "subtypes": ["Naga", "Wizard"], "supertypes": ["Legendary"], "text": "The first face-down creature spell you cast each turn costs {3} less to cast.\nWhenever a face-down creature enters the battlefield under your control, draw a card.", "toughness": "3", "type": "Legendary Creature — Naga Wizard", "types": ["Creature"], "uuid": "a7780954-c5bc-5dae-a2e9-37fac93ef913"}, {"artist": "Zoltan Boros", "borderColor": "black", "colorIdentity": ["R", "U", "W"], "colors": ["R", "U", "W"], "convertedManaCost": 5.0, "edhrecRank": 10044, "flavorText": "\"The best moments are worth reliving.\"", "foreignData": [], "frameVersion": "2015", "hasFoil": true, "hasNonFoil": true, "isReprint": true, "isStarter": true, "layout": "normal", "legalities": {"commander": "Legal", "duel": "Legal", "legacy": "Legal", "vintage": "Legal"}, "manaCost": "{2}{U}{R}{W}", "name": "Sevinne, the Chronoclasm", "number": "49", "power": "2", "printings": ["C19", "OC19"], "rarity": "mythic", "rulings": [], "scryfallId": "6dc24e27-90da-4e92-842a-bae8f0890207", "scryfallIllustrationId": "e79ddd88-2d95-4e09-bb9a-2774b0dfe80f", "scryfallOracleId": "869c9bc4-2b21-40c3-8b1c-c83269c856d0", "subtypes": ["Human", "Wizard"], "supertypes": ["Legendary"], "text": "Prevent all damage that would be dealt to Sevinne, the Chronoclasm.\nWhenever you cast your first instant or sorcery spell from your graveyard each turn, copy that spell. You may choose new targets for the copy.", "toughness": "2", "type": "Legendary Creature — Human Wizard", "types": ["Creature"], "uuid": "4eb3f3a6-7e03-5dc7-9e2c-63443625ce0b"}], "code": "OC19", "isFoilOnly": false, "isOnlineOnly": false, "keyruneCode": "C19", "meta": {"date": "2019-09-01", "pricesDate": "2019-09-01", "version": "4.5.0-rebuild.4"}, "name": "Commander 2019 Oversized", "parentCode": "C19", "releaseDate": "2019-08-31", "tokens": [], "totalSetSize": 4, "translations": {}, "type": "memorabilia"}