{"baseSetSize": 0, "cards": [{"artist": "Filip Burburan", "borderColor": "black", "colorIdentity": ["B", "R"], "colors": [], "convertedManaCost": 0.0, "edhrecRank": 542, "flavorText": "2016 North American Legacy Champion", "foreignData": [], "frameVersion": "2015", "hasFoil": false, "hasNonFoil": true, "isOversized": true, "isReprint": true, "isReserved": true, "isStarter": true, "layout": "normal", "legalities": {"commander": "Legal", "duel": "Legal", "legacy": "Legal", "vintage": "Legal"}, "name": "Badlands", "number": "2016NA", "printings": ["2ED", "3ED", "CED", "CEI", "FBB", "LEA", "LEB", "ME2", "ME4", "OLGC", "PRM", "SUM", "VMA"], "rarity": "mythic", "rulings": [{"date": "2004-10-04", "text": "Land type changing effects that change a dual land’s land type will remove the old land types completely. Text-changing effects that just change one of the two land types will leave the other type unaffected."}, {"date": "2004-10-04", "text": "This card is a Mountain and a Swamp even while in the graveyard, library, or any other zone."}, {"date": "2008-10-01", "text": "This has the mana abilities associated with both of its basic land types."}, {"date": "2008-10-01", "text": "This has basic land types, but it isn’t a basic land. Things that affect basic lands don’t affect it. Things that affect basic land types do."}], "scryfallId": "644aba21-1fa7-4483-b9bf-56c5fe4d8975", "scryfallIllustrationId": "4d54317c-4bee-467f-bbfb-48dd5ceb1ed8", "scryfallOracleId": "13ff3222-91cb-4796-a34e-899ed817694c", "subtypes": ["Swamp", "Mountain"], "supertypes": [], "text": "({T}: Add {B} or {R}.)", "type": "Land — Swamp Mountain", "types": ["Land"], "uuid": "9b63b103-e084-5b62-8f66-85fd21b96c98"}, {"artist": "Raoul Vitale", "borderColor": "black", "colorIdentity": ["B", "G"], "colors": [], "convertedManaCost": 0.0, "edhrecRank": 491, "flavorText": "2019 Asia Legacy Champion", "foreignData": [], "frameVersion": "2015", "hasFoil": true, "hasNonFoil": true, "isOversized": true, "isReprint": true, "isReserved": true, "isStarter": true, "layout": "normal", "legalities": {"commander": "Legal", "duel": "Legal", "legacy": "Legal", "vintage": "Legal"}, "name": "Bayou", "number": "2019A", "printings": ["2ED", "3ED", "CED", "CEI", "FBB", "LEA", "LEB", "ME3", "ME4", "OLGC", "PRM", "SUM", "VMA"], "rarity": "mythic", "rulings": [{"date": "2008-10-01", "text": "This has the mana abilities associated with both of its basic land types."}, {"date": "2008-10-01", "text": "This has basic land types, but it isn’t a basic land. Things that affect basic lands don’t affect it. Things that affect basic land types do."}], "scryfallId": "771ab45c-1a14-4ea1-b35a-1cb00a0fc5ff", "scryfallIllustrationId": "be6d5752-0e4b-481a-927e-33c40cefaa4e", "scryfallOracleId": "b76d1ae6-ad1d-4bac-b4c3-2e03e0e84d9b", "subtypes": ["Swamp", "Forest"], "supertypes": [], "text": "({T}: Add {B} or {G}.)", "type": "Land — Swamp Forest", "types": ["Land"], "uuid": "2997f975-0160-5cd9-8234-42ecbb08b70e"}, {"artist": "Chris Rahn", "borderColor": "black", "colorIdentity": ["U"], "colors": ["U"], "convertedManaCost": 1.0, "edhrecRank": 27, "flavorText": "2012 Legacy Championship Winner", "foreignData": [], "frameVersion": "2003", "hasFoil": false, "hasNonFoil": true, "isOversized": true, "isReprint": true, "isStarter": true, "layout": "normal", "legalities": {"commander": "Legal", "duel": "Legal", "legacy": "Legal", "pauper": "Legal", "vintage": "Restricted"}, "manaCost": "{U}", "name": "Brainstorm", "number": "2012", "printings": ["5ED", "A25", "BTD", "C15", "C18", "CMD", "CNS", "CST", "DDJ", "EMA", "F04", "ICE", "ME2", "MMQ", "OLGC", "PRM", "PZ1", "SS1", "VMA", "WC00"], "rarity": "rare", "rulings": [{"date": "2018-03-16", "text": "You draw three cards and put two cards back all while Brainstorm is resolving. Nothing can happen between the two, and no player may choose to take actions."}], "scryfallId": "82a5c5d4-1a3e-4a3c-bf77-1099836e2f04", "scryfallIllustrationId": "d80dde0d-b7ad-4091-941a-41130f905056", "scryfallOracleId": "36cd2364-d113-47d1-b2c4-b088d9eb88dd", "subtypes": [], "supertypes": [], "text": "Draw three cards, then put two cards from your hand on top of your library in any order.", "type": "Instant", "types": ["Instant"], "uuid": "f9850171-356f-5e30-a188-6093e4750a6b"}, {"artist": "Matt Stewart", "borderColor": "black", "colorIdentity": ["U"], "colors": ["U"], "convertedManaCost": 5.0, "edhrecRank": 280, "flavorText": "2011 Legacy Championship Winner", "foreignData": [], "frameVersion": "2003", "hasFoil": false, "hasNonFoil": true, "isOversized": true, "isReprint": true, "isStarter": true, "layout": "normal", "legalities": {"commander": "Legal", "duel": "Legal", "legacy": "Legal", "vintage": "Legal"}, "manaCost": "{3}{U}{U}", "name": "Force of Will", "number": "2011", "printings": ["ALL", "EMA", "J14", "ME1", "MP2", "OLGC", "PRM", "VMA", "WC97"], "rarity": "rare", "rulings": [{"date": "2016-06-08", "text": "If another effect causes Force of Will to cost more, you must pay that additional cost even if you pay its alternative cost."}], "scryfallId": "a9b7de61-d201-4e75-b0c8-36816f0f418b", "scryfallIllustrationId": "ae3c6e7c-458f-41a5-aec2-f6d4ba1fee93", "scryfallOracleId": "956381ba-6d37-4a8a-846c-bad79222dbee", "subtypes": [], "supertypes": [], "text": "You may pay 1 life and exile a blue card from your hand rather than pay this spell's mana cost.\nCounter target spell.", "type": "Instant", "types": ["Instant"], "uuid": "d41aa2f4-cbde-556c-a336-0ba0959ec8a0"}, {"artist": "Filip Burburan", "borderColor": "black", "colorIdentity": ["G"], "colors": [], "convertedManaCost": 0.0, "edhrecRank": 615, "flavorText": "2014 Legacy Championship Winner", "foreignData": [], "frameVersion": "2015", "hasFoil": false, "hasNonFoil": true, "isOversized": true, "isReprint": true, "isReserved": true, "isStarter": true, "layout": "normal", "legalities": {"commander": "Legal", "duel": "Banned", "legacy": "Legal", "vintage": "Legal"}, "name": "Gaea's Cradle", "number": "2014", "printings": ["JGP", "OLGC", "PRM", "USG", "WC99"], "rarity": "mythic", "rulings": [], "scryfallId": "3faf2c71-8591-4005-a93f-08441e3bba49", "scryfallIllustrationId": "5f3d5aa5-eb11-44d2-97e0-b5d8cfe1abab", "scryfallOracleId": "7c427c3d-ecd8-45ef-bebd-8f10f4a311db", "subtypes": [], "supertypes": ["Legendary"], "text": "{T}: Add {G} for each creature you control.", "type": "Legendary Land", "types": ["Land"], "uuid": "3807c9db-a4bd-5d85-80bf-34b63a8b9e4c"}, {"artist": "Mark Poole", "borderColor": "black", "colorIdentity": ["R", "W"], "colors": [], "convertedManaCost": 0.0, "edhrecRank": 629, "flavorText": "2018 Asia Legacy Champion", "foreignData": [], "frameVersion": "2015", "hasFoil": false, "hasNonFoil": true, "isOversized": true, "isReprint": true, "isReserved": true, "isStarter": true, "layout": "normal", "legalities": {"commander": "Legal", "duel": "Legal", "legacy": "Legal", "vintage": "Legal"}, "name": "Plateau", "number": "2018A", "printings": ["2ED", "3ED", "CED", "CEI", "FBB", "LEA", "LEB", "ME3", "ME4", "OLGC", "PRM", "SUM", "VMA"], "rarity": "mythic", "rulings": [{"date": "2008-10-01", "text": "This has the mana abilities associated with both of its basic land types."}, {"date": "2008-10-01", "text": "This has basic land types, but it isn’t a basic land. Things that affect basic lands don’t affect it. Things that affect basic land types do."}], "scryfallId": "0829af6e-7dd9-4bce-bf14-1c5d509556cb", "scryfallIllustrationId": "96a73489-755d-4a2d-ab3a-d02634e658aa", "scryfallOracleId": "c7a15ca4-085f-4d92-8387-c3711c04c8fa", "subtypes": ["Mountain", "Plains"], "supertypes": [], "text": "({T}: Add {R} or {W}.)", "type": "Land — Mountain Plains", "types": ["Land"], "uuid": "f5a780a7-272e-5a98-b389-482db32ae8de"}, {"artist": "Mark Poole", "borderColor": "black", "colorIdentity": ["G", "W"], "colors": [], "convertedManaCost": 0.0, "edhrecRank": 488, "flavorText": "2017 North American Legacy Champion", "foreignData": [], "frameVersion": "2015", "hasFoil": false, "hasNonFoil": true, "isOversized": true, "isReprint": true, "isReserved": true, "isStarter": true, "layout": "normal", "legalities": {"commander": "Legal", "duel": "Legal", "legacy": "Legal", "vintage": "Legal"}, "name": "Savannah", "number": "2017NA", "printings": ["2ED", "3ED", "CED", "CEI", "FBB", "LEA", "LEB", "ME2", "ME4", "OLGC", "PRM", "SUM", "VMA"], "rarity": "mythic", "rulings": [{"date": "2008-10-01", "text": "This has the mana abilities associated with both of its basic land types."}, {"date": "2008-10-01", "text": "This has basic land types, but it isn’t a basic land. Things that affect basic lands don’t affect it. Things that affect basic land types do."}], "scryfallId": "931184cf-0b9a-49d5-8234-a25b90dbaedb", "scryfallIllustrationId": "dc10a356-ec06-4ebd-b551-62fee2b692f4", "scryfallOracleId": "703243f0-8cb3-420f-958f-5fd4bde30293", "subtypes": ["Forest", "Plains"], "supertypes": [], "text": "({T}: Add {G} or {W}.)", "type": "Land — Forest Plains", "types": ["Land"], "uuid": "10503346-859c-523b-927c-9995df010e98"}, {"artist": "Mark Poole", "borderColor": "black", "colorIdentity": ["B", "W"], "colors": [], "convertedManaCost": 0.0, "edhrecRank": 494, "flavorText": "2018 Europe Legacy Champion", "foreignData": [], "frameVersion": "2015", "hasFoil": false, "hasNonFoil": true, "isOversized": true, "isReprint": true, "isReserved": true, "isStarter": true, "layout": "normal", "legalities": {"commander": "Legal", "duel": "Legal", "legacy": "Legal", "vintage": "Legal"}, "name": "Scrubland", "number": "2018", "printings": ["2ED", "3ED", "CED", "CEI", "FBB", "LEA", "LEB", "ME3", "ME4", "OLGC", "PRM", "SUM", "VMA"], "rarity": "mythic", "rulings": [{"date": "2008-10-01", "text": "This has the mana abilities associated with both of its basic land types."}, {"date": "2008-10-01", "text": "This has basic land types, but it isn’t a basic land. Things that affect basic lands don’t affect it. Things that affect basic land types do."}], "scryfallId": "d1428846-e0da-4b62-b0e9-25efe846cc33", "scryfallIllustrationId": "97249d9a-1310-4422-8914-5c7996fce772", "scryfallOracleId": "c8d95ca8-7d12-4072-aeaf-e20f248c7e39", "subtypes": ["Plains", "Swamp"], "supertypes": [], "text": "({T}: Add {W} or {B}.)", "type": "Land — Plains Swamp", "types": ["Land"], "uuid": "c44687d7-5d21-5b79-9162-6d63e41fddf3"}, {"artist": "Mark Poole", "borderColor": "black", "colorIdentity": ["G", "R"], "colors": [], "convertedManaCost": 0.0, "edhrecRank": 652, "flavorText": "2017 European Legacy Champion", "foreignData": [], "frameVersion": "2015", "hasFoil": false, "hasNonFoil": true, "isOversized": true, "isReprint": true, "isReserved": true, "isStarter": true, "layout": "normal", "legalities": {"commander": "Legal", "duel": "Legal", "legacy": "Legal", "vintage": "Legal"}, "name": "Taiga", "number": "2017EU", "printings": ["2ED", "3ED", "CED", "CEI", "FBB", "LEA", "LEB", "ME2", "ME4", "OLGC", "PRM", "SUM", "VMA"], "rarity": "mythic", "rulings": [{"date": "2008-10-01", "text": "This has the mana abilities associated with both of its basic land types."}, {"date": "2008-10-01", "text": "This has basic land types, but it isn’t a basic land. Things that affect basic lands don’t affect it. Things that affect basic land types do."}], "scryfallId": "453e1bf8-e570-4b9b-8f41-5f4f31ae3b0e", "scryfallIllustrationId": "2f43fbc0-0ae8-46e4-ba71-79b463257499", "scryfallOracleId": "22e3cf1d-3559-4ce1-954c-8dc815342979", "subtypes": ["Mountain", "Forest"], "supertypes": [], "text": "({T}: Add {R} or {G}.)", "type": "Land — Mountain Forest", "types": ["Land"], "uuid": "757c7b8e-9da1-509c-b1a4-8d6e4a8574df"}, {"artist": "Raoul Vitale", "borderColor": "black", "colorIdentity": ["U", "W"], "colors": [], "convertedManaCost": 0.0, "edhrecRank": 559, "flavorText": "2015 Legacy Championship Winner", "foreignData": [], "frameVersion": "2015", "hasFoil": false, "hasNonFoil": true, "isOversized": true, "isReprint": true, "isReserved": true, "isStarter": true, "layout": "normal", "legalities": {"commander": "Legal", "duel": "Legal", "legacy": "Legal", "vintage": "Legal"}, "name": "Tundra", "number": "2015", "printings": ["2ED", "3ED", "CED", "CEI", "FBB", "LEA", "LEB", "ME2", "ME4", "OLGC", "PRM", "SUM", "VMA"], "rarity": "mythic", "rulings": [{"date": "2008-10-01", "text": "This has the mana abilities associated with both of its basic land types."}, {"date": "2008-10-01", "text": "This has basic land types, but it isn’t a basic land. Things that affect basic lands don’t affect it. Things that affect basic land types do."}], "scryfallId": "8ef5d61d-2648-4cbc-8083-3f3c6b362825", "scryfallIllustrationId": "77fbc256-cd5c-4060-85a6-cbc247fb3cda", "scryfallOracleId": "02418479-9455-417f-a6a1-004356faff37", "subtypes": ["Plains", "Island"], "supertypes": [], "text": "({T}: Add {W} or {U}.)", "type": "Land — Plains Island", "types": ["Land"], "uuid": "960c307f-598a-53a2-83f8-001ec3bf1e89"}, {"artist": "Filip Burburan", "borderColor": "black", "colorIdentity": ["B", "U"], "colors": [], "convertedManaCost": 0.0, "edhrecRank": 472, "flavorText": "2016 European Legacy Champion", "foreignData": [], "frameVersion": "2015", "hasFoil": false, "hasNonFoil": true, "isOversized": true, "isReprint": true, "isReserved": true, "isStarter": true, "layout": "normal", "legalities": {"commander": "Legal", "duel": "Legal", "legacy": "Legal", "vintage": "Legal"}, "name": "Underground Sea", "number": "2016EU", "printings": ["2ED", "3ED", "CED", "CEI", "FBB", "LEA", "LEB", "ME2", "ME4", "OLGC", "PRM", "SUM", "VMA"], "rarity": "mythic", "rulings": [{"date": "2008-10-01", "text": "This has the mana abilities associated with both of its basic land types."}, {"date": "2008-10-01", "text": "This has basic land types, but it isn’t a basic land. Things that affect basic lands don’t affect it. Things that affect basic land types do."}], "scryfallId": "962719f7-ff8e-480b-985e-bd53a111793b", "scryfallIllustrationId": "76e98b9d-a6cd-4361-adb6-7b3f598583b1", "scryfallOracleId": "4b22be3a-8ce1-47d1-b82e-6c3ccfb0548b", "subtypes": ["Island", "Swamp"], "supertypes": [], "text": "({T}: Add {U} or {B}.)", "type": "Land — Island Swamp", "types": ["Land"], "uuid": "7bbc3d32-8db7-587c-a214-889a7387ef12"}, {"artist": "Mark Poole", "borderColor": "black", "colorIdentity": ["R", "U"], "colors": [], "convertedManaCost": 0.0, "edhrecRank": 624, "flavorText": "2018 North America Legacy Championship", "foreignData": [], "frameVersion": "2015", "hasFoil": false, "hasNonFoil": true, "isOversized": true, "isReprint": true, "isReserved": true, "isStarter": true, "layout": "normal", "legalities": {"commander": "Legal", "duel": "Legal", "legacy": "Legal", "vintage": "Legal"}, "name": "Volcanic Island", "number": "2018NA", "printings": ["2ED", "3ED", "CED", "CEI", "FBB", "LEB", "ME3", "ME4", "OLGC", "PRM", "SUM", "VMA"], "rarity": "mythic", "rulings": [{"date": "2008-10-01", "text": "This has the mana abilities associated with both of its basic land types."}, {"date": "2008-10-01", "text": "This has basic land types, but it isn’t a basic land. Things that affect basic lands don’t affect it. Things that affect basic land types do."}], "scryfallId": "154ce456-38d2-4195-93b7-302e11c006e2", "scryfallIllustrationId": "a723d92d-0877-4396-9743-5683efbd12eb", "scryfallOracleId": "c718911c-c955-4eb9-9e16-be4bd49a4e4e", "subtypes": ["Island", "Mountain"], "supertypes": [], "text": "({T}: Add {U} or {R}.)", "type": "Land — Island Mountain", "types": ["Land"], "uuid": "32f82519-2ec0-5677-9e30-89ecd12e2325"}, {"artist": "Steven Belledin", "borderColor": "black", "colorIdentity": [], "colors": [], "convertedManaCost": 0.0, "edhrecRank": 310, "flavorText": "2013 Legacy Championship Winner", "foreignData": [], "frameVersion": "2003", "hasFoil": false, "hasNonFoil": true, "isOversized": true, "isReprint": true, "isStarter": true, "layout": "normal", "legalities": {"commander": "Legal", "duel": "Legal", "legacy": "Legal", "vintage": "Legal"}, "name": "Wasteland", "number": "2013", "printings": ["EMA", "EXP", "G10", "J15", "MPR", "OLGC", "PRM", "TMP", "TPR", "WC98", "WC99"], "rarity": "uncommon", "rulings": [], "scryfallId": "fd8d3e8a-856d-4c3f-a72f-ec5ea1c2f55d", "scryfallIllustrationId": "eaa94264-a554-4203-bd95-550bec51e33a", "scryfallOracleId": "09a70ae8-3859-4a09-901d-dce063fa3b5f", "subtypes": [], "supertypes": [], "text": "{T}: Add {C}.\n{T}, Sacrifice Wasteland: Destroy target nonbasic land.", "type": "Land", "types": ["Land"], "uuid": "e41f861c-778b-5046-aef1-20d656d58af4"}], "code": "OLGC", "isFoilOnly": false, "isOnlineOnly": false, "keyruneCode": "PMEI", "meta": {"date": "2019-09-01", "pricesDate": "2019-09-01", "version": "4.5.0-rebuild.4"}, "name": "Legacy Championship", "releaseDate": "2011-01-01", "tokens": [], "totalSetSize": 13, "translations": {}, "type": "memorabilia"}