{"baseSetSize": 0, "cards": [{"artist": "Mark Poole", "borderColor": "black", "colorIdentity": ["U"], "colors": ["U"], "convertedManaCost": 1.0, "edhrecRank": 17097, "flavorText": "2005 Vintage Championship Winner", "foreignData": [], "frameVersion": "2003", "hasFoil": false, "hasNonFoil": true, "isOversized": true, "isReprint": true, "isReserved": true, "isStarter": true, "layout": "normal", "legalities": {"commander": "Banned", "duel": "Banned", "legacy": "Banned", "vintage": "Restricted"}, "manaCost": "{U}", "name": "Ancestral Recall", "number": "2005", "printings": ["2ED", "CED", "CEI", "LEA", "LEB", "OVNT", "PRM", "VMA"], "rarity": "rare", "rulings": [], "scryfallId": "961d3fd1-0ddc-47bf-8b7b-201b812da0f5", "scryfallIllustrationId": "aac2a0b0-2a6a-4416-88d1-25668f0c5ed4", "scryfallOracleId": "550c74d4-1fcb-406a-b02a-639a760a4380", "subtypes": [], "supertypes": [], "text": "Target player draws three cards.", "type": "Instant", "types": ["Instant"], "uuid": "30c99d5d-ca8b-5140-a029-f99745eb59e0", "variations": ["c4da2a8c-6da6-5a61-bd0d-2023cf9c910d", "c9775abd-0c8b-5374-8c23-f01d9bd4cea6"]}, {"artist": "Ryan Pancoast", "borderColor": "black", "colorIdentity": ["U"], "colors": ["U"], "convertedManaCost": 1.0, "edhrecRank": 17097, "flavorText": "2013 Vintage Championship Winner", "foreignData": [], "frameVersion": "2003", "hasFoil": false, "hasNonFoil": true, "isOversized": true, "isReprint": true, "isReserved": true, "isStarter": true, "layout": "normal", "legalities": {"commander": "Banned", "duel": "Banned", "legacy": "Banned", "vintage": "Restricted"}, "manaCost": "{U}", "name": "Ancestral Recall", "number": "2013", "printings": ["2ED", "CED", "CEI", "LEA", "LEB", "OVNT", "PRM", "VMA"], "rarity": "rare", "rulings": [], "scryfallId": "bf81fee1-49a8-41e4-88d0-f794c070b17b", "scryfallIllustrationId": "95c5ab6f-fcce-4e21-9e02-cc1d922adfae", "scryfallOracleId": "550c74d4-1fcb-406a-b02a-639a760a4380", "subtypes": [], "supertypes": [], "text": "Target player draws three cards.", "type": "Instant", "types": ["Instant"], "uuid": "c4da2a8c-6da6-5a61-bd0d-2023cf9c910d", "variations": ["30c99d5d-ca8b-5140-a029-f99745eb59e0", "c9775abd-0c8b-5374-8c23-f01d9bd4cea6"]}, {"artist": "Raoul Vitale", "borderColor": "black", "colorIdentity": ["U"], "colors": ["U"], "convertedManaCost": 1.0, "edhrecRank": 17097, "flavorText": "2018 Europe Vintage Champion", "foreignData": [], "frameVersion": "2015", "hasFoil": false, "hasNonFoil": true, "isOversized": true, "isReprint": true, "isReserved": true, "isStarter": true, "layout": "normal", "legalities": {"commander": "Banned", "duel": "Banned", "legacy": "Banned", "vintage": "Restricted"}, "manaCost": "{U}", "name": "Ancestral Recall", "number": "2018", "printings": ["2ED", "CED", "CEI", "LEA", "LEB", "OVNT", "PRM", "VMA"], "rarity": "mythic", "rulings": [], "scryfallId": "d392392e-6c36-44e4-a037-2b788a088891", "scryfallIllustrationId": "5c4784d2-425f-439a-b931-595096744d2c", "scryfallOracleId": "550c74d4-1fcb-406a-b02a-639a760a4380", "subtypes": [], "supertypes": [], "text": "Target player draws three cards.", "type": "Instant", "types": ["Instant"], "uuid": "c9775abd-0c8b-5374-8c23-f01d9bd4cea6", "variations": ["30c99d5d-ca8b-5140-a029-f99745eb59e0", "c4da2a8c-6da6-5a61-bd0d-2023cf9c910d"]}, {"artist": "Christopher Rush", "borderColor": "black", "colorIdentity": [], "colors": [], "convertedManaCost": 0.0, "edhrecRank": 18891, "flavorText": "2003 Vintage Championship Winner", "foreignData": [], "frameVersion": "2003", "hasFoil": false, "hasNonFoil": true, "isOversized": true, "isReprint": true, "isReserved": true, "isStarter": true, "layout": "normal", "legalities": {"commander": "Banned", "duel": "Banned", "legacy": "Banned", "vintage": "Restricted"}, "manaCost": "{0}", "name": "Black Lotus", "number": "2003", "printings": ["2ED", "CED", "CEI", "LEA", "LEB", "OVNT", "PRM", "VMA"], "rarity": "rare", "rulings": [], "scryfallId": "9c4e9dea-6782-4c8b-a5a1-c72fc2c81dab", "scryfallIllustrationId": "efce0065-8cb2-405f-81cb-50db9d27e316", "scryfallOracleId": "5089ec1a-f881-4d55-af14-5d996171203b", "subtypes": [], "supertypes": [], "text": "{T}, Sacrifice Black Lotus: Add three mana of any one color.", "type": "Artifact", "types": ["Artifact"], "uuid": "bf6e7239-e9f8-59d4-9573-cf6fedce46d9", "variations": ["2796682f-857b-5a70-8664-6e5c8f5d694f"]}, {"artist": "Steven Belledin", "borderColor": "black", "colorIdentity": [], "colors": [], "convertedManaCost": 0.0, "edhrecRank": 18891, "flavorText": "2017 North American Vintage Champion", "foreignData": [], "frameVersion": "2015", "hasFoil": false, "hasNonFoil": true, "isOversized": true, "isReprint": true, "isReserved": true, "isStarter": true, "layout": "normal", "legalities": {"commander": "Banned", "duel": "Banned", "legacy": "Banned", "vintage": "Restricted"}, "manaCost": "{0}", "name": "Black Lotus", "number": "2017NA", "printings": ["2ED", "CED", "CEI", "LEA", "LEB", "OVNT", "PRM", "VMA"], "rarity": "mythic", "rulings": [], "scryfallId": "11e5a2c6-dcc4-4ad3-a4b5-b9095d77c4f8", "scryfallIllustrationId": "8150cbe1-2f56-4260-becc-dceaed57c29f", "scryfallOracleId": "5089ec1a-f881-4d55-af14-5d996171203b", "subtypes": [], "supertypes": [], "text": "{T}, Sacrifice Black Lotus: Add three mana of any one color.", "type": "Artifact", "types": ["Artifact"], "uuid": "2796682f-857b-5a70-8664-6e5c8f5d694f", "variations": ["bf6e7239-e9f8-59d4-9573-cf6fedce46d9"]}, {"artist": "Volkan Baǵa", "borderColor": "black", "colorIdentity": ["G"], "colors": [], "convertedManaCost": 0.0, "edhrecRank": 18979, "flavorText": "2009 Vintage Championship Winner", "foreignData": [], "frameVersion": "2003", "hasFoil": false, "hasNonFoil": true, "isOversized": true, "isReprint": true, "isReserved": true, "isStarter": true, "layout": "normal", "legalities": {"commander": "Banned", "duel": "Banned", "legacy": "Banned", "vintage": "Restricted"}, "manaCost": "{0}", "name": "Mox Emerald", "number": "2009", "printings": ["2ED", "CED", "CEI", "LEA", "LEB", "OVNT", "PRM", "VMA"], "rarity": "rare", "rulings": [], "scryfallId": "03752ec5-ebfe-4d87-9644-e68240e8fe0e", "scryfallIllustrationId": "ae5df825-c6e2-4e86-8e0e-6cb4cf01dbe0", "scryfallOracleId": "376ee366-e082-402f-b4db-6592fcfcacd2", "subtypes": [], "supertypes": [], "text": "{T}: Add {G}.", "type": "Artifact", "types": ["Artifact"], "uuid": "31ca193b-4392-5dd4-881c-4a14c0308364", "variations": ["edb946a6-f2cd-5c54-9197-3ee6f5723797"]}, {"artist": "Raoul Vitale", "borderColor": "black", "colorIdentity": ["G"], "colors": [], "convertedManaCost": 0.0, "edhrecRank": 18979, "flavorText": "2015 Vintage Championship Winner", "foreignData": [], "frameVersion": "2015", "hasFoil": false, "hasNonFoil": true, "isOversized": true, "isReprint": true, "isReserved": true, "isStarter": true, "layout": "normal", "legalities": {"commander": "Banned", "duel": "Banned", "legacy": "Banned", "vintage": "Restricted"}, "manaCost": "{0}", "name": "Mox Emerald", "number": "2015", "printings": ["2ED", "CED", "CEI", "LEA", "LEB", "OVNT", "PRM", "VMA"], "rarity": "mythic", "rulings": [], "scryfallId": "ac4c09c7-5e11-4f7c-a978-fba197d462cc", "scryfallIllustrationId": "2db678a7-4962-457a-bac1-85718148aa87", "scryfallOracleId": "376ee366-e082-402f-b4db-6592fcfcacd2", "subtypes": [], "supertypes": [], "text": "{T}: Add {G}.", "type": "Artifact", "types": ["Artifact"], "uuid": "edb946a6-f2cd-5c54-9197-3ee6f5723797", "variations": ["31ca193b-4392-5dd4-881c-4a14c0308364"]}, {"artist": "Volkan Baǵa", "borderColor": "black", "colorIdentity": ["B"], "colors": [], "convertedManaCost": 0.0, "edhrecRank": 18980, "flavorText": "2007 Vintage Championship Winner", "foreignData": [], "frameVersion": "2003", "hasFoil": false, "hasNonFoil": true, "isOversized": true, "isReprint": true, "isReserved": true, "isStarter": true, "layout": "normal", "legalities": {"commander": "Banned", "duel": "Banned", "legacy": "Banned", "vintage": "Restricted"}, "manaCost": "{0}", "name": "Mox Jet", "number": "2007", "printings": ["2ED", "CED", "CEI", "LEA", "LEB", "OVNT", "PRM", "VMA"], "rarity": "rare", "rulings": [], "scryfallId": "82c29923-0055-42de-9041-f79abf23c9f2", "scryfallIllustrationId": "000acd9f-a737-47ea-a1d9-709c0ce6e737", "scryfallOracleId": "0677f49e-f8bf-4349-af52-2ccde9287c2e", "subtypes": [], "supertypes": [], "text": "{T}: Add {B}.", "type": "Artifact", "types": ["Artifact"], "uuid": "c6b9bb51-9228-53f3-bf5f-d75c99cf5ba1", "variations": ["ea14b080-f0c9-5e18-bdfd-246219aa503e"]}, {"artist": "Raoul Vitale", "borderColor": "black", "colorIdentity": ["B"], "colors": [], "convertedManaCost": 0.0, "edhrecRank": 18980, "flavorText": "2016 European Vintage Champion", "foreignData": [], "frameVersion": "2015", "hasFoil": false, "hasNonFoil": true, "isOversized": true, "isReprint": true, "isReserved": true, "isStarter": true, "layout": "normal", "legalities": {"commander": "Banned", "duel": "Banned", "legacy": "Banned", "vintage": "Restricted"}, "manaCost": "{0}", "name": "Mox Jet", "number": "2016EU", "printings": ["2ED", "CED", "CEI", "LEA", "LEB", "OVNT", "PRM", "VMA"], "rarity": "mythic", "rulings": [], "scryfallId": "1f5a1578-d5fe-4b31-bb71-3253be8775a1", "scryfallIllustrationId": "61a3a2d7-edbf-44a5-a63a-b1cc5babf343", "scryfallOracleId": "0677f49e-f8bf-4349-af52-2ccde9287c2e", "subtypes": [], "supertypes": [], "text": "{T}: Add {B}.", "type": "Artifact", "types": ["Artifact"], "uuid": "ea14b080-f0c9-5e18-bdfd-246219aa503e", "variations": ["c6b9bb51-9228-53f3-bf5f-d75c99cf5ba1"]}, {"artist": "Volkan Baǵa", "borderColor": "black", "colorIdentity": ["W"], "colors": [], "convertedManaCost": 0.0, "flavorText": "2006 Vintage Championship Winner", "foreignData": [], "frameVersion": "2003", "hasFoil": false, "hasNonFoil": true, "isOversized": true, "isReprint": true, "isReserved": true, "isStarter": true, "layout": "normal", "legalities": {"commander": "Banned", "duel": "Banned", "legacy": "Banned", "vintage": "Restricted"}, "manaCost": "{0}", "name": "Mox Pearl", "number": "2006", "printings": ["2ED", "CED", "CEI", "LEA", "LEB", "OVNT", "PRM", "VMA"], "rarity": "rare", "rulings": [], "scryfallId": "54d106bc-e292-432f-b71a-41c76d6d51f7", "scryfallIllustrationId": "7935ed07-1b87-426f-9e4d-df6999a95e01", "scryfallOracleId": "824597b8-c89a-47ec-8526-7efc6e24ef0e", "subtypes": [], "supertypes": [], "text": "{T}: Add {W}.", "type": "Artifact", "types": ["Artifact"], "uuid": "3d890fa5-d717-5caf-b17b-7f777922de4b", "variations": ["80b4655a-f21a-5802-9102-a357c6bd6e37"]}, {"artist": "Raoul Vitale", "borderColor": "black", "colorIdentity": ["W"], "colors": [], "convertedManaCost": 0.0, "flavorText": "2014 Vintage Championship Winner", "foreignData": [], "frameVersion": "2015", "hasFoil": false, "hasNonFoil": true, "isOversized": true, "isReprint": true, "isReserved": true, "isStarter": true, "layout": "normal", "legalities": {"commander": "Banned", "duel": "Banned", "legacy": "Banned", "vintage": "Restricted"}, "manaCost": "{0}", "name": "Mox Pearl", "number": "2014", "printings": ["2ED", "CED", "CEI", "LEA", "LEB", "OVNT", "PRM", "VMA"], "rarity": "mythic", "rulings": [], "scryfallId": "a7b3a48d-c555-4c42-8ce6-9b9b637251ca", "scryfallIllustrationId": "66a1fbca-0c9b-4727-998b-c0691e119278", "scryfallOracleId": "824597b8-c89a-47ec-8526-7efc6e24ef0e", "subtypes": [], "supertypes": [], "text": "{T}: Add {W}.", "type": "Artifact", "types": ["Artifact"], "uuid": "80b4655a-f21a-5802-9102-a357c6bd6e37", "variations": ["3d890fa5-d717-5caf-b17b-7f777922de4b"]}, {"artist": "Volkan Baǵa", "borderColor": "black", "colorIdentity": ["R"], "colors": [], "convertedManaCost": 0.0, "flavorText": "2008 Vintage Championship Winner", "foreignData": [], "frameVersion": "2003", "hasFoil": false, "hasNonFoil": true, "isOversized": true, "isReprint": true, "isReserved": true, "isStarter": true, "layout": "normal", "legalities": {"commander": "Banned", "duel": "Banned", "legacy": "Banned", "vintage": "Restricted"}, "manaCost": "{0}", "name": "Mox Ruby", "number": "2008", "printings": ["2ED", "CED", "CEI", "LEA", "LEB", "OVNT", "PRM", "VMA"], "rarity": "rare", "rulings": [], "scryfallId": "ed1f6c3f-892d-4478-9534-dad50c60b727", "scryfallIllustrationId": "2816d902-36fd-45c1-b6ec-d50f234f9431", "scryfallOracleId": "ed85fa82-e4fa-434b-92a8-36b6075708d1", "subtypes": [], "supertypes": [], "text": "{T}: Add {R}.", "type": "Artifact", "types": ["Artifact"], "uuid": "b66eb5d2-ca7a-5699-a700-97193fe7e586", "variations": ["6a42d84c-90ef-5d21-bbaa-9aa0666d4446"]}, {"artist": "Raoul Vitale", "borderColor": "black", "colorIdentity": ["R"], "colors": [], "convertedManaCost": 0.0, "flavorText": "2017 European Vintage Champion", "foreignData": [], "frameVersion": "2015", "hasFoil": false, "hasNonFoil": true, "isOversized": true, "isReprint": true, "isReserved": true, "isStarter": true, "layout": "normal", "legalities": {"commander": "Banned", "duel": "Banned", "legacy": "Banned", "vintage": "Restricted"}, "manaCost": "{0}", "name": "Mox Ruby", "number": "2017EU", "printings": ["2ED", "CED", "CEI", "LEA", "LEB", "OVNT", "PRM", "VMA"], "rarity": "mythic", "rulings": [], "scryfallId": "d86490f7-8de4-4086-a1d1-cd543cbacd6a", "scryfallIllustrationId": "88ff3c0b-828a-4f3a-93d0-1615d2cb8ba1", "scryfallOracleId": "ed85fa82-e4fa-434b-92a8-36b6075708d1", "subtypes": [], "supertypes": [], "text": "{T}: Add {R}.", "type": "Artifact", "types": ["Artifact"], "uuid": "6a42d84c-90ef-5d21-bbaa-9aa0666d4446", "variations": ["b66eb5d2-ca7a-5699-a700-97193fe7e586"]}, {"artist": "Volkan Baǵa", "borderColor": "black", "colorIdentity": ["U"], "colors": [], "convertedManaCost": 0.0, "edhrecRank": 18981, "flavorText": "2010 Vintage Championship Winner", "foreignData": [], "frameVersion": "2003", "hasFoil": false, "hasNonFoil": true, "isOversized": true, "isReprint": true, "isReserved": true, "isStarter": true, "layout": "normal", "legalities": {"commander": "Banned", "duel": "Banned", "legacy": "Banned", "vintage": "Restricted"}, "manaCost": "{0}", "name": "Mox Sapphire", "number": "2010", "printings": ["2ED", "CED", "CEI", "LEA", "LEB", "OVNT", "PRM", "VMA"], "rarity": "rare", "rulings": [], "scryfallId": "50925476-cc78-45a0-a0f8-3932051a65cf", "scryfallIllustrationId": "df7dc359-6040-429f-9fed-ee20f911daea", "scryfallOracleId": "d5ed1233-df87-4b90-8918-13922ec95249", "subtypes": [], "supertypes": [], "text": "{T}: Add {U}.", "type": "Artifact", "types": ["Artifact"], "uuid": "f6b49cc5-cfd2-5054-b71f-056ac40cdb2d", "variations": ["aaff89d2-4cc0-5278-80f3-0ad5f2e823af", "f459337a-3b88-5f3c-a783-3c88e0e57c50"]}, {"artist": "Raoul Vitale", "borderColor": "black", "colorIdentity": ["U"], "colors": [], "convertedManaCost": 0.0, "edhrecRank": 18981, "flavorText": "2016 North American Vintage Champion", "foreignData": [], "frameVersion": "2015", "hasFoil": false, "hasNonFoil": true, "isOversized": true, "isReprint": true, "isReserved": true, "isStarter": true, "layout": "normal", "legalities": {"commander": "Banned", "duel": "Banned", "legacy": "Banned", "vintage": "Restricted"}, "manaCost": "{0}", "name": "Mox Sapphire", "number": "2016NA", "printings": ["2ED", "CED", "CEI", "LEA", "LEB", "OVNT", "PRM", "VMA"], "rarity": "mythic", "rulings": [], "scryfallId": "8c4ab6f6-bcb1-4369-9d05-3582b2639eed", "scryfallIllustrationId": "51d0423a-a725-4936-ab28-7180208bfbcf", "scryfallOracleId": "d5ed1233-df87-4b90-8918-13922ec95249", "subtypes": [], "supertypes": [], "text": "{T}: Add {U}.", "type": "Artifact", "types": ["Artifact"], "uuid": "aaff89d2-4cc0-5278-80f3-0ad5f2e823af", "variations": ["f6b49cc5-cfd2-5054-b71f-056ac40cdb2d", "f459337a-3b88-5f3c-a783-3c88e0e57c50"]}, {"artist": "Tyler Walpole", "borderColor": "black", "colorIdentity": ["U"], "colors": [], "convertedManaCost": 0.0, "edhrecRank": 18981, "flavorText": "2019 Asia Vintage Champion", "foreignData": [], "frameVersion": "2015", "hasFoil": true, "hasNonFoil": true, "isOversized": true, "isReprint": true, "isReserved": true, "isStarter": true, "layout": "normal", "legalities": {"commander": "Banned", "duel": "Banned", "legacy": "Banned", "vintage": "Restricted"}, "manaCost": "{0}", "name": "Mox Sapphire", "number": "2019A", "printings": ["2ED", "CED", "CEI", "LEA", "LEB", "OVNT", "PRM", "VMA"], "rarity": "mythic", "rulings": [], "scryfallId": "c88832e3-218d-4b4b-9a5f-4389cf0a900c", "scryfallIllustrationId": "6d64240c-5451-45bf-8142-d09550098315", "scryfallOracleId": "d5ed1233-df87-4b90-8918-13922ec95249", "subtypes": [], "supertypes": [], "text": "{T}: Add {U}.", "type": "Artifact", "types": ["Artifact"], "uuid": "f459337a-3b88-5f3c-a783-3c88e0e57c50", "variations": ["f6b49cc5-cfd2-5054-b71f-056ac40cdb2d", "aaff89d2-4cc0-5278-80f3-0ad5f2e823af"]}, {"artist": "Chris Rahn", "borderColor": "black", "colorIdentity": ["U"], "colors": ["U"], "convertedManaCost": 2.0, "edhrecRank": 18845, "flavorText": "2011 Vintage Championship Winner", "foreignData": [], "frameVersion": "2003", "hasFoil": false, "hasNonFoil": true, "isOversized": true, "isReprint": true, "isReserved": true, "isStarter": true, "layout": "normal", "legalities": {"commander": "Banned", "duel": "Banned", "legacy": "Banned", "vintage": "Restricted"}, "manaCost": "{1}{U}", "name": "Time Walk", "number": "2011", "printings": ["2ED", "CED", "CEI", "LEA", "LEB", "OVNT", "PRM", "VMA"], "rarity": "rare", "rulings": [{"date": "2004-10-04", "text": "If multiple “extra turn” effects resolve in the same turn, take them in the reverse of the order that the effects resolved."}], "scryfallId": "e9d0ac2e-7dfb-43f3-b585-644f5fa3f955", "scryfallIllustrationId": "74b0b7aa-98d0-434c-ae8f-40db354cfff9", "scryfallOracleId": "d0209d3f-3f7e-4fd5-bce5-10bce6f29c86", "subtypes": [], "supertypes": [], "text": "Take an extra turn after this one.", "type": "Sorcery", "types": ["Sorcery"], "uuid": "9c437a37-71e8-5a08-ae04-4f7d5f10c700", "variations": ["6c9f5c89-a131-5aaf-a3aa-2170d1043a0f"]}, {"artist": "Chris Seaman", "borderColor": "black", "colorIdentity": ["U"], "colors": ["U"], "convertedManaCost": 2.0, "edhrecRank": 18845, "flavorText": "2018 North America Vintage Championship", "foreignData": [], "frameVersion": "2015", "hasFoil": false, "hasNonFoil": true, "isOversized": true, "isReprint": true, "isReserved": true, "isStarter": true, "layout": "normal", "legalities": {"commander": "Banned", "duel": "Banned", "legacy": "Banned", "vintage": "Restricted"}, "manaCost": "{1}{U}", "name": "Time Walk", "number": "2018NA", "printings": ["2ED", "CED", "CEI", "LEA", "LEB", "OVNT", "PRM", "VMA"], "rarity": "mythic", "rulings": [{"date": "2004-10-04", "text": "If multiple “extra turn” effects resolve in the same turn, take them in the reverse of the order that the effects resolved."}], "scryfallId": "319bcff2-3173-40e8-954a-d48fa090e7b5", "scryfallIllustrationId": "60c44eda-2a16-4015-a671-1f3ff69b1fb9", "scryfallOracleId": "d0209d3f-3f7e-4fd5-bce5-10bce6f29c86", "subtypes": [], "supertypes": [], "text": "Take an extra turn after this one.", "type": "Sorcery", "types": ["Sorcery"], "uuid": "6c9f5c89-a131-5aaf-a3aa-2170d1043a0f", "variations": ["9c437a37-71e8-5a08-ae04-4f7d5f10c700"]}, {"artist": "Mark Tedin", "borderColor": "black", "colorIdentity": ["U"], "colors": ["U"], "convertedManaCost": 3.0, "edhrecRank": 1974, "flavorText": "2004 Vintage Championship Winner", "foreignData": [], "frameVersion": "2003", "hasFoil": false, "hasNonFoil": true, "isOversized": true, "isReprint": true, "isReserved": true, "isStarter": true, "layout": "normal", "legalities": {"commander": "Legal", "duel": "Banned", "legacy": "Banned", "vintage": "Restricted"}, "manaCost": "{2}{U}", "name": "Timetwister", "number": "2004", "printings": ["2ED", "CED", "CEI", "LEA", "LEB", "OVNT", "PRM", "VMA"], "rarity": "rare", "rulings": [{"date": "2013-07-01", "text": "This card won’t be put into your graveyard until after it’s finished resolving, which means it won’t be shuffled into your library as part of its own effect."}], "scryfallId": "6912ce0b-87cc-4c97-81e1-a66088b5f154", "scryfallIllustrationId": "a28ee1e7-fdc8-41f0-982b-1b3cce037e7d", "scryfallOracleId": "c823e687-6311-4c99-974b-fd77d204141a", "subtypes": [], "supertypes": [], "text": "Each player shuffles their hand and graveyard into their library, then draws seven cards. (Then put Timetwister into its owner's graveyard.)", "type": "Sorcery", "types": ["Sorcery"], "uuid": "8d6a6276-7dcf-5f58-8422-86ac236fbfea", "variations": ["c39b12ef-db48-5181-b1c9-de6f21946a20", "0becb795-0caf-5e33-84db-4480abfe2b3c"]}, {"artist": "Matt Stewart", "borderColor": "black", "colorIdentity": ["U"], "colors": ["U"], "convertedManaCost": 3.0, "edhrecRank": 1974, "flavorText": "2012 Vintage Championship Winner", "foreignData": [], "frameVersion": "2003", "hasFoil": false, "hasNonFoil": true, "isOversized": true, "isReprint": true, "isReserved": true, "isStarter": true, "layout": "normal", "legalities": {"commander": "Legal", "duel": "Banned", "legacy": "Banned", "vintage": "Restricted"}, "manaCost": "{2}{U}", "name": "Timetwister", "number": "2012", "printings": ["2ED", "CED", "CEI", "LEA", "LEB", "OVNT", "PRM", "VMA"], "rarity": "rare", "rulings": [{"date": "2013-07-01", "text": "This card won’t be put into your graveyard until after it’s finished resolving, which means it won’t be shuffled into your library as part of its own effect."}], "scryfallId": "38f1f76f-4eff-4a38-9619-166b9f245012", "scryfallIllustrationId": "3cec9d6d-d557-42bd-858a-9db8d67a1e61", "scryfallOracleId": "c823e687-6311-4c99-974b-fd77d204141a", "subtypes": [], "supertypes": [], "text": "Each player shuffles their hand and graveyard into their library, then draws seven cards. (Then put Timetwister into its owner's graveyard.)", "type": "Sorcery", "types": ["Sorcery"], "uuid": "c39b12ef-db48-5181-b1c9-de6f21946a20", "variations": ["8d6a6276-7dcf-5f58-8422-86ac236fbfea", "0becb795-0caf-5e33-84db-4480abfe2b3c"]}, {"artist": "Ralph Horsley", "borderColor": "black", "colorIdentity": ["U"], "colors": ["U"], "convertedManaCost": 3.0, "edhrecRank": 1974, "flavorText": "2018 Asia Vintage Champion", "foreignData": [], "frameVersion": "2015", "hasFoil": false, "hasNonFoil": true, "isOversized": true, "isReprint": true, "isReserved": true, "isStarter": true, "layout": "normal", "legalities": {"commander": "Legal", "duel": "Banned", "legacy": "Banned", "vintage": "Restricted"}, "manaCost": "{2}{U}", "name": "Timetwister", "number": "2018A", "printings": ["2ED", "CED", "CEI", "LEA", "LEB", "OVNT", "PRM", "VMA"], "rarity": "mythic", "rulings": [{"date": "2013-07-01", "text": "This card won’t be put into your graveyard until after it’s finished resolving, which means it won’t be shuffled into your library as part of its own effect."}], "scryfallId": "38dff637-abeb-4c41-9962-148205fee651", "scryfallIllustrationId": "eb768ed1-322e-4137-aa58-2b0c7288b505", "scryfallOracleId": "c823e687-6311-4c99-974b-fd77d204141a", "subtypes": [], "supertypes": [], "text": "Each player shuffles their hand and graveyard into their library, then draws seven cards. (Then put Timetwister into its owner's graveyard.)", "type": "Sorcery", "types": ["Sorcery"], "uuid": "0becb795-0caf-5e33-84db-4480abfe2b3c", "variations": ["8d6a6276-7dcf-5f58-8422-86ac236fbfea", "c39b12ef-db48-5181-b1c9-de6f21946a20"]}], "code": "OVNT", "isFoilOnly": false, "isOnlineOnly": false, "keyruneCode": "PMEI", "meta": {"date": "2019-09-01", "pricesDate": "2019-09-01", "version": "4.5.0-rebuild.4"}, "name": "Vintage Championship", "releaseDate": "2003-01-01", "tokens": [], "totalSetSize": 21, "translations": {}, "type": "memorabilia"}