{"baseSetSize": 0, "block": "Magic Player Rewards", "cards": [{"artist": "Christopher Moeller", "borderColor": "black", "colorIdentity": ["U"], "colors": ["U"], "convertedManaCost": 2.0, "edhrecRank": 3158, "foreignData": [], "frameVersion": "1997", "hasFoil": false, "hasNonFoil": true, "isPaper": true, "isPromo": true, "isReprint": true, "isStarter": true, "layout": "normal", "legalities": {"commander": "Legal", "duel": "Legal", "legacy": "Legal", "modern": "Legal", "vintage": "Legal"}, "manaCost": "{U}{U}", "mtgstocksId": 24089, "name": "Voidmage Prodigy", "number": "1", "power": "2", "prices": {"paper": {"2019-06-02": 6.59, "2019-06-09": 6.59, "2019-06-16": 6.59, "2019-06-23": 6.3, "2019-06-30": 6.26, "2019-07-07": 6.28, "2019-07-14": 6.3, "2019-07-21": 6.45, "2019-07-28": 6.59, "2019-08-04": 6.45, "2019-08-11": 6.59, "2019-08-18": 6.4, "2019-08-25": 6.5}, "paperFoil": {}}, "printings": ["ONS", "P03", "PRM", "TSB"], "rarity": "rare", "rulings": [], "scryfallId": "4bdc1632-6824-4059-a6bd-bce9cd4a02f4", "scryfallIllustrationId": "2188b65b-aa4b-48ac-a2c0-5b548deb24b0", "scryfallOracleId": "7e2cacae-2934-4ff5-81c6-dfce7a2820ef", "subtypes": ["Human", "Wizard"], "supertypes": [], "tcgplayerProductId": 38342, "text": "{U}{U}, Sacrifice a Wizard: Counter target spell.\nMorph {U} (You may cast this card face down as a 2/2 creature for {3}. Turn it face up any time for its morph cost.)", "toughness": "1", "type": "Creature — Human Wizard", "types": ["Creature"], "uuid": "d826f6e7-bc67-554d-878e-271809398a90"}], "code": "P03", "isFoilOnly": true, "isOnlineOnly": false, "keyruneCode": "DCI", "meta": {"date": "2019-09-01", "pricesDate": "2019-09-01", "version": "4.5.0-rebuild.4"}, "name": "Magic Player Rewards 2003", "releaseDate": "2003-01-01", "tokens": [{"artist": "Glen Angus", "borderColor": "black", "colorIdentity": ["G"], "colors": ["G"], "layout": "normal", "name": "Bear", "number": "4", "power": "2", "reverseRelated": [], "scryfallId": "6e1fc8db-f4a3-4f9c-bfab-64d5a3968435", "scryfallIllustrationId": "e31f6754-175d-4985-96bd-74e8c350b87c", "scryfallOracleId": "a62a374d-ccdd-418d-9bcd-5ca8bf9b05e8", "toughness": "2", "type": "Token Creature — Bear", "uuid": "8b1d8bc5-7144-5cf5-92c3-bd863f83160f"}, {"artist": "Pete Venters", "borderColor": "black", "colorIdentity": ["B"], "colors": ["B"], "layout": "normal", "name": "Demon", "number": "6", "power": "*", "reverseRelated": [], "scryfallId": "084c3292-c3ec-431e-b162-309b5cf6309e", "scryfallIllustrationId": "19b6883b-45f8-43a2-90e9-8285a1c5eafd", "scryfallOracleId": "0f6d78a4-f330-47b5-9c30-51324a1e7fb9", "text": "Flying", "toughness": "*", "type": "Token Creature — Demon", "uuid": "6ffbf66b-e8f3-57ab-b589-8023dd0abe56"}, {"artist": "Darrell Riche", "borderColor": "black", "colorIdentity": ["R"], "colors": ["R"], "layout": "normal", "name": "Goblin", "number": "5", "power": "1", "reverseRelated": [], "scryfallId": "08ca3900-3845-40ac-8581-d4aebc2850a0", "scryfallIllustrationId": "a4828e3c-c18f-4015-bf7c-4277951b0280", "scryfallOracleId": "4465eff4-5851-4721-a248-866c686c2ab8", "toughness": "1", "type": "Token Creature — Goblin", "uuid": "c2de02a2-ffb7-5981-9e21-e28e6e7666bd"}, {"artist": "Anthony S. Waters", "borderColor": "black", "colorIdentity": ["G"], "colors": ["G"], "layout": "normal", "name": "Insect", "number": "2", "power": "1", "reverseRelated": [], "scryfallId": "aa47df37-f246-4f80-a944-008cdf347dad", "scryfallIllustrationId": "608dbe4d-c1dc-45fc-aa80-02b9451a12e6", "scryfallOracleId": "c39cd31f-c4a2-4ca8-b4f9-b2e6289743bc", "toughness": "1", "type": "Token Creature — Insect", "uuid": "9bb4a395-8110-556e-b3df-3922c122b945"}, {"artist": "Edward P. Beard, Jr.", "borderColor": "black", "colorIdentity": ["R"], "colors": ["R"], "layout": "normal", "name": "Rukh", "number": "7", "power": "4", "reverseRelated": [], "scryfallId": "b5489e26-6aec-4706-9c3e-8454878fa6c3", "scryfallIllustrationId": "e5c22622-785b-49f9-a06c-0401a9aa43ce", "scryfallOracleId": "b8df27be-118b-4a76-95ec-9d6220314533", "text": "Flying", "toughness": "4", "type": "Token Creature — Rukh", "uuid": "248329dd-0236-5513-844a-84ecdf097a45"}, {"artist": "Tony Szczudlo", "borderColor": "black", "colorIdentity": [], "colors": [], "layout": "normal", "name": "Sliver", "number": "3", "power": "1", "reverseRelated": [], "scryfallId": "f3b8ae33-f0c3-4fe7-8121-41307d13bb4a", "scryfallIllustrationId": "b41c5151-36bd-4734-91a9-992e43f6a7bc", "scryfallOracleId": "9ac81d75-2bec-46ab-84e1-2fc893d45219", "toughness": "1", "type": "Token Creature — Sliver", "uuid": "8b5ca56b-55d3-5c54-876c-9fa21873b06e"}], "totalSetSize": 7, "translations": {}, "type": "promo"}