{"baseSetSize": 0, "block": "Magic Player Rewards", "cards": [{"artist": "Mark Tedin", "borderColor": "black", "colorIdentity": ["R"], "colors": ["R"], "convertedManaCost": 1.0, "edhrecRank": 1932, "foreignData": [], "frameVersion": "2003", "hasFoil": false, "hasNonFoil": true, "isFullArt": true, "isPaper": true, "isPromo": true, "isReprint": true, "isStarter": true, "isTextless": true, "layout": "normal", "legalities": {"commander": "Legal", "duel": "Legal", "legacy": "Legal", "modern": "Legal", "pauper": "Legal", "penny": "Legal", "vintage": "Legal"}, "manaCost": "{X}{R}", "mtgstocksId": 24043, "name": "Fireball", "number": "3", "prices": {"paper": {"2019-06-02": 3.48, "2019-06-09": 3.34, "2019-06-16": 3.4, "2019-06-23": 3.26, "2019-06-30": 3.0, "2019-07-07": 3.18, "2019-07-14": 3.08, "2019-07-21": 3.18, "2019-07-28": 3.08, "2019-08-04": 3.0, "2019-08-11": 3.0, "2019-08-18": 3.0, "2019-08-25": 3.01}, "paperFoil": {}}, "printings": ["2ED", "3ED", "4BB", "4ED", "5ED", "ARC", "ATH", "BTD", "C13", "CED", "CEI", "DD2", "DST", "FBB", "IMA", "ITP", "JVC", "LEA", "LEB", "M10", "M11", "M12", "ME4", "P05", "PARL", "PD2", "PMEI", "PRM", "PTC", "RQS", "SUM", "WC04"], "rarity": "rare", "rulings": [{"date": "2017-11-17", "text": "For example, if X is 5 and you choose three target creatures, Fireball has a total cost of {7}{R} (even though its mana cost is just {5}{R} and its converted mana cost is 6). If those creatures are all still legal targets as Fireball resolves, it deals 1 damage to each of them."}, {"date": "2017-11-17", "text": "You may cast Fireball with zero targets, regardless of the value chosen for X. If you do so, it will not be a targeted spell, and no damage will actually be dealt when it resolves."}, {"date": "2017-11-17", "text": "Fireball’s damage is divided as Fireball resolves, not as it’s cast, because there are no choices involved. The division involves only targets that are still legal as Fireball resolves."}, {"date": "2017-11-17", "text": "You can target more than X creatures. However, if the number of legal targets at the time Fireball resolves is greater than X, none of them will be dealt any damage."}], "scryfallId": "7c11fcd9-abad-47c8-ae47-55750bc1c9de", "scryfallIllustrationId": "19e0998d-81b9-4dd4-9c7e-5d6ee3e434a4", "scryfallOracleId": "aa7714b0-2bfb-458a-8ebf-37ec2c53383e", "subtypes": [], "supertypes": [], "tcgplayerProductId": 38308, "text": "This spell costs {1} more to cast for each target beyond the first.\nFireball deals X damage divided evenly, rounded down, among any number of targets.", "type": "Sorcery", "types": ["Sorcery"], "uuid": "ce697f23-a87f-5579-9611-069e0d9cdc97"}, {"artist": "Christopher Rush", "borderColor": "black", "colorIdentity": ["U"], "colors": ["U"], "convertedManaCost": 2.0, "edhrecRank": 582, "foreignData": [], "frameVersion": "2003", "hasFoil": false, "hasNonFoil": true, "isFullArt": true, "isPaper": true, "isPromo": true, "isReprint": true, "isStarter": true, "isTextless": true, "layout": "normal", "legalities": {"commander": "Legal", "duel": "Legal", "legacy": "Legal", "modern": "Legal", "pauper": "Legal", "penny": "Legal", "vintage": "Legal"}, "manaCost": "{1}{U}", "mtgstocksId": 24057, "name": "Mana Leak", "number": "5", "prices": {"paper": {"2019-06-02": 10.44, "2019-06-09": 10.44, "2019-06-16": 10.44, "2019-06-23": 10.44, "2019-06-30": 10.62, "2019-07-07": 10.41, "2019-07-14": 10.62, "2019-07-21": 10.99, "2019-07-28": 10.99, "2019-08-04": 10.9, "2019-08-11": 10.44, "2019-08-18": 10.44, "2019-08-25": 11.08}, "paperFoil": {}}, "printings": ["8ED", "9ED", "BRB", "DDN", "IMA", "M11", "M12", "MM2", "P05", "PAL02", "PRM", "PS11", "STH", "TPR", "WC03", "WC04", "WC98"], "rarity": "rare", "rulings": [], "scryfallId": "dea41eb7-5828-4735-bca1-0dbb0fda04e3", "scryfallIllustrationId": "8efda6a2-25d1-4ad6-aa4c-9da0770335c2", "scryfallOracleId": "c61fe162-2202-4e56-9ba0-393547f9875f", "subtypes": [], "supertypes": [], "tcgplayerProductId": 38319, "text": "Counter target spell unless its controller pays {3}.", "type": "Instant", "types": ["Instant"], "uuid": "e883fcfe-6b57-53b3-9a16-7a6d41cdfcc0"}, {"artist": "Scott M. Fischer", "borderColor": "black", "colorIdentity": ["G"], "colors": ["G"], "convertedManaCost": 1.0, "edhrecRank": 10981, "foreignData": [], "frameVersion": "2003", "hasFoil": false, "hasNonFoil": true, "isFullArt": true, "isPaper": true, "isPromo": true, "isReprint": true, "isStarter": true, "isTextless": true, "layout": "normal", "legalities": {"commander": "Legal", "duel": "Legal", "legacy": "Legal", "modern": "Legal", "vintage": "Legal"}, "manaCost": "{G}", "mtgstocksId": 24063, "name": "Oxidize", "number": "4", "prices": {"paper": {"2019-06-02": 1.98, "2019-06-09": 2.11, "2019-06-16": 2.0, "2019-06-23": 2.02, "2019-06-30": 2.0, "2019-07-07": 2.14, "2019-07-14": 2.19, "2019-07-21": 2.17, "2019-07-28": 2.25, "2019-08-04": 2.31, "2019-08-11": 2.39, "2019-08-18": 2.32, "2019-08-25": 2.29}, "paperFoil": {}}, "printings": ["DST", "P05", "PRM", "WC04"], "rarity": "rare", "rulings": [], "scryfallId": "96837aad-424c-4d25-9ec1-b3121e6ac9a6", "scryfallIllustrationId": "423b69ad-283e-4419-97a3-f5379bf1a7b7", "scryfallOracleId": "0ff78353-a26e-4b5a-948d-1c3b41d2dd1f", "subtypes": [], "supertypes": [], "tcgplayerProductId": 38324, "text": "Destroy target artifact. It can't be regenerated.", "type": "Instant", "types": ["Instant"], "uuid": "68536dce-bb2a-56a1-800e-ef04f60a0d6d"}, {"artist": "Edward P. Beard, Jr.", "borderColor": "black", "colorIdentity": ["B", "U"], "colors": ["B", "U"], "convertedManaCost": 3.0, "edhrecRank": 8852, "foreignData": [], "frameVersion": "2003", "hasFoil": true, "hasNonFoil": false, "isPaper": true, "isPromo": true, "isReprint": true, "isStarter": true, "layout": "normal", "legalities": {"commander": "Legal", "duel": "Legal", "legacy": "Legal", "penny": "Legal", "vintage": "Legal"}, "manaCost": "{1}{U}{B}", "mtgstocksId": 24068, "name": "Psychatog", "number": "1", "power": "1", "prices": {"paper": {}, "paperFoil": {"2019-06-02": 3.08, "2019-06-09": 3.08, "2019-06-16": 3.11, "2019-06-23": 3.08, "2019-06-30": 3.02, "2019-07-07": 2.98, "2019-07-14": 3.0, "2019-07-21": 2.83, "2019-07-28": 3.08, "2019-08-04": 3.15, "2019-08-11": 3.11, "2019-08-18": 3.04, "2019-08-25": 2.89}}, "printings": ["ODY", "P05", "PRM", "VMA", "WC02"], "rarity": "rare", "rulings": [], "scryfallId": "d4d067fb-f3c9-4fe0-8330-da5e566eae9c", "scryfallIllustrationId": "f63e1a6c-b7b2-41be-91f0-ffe3f2877165", "scryfallOracleId": "d7c4da85-d1a5-4a27-812d-65d8ee1494dd", "subtypes": ["Atog"], "supertypes": [], "tcgplayerProductId": 38330, "text": "Discard a card: Psychatog gets +1/+1 until end of turn.\nExile two cards from your graveyard: Psychatog gets +1/+1 until end of turn.", "toughness": "2", "type": "Creature — Atog", "types": ["Creature"], "uuid": "d3be73a7-27a5-564b-989b-a9215fb3abd3", "watermark": "dci"}, {"artist": "Jim Murray", "borderColor": "black", "colorIdentity": ["W"], "colors": ["W"], "convertedManaCost": 1.0, "edhrecRank": 8508, "foreignData": [], "frameVersion": "2003", "hasFoil": false, "hasNonFoil": true, "isFullArt": true, "isPaper": true, "isPromo": true, "isReprint": true, "isStarter": true, "isTextless": true, "layout": "normal", "legalities": {"commander": "Legal", "duel": "Legal", "legacy": "Legal", "modern": "Legal", "vintage": "Legal"}, "manaCost": "{W}", "mtgstocksId": 24072, "name": "Reciprocate", "number": "6", "prices": {"paper": {"2019-06-02": 0.94, "2019-06-09": 0.94, "2019-06-16": 0.94, "2019-06-23": 0.94, "2019-06-30": 0.94, "2019-07-07": 0.94, "2019-07-14": 0.94, "2019-07-21": 0.94, "2019-07-28": 0.94, "2019-08-04": 0.89, "2019-08-11": 0.94, "2019-08-18": 0.93, "2019-08-25": 0.88}, "paperFoil": {}}, "printings": ["CHK", "DDG", "P05", "PRM"], "rarity": "rare", "rulings": [], "scryfallId": "3f55274a-54f1-4ab2-90ae-8634073baf5f", "scryfallIllustrationId": "5e436e15-9d2d-4e79-8c6a-7552d6dde52f", "scryfallOracleId": "ebdd29c0-2c33-4410-a05c-80ced58c7b81", "subtypes": [], "supertypes": [], "tcgplayerProductId": 38334, "text": "Exile target creature that dealt damage to you this turn.", "type": "Instant", "types": ["Instant"], "uuid": "d3a4440e-2122-5325-860e-3e2261cdea7e"}, {"artist": "Ron Spencer", "borderColor": "black", "colorIdentity": ["B"], "colors": ["B"], "convertedManaCost": 2.0, "edhrecRank": 4922, "foreignData": [], "frameVersion": "2003", "hasFoil": false, "hasNonFoil": true, "isFullArt": true, "isPaper": true, "isPromo": true, "isReprint": true, "isStarter": true, "isTextless": true, "layout": "normal", "legalities": {"commander": "Legal", "duel": "Legal", "legacy": "Legal", "modern": "Legal", "pauper": "Legal", "penny": "Legal", "vintage": "Legal"}, "manaCost": "{1}{B}", "mtgstocksId": 24085, "name": "Terror", "number": "2", "prices": {"paper": {"2019-06-02": 2.33, "2019-06-09": 2.37, "2019-06-16": 2.5, "2019-06-23": 2.49, "2019-06-30": 2.34, "2019-07-07": 2.32, "2019-07-14": 2.38, "2019-07-21": 2.44, "2019-07-28": 2.1, "2019-08-04": 2.26, "2019-08-11": 2.26, "2019-08-18": 2.4, "2019-08-25": 2.51}, "paperFoil": {}}, "printings": ["10E", "2ED", "3ED", "4BB", "4ED", "5ED", "6ED", "ATH", "BRB", "BTD", "CED", "CEI", "DPA", "FBB", "FNM", "ITP", "LEA", "LEB", "ME4", "MRD", "P05", "PRM", "PS11", "RQS", "SUM", "TD0"], "rarity": "rare", "rulings": [], "scryfallId": "ba9d4863-75f2-4894-8033-e4ffebe0547a", "scryfallIllustrationId": "c33dbbd0-3709-4e2b-b737-a5eb8e046465", "scryfallOracleId": "b81f041d-98db-4408-9472-c483e4a502bc", "subtypes": [], "supertypes": [], "tcgplayerProductId": 38339, "text": "Destroy target nonartifact, nonblack creature. It can't be regenerated.", "type": "Instant", "types": ["Instant"], "uuid": "f6001660-7744-5cd6-9fb6-16ca3c4810fd"}], "code": "P05", "isFoilOnly": true, "isOnlineOnly": false, "keyruneCode": "DCI", "meta": {"date": "2019-09-01", "pricesDate": "2019-09-01", "version": "4.5.0-rebuild.4"}, "name": "Magic Player Rewards 2005", "releaseDate": "2005-01-01", "tokens": [], "totalSetSize": 6, "translations": {}, "type": "promo"}