{"baseSetSize": 0, "block": "Magic Player Rewards", "cards": [{"artist": "Jim Pavelec", "borderColor": "black", "colorIdentity": ["B", "R"], "colors": ["B", "R"], "convertedManaCost": 3.0, "edhrecRank": 5748, "foreignData": [], "frameVersion": "2003", "hasFoil": false, "hasNonFoil": true, "isFullArt": true, "isPaper": true, "isPromo": true, "isReprint": true, "isStarter": true, "isTextless": true, "layout": "normal", "legalities": {"commander": "Legal", "duel": "Legal", "legacy": "Legal", "modern": "Legal", "pauper": "Legal", "penny": "Legal", "vintage": "Legal"}, "manaCost": "{1}{B}{R}", "mtgstocksId": 24025, "name": "Blightning", "number": "6", "prices": {"paper": {"2019-06-02": 3.49, "2019-06-09": 3.5, "2019-06-16": 3.39, "2019-06-23": 3.49, "2019-06-30": 3.5, "2019-07-07": 3.5, "2019-07-14": 3.49, "2019-07-21": 3.49, "2019-07-28": 3.49, "2019-08-04": 3.38, "2019-08-11": 3.44, "2019-08-18": 3.25, "2019-08-25": 3.36}, "paperFoil": {}}, "printings": ["A25", "ALA", "DDK", "P09", "PRM", "PS11"], "rarity": "rare", "rulings": [{"date": "2008-10-01", "text": "The targeted player will discard two cards even if some or all of Blightning’s damage is prevented or redirected."}], "scryfallId": "7a1b4c07-588a-444f-9677-3eb1493b5394", "scryfallIllustrationId": "6574077b-ae4e-4a0c-b3a9-6b4a76d03bab", "scryfallOracleId": "a6496440-dc0c-4d9b-bf37-f537b6f0187b", "subtypes": [], "supertypes": [], "tcgplayerProductId": 38295, "text": "Blightning deals 3 damage to target player or planeswalker. That player or that planeswalker's controller discards two cards.", "type": "Sorcery", "types": ["Sorcery"], "uuid": "63469638-851b-5b92-91be-9386ad6764b7"}, {"artist": "Wayne England", "borderColor": "black", "colorIdentity": ["U"], "colors": ["U"], "convertedManaCost": 4.0, "edhrecRank": 361, "foreignData": [], "frameVersion": "2003", "hasFoil": true, "hasNonFoil": false, "isFullArt": true, "isPaper": true, "isPromo": true, "isReprint": true, "isStarter": true, "isTextless": true, "layout": "normal", "legalities": {"commander": "Legal", "duel": "Legal", "legacy": "Legal", "modern": "Legal", "vintage": "Legal"}, "manaCost": "{1}{U}{U}{U}", "mtgstocksId": 24034, "name": "Cryptic Command", "number": "1", "prices": {"paper": {}, "paperFoil": {"2019-06-02": 68.94, "2019-06-09": 67.59, "2019-06-16": 67.59, "2019-06-23": 66.79, "2019-06-30": 64.85, "2019-07-07": 65.94, "2019-07-14": 60.09, "2019-07-21": 60.09, "2019-07-28": 60.09, "2019-08-04": 59.99, "2019-08-11": 60.05, "2019-08-18": 60.09, "2019-08-25": 63.0}}, "printings": ["IMA", "LRW", "MM2", "MMA", "MP2", "P09", "PRM"], "rarity": "rare", "rulings": [{"date": "2017-11-17", "text": "You choose both modes as you cast Cryptic Command. You must choose two different modes."}, {"date": "2017-11-17", "text": "Look at both chosen modes to determine how many targets Cryptic Command has, if any. If it has at least one target, and all its targets are illegal when it tries to resolve, then it won’t resolve and none of its effects will happen. For example, if you choose the second and fourth modes, and the permanent is an illegal target when Cryptic Command tries to resolve, you won’t draw a card."}], "scryfallId": "526607e9-1907-4639-b944-8ee152c81bfb", "scryfallIllustrationId": "7767515b-7087-4d1c-839c-ff9b289aea64", "scryfallOracleId": "a3e51a35-09df-4189-b131-08a21e6a557d", "subtypes": [], "supertypes": [], "tcgplayerProductId": 38303, "text": "Choose two —\n• Counter target spell.\n• Return target permanent to its owner's hand.\n• Tap all creatures your opponents control.\n• Draw a card.", "type": "Instant", "types": ["Instant"], "uuid": "c26551a6-5659-58ca-8f5d-5d2144b4622a"}, {"artist": "Zoltan Boros & Gabor Szikszai", "borderColor": "black", "colorIdentity": ["R"], "colors": ["R"], "convertedManaCost": 6.0, "edhrecRank": 6949, "foreignData": [], "frameVersion": "2003", "hasFoil": false, "hasNonFoil": true, "isFullArt": true, "isPaper": true, "isPromo": true, "isReprint": true, "isStarter": true, "isTextless": true, "layout": "normal", "legalities": {"commander": "Legal", "duel": "Legal", "legacy": "Legal", "modern": "Legal", "penny": "Legal", "vintage": "Legal"}, "manaCost": "{2/R}{2/R}{2/R}", "mtgstocksId": 24044, "name": "Flame Javelin", "number": "2", "prices": {"paper": {"2019-06-02": 0.64, "2019-06-09": 0.65, "2019-06-16": 0.65, "2019-06-23": 0.66, "2019-06-30": 0.66, "2019-07-07": 0.67, "2019-07-14": 0.68, "2019-07-21": 0.67, "2019-07-28": 0.66, "2019-08-04": 0.65, "2019-08-11": 0.64, "2019-08-18": 0.65, "2019-08-25": 0.66}, "paperFoil": {}}, "printings": ["DD2", "DDK", "JVC", "P09", "PRM", "SHM"], "rarity": "rare", "rulings": [{"date": "2008-05-01", "text": "If an effect reduces the cost to cast a spell by an amount of generic mana, it applies to a monocolored hybrid spell only if you’ve chosen a method of paying for it that includes generic mana."}, {"date": "2008-05-01", "text": "A card with a monocolored hybrid mana symbol in its mana cost is each of the colors that appears in its mana cost, regardless of what mana was spent to cast it. Thus, Flame Javelin is red even if you spend six green mana to cast it."}, {"date": "2008-05-01", "text": "A card with monocolored hybrid mana symbols in its mana cost has a converted mana cost equal to the highest possible cost it could be cast for. Its converted mana cost never changes. Thus, Flame Javelin has a converted mana cost of 6, even if you spend {R}{R}{R} to cast it."}, {"date": "2008-05-01", "text": "If a cost includes more than one monocolored hybrid mana symbol, you can choose a different way to pay for each symbol. For example, you can pay for Flame Javelin by spending {R}{R}{R}, {2}{R}{R}, {4}{R}, or {6}."}], "scryfallId": "407858c8-316d-47a7-8234-c490a0bc87a6", "scryfallIllustrationId": "f9208814-6021-4f0c-8922-c137566b943a", "scryfallOracleId": "58363090-bf89-4174-bbb2-636afc1c7a06", "subtypes": [], "supertypes": [], "tcgplayerProductId": 38309, "text": "({2/R} can be paid with any two mana or with {R}. This card's converted mana cost is 6.)\nFlame Javelin deals 4 damage to any target.", "type": "Instant", "types": ["Instant"], "uuid": "4cd139ab-c1d6-5a59-b037-43b10904eb98"}, {"artist": "Jesper Ejsing", "borderColor": "black", "colorIdentity": ["B"], "colors": ["B"], "convertedManaCost": 2.0, "edhrecRank": 6580, "foreignData": [], "frameVersion": "2003", "hasFoil": false, "hasNonFoil": true, "isFullArt": true, "isPaper": true, "isPromo": true, "isReprint": true, "isStarter": true, "isTextless": true, "layout": "normal", "legalities": {"commander": "Legal", "duel": "Legal", "legacy": "Legal", "modern": "Legal", "pauper": "Legal", "penny": "Legal", "vintage": "Legal"}, "manaCost": "{1}{B}", "mtgstocksId": 24061, "name": "Nameless Inversion", "number": "4", "prices": {"paper": {"2019-06-02": 0.94, "2019-06-09": 0.94, "2019-06-16": 0.97, "2019-06-23": 0.94, "2019-06-30": 0.92, "2019-07-07": 0.91, "2019-07-14": 0.94, "2019-07-21": 0.94, "2019-07-28": 0.94, "2019-08-04": 0.92, "2019-08-11": 0.9, "2019-08-18": 0.9, "2019-08-25": 0.9}, "paperFoil": {}}, "printings": ["LRW", "MM2", "P09", "PRM"], "rarity": "rare", "rulings": [{"date": "2007-10-01", "text": "If a creature loses all creature types but then gains a new creature type later in the turn, it will be that new creature type."}, {"date": "2013-07-01", "text": "Examples of creature types include Sliver, Goblin, and Soldier. Creature types appear after the dash on the type line of creatures."}], "scryfallId": "b1ea60ba-11ac-4112-92af-db0aa420dd8c", "scryfallIllustrationId": "c9922e2e-6d69-4587-a426-8efdca6d356b", "scryfallOracleId": "d6911456-42cb-4b23-a560-dc98784530f5", "subtypes": ["Shapeshifter"], "supertypes": [], "tcgplayerProductId": 38322, "text": "Changeling (This card is every creature type.)\nTarget creature gets +3/-3 and loses all creature types until end of turn.", "type": "Tribal Instant — Shapeshifter", "types": ["Tribal", "Instant"], "uuid": "c7aebccd-9247-56ed-85f2-1234f90b3829"}, {"artist": "Ralph Horsley", "borderColor": "black", "colorIdentity": ["U"], "colors": ["U"], "convertedManaCost": 2.0, "edhrecRank": 80, "foreignData": [], "frameVersion": "2003", "hasFoil": false, "hasNonFoil": true, "isFullArt": true, "isPaper": true, "isPromo": true, "isReprint": true, "isStarter": true, "isTextless": true, "layout": "normal", "legalities": {"brawl": "Legal", "commander": "Legal", "duel": "Legal", "future": "Legal", "legacy": "Legal", "modern": "Legal", "pauper": "Legal", "penny": "Legal", "standard": "Legal", "vintage": "Legal"}, "manaCost": "{1}{U}", "mtgstocksId": 24062, "name": "Negate", "number": "8", "prices": {"paper": {"2019-06-02": 19.67, "2019-06-09": 19.63, "2019-06-16": 19.4, "2019-06-23": 19.3, "2019-06-30": 18.99, "2019-07-07": 18.77, "2019-07-14": 18.76, "2019-07-21": 18.76, "2019-07-28": 18.86, "2019-08-04": 18.75, "2019-08-11": 17.42, "2019-08-18": 17.0, "2019-08-25": 16.86}, "paperFoil": {}}, "printings": ["AER", "BBD", "CN2", "DPA", "DTK", "M10", "M11", "M12", "M13", "M14", "M15", "M20", "MOR", "OGW", "ORI", "P09", "PM20", "PRM", "PS11", "RIX", "SS1"], "rarity": "rare", "rulings": [{"date": "2009-10-01", "text": "A “creature spell” is any spell with the type creature, even if it has other types such as artifact or enchantment. Older cards of type summon are also creature spells."}], "scryfallId": "226e5187-d285-4547-869d-761fdbee6f1b", "scryfallIllustrationId": "a9ad79f2-faad-407e-9199-fe193067fcf5", "scryfallOracleId": "3407fe41-fdd3-4119-8f70-4bc4590a379f", "subtypes": [], "supertypes": [], "tcgplayerProductId": 38323, "text": "Counter target noncreature spell.", "type": "Instant", "types": ["Instant"], "uuid": "3323eef7-9729-51bb-901c-0b65c3d19858"}, {"artist": "Terese Nielsen", "borderColor": "black", "colorIdentity": ["G"], "colors": ["G"], "convertedManaCost": 2.0, "edhrecRank": 50, "foreignData": [], "frameVersion": "2003", "hasFoil": false, "hasNonFoil": true, "isFullArt": true, "isPaper": true, "isPromo": true, "isReprint": true, "isStarter": true, "isTextless": true, "layout": "normal", "legalities": {"commander": "Legal", "duel": "Legal", "legacy": "Legal", "modern": "Legal", "pauper": "Legal", "penny": "Legal", "vintage": "Legal"}, "manaCost": "{1}{G}", "mtgstocksId": 24071, "name": "Rampant Growth", "number": "7", "prices": {"paper": {"2019-06-02": 6.14, "2019-06-09": 6.64, "2019-06-16": 6.0, "2019-06-23": 6.0, "2019-06-30": 6.32, "2019-07-07": 6.36, "2019-07-14": 6.48, "2019-07-21": 6.64, "2019-07-28": 6.64, "2019-08-04": 6.48, "2019-08-11": 6.48, "2019-08-18": 6.59, "2019-08-25": 6.39}, "paperFoil": {}}, "printings": ["10E", "6ED", "7ED", "8ED", "9ED", "BTD", "C15", "C16", "DDS", "DPA", "HOP", "M10", "M12", "MIR", "MM2", "P09", "PRM", "PS11", "PSAL", "TD0", "TMP", "TPR", "WC04"], "rarity": "rare", "rulings": [{"date": "2004-10-04", "text": "The land does not count toward your one per turn limit because it was put onto the battlefield by an effect."}, {"date": "2004-10-04", "text": "Because the “search” requires you to find a card with certain characteristics, you don’t have to find the card if you don’t want to."}], "scryfallId": "594d7178-4acd-4be0-9e22-2d046c5cebd8", "scryfallIllustrationId": "f298c6a9-14b7-41f0-9f6b-fecc65f41783", "scryfallOracleId": "8539f295-5d58-4436-a73a-b9277c4c7795", "subtypes": [], "supertypes": [], "tcgplayerProductId": 38333, "text": "Search your library for a basic land card and put that card onto the battlefield tapped. Then shuffle your library.", "type": "Sorcery", "types": ["Sorcery"], "uuid": "a6bd438c-71d3-50b3-b5b7-c5e234eaed39"}, {"artist": "Mike Dringenberg", "borderColor": "black", "colorIdentity": ["U"], "colors": ["U"], "convertedManaCost": 2.0, "edhrecRank": 5642, "foreignData": [], "frameVersion": "2003", "hasFoil": false, "hasNonFoil": true, "isFullArt": true, "isPaper": true, "isPromo": true, "isReprint": true, "isStarter": true, "isTextless": true, "layout": "normal", "legalities": {"commander": "Legal", "duel": "Legal", "legacy": "Legal", "modern": "Legal", "pauper": "Legal", "penny": "Legal", "vintage": "Legal"}, "manaCost": "{1}{U}", "mtgstocksId": 24074, "name": "Remove Soul", "number": "5", "prices": {"paper": {"2019-06-02": 0.94, "2019-06-09": 0.94, "2019-06-16": 0.94, "2019-06-23": 0.94, "2019-06-30": 0.92, "2019-07-07": 0.92, "2019-07-14": 0.95, "2019-07-21": 0.96, "2019-07-28": 0.94, "2019-08-04": 0.89, "2019-08-11": 0.89, "2019-08-18": 0.86, "2019-08-25": 0.88}, "paperFoil": {}}, "printings": ["10E", "5ED", "6ED", "7ED", "8ED", "9ED", "CHR", "LEG", "ME3", "P09", "PRM", "S99"], "rarity": "rare", "rulings": [{"date": "2008-04-01", "text": "A “creature spell” is any spell with the type Creature, even if it has other types such as Artifact or Enchantment. Older cards of type Summon are also Creature spells."}], "scryfallId": "675440ff-9701-4310-a4ad-8502b9cb73ae", "scryfallIllustrationId": "74005471-9685-4868-8ddf-5343e2f69b50", "scryfallOracleId": "b13c0f76-fbda-4911-9442-c3d7e97f1aac", "subtypes": [], "supertypes": [], "tcgplayerProductId": 38336, "text": "Counter target creature spell.", "type": "Instant", "types": ["Instant"], "uuid": "67dd3698-9e84-5960-b13e-af92dfd19491"}, {"artist": "Thomas M. Baxa", "borderColor": "black", "colorIdentity": ["B", "R"], "colors": ["B", "R"], "convertedManaCost": 2.0, "edhrecRank": 169, "foreignData": [], "frameVersion": "2003", "hasFoil": false, "hasNonFoil": true, "isFullArt": true, "isPaper": true, "isPromo": true, "isReprint": true, "isStarter": true, "isTextless": true, "layout": "normal", "legalities": {"commander": "Legal", "duel": "Legal", "legacy": "Legal", "modern": "Legal", "pauper": "Legal", "vintage": "Legal"}, "manaCost": "{B}{R}", "mtgstocksId": 24084, "name": "Terminate", "number": "9", "prices": {"paper": {"2019-06-02": 7.92, "2019-06-09": 7.92, "2019-06-16": 7.92, "2019-06-23": 7.98, "2019-06-30": 7.9, "2019-07-07": 7.85, "2019-07-14": 7.63, "2019-07-21": 7.58, "2019-07-28": 7.59, "2019-08-04": 7.12, "2019-08-11": 6.99, "2019-08-18": 6.97, "2019-08-25": 6.67}, "paperFoil": {}}, "printings": ["ARB", "ARC", "C16", "C17", "CMA", "CMD", "DDK", "F06", "MM3", "P09", "PLS", "PRM", "PS11", "TD0", "WC01"], "rarity": "rare", "rulings": [], "scryfallId": "dfd77920-7dbb-4673-9317-095ce9483878", "scryfallIllustrationId": "ab71c0c5-8ca7-43d5-b0bd-a7b55e7e0cf6", "scryfallOracleId": "6257c2fd-005f-41e3-8a72-af76df1eb134", "subtypes": [], "supertypes": [], "tcgplayerProductId": 38338, "text": "Destroy target creature. It can't be regenerated.", "type": "Instant", "types": ["Instant"], "uuid": "7e01cacc-a83f-5e31-973e-2d6c95437007"}, {"artist": "Chris Rahn", "borderColor": "black", "colorIdentity": ["B", "W"], "colors": ["B", "W"], "convertedManaCost": 3.0, "edhrecRank": 2546, "foreignData": [], "frameVersion": "2003", "hasFoil": false, "hasNonFoil": true, "isFullArt": true, "isPaper": true, "isPromo": true, "isReprint": true, "isStarter": true, "isTextless": true, "layout": "normal", "legalities": {"commander": "Legal", "duel": "Legal", "legacy": "Legal", "modern": "Legal", "pauper": "Legal", "vintage": "Legal"}, "manaCost": "{W/B}{W/B}{W/B}", "mtgstocksId": 24088, "name": "Unmake", "number": "3", "prices": {"paper": {"2019-06-02": 2.84, "2019-06-09": 2.84, "2019-06-16": 2.86, "2019-06-23": 2.79, "2019-06-30": 2.74, "2019-07-07": 2.72, "2019-07-14": 2.72, "2019-07-21": 2.71, "2019-07-28": 2.76, "2019-08-04": 2.7, "2019-08-11": 2.78, "2019-08-18": 2.78, "2019-08-25": 2.79}, "paperFoil": {}}, "printings": ["ARC", "DDK", "EVE", "P09", "PRM"], "rarity": "rare", "rulings": [], "scryfallId": "1bc08c9c-b18a-4df1-92f0-f1f35a834399", "scryfallIllustrationId": "7a74035a-c314-48fd-b46b-0d059ab982c1", "scryfallOracleId": "c551ba63-2a74-439d-8996-d566e2efbd5f", "subtypes": [], "supertypes": [], "tcgplayerProductId": 38341, "text": "Exile target creature.", "type": "Instant", "types": ["Instant"], "uuid": "e8b928ec-f935-5436-a795-49fcc3dcb934"}], "code": "P09", "isFoilOnly": true, "isOnlineOnly": false, "keyruneCode": "DEFAULT", "meta": {"date": "2019-09-01", "pricesDate": "2019-09-01", "version": "4.5.0-rebuild.4"}, "name": "Magic Player Rewards 2009", "releaseDate": "2009-01-01", "tokens": [], "totalSetSize": 9, "translations": {}, "type": "promo"}