{"baseSetSize": 0, "block": "Magic Player Rewards", "cards": [{"artist": "Aleksi Briclot", "borderColor": "black", "colorIdentity": ["B", "R"], "colors": ["B", "R"], "convertedManaCost": 5.0, "edhrecRank": 4306, "foreignData": [], "frameVersion": "2003", "hasFoil": false, "hasNonFoil": true, "isFullArt": true, "isPaper": true, "isPromo": true, "isReprint": true, "isStarter": true, "isTextless": true, "layout": "normal", "legalities": {"commander": "Legal", "duel": "Legal", "legacy": "Legal", "modern": "Legal", "penny": "Legal", "vintage": "Legal"}, "manaCost": "{3}{B}{R}", "mtgstocksId": 24024, "name": "Bituminous Blast", "number": "7", "prices": {"paper": {"2019-06-02": 0.78, "2019-06-09": 0.77, "2019-06-16": 0.8, "2019-06-23": 0.76, "2019-06-30": 0.76, "2019-07-07": 0.76, "2019-07-14": 0.76, "2019-07-21": 0.76, "2019-07-28": 0.76, "2019-08-04": 0.76, "2019-08-11": 0.76, "2019-08-18": 0.76, "2019-08-25": 0.75}, "paperFoil": {}}, "printings": ["ARB", "ARC", "C16", "P10", "PC2", "PCA", "PRM"], "rarity": "rare", "rulings": [{"date": "2009-05-01", "text": "When the cascade ability resolves, you must exile cards. The only optional part of the ability is whether or not you cast the last card exiled."}, {"date": "2009-05-01", "text": "If a spell with cascade is countered, the cascade ability will still resolve normally."}, {"date": "2009-05-01", "text": "Cascade triggers when you cast the spell, meaning that it resolves before that spell. If you end up casting the exiled card, it will go on the stack above the spell with cascade."}, {"date": "2009-05-01", "text": "If you cast the last exiled card, you’re casting it as a spell. It can be countered. If that card has cascade, the new spell’s cascade ability will trigger, and you’ll repeat the process for the new spell."}, {"date": "2009-05-01", "text": "After you’re done exiling cards and casting the last one if you chose to do so, the remaining exiled cards are randomly placed on the bottom of your library. Neither you nor any other player is allowed to know the order of those cards."}, {"date": "2009-05-01", "text": "You exile the cards face-up. All players will be able to see them."}, {"date": "2017-04-18", "text": "The converted mana cost of a split card is determined by the combined mana cost of its two halves. If cascade allows you to cast a split card, you may cast either half but not both halves."}], "scryfallId": "b368dae7-ca43-4c7e-9b75-826540383630", "scryfallIllustrationId": "5764fdff-9f14-494d-8357-dd605e1c1dbd", "scryfallOracleId": "d291d8f7-bb67-470c-8794-cd553c91e5cc", "subtypes": [], "supertypes": [], "tcgplayerProductId": 38294, "text": "Cascade (When you cast this spell, exile cards from the top of your library until you exile a nonland card that costs less. You may cast it without paying its mana cost. Put the exiled cards on the bottom of your library in a random order.)\nBituminous Blast deals 4 damage to target creature.", "type": "Instant", "types": ["Instant"], "uuid": "72eef17a-baa0-5fe9-993e-d7964fa0e43d"}, {"artist": "Jung Park", "borderColor": "black", "colorIdentity": ["R"], "colors": ["R"], "convertedManaCost": 1.0, "edhrecRank": 5259, "foreignData": [], "frameVersion": "2003", "hasFoil": false, "hasNonFoil": true, "isFullArt": true, "isPaper": true, "isPromo": true, "isReprint": true, "isStarter": true, "isTextless": true, "layout": "normal", "legalities": {"commander": "Legal", "duel": "Legal", "legacy": "Legal", "modern": "Legal", "pauper": "Legal", "penny": "Legal", "vintage": "Legal"}, "manaCost": "{R}", "mtgstocksId": 24027, "name": "Burst Lightning", "number": "8", "prices": {"paper": {"2019-06-02": 2.41, "2019-06-09": 2.45, "2019-06-16": 2.46, "2019-06-23": 2.46, "2019-06-30": 2.41, "2019-07-07": 2.42, "2019-07-14": 2.41, "2019-07-21": 2.37, "2019-07-28": 2.25, "2019-08-04": 2.25, "2019-08-11": 2.22, "2019-08-18": 2.37, "2019-08-25": 2.49}, "paperFoil": {}}, "printings": ["MM2", "P10", "PRM", "ZEN"], "rarity": "rare", "rulings": [], "scryfallId": "db539e3e-cefe-4f2c-bc8e-df049426895f", "scryfallIllustrationId": "9a5eb971-9eee-4eb6-b410-194de49818dc", "scryfallOracleId": "ac2086fe-98ee-4280-9c7c-c5c2d6548a8b", "subtypes": [], "supertypes": [], "tcgplayerProductId": 38297, "text": "Kicker {4} (You may pay an additional {4} as you cast this spell.)\nBurst Lightning deals 2 damage to any target. If this spell was kicked, it deals 4 damage to that permanent or player instead.", "type": "Instant", "types": ["Instant"], "uuid": "c8d715ce-cc02-57c1-a0ca-211dacf4725a"}, {"artist": "Izzy", "borderColor": "black", "colorIdentity": ["U"], "colors": ["U"], "convertedManaCost": 3.0, "edhrecRank": 728, "foreignData": [], "frameVersion": "2003", "hasFoil": false, "hasNonFoil": true, "isFullArt": true, "isPaper": true, "isPromo": true, "isReprint": true, "isStarter": true, "isTextless": true, "layout": "normal", "legalities": {"brawl": "Legal", "commander": "Legal", "duel": "Legal", "legacy": "Legal", "modern": "Legal", "pauper": "Legal", "penny": "Legal", "standard": "Legal", "vintage": "Legal"}, "manaCost": "{1}{U}{U}", "mtgstocksId": 24028, "name": "Cancel", "number": "2", "prices": {"paper": {"2019-06-02": 1.91, "2019-06-09": 1.94, "2019-06-16": 1.95, "2019-06-23": 1.97, "2019-06-30": 1.9, "2019-07-07": 1.91, "2019-07-14": 1.94, "2019-07-21": 1.96, "2019-07-28": 1.96, "2019-08-04": 1.89, "2019-08-11": 1.88, "2019-08-18": 1.89, "2019-08-25": 1.97}, "paperFoil": {}}, "printings": ["10E", "AKH", "ALA", "DPA", "KTK", "M10", "M11", "M12", "M14", "M15", "M19", "P10", "PC2", "PCA", "PRM", "PS11", "RTR", "TSP", "XLN", "ZEN"], "rarity": "rare", "rulings": [], "scryfallId": "bc4d6368-03dc-488a-9a6b-07a549a87572", "scryfallIllustrationId": "0c8b2b0d-50d0-41c9-bc9f-6928e54dffd4", "scryfallOracleId": "7d00fb28-ea6c-49a9-b4af-ffb38860a9a7", "subtypes": [], "supertypes": [], "tcgplayerProductId": 38298, "text": "Counter target spell.", "type": "Instant", "types": ["Instant"], "uuid": "ca1aacf7-e2bd-5bb2-97df-984e0aa8009b"}, {"artist": "Nils Hamm", "borderColor": "black", "colorIdentity": ["W"], "colors": ["W"], "convertedManaCost": 2.0, "edhrecRank": 9897, "foreignData": [], "frameVersion": "2003", "hasFoil": false, "hasNonFoil": true, "isFullArt": true, "isPaper": true, "isPromo": true, "isReprint": true, "isStarter": true, "isTextless": true, "layout": "normal", "legalities": {"commander": "Legal", "duel": "Legal", "legacy": "Legal", "modern": "Legal", "penny": "Legal", "vintage": "Legal"}, "manaCost": "{1}{W}", "mtgstocksId": 24029, "name": "Celestial Purge", "number": "6", "prices": {"paper": {"2019-06-02": 6.16, "2019-06-09": 5.79, "2019-06-16": 5.78, "2019-06-23": 5.72, "2019-06-30": 5.29, "2019-07-07": 5.41, "2019-07-14": 5.71, "2019-07-21": 5.73, "2019-07-28": 5.76, "2019-08-04": 6.88, "2019-08-11": 6.93, "2019-08-18": 6.45, "2019-08-25": 6.45}, "paperFoil": {}}, "printings": ["CON", "M10", "M11", "M12", "MM2", "P10", "PRM"], "rarity": "rare", "rulings": [{"date": "2009-10-01", "text": "Lands are colorless (even if their frames have some colored elements to them). You can’t target a Swamp, a Mountain, or any other land with Celestial Purge (unless some other effect has turned that land black or red)."}], "scryfallId": "1a5dbac5-273c-4452-a9c2-32fb6086a8d1", "scryfallIllustrationId": "3e145221-08d9-4ea7-8d4a-e159009453af", "scryfallOracleId": "ec1f6188-2516-46ac-8a03-7b7285b23a62", "subtypes": [], "supertypes": [], "tcgplayerProductId": 38299, "text": "Exile target black or red permanent.", "type": "Instant", "types": ["Instant"], "uuid": "d6e2a3a3-f4b4-5ae2-89a0-f50ead4c57d3"}, {"artist": "Lars Grant-West", "borderColor": "black", "colorIdentity": ["G"], "colors": ["G"], "convertedManaCost": 3.0, "edhrecRank": 237, "foreignData": [], "frameVersion": "2003", "hasFoil": false, "hasNonFoil": true, "isFullArt": true, "isPaper": true, "isPromo": true, "isReprint": true, "isStarter": true, "isTextless": true, "layout": "normal", "legalities": {"commander": "Legal", "duel": "Legal", "legacy": "Legal", "modern": "Legal", "pauper": "Legal", "penny": "Legal", "vintage": "Legal"}, "manaCost": "{2}{G}", "mtgstocksId": 24049, "name": "Harrow", "number": "9", "prices": {"paper": {"2019-06-02": 3.99, "2019-06-09": 4.0, "2019-06-16": 3.98, "2019-06-23": 3.87, "2019-06-30": 3.99, "2019-07-07": 3.98, "2019-07-14": 3.89, "2019-07-21": 4.0, "2019-07-28": 3.94, "2019-08-04": 3.99, "2019-08-11": 3.99, "2019-08-18": 3.87, "2019-08-25": 3.93}, "paperFoil": {}}, "printings": ["C14", "C18", "CMA", "DDE", "DDP", "INV", "P10", "PRM", "TMP", "TPR", "ZEN"], "rarity": "rare", "rulings": [{"date": "2004-10-04", "text": "The sacrifice of a land is part of the cost of casting Harrow. You can’t pay this cost more than once to get a multiple effect."}, {"date": "2004-10-04", "text": "The two lands do not count toward your normal one land you can play each turn."}, {"date": "2004-10-04", "text": "Because the “search” requires you to find a card with certain characteristics, you don’t have to find the card if you don’t want to."}], "scryfallId": "a7bc002c-58af-49ab-8a3e-038b286ebd30", "scryfallIllustrationId": "f9d69b07-2805-491e-ae42-d80e20d266f7", "scryfallOracleId": "705509e9-a034-4a5a-9c65-66f58748b8a2", "subtypes": [], "supertypes": [], "tcgplayerProductId": 38312, "text": "As an additional cost to cast this spell, sacrifice a land.\nSearch your library for up to two basic land cards, put them onto the battlefield, then shuffle your library.", "type": "Instant", "types": ["Instant"], "uuid": "e32fda2a-f9d7-592f-9976-491e0865d1f0"}, {"artist": "Pete Venters", "borderColor": "black", "colorIdentity": ["B"], "colors": ["B"], "convertedManaCost": 3.0, "edhrecRank": 9257, "foreignData": [], "frameVersion": "2003", "hasFoil": false, "hasNonFoil": true, "isFullArt": true, "isPaper": true, "isPromo": true, "isReprint": true, "isStarter": true, "isTextless": true, "layout": "normal", "legalities": {"commander": "Legal", "duel": "Legal", "legacy": "Legal", "modern": "Legal", "penny": "Legal", "vintage": "Legal"}, "manaCost": "{1}{B}{B}", "mtgstocksId": 24053, "name": "Infest", "number": "4", "prices": {"paper": {"2019-06-02": 0.55, "2019-06-09": 0.56, "2019-06-16": 0.56, "2019-06-23": 0.59, "2019-06-30": 0.6, "2019-07-07": 0.6, "2019-07-14": 0.59, "2019-07-21": 0.63, "2019-07-28": 0.59, "2019-08-04": 0.59, "2019-08-11": 0.59, "2019-08-18": 0.59, "2019-08-25": 0.59}, "paperFoil": {}}, "printings": ["ALA", "ARC", "C13", "CN2", "ONS", "P10", "PRM"], "rarity": "rare", "rulings": [], "scryfallId": "9350a640-3f22-478f-b463-6b50cfe766e1", "scryfallIllustrationId": "ad73a23a-2033-49c9-9fb3-ac07c075a8f5", "scryfallOracleId": "d6850616-7db5-4141-9ab0-ae8d1f08114f", "subtypes": [], "supertypes": [], "tcgplayerProductId": 38316, "text": "All creatures get -2/-2 until end of turn.", "type": "Sorcery", "types": ["Sorcery"], "uuid": "9dd6e1ce-1385-5a9f-87b4-a00d5ba3b260"}, {"artist": "Véronique Meignaud", "borderColor": "black", "colorIdentity": ["R"], "colors": ["R"], "convertedManaCost": 1.0, "edhrecRank": 545, "foreignData": [], "frameVersion": "2003", "hasFoil": true, "hasNonFoil": false, "isFullArt": true, "isPaper": true, "isPromo": true, "isReprint": true, "isStarter": true, "isTextless": true, "layout": "normal", "legalities": {"commander": "Legal", "duel": "Legal", "legacy": "Legal", "modern": "Legal", "pauper": "Legal", "vintage": "Legal"}, "manaCost": "{R}", "mtgstocksId": 24055, "name": "Lightning Bolt", "number": "1", "prices": {"paper": {}, "paperFoil": {"2019-06-02": 65.65, "2019-06-09": 62.99, "2019-06-16": 62.54, "2019-06-23": 62.99, "2019-06-30": 63.36, "2019-07-07": 61.97, "2019-07-14": 61.61, "2019-07-21": 59.99, "2019-07-28": 59.95, "2019-08-04": 54.99, "2019-08-11": 52.99, "2019-08-18": 50.0, "2019-08-25": 51.99}}, "printings": ["2ED", "3ED", "4BB", "4ED", "A25", "ATH", "BTD", "CED", "CEI", "E01", "FBB", "JGP", "LEA", "LEB", "M10", "M11", "ME1", "MM2", "P10", "PD2", "PF19", "PRM", "PTC", "SUM", "TD0"], "rarity": "rare", "rulings": [], "scryfallId": "28708c8c-4336-4d04-b43a-59a31471a9f6", "scryfallIllustrationId": "8b6a845f-00a7-416b-a421-6527fff0873d", "scryfallOracleId": "4457ed35-7c10-48c8-9776-456485fdf070", "subtypes": [], "supertypes": [], "tcgplayerProductId": 38317, "text": "Lightning Bolt deals 3 damage to any target.", "type": "Instant", "types": ["Instant"], "uuid": "66e04c50-4518-5a61-8ab2-8860094deca5"}, {"artist": "Alan Pollack", "borderColor": "black", "colorIdentity": ["B"], "colors": ["B"], "convertedManaCost": 2.0, "edhrecRank": 441, "foreignData": [], "frameVersion": "2003", "hasFoil": false, "hasNonFoil": true, "isFullArt": true, "isPaper": true, "isPromo": true, "isReprint": true, "isStarter": true, "isTextless": true, "layout": "normal", "legalities": {"commander": "Legal", "duel": "Legal", "legacy": "Legal", "modern": "Legal", "pauper": "Legal", "penny": "Legal", "vintage": "Legal"}, "manaCost": "{B}{B}", "mtgstocksId": 24078, "name": "Sign in Blood", "number": "3", "prices": {"paper": {"2019-06-02": 4.22, "2019-06-09": 4.24, "2019-06-16": 4.23, "2019-06-23": 4.08, "2019-06-30": 4.18, "2019-07-07": 4.28, "2019-07-14": 4.34, "2019-07-21": 4.41, "2019-07-28": 4.46, "2019-08-04": 5.97, "2019-08-11": 5.71, "2019-08-18": 4.18, "2019-08-25": 4.41}, "paperFoil": {}}, "printings": ["ARC", "C14", "CM2", "CMD", "DDD", "GVL", "M10", "M11", "M13", "M15", "MM2", "P10", "PRM"], "rarity": "rare", "rulings": [], "scryfallId": "a0ea92c4-84e3-494f-a2c0-f241521a5491", "scryfallIllustrationId": "6098e24b-d1b4-4893-8b31-8dca230dd2d5", "scryfallOracleId": "c6207f6a-a624-4754-88f5-dbe700c841ff", "subtypes": [], "supertypes": [], "tcgplayerProductId": 38337, "text": "Target player draws two cards and loses 2 life.", "type": "Sorcery", "types": ["Sorcery"], "uuid": "4aa4d8fc-b8ce-59eb-9337-6249bf049604"}, {"artist": "Jim Pavelec", "borderColor": "black", "colorIdentity": ["R"], "colors": ["R"], "convertedManaCost": 3.0, "edhrecRank": 5173, "foreignData": [], "frameVersion": "2003", "hasFoil": false, "hasNonFoil": true, "isFullArt": true, "isPaper": true, "isPromo": true, "isReprint": true, "isStarter": true, "isTextless": true, "layout": "normal", "legalities": {"commander": "Legal", "duel": "Legal", "legacy": "Legal", "modern": "Legal", "penny": "Legal", "vintage": "Legal"}, "manaCost": "{1}{R}{R}", "mtgstocksId": 24090, "name": "Volcanic Fallout", "number": "5", "prices": {"paper": {"2019-06-02": 1.42, "2019-06-09": 1.42, "2019-06-16": 1.42, "2019-06-23": 1.42, "2019-06-30": 1.41, "2019-07-07": 1.4, "2019-07-14": 1.42, "2019-07-21": 1.42, "2019-07-28": 1.42, "2019-08-04": 1.39, "2019-08-11": 1.41, "2019-08-18": 1.39, "2019-08-25": 1.39}, "paperFoil": {}}, "printings": ["ARC", "CNS", "CON", "P10", "PRM"], "rarity": "rare", "rulings": [{"date": "2009-02-01", "text": "Volcanic Fallout can be targeted by spells that try to counter it (such as Countersquall). Those spells will still resolve, but the part of their effect that would counter Volcanic Fallout won’t do anything. Any other effects those spells have will work as normal."}], "scryfallId": "8d3a69d2-518d-4b70-a03e-6d02a525f9ad", "scryfallIllustrationId": "b66d7940-699e-4b3b-bab2-db833ceb8996", "scryfallOracleId": "bd6ce147-c991-40ac-b276-65b630fad8b6", "subtypes": [], "supertypes": [], "tcgplayerProductId": 38343, "text": "This spell can't be countered.\nVolcanic Fallout deals 2 damage to each creature and each player.", "type": "Instant", "types": ["Instant"], "uuid": "d8707f66-8a58-5037-8ecf-b2b85c082474"}], "code": "P10", "isFoilOnly": true, "isOnlineOnly": false, "keyruneCode": "DEFAULT", "meta": {"date": "2019-09-01", "pricesDate": "2019-09-01", "version": "4.5.0-rebuild.4"}, "name": "Magic Player Rewards 2010", "releaseDate": "2010-01-01", "tokens": [], "totalSetSize": 9, "translations": {}, "type": "promo"}