{"baseSetSize": 0, "cards": [{"artist": "Dave Dorman", "borderColor": "black", "colorIdentity": ["R"], "colors": ["R"], "convertedManaCost": 3.0, "edhrecRank": 7479, "flavorText": "If you've never choked on the embers of your own spell, you aren't casting it hard enough.", "foreignData": [], "frameVersion": "2003", "hasFoil": true, "hasNonFoil": false, "isPaper": true, "isPromo": true, "isReprint": true, "isStarter": true, "layout": "normal", "legalities": {"commander": "Legal", "duel": "Legal", "legacy": "Legal", "modern": "Legal", "vintage": "Legal"}, "manaCost": "{2}{R}", "mtgstocksId": 20786, "name": "Char", "number": "1", "prices": {"paper": {}, "paperFoil": {"2019-06-02": 1.92, "2019-06-09": 1.9, "2019-06-16": 1.89, "2019-06-23": 1.88, "2019-06-30": 1.9, "2019-07-07": 1.9, "2019-07-14": 1.9, "2019-07-21": 1.88, "2019-07-28": 1.88, "2019-08-04": 1.89, "2019-08-11": 1.92, "2019-08-18": 1.89, "2019-08-25": 1.87}}, "printings": ["GK1", "P15A", "PRM", "RAV", "V13"], "rarity": "rare", "rulings": [], "scryfallId": "3dc5f957-c1e4-452d-a78b-8d772ea0b940", "scryfallIllustrationId": "2884a5cb-143b-4feb-bc04-7ad154bc1d12", "scryfallOracleId": "e57d90ad-2f54-46ca-8237-aa383353a0de", "subtypes": [], "supertypes": [], "tcgplayerProductId": 38408, "text": "Char deals 4 damage to any target and 2 damage to you.", "type": "Instant", "types": ["Instant"], "uuid": "71f74f0e-42b5-59db-a23f-3a3c9b87aebb", "watermark": "mtg15"}, {"artist": "Kev Walker", "borderColor": "black", "colorIdentity": ["R"], "colors": ["R"], "convertedManaCost": 6.0, "edhrecRank": 5360, "flavorText": "In times when freedom seems lost, great souls arise to reclaim it.", "foreignData": [], "frameVersion": "2003", "hasFoil": true, "hasNonFoil": false, "isPaper": true, "isPromo": true, "isReprint": true, "isStarter": true, "layout": "normal", "legalities": {"commander": "Legal", "duel": "Legal", "legacy": "Legal", "modern": "Legal", "vintage": "Legal"}, "manaCost": "{4}{R}{R}", "mtgstocksId": 28034, "name": "Kamahl, Pit Fighter", "number": "2", "power": "6", "prices": {"paper": {}, "paperFoil": {"2019-06-02": 0.75, "2019-06-09": 0.76, "2019-06-16": 0.76, "2019-06-23": 0.75, "2019-06-30": 0.76, "2019-07-07": 0.75, "2019-07-14": 0.75, "2019-07-21": 0.75, "2019-07-28": 0.75, "2019-08-04": 0.75, "2019-08-11": 0.75, "2019-08-18": 0.75, "2019-08-25": 0.75}}, "printings": ["10E", "DDL", "DDS", "DPA", "ODY", "P15A", "PRM", "PS11", "PSAL"], "rarity": "rare", "rulings": [{"date": "2004-10-04", "text": "The Legend rule only applies to two legendary permanents with identical names. If the names are different, even if they depict the same character, the rule does not apply."}], "scryfallId": "00429670-c439-4bd5-bd64-3ac7d352c68e", "scryfallIllustrationId": "73c761cc-4e01-46eb-99fe-4f6890df0f93", "scryfallOracleId": "153bb46f-ee8a-4da3-aab4-ae884f6ff403", "subtypes": ["Human", "Barbarian"], "supertypes": ["Legendary"], "tcgplayerProductId": 38411, "text": "Haste (This creature can attack and {T} as soon as it comes under your control.)\n{T}: Kamahl, Pit Fighter deals 3 damage to any target.", "toughness": "1", "type": "Legendary Creature — Human Barbarian", "types": ["Creature"], "uuid": "9032f03d-b22b-544a-89ab-bc0436eae219", "watermark": "mtg15"}], "code": "P15A", "isFoilOnly": true, "isOnlineOnly": false, "keyruneCode": "DEFAULT", "meta": {"date": "2019-09-01", "pricesDate": "2019-09-01", "version": "4.5.0-rebuild.4"}, "name": "15th Anniversary Cards", "releaseDate": "2008-04-01", "tokens": [], "totalSetSize": 2, "translations": {}, "type": "promo"}