{"baseSetSize": 0, "cards": [{"artist": "Julie Baroh", "borderColor": "black", "colorIdentity": ["B"], "colors": ["B"], "convertedManaCost": 3.0, "edhrecRank": 1673, "flavorText": "\"In the drowsy dark cave of the mind, dreams build their nest with fragments dropped from day's caravan.\" —Rabindranath Tagore", "foreignData": [], "frameVersion": "2003", "hasFoil": true, "hasNonFoil": false, "isPaper": true, "isPromo": true, "isReprint": true, "isStarter": true, "layout": "normal", "legalities": {"commander": "Legal", "duel": "Legal", "legacy": "Legal", "modern": "Legal", "penny": "Legal", "vintage": "Legal"}, "manaCost": "{B}{B}{B}", "mtgstocksId": 34364, "name": "Underworld Dreams", "number": "1", "prices": {"paper": {}, "paperFoil": {"2019-06-02": 6.65, "2019-06-09": 6.71, "2019-06-16": 6.66, "2019-06-23": 6.66, "2019-06-30": 6.43, "2019-07-07": 6.38, "2019-07-14": 6.45, "2019-07-21": 6.45, "2019-07-28": 6.36, "2019-08-04": 6.33, "2019-08-11": 6.29, "2019-08-18": 6.95, "2019-08-25": 6.95}}, "printings": ["10E", "8ED", "9ED", "DPA", "LEG", "M10", "P2HG", "PRM", "PS11"], "rarity": "rare", "rulings": [{"date": "2004-10-04", "text": "If multiple cards are drawn at once, this card triggers once for each card drawn."}, {"date": "2004-10-04", "text": "In a multi-player game, it affects all opponents."}], "scryfallId": "16b7620d-cd27-4ee3-b44d-b26d69307a56", "scryfallIllustrationId": "e1e667a5-1774-4635-9fdd-94da46b70a3f", "scryfallOracleId": "967cf377-ae26-464d-85ac-8448b5a911f7", "subtypes": [], "supertypes": [], "tcgplayerProductId": 38045, "text": "Whenever an opponent draws a card, Underworld Dreams deals 1 damage to that player.", "type": "Enchantment", "types": ["Enchantment"], "uuid": "7855b102-96de-5d06-a001-292fba72ae5e", "watermark": "colorpie"}], "code": "P2HG", "isFoilOnly": true, "isOnlineOnly": false, "keyruneCode": "DCI", "meta": {"date": "2019-09-01", "pricesDate": "2019-09-01", "version": "4.5.0-rebuild.4"}, "name": "Two-Headed Giant Tournament", "releaseDate": "2005-12-09", "tokens": [], "totalSetSize": 1, "translations": {}, "type": "promo"}