{"baseSetSize": 0, "block": "Arena League", "cards": [{"artist": "Don Thompson", "borderColor": "black", "colorIdentity": ["G"], "colors": [], "convertedManaCost": 0.0, "foreignData": [], "frameVersion": "2003", "hasFoil": false, "hasNonFoil": true, "isPaper": true, "isPromo": true, "isReprint": true, "isStarter": true, "layout": "normal", "legalities": {"brawl": "Legal", "commander": "Legal", "duel": "Legal", "future": "Legal", "legacy": "Legal", "modern": "Legal", "pauper": "Legal", "penny": "Legal", "standard": "Legal", "vintage": "Legal"}, "mtgstocksId": 34252, "name": "Forest", "number": "5", "prices": {"paper": {"2019-06-02": 2.49, "2019-06-09": 2.36, "2019-06-16": 2.33, "2019-06-23": 2.36, "2019-06-30": 2.49, "2019-07-07": 2.39, "2019-07-14": 2.27, "2019-07-21": 2.32, "2019-07-28": 2.36, "2019-08-04": 2.33, "2019-08-11": 2.35, "2019-08-18": 2.29, "2019-08-25": 2.27}, "paperFoil": {}}, "printings": ["10E", "2ED", "3ED", "4BB", "4ED", "5ED", "6ED", "7ED", "8ED", "9ED", "AKH", "ALA", "ANA", "ARC", "ATH", "AVR", "BBD", "BFZ", "BRB", "BTD", "C13", "C14", "C15", "C16", "C17", "C18", "C19", "CED", "CEI", "CHK", "CM2", "CMA", "CMD", "CST", "DD1", "DDD", "DDE", "DDG", "DDH", "DDJ", "DDL", "DDM", "DDO", "DDP", "DDR", "DDS", "DDU", "DKM", "DOM", "DPA", "DTK", "E01", "EVG", "FBB", "FRF", "G17", "GK1", "GK2", "GNT", "GRN", "GS1", "GVL", "H09", "HOP", "HOU", "ICE", "INV", "ISD", "ITP", "J14", "KLD", "KTK", "LEA", "LEB", "LRW", "M10", "M11", "M12", "M13", "M14", "M15", "M19", "M20", "MBS", "ME1", "ME3", "MIR", "MMQ", "MRD", "NPH", "ODY", "ONS", "ORI", "P02", "PAL00", "PAL01", "PAL03", "PAL04", "PAL05", "PAL06", "PAL99", "PALP", "PARL", "PC2", "PCA", "PELP", "PF19", "PGPX", "PGRU", "PMPS", "PMPS06", "PMPS07", "PMPS08", "PMPS09", "PMPS10", "PMPS11", "POR", "PPP1", "PRM", "PRW2", "PRWK", "PS11", "PSAL", "PSS2", "PSS3", "PTC", "PTK", "PZ2", "RAV", "RIX", "RNA", "ROE", "RQS", "RTR", "S99", "SHM", "SOI", "SOM", "SUM", "TD0", "TD2", "THS", "TMP", "TPR", "TSP", "UGL", "UNH", "USG", "UST", "WAR", "WC00", "WC01", "WC02", "WC03", "WC04", "WC97", "WC98", "WC99", "XLN", "ZEN"], "rarity": "rare", "rulings": [], "scryfallId": "1fd19809-f675-4fc8-afb2-12e5e636d26b", "scryfallIllustrationId": "e575d219-f85e-4703-9222-ebaa62aa1bd2", "scryfallOracleId": "b34bb2dc-c1af-4d77-b0b3-a0fb342a5fc6", "subtypes": ["Forest"], "supertypes": ["Basic"], "tcgplayerProductId": 37990, "text": "({T}: Add {G}.)", "type": "Basic Land — Forest", "types": ["Land"], "uuid": "3a8e4f1b-4caf-5b39-a6e6-c095d8e5e720"}, {"artist": "Joel Thomas", "borderColor": "black", "colorIdentity": ["R"], "colors": ["R"], "convertedManaCost": 1.0, "edhrecRank": 10940, "foreignData": [], "frameVersion": "2003", "hasFoil": true, "hasNonFoil": false, "isPaper": true, "isPromo": true, "isReprint": true, "isStarter": true, "layout": "normal", "legalities": {"commander": "Legal", "duel": "Legal", "legacy": "Legal", "modern": "Legal", "penny": "Legal", "vintage": "Legal"}, "manaCost": "{R}", "mtgstocksId": 34259, "name": "Genju of the Spires", "number": "6", "prices": {"paper": {}, "paperFoil": {"2019-06-02": 0.88, "2019-06-09": 0.88, "2019-06-16": 0.87, "2019-06-23": 0.87, "2019-06-30": 0.87, "2019-07-07": 0.88, "2019-07-14": 0.89, "2019-07-21": 0.9, "2019-07-28": 0.89, "2019-08-04": 0.89, "2019-08-11": 0.89, "2019-08-18": 0.87, "2019-08-25": 0.86}}, "printings": ["A25", "BOK", "PAL05", "PRM"], "rarity": "rare", "rulings": [{"date": "2008-08-01", "text": "A noncreature permanent that turns into a creature can attack, and its {T} abilities can be activated, only if its controller has continuously controlled that permanent since the beginning of their most recent turn. It doesn’t matter how long the permanent has been a creature."}], "scryfallId": "2c15d933-63f3-42d5-aed4-0e420ee4a7d9", "scryfallIllustrationId": "38dac6b1-f07c-4670-a1a2-fbf74c6d3417", "scryfallOracleId": "c040882e-48ba-469e-9fc6-02e8b68dd58c", "subtypes": ["Aura"], "supertypes": [], "tcgplayerProductId": 37994, "text": "Enchant Mountain\n{2}: Enchanted Mountain becomes a 6/1 red Spirit creature until end of turn. It's still a land.\nWhen enchanted Mountain is put into a graveyard, you may return Genju of the Spires from your graveyard to your hand.", "type": "Enchantment — Aura", "types": ["Enchantment"], "uuid": "79c7953e-9a8b-5e0a-9ebf-aa42e45be43b", "watermark": "arena"}, {"artist": "Don Thompson", "borderColor": "black", "colorIdentity": ["U"], "colors": [], "convertedManaCost": 0.0, "foreignData": [], "frameVersion": "2003", "hasFoil": false, "hasNonFoil": true, "isPaper": true, "isPromo": true, "isReprint": true, "isStarter": true, "layout": "normal", "legalities": {"brawl": "Legal", "commander": "Legal", "duel": "Legal", "future": "Legal", "legacy": "Legal", "modern": "Legal", "pauper": "Legal", "penny": "Legal", "standard": "Legal", "vintage": "Legal"}, "mtgstocksId": 34283, "name": "Island", "number": "2", "prices": {"paper": {"2019-06-02": 4.25, "2019-06-09": 4.25, "2019-06-16": 4.25, "2019-06-23": 4.25, "2019-06-30": 4.25, "2019-07-07": 4.22, "2019-07-14": 4.24, "2019-07-21": 4.25, "2019-07-28": 4.25, "2019-08-04": 4.12, "2019-08-11": 3.99, "2019-08-18": 3.8, "2019-08-25": 3.78}, "paperFoil": {}}, "printings": ["10E", "2ED", "3ED", "4BB", "4ED", "5ED", "6ED", "7ED", "8ED", "9ED", "AKH", "ALA", "ANA", "ARC", "AVR", "BBD", "BFZ", "BRB", "BTD", "C13", "C14", "C15", "C16", "C17", "C18", "C19", "CED", "CEI", "CHK", "CM2", "CMA", "CMD", "CST", "DD2", "DDE", "DDF", "DDH", "DDI", "DDJ", "DDM", "DDN", "DDO", "DDQ", "DDS", "DDT", "DDU", "DOM", "DPA", "DTK", "E01", "FBB", "FRF", "G17", "GK1", "GK2", "GNT", "GRN", "GS1", "H09", "HOP", "HOU", "ICE", "INV", "ISD", "ITP", "J14", "JVC", "KLD", "KTK", "LEA", "LEB", "LRW", "M10", "M11", "M12", "M13", "M14", "M15", "M19", "M20", "MBS", "ME1", "ME3", "MIR", "MMQ", "MRD", "NPH", "ODY", "ONS", "ORI", "P02", "PAL00", "PAL01", "PAL02", "PAL03", "PAL04", "PAL05", "PAL06", "PAL99", "PALP", "PARL", "PC2", "PCA", "PELP", "PF19", "PGPX", "PGRU", "PMPS", "PMPS06", "PMPS07", "PMPS08", "PMPS09", "PMPS10", "PMPS11", "POR", "PPP1", "PRM", "PRW2", "PRWK", "PS11", "PSAL", "PSS2", "PSS3", "PTC", "PTK", "PZ2", "RAV", "RIX", "RNA", "ROE", "RQS", "RTR", "S99", "SHM", "SOI", "SOM", "SUM", "TD0", "TD2", "THS", "TMP", "TPR", "TSP", "UGL", "UNH", "USG", "UST", "WAR", "WC00", "WC01", "WC02", "WC03", "WC04", "WC97", "WC98", "XLN", "ZEN"], "rarity": "rare", "rulings": [], "scryfallId": "9d8cc4a9-ca3f-4151-80af-a430b835c52c", "scryfallIllustrationId": "450629be-412f-4fc3-ac9a-6bd1daf95c0f", "scryfallOracleId": "b2c6aa39-2d2a-459c-a555-fb48ba993373", "subtypes": ["Island"], "supertypes": ["Basic"], "tcgplayerProductId": 38004, "text": "({T}: Add {U}.)", "type": "Basic Land — Island", "types": ["Land"], "uuid": "9af5e7a1-d596-5f43-85db-45c40b7dd1fe"}, {"artist": "Don Thompson", "borderColor": "black", "colorIdentity": ["R"], "colors": [], "convertedManaCost": 0.0, "foreignData": [], "frameVersion": "2003", "hasFoil": false, "hasNonFoil": true, "isPaper": true, "isPromo": true, "isReprint": true, "isStarter": true, "layout": "normal", "legalities": {"brawl": "Legal", "commander": "Legal", "duel": "Legal", "future": "Legal", "legacy": "Legal", "modern": "Legal", "pauper": "Legal", "penny": "Legal", "standard": "Legal", "vintage": "Legal"}, "mtgstocksId": 34309, "name": "Mountain", "number": "4", "prices": {"paper": {"2019-06-02": 2.23, "2019-06-09": 2.19, "2019-06-16": 2.19, "2019-06-23": 2.19, "2019-06-30": 2.19, "2019-07-07": 2.18, "2019-07-14": 2.12, "2019-07-21": 2.19, "2019-07-28": 2.24, "2019-08-04": 2.24, "2019-08-11": 2.21, "2019-08-18": 2.19, "2019-08-25": 2.19}, "paperFoil": {}}, "printings": ["10E", "2ED", "3ED", "4BB", "4ED", "5ED", "6ED", "7ED", "8ED", "9ED", "AKH", "ALA", "ANA", "ARC", "ARN", "ATH", "AVR", "BBD", "BFZ", "BRB", "BTD", "C13", "C14", "C15", "C16", "C17", "C18", "C19", "CED", "CEI", "CHK", "CM2", "CMA", "CMD", "CST", "DD1", "DD2", "DDE", "DDG", "DDH", "DDI", "DDJ", "DDK", "DDL", "DDN", "DDP", "DDS", "DDT", "DDU", "DKM", "DOM", "DPA", "DTK", "E01", "EVG", "FBB", "FRF", "G17", "GK1", "GK2", "GNT", "GRN", "GS1", "H09", "HOP", "HOU", "ICE", "INV", "ISD", "ITP", "J14", "JVC", "KLD", "KTK", "LEA", "LEB", "LRW", "M10", "M11", "M12", "M13", "M14", "M15", "M19", "M20", "MBS", "ME1", "ME3", "MIR", "MMQ", "MRD", "NPH", "ODY", "ONS", "ORI", "P02", "PAL00", "PAL01", "PAL03", "PAL04", "PAL05", "PAL06", "PAL99", "PALP", "PARL", "PC2", "PCA", "PD2", "PELP", "PF19", "PGPX", "PGRU", "PMPS", "PMPS06", "PMPS07", "PMPS08", "PMPS09", "PMPS10", "PMPS11", "POR", "PPP1", "PRM", "PRW2", "PRWK", "PS11", "PSAL", "PSS2", "PSS3", "PTC", "PTK", "PZ2", "RAV", "RIX", "RNA", "ROE", "RQS", "RTR", "S99", "SHM", "SOI", "SOM", "SUM", "TD0", "THS", "TMP", "TPR", "TSP", "UGL", "UNH", "USG", "UST", "WAR", "WC00", "WC01", "WC02", "WC03", "WC97", "WC98", "WC99", "XLN", "ZEN"], "rarity": "rare", "rulings": [], "scryfallId": "ba719b3b-c328-4331-945e-a1758e9a51b2", "scryfallIllustrationId": "6f57a59b-fe05-432e-9af2-6f0b9682321e", "scryfallOracleId": "a3fb7228-e76b-4e96-a40e-20b5fed75685", "subtypes": ["Mountain"], "supertypes": ["Basic"], "tcgplayerProductId": 38017, "text": "({T}: Add {R}.)", "type": "Basic Land — Mountain", "types": ["Land"], "uuid": "4ee38e7a-8614-5524-9a85-73ad677ce9eb"}, {"artist": "Heather Hudson", "borderColor": "black", "colorIdentity": ["G"], "colors": ["G"], "convertedManaCost": 5.0, "edhrecRank": 18359, "flavorText": "Only the most skilled budoka could protect the Okina Shrine. Only the best of these protectors took the night watch.", "foreignData": [], "frameVersion": "2003", "hasFoil": true, "hasNonFoil": false, "isPaper": true, "isPromo": true, "isReprint": true, "isStarter": true, "layout": "normal", "legalities": {"commander": "Legal", "duel": "Legal", "legacy": "Legal", "modern": "Legal", "pauper": "Legal", "penny": "Legal", "vintage": "Legal"}, "manaCost": "{4}{G}", "mtgstocksId": 34314, "name": "Okina Nightwatch", "number": "7", "power": "4", "prices": {"paper": {}, "paperFoil": {"2019-06-02": 0.62, "2019-06-09": 0.6, "2019-06-16": 0.6, "2019-06-23": 0.61, "2019-06-30": 0.59, "2019-07-07": 0.6, "2019-07-14": 0.6, "2019-07-21": 0.58, "2019-07-28": 0.58, "2019-08-04": 0.55, "2019-08-11": 0.59, "2019-08-18": 0.59, "2019-08-25": 0.59}}, "printings": ["PAL05", "PRM", "SOK"], "rarity": "rare", "rulings": [], "scryfallId": "7b2449d5-937b-4049-8eb2-3dd669c3f3aa", "scryfallIllustrationId": "8eb169a0-cebc-4cd5-9164-c826bd1800f8", "scryfallOracleId": "d1c222fe-0ca7-415b-a28a-3b704df53d66", "subtypes": ["Human", "Monk"], "supertypes": [], "tcgplayerProductId": 38019, "text": "As long as you have more cards in hand than each opponent, Okina Nightwatch gets +3/+3.", "toughness": "3", "type": "Creature — Human Monk", "types": ["Creature"], "uuid": "f5caff07-8e87-5b05-95d4-8c87630408d3", "watermark": "arena"}, {"artist": "Don Thompson", "borderColor": "black", "colorIdentity": ["W"], "colors": [], "convertedManaCost": 0.0, "foreignData": [], "frameVersion": "2003", "hasFoil": false, "hasNonFoil": true, "isPaper": true, "isPromo": true, "isReprint": true, "isStarter": true, "layout": "normal", "legalities": {"brawl": "Legal", "commander": "Legal", "duel": "Legal", "future": "Legal", "legacy": "Legal", "modern": "Legal", "pauper": "Legal", "penny": "Legal", "standard": "Legal", "vintage": "Legal"}, "mtgstocksId": 34328, "name": "Plains", "number": "1", "prices": {"paper": {"2019-06-02": 1.67, "2019-06-09": 1.62, "2019-06-16": 1.62, "2019-06-23": 1.62, "2019-06-30": 1.69, "2019-07-07": 1.65, "2019-07-14": 1.57, "2019-07-21": 1.59, "2019-07-28": 1.63, "2019-08-04": 1.61, "2019-08-11": 1.6, "2019-08-18": 1.56, "2019-08-25": 1.55}, "paperFoil": {}}, "printings": ["10E", "2ED", "3ED", "4BB", "4ED", "5ED", "6ED", "7ED", "8ED", "9ED", "AKH", "ALA", "ANA", "ARC", "ATH", "AVR", "BBD", "BFZ", "BRB", "C13", "C14", "C15", "C16", "C17", "C18", "C19", "CED", "CEI", "CHK", "CM2", "CMA", "CMD", "CST", "DDC", "DDE", "DDF", "DDG", "DDH", "DDI", "DDK", "DDL", "DDN", "DDO", "DDP", "DDQ", "DOM", "DTK", "DVD", "E01", "FBB", "FRF", "G17", "GK1", "GK2", "GNT", "GRN", "GS1", "H09", "HOP", "HOU", "ICE", "INV", "ISD", "ITP", "J14", "KLD", "KTK", "LEA", "LEB", "LRW", "M10", "M11", "M12", "M13", "M14", "M15", "M19", "M20", "MBS", "MD1", "ME1", "ME3", "MIR", "MMQ", "MRD", "NPH", "ODY", "ONS", "ORI", "P02", "PAL00", "PAL01", "PAL03", "PAL04", "PAL05", "PAL06", "PAL99", "PALP", "PARL", "PC2", "PCA", "PDGM", "PELP", "PF19", "PGPX", "PGRU", "PMPS", "PMPS06", "PMPS07", "PMPS08", "PMPS09", "PMPS10", "PMPS11", "POR", "PPP1", "PRM", "PRW2", "PRWK", "PS11", "PSAL", "PSS2", "PSS3", "PTC", "PTK", "PZ2", "RAV", "RIX", "RNA", "ROE", "RQS", "RTR", "S99", "SHM", "SOI", "SOM", "SUM", "TD0", "TD2", "THS", "TMP", "TPR", "TSP", "UGL", "UNH", "USG", "UST", "WAR", "WC00", "WC02", "WC03", "WC04", "WC97", "WC98", "XLN", "ZEN"], "rarity": "rare", "rulings": [], "scryfallId": "8954272c-fac8-41ee-8fa0-0f01f5cf353a", "scryfallIllustrationId": "a3504b4e-9e7e-42ac-8137-81e69a84ba35", "scryfallOracleId": "bc71ebf6-2056-41f7-be35-b2e5c34afa99", "subtypes": ["Plains"], "supertypes": ["Basic"], "tcgplayerProductId": 38026, "text": "({T}: Add {W}.)", "type": "Basic Land — Plains", "types": ["Land"], "uuid": "712dd964-83ca-5883-8fa6-d930a884f4a1"}, {"artist": "Jim Murray", "borderColor": "black", "colorIdentity": ["R", "W"], "colors": ["R", "W"], "convertedManaCost": 3.0, "edhrecRank": 6536, "flavorText": "I do not know which gives me more pride: the legions of soldiers marching in thunderous lockstep, or the cry of the skyknights riding their rocs like jagged lightning overhead. —Razia", "foreignData": [], "frameVersion": "2003", "hasFoil": true, "hasNonFoil": false, "isPaper": true, "isPromo": true, "isReprint": true, "isStarter": true, "layout": "normal", "legalities": {"brawl": "Legal", "commander": "Legal", "duel": "Legal", "future": "Legal", "legacy": "Legal", "modern": "Legal", "pauper": "Legal", "penny": "Legal", "standard": "Legal", "vintage": "Legal"}, "manaCost": "{1}{R}{W}", "mtgstocksId": 34342, "name": "Skyknight Legionnaire", "number": "8", "power": "2", "prices": {"paper": {}, "paperFoil": {"2019-06-02": 0.98, "2019-06-09": 0.99, "2019-06-16": 0.98, "2019-06-23": 0.97, "2019-06-30": 0.96, "2019-07-07": 0.97, "2019-07-14": 0.96, "2019-07-21": 0.96, "2019-07-28": 0.96, "2019-08-04": 0.95, "2019-08-11": 0.96, "2019-08-18": 0.95, "2019-08-25": 0.95}}, "printings": ["GRN", "GTC", "MM3", "PAL05", "PRM", "RAV"], "rarity": "rare", "rulings": [], "scryfallId": "e1e4a4bf-6fd4-46b9-8f1d-c20c52e992f6", "scryfallIllustrationId": "e00bc4e4-5a9e-4884-ac95-7bdc3f51b4e2", "scryfallOracleId": "61178a6c-70b7-447d-87ee-a8d9369c3d15", "subtypes": ["Human", "Knight"], "supertypes": [], "tcgplayerProductId": 38033, "text": "Flying, haste", "toughness": "2", "type": "Creature — Human Knight", "types": ["Creature"], "uuid": "6fd7f9bd-9c07-5a36-b278-165bb410984e", "watermark": "arena"}, {"artist": "Don Thompson", "borderColor": "black", "colorIdentity": ["B"], "colors": [], "convertedManaCost": 0.0, "foreignData": [], "frameVersion": "2003", "hasFoil": false, "hasNonFoil": true, "isPaper": true, "isPromo": true, "isReprint": true, "isStarter": true, "layout": "normal", "legalities": {"brawl": "Legal", "commander": "Legal", "duel": "Legal", "future": "Legal", "legacy": "Legal", "modern": "Legal", "pauper": "Legal", "penny": "Legal", "standard": "Legal", "vintage": "Legal"}, "mtgstocksId": 34359, "name": "Swamp", "number": "3", "prices": {"paper": {"2019-06-02": 1.98, "2019-06-09": 1.98, "2019-06-16": 1.96, "2019-06-23": 1.98, "2019-06-30": 1.99, "2019-07-07": 1.99, "2019-07-14": 1.99, "2019-07-21": 1.96, "2019-07-28": 1.99, "2019-08-04": 1.99, "2019-08-11": 1.96, "2019-08-18": 1.8, "2019-08-25": 1.77}, "paperFoil": {}}, "printings": ["10E", "2ED", "3ED", "4BB", "4ED", "5ED", "6ED", "7ED", "8ED", "9ED", "AKH", "ALA", "ANA", "ARC", "ATH", "AVR", "BBD", "BFZ", "BRB", "BTD", "C13", "C14", "C15", "C16", "C17", "C18", "C19", "CED", "CEI", "CHK", "CM2", "CMA", "CMD", "CST", "DDC", "DDD", "DDE", "DDH", "DDJ", "DDK", "DDM", "DDN", "DDP", "DDQ", "DDR", "DKM", "DOM", "DPA", "DTK", "DVD", "E01", "FBB", "FRF", "G17", "GK1", "GK2", "GNT", "GRN", "GVL", "H09", "HOP", "HOU", "ICE", "INV", "ISD", "ITP", "J14", "KLD", "KTK", "LEA", "LEB", "LRW", "M10", "M11", "M12", "M13", "M14", "M15", "M19", "M20", "MBS", "MD1", "ME1", "ME3", "MIR", "MMQ", "MRD", "NPH", "ODY", "ONS", "ORI", "P02", "PAL00", "PAL01", "PAL03", "PAL04", "PAL05", "PAL06", "PAL99", "PALP", "PARL", "PC2", "PCA", "PD3", "PELP", "PF19", "PGPX", "PGRU", "PHUK", "PMPS", "PMPS06", "PMPS07", "PMPS08", "PMPS09", "PMPS10", "PMPS11", "POR", "PPP1", "PRM", "PRW2", "PRWK", "PS11", "PSAL", "PSS2", "PSS3", "PTC", "PTK", "RAV", "RIX", "RNA", "ROE", "RQS", "RTR", "S99", "SHM", "SOI", "SOM", "SUM", "TD0", "TD2", "THS", "TMP", "TPR", "TSP", "UGL", "UNH", "USG", "UST", "WAR", "WC01", "WC02", "WC03", "WC97", "WC98", "WC99", "XLN", "ZEN"], "rarity": "rare", "rulings": [], "scryfallId": "4afa9474-c487-4a54-a2a1-21b84f6683a7", "scryfallIllustrationId": "d6804513-a3df-4b32-a276-c14b2fc9965d", "scryfallOracleId": "56719f6a-1a6c-4c0a-8d21-18f7d7350b68", "subtypes": ["Swamp"], "supertypes": ["Basic"], "tcgplayerProductId": 38040, "text": "({T}: Add {B}.)", "type": "Basic Land — Swamp", "types": ["Land"], "uuid": "93b63075-f69e-5a83-ba58-7b9174a9bc24"}], "code": "PAL05", "isFoilOnly": false, "isOnlineOnly": false, "keyruneCode": "PARL", "meta": {"date": "2019-09-01", "pricesDate": "2019-09-01", "version": "4.5.0-rebuild.4"}, "name": "Arena League 2005", "releaseDate": "2005-01-01", "tokens": [], "totalSetSize": 8, "translations": {}, "type": "promo"}