{"baseSetSize": 0, "cards": [{"artist": "Pete Venters", "borderColor": "black", "colorIdentity": ["G"], "colors": [], "convertedManaCost": 0.0, "flavorText": "Japan", "foreignData": [], "frameVersion": "1997", "hasFoil": false, "hasNonFoil": true, "isPaper": true, "isPromo": true, "isReprint": true, "isStarter": true, "layout": "normal", "legalities": {"brawl": "Legal", "commander": "Legal", "duel": "Legal", "future": "Legal", "legacy": "Legal", "modern": "Legal", "pauper": "Legal", "penny": "Legal", "standard": "Legal", "vintage": "Legal"}, "mtgstocksId": 35182, "name": "Forest", "number": "1", "prices": {"paper": {"2019-06-02": 9.97, "2019-06-09": 9.95, "2019-06-16": 9.95, "2019-06-23": 9.95, "2019-06-30": 9.97, "2019-07-07": 9.95, "2019-07-14": 9.99, "2019-07-21": 9.95, "2019-07-28": 9.95, "2019-08-04": 9.95, "2019-08-11": 9.95, "2019-08-18": 9.95, "2019-08-25": 9.95}, "paperFoil": {}}, "printings": ["10E", "2ED", "3ED", "4BB", "4ED", "5ED", "6ED", "7ED", "8ED", "9ED", "AKH", "ALA", "ANA", "ARC", "ATH", "AVR", "BBD", "BFZ", "BRB", "BTD", "C13", "C14", "C15", "C16", "C17", "C18", "C19", "CED", "CEI", "CHK", "CM2", "CMA", "CMD", "CST", "DD1", "DDD", "DDE", "DDG", "DDH", "DDJ", "DDL", "DDM", "DDO", "DDP", "DDR", "DDS", "DDU", "DKM", "DOM", "DPA", "DTK", "E01", "EVG", "FBB", "FRF", "G17", "GK1", "GK2", "GNT", "GRN", "GS1", "GVL", "H09", "HOP", "HOU", "ICE", "INV", "ISD", "ITP", "J14", "KLD", "KTK", "LEA", "LEB", "LRW", "M10", "M11", "M12", "M13", "M14", "M15", "M19", "M20", "MBS", "ME1", "ME3", "MIR", "MMQ", "MRD", "NPH", "ODY", "ONS", "ORI", "P02", "PAL00", "PAL01", "PAL03", "PAL04", "PAL05", "PAL06", "PAL99", "PALP", "PARL", "PC2", "PCA", "PELP", "PF19", "PGPX", "PGRU", "PMPS", "PMPS06", "PMPS07", "PMPS08", "PMPS09", "PMPS10", "PMPS11", "POR", "PPP1", "PRM", "PRW2", "PRWK", "PS11", "PSAL", "PSS2", "PSS3", "PTC", "PTK", "PZ2", "RAV", "RIX", "RNA", "ROE", "RQS", "RTR", "S99", "SHM", "SOI", "SOM", "SUM", "TD0", "TD2", "THS", "TMP", "TPR", "TSP", "UGL", "UNH", "USG", "UST", "WAR", "WC00", "WC01", "WC02", "WC03", "WC04", "WC97", "WC98", "WC99", "XLN", "ZEN"], "purchaseUrls": {"mtgstocks": "https://mtgjson.com/links/bd238616da2830c1", "tcgplayer": "https://mtgjson.com/links/e59aecb4c95a192e"}, "rarity": "common", "rulings": [], "scryfallId": "7aee0798-703a-40e1-9a01-dfbaceb255f4", "scryfallIllustrationId": "7470bdb7-7f71-4e46-befa-652bfe72c8d2", "scryfallOracleId": "b34bb2dc-c1af-4d77-b0b3-a0fb342a5fc6", "subtypes": ["Forest"], "supertypes": ["Basic"], "tcgplayerProductId": 21667, "text": "({T}: Add {G}.)", "type": "Basic Land — Forest", "types": ["Land"], "uuid": "7a0be3c2-accb-511c-bc97-96f9cd6eb1ea", "variations": ["16a2be7a-0b5f-592b-9bbe-b8dd271c6565", "9a023723-6a87-50ab-8917-7b2ea9e4637f"]}, {"artist": "Edward P. Beard, Jr.", "borderColor": "black", "colorIdentity": ["G"], "colors": [], "convertedManaCost": 0.0, "flavorText": "Korea", "foreignData": [], "frameVersion": "1997", "hasFoil": false, "hasNonFoil": true, "isPaper": true, "isPromo": true, "isReprint": true, "isStarter": true, "layout": "normal", "legalities": {"brawl": "Legal", "commander": "Legal", "duel": "Legal", "future": "Legal", "legacy": "Legal", "modern": "Legal", "pauper": "Legal", "penny": "Legal", "standard": "Legal", "vintage": "Legal"}, "mtgstocksId": 35181, "name": "Forest", "number": "11", "prices": {"paper": {"2019-06-02": 17.98, "2019-06-09": 17.49, "2019-06-16": 17.98, "2019-06-23": 17.99, "2019-06-30": 17.99, "2019-07-07": 17.99, "2019-07-14": 17.99, "2019-07-21": 17.99, "2019-07-28": 17.99, "2019-08-04": 17.99, "2019-08-11": 17.99, "2019-08-18": 17.99, "2019-08-25": 17.99}, "paperFoil": {}}, "printings": ["10E", "2ED", "3ED", "4BB", "4ED", "5ED", "6ED", "7ED", "8ED", "9ED", "AKH", "ALA", "ANA", "ARC", "ATH", "AVR", "BBD", "BFZ", "BRB", "BTD", "C13", "C14", "C15", "C16", "C17", "C18", "C19", "CED", "CEI", "CHK", "CM2", "CMA", "CMD", "CST", "DD1", "DDD", "DDE", "DDG", "DDH", "DDJ", "DDL", "DDM", "DDO", "DDP", "DDR", "DDS", "DDU", "DKM", "DOM", "DPA", "DTK", "E01", "EVG", "FBB", "FRF", "G17", "GK1", "GK2", "GNT", "GRN", "GS1", "GVL", "H09", "HOP", "HOU", "ICE", "INV", "ISD", "ITP", "J14", "KLD", "KTK", "LEA", "LEB", "LRW", "M10", "M11", "M12", "M13", "M14", "M15", "M19", "M20", "MBS", "ME1", "ME3", "MIR", "MMQ", "MRD", "NPH", "ODY", "ONS", "ORI", "P02", "PAL00", "PAL01", "PAL03", "PAL04", "PAL05", "PAL06", "PAL99", "PALP", "PARL", "PC2", "PCA", "PELP", "PF19", "PGPX", "PGRU", "PMPS", "PMPS06", "PMPS07", "PMPS08", "PMPS09", "PMPS10", "PMPS11", "POR", "PPP1", "PRM", "PRW2", "PRWK", "PS11", "PSAL", "PSS2", "PSS3", "PTC", "PTK", "PZ2", "RAV", "RIX", "RNA", "ROE", "RQS", "RTR", "S99", "SHM", "SOI", "SOM", "SUM", "TD0", "TD2", "THS", "TMP", "TPR", "TSP", "UGL", "UNH", "USG", "UST", "WAR", "WC00", "WC01", "WC02", "WC03", "WC04", "WC97", "WC98", "WC99", "XLN", "ZEN"], "purchaseUrls": {"mtgstocks": "https://mtgjson.com/links/1327be7364746e83", "tcgplayer": "https://mtgjson.com/links/75b138d77ad6ef56"}, "rarity": "common", "rulings": [], "scryfallId": "93dc440e-53f8-45d7-bc3b-c9b9a67767de", "scryfallIllustrationId": "ea99a664-9003-4c9e-a24c-7767a3ed91c7", "scryfallOracleId": "b34bb2dc-c1af-4d77-b0b3-a0fb342a5fc6", "subtypes": ["Forest"], "supertypes": ["Basic"], "tcgplayerProductId": 21668, "text": "({T}: Add {G}.)", "type": "Basic Land — Forest", "types": ["Land"], "uuid": "16a2be7a-0b5f-592b-9bbe-b8dd271c6565", "variations": ["7a0be3c2-accb-511c-bc97-96f9cd6eb1ea", "9a023723-6a87-50ab-8917-7b2ea9e4637f"]}, {"artist": "Christopher Rush", "borderColor": "black", "colorIdentity": ["G"], "colors": [], "convertedManaCost": 0.0, "flavorText": "China", "foreignData": [], "frameVersion": "1997", "hasFoil": false, "hasNonFoil": true, "isPaper": true, "isPromo": true, "isReprint": true, "isStarter": true, "layout": "normal", "legalities": {"brawl": "Legal", "commander": "Legal", "duel": "Legal", "future": "Legal", "legacy": "Legal", "modern": "Legal", "pauper": "Legal", "penny": "Legal", "standard": "Legal", "vintage": "Legal"}, "mtgstocksId": 35180, "name": "Forest", "number": "6", "prices": {"paper": {"2019-06-02": 7.47, "2019-06-09": 7.5, "2019-06-16": 7.5, "2019-06-23": 7.5, "2019-06-30": 7.75, "2019-07-07": 7.75, "2019-07-14": 7.75, "2019-07-21": 8.13, "2019-07-28": 8.06, "2019-08-04": 7.99, "2019-08-11": 8.13, "2019-08-18": 8.45, "2019-08-25": 8.29}, "paperFoil": {}}, "printings": ["10E", "2ED", "3ED", "4BB", "4ED", "5ED", "6ED", "7ED", "8ED", "9ED", "AKH", "ALA", "ANA", "ARC", "ATH", "AVR", "BBD", "BFZ", "BRB", "BTD", "C13", "C14", "C15", "C16", "C17", "C18", "C19", "CED", "CEI", "CHK", "CM2", "CMA", "CMD", "CST", "DD1", "DDD", "DDE", "DDG", "DDH", "DDJ", "DDL", "DDM", "DDO", "DDP", "DDR", "DDS", "DDU", "DKM", "DOM", "DPA", "DTK", "E01", "EVG", "FBB", "FRF", "G17", "GK1", "GK2", "GNT", "GRN", "GS1", "GVL", "H09", "HOP", "HOU", "ICE", "INV", "ISD", "ITP", "J14", "KLD", "KTK", "LEA", "LEB", "LRW", "M10", "M11", "M12", "M13", "M14", "M15", "M19", "M20", "MBS", "ME1", "ME3", "MIR", "MMQ", "MRD", "NPH", "ODY", "ONS", "ORI", "P02", "PAL00", "PAL01", "PAL03", "PAL04", "PAL05", "PAL06", "PAL99", "PALP", "PARL", "PC2", "PCA", "PELP", "PF19", "PGPX", "PGRU", "PMPS", "PMPS06", "PMPS07", "PMPS08", "PMPS09", "PMPS10", "PMPS11", "POR", "PPP1", "PRM", "PRW2", "PRWK", "PS11", "PSAL", "PSS2", "PSS3", "PTC", "PTK", "PZ2", "RAV", "RIX", "RNA", "ROE", "RQS", "RTR", "S99", "SHM", "SOI", "SOM", "SUM", "TD0", "TD2", "THS", "TMP", "TPR", "TSP", "UGL", "UNH", "USG", "UST", "WAR", "WC00", "WC01", "WC02", "WC03", "WC04", "WC97", "WC98", "WC99", "XLN", "ZEN"], "purchaseUrls": {"mtgstocks": "https://mtgjson.com/links/0e7d0f4a7f77782e", "tcgplayer": "https://mtgjson.com/links/c12ef0ed899e13e5"}, "rarity": "common", "rulings": [], "scryfallId": "0ec326ea-771a-4cb4-8d4e-b3b189e8cd78", "scryfallIllustrationId": "fed19ab1-bc63-4306-83c1-faa6cf47ea10", "scryfallOracleId": "b34bb2dc-c1af-4d77-b0b3-a0fb342a5fc6", "subtypes": ["Forest"], "supertypes": ["Basic"], "tcgplayerProductId": 21666, "text": "({T}: Add {G}.)", "type": "Basic Land — Forest", "types": ["Land"], "uuid": "9a023723-6a87-50ab-8917-7b2ea9e4637f", "variations": ["7a0be3c2-accb-511c-bc97-96f9cd6eb1ea", "16a2be7a-0b5f-592b-9bbe-b8dd271c6565"]}, {"artist": "Rob Alexander", "borderColor": "black", "colorIdentity": ["U"], "colors": [], "convertedManaCost": 0.0, "flavorText": "Singapore", "foreignData": [], "frameVersion": "1997", "hasFoil": false, "hasNonFoil": true, "isPaper": true, "isPromo": true, "isReprint": true, "isStarter": true, "layout": "normal", "legalities": {"brawl": "Legal", "commander": "Legal", "duel": "Legal", "future": "Legal", "legacy": "Legal", "modern": "Legal", "pauper": "Legal", "penny": "Legal", "standard": "Legal", "vintage": "Legal"}, "mtgstocksId": 35184, "name": "Island", "number": "12", "prices": {"paper": {"2019-06-02": 11.52, "2019-06-09": 11.89, "2019-06-16": 11.89, "2019-06-23": 11.92, "2019-06-30": 11.94, "2019-07-07": 11.94, "2019-07-14": 11.92, "2019-07-21": 13.25, "2019-07-28": 12.41, "2019-08-04": 13.25, "2019-08-11": 13.25, "2019-08-18": 13.75, "2019-08-25": 13.75}, "paperFoil": {}}, "printings": ["10E", "2ED", "3ED", "4BB", "4ED", "5ED", "6ED", "7ED", "8ED", "9ED", "AKH", "ALA", "ANA", "ARC", "AVR", "BBD", "BFZ", "BRB", "BTD", "C13", "C14", "C15", "C16", "C17", "C18", "C19", "CED", "CEI", "CHK", "CM2", "CMA", "CMD", "CST", "DD2", "DDE", "DDF", "DDH", "DDI", "DDJ", "DDM", "DDN", "DDO", "DDQ", "DDS", "DDT", "DDU", "DOM", "DPA", "DTK", "E01", "FBB", "FRF", "G17", "GK1", "GK2", "GNT", "GRN", "GS1", "H09", "HOP", "HOU", "ICE", "INV", "ISD", "ITP", "J14", "JVC", "KLD", "KTK", "LEA", "LEB", "LRW", "M10", "M11", "M12", "M13", "M14", "M15", "M19", "M20", "MBS", "ME1", "ME3", "MIR", "MMQ", "MRD", "NPH", "ODY", "ONS", "ORI", "P02", "PAL00", "PAL01", "PAL02", "PAL03", "PAL04", "PAL05", "PAL06", "PAL99", "PALP", "PARL", "PC2", "PCA", "PELP", "PF19", "PGPX", "PGRU", "PMPS", "PMPS06", "PMPS07", "PMPS08", "PMPS09", "PMPS10", "PMPS11", "POR", "PPP1", "PRM", "PRW2", "PRWK", "PS11", "PSAL", "PSS2", "PSS3", "PTC", "PTK", "PZ2", "RAV", "RIX", "RNA", "ROE", "RQS", "RTR", "S99", "SHM", "SOI", "SOM", "SUM", "TD0", "TD2", "THS", "TMP", "TPR", "TSP", "UGL", "UNH", "USG", "UST", "WAR", "WC00", "WC01", "WC02", "WC03", "WC04", "WC97", "WC98", "XLN", "ZEN"], "purchaseUrls": {"mtgstocks": "https://mtgjson.com/links/2c2b0857655127f2", "tcgplayer": "https://mtgjson.com/links/d02018b70fb01ddf"}, "rarity": "common", "rulings": [], "scryfallId": "c0360544-7ec7-43a4-8c15-b2471ec0c125", "scryfallIllustrationId": "6fcb699b-3713-4c55-9136-70a66577c0f5", "scryfallOracleId": "b2c6aa39-2d2a-459c-a555-fb48ba993373", "subtypes": ["Island"], "supertypes": ["Basic"], "tcgplayerProductId": 21671, "text": "({T}: Add {U}.)", "type": "Basic Land — Island", "types": ["Land"], "uuid": "22b28bcf-7fd9-571c-9408-e76273b28203", "variations": ["13ca4a14-1943-5eae-9271-80b418133335", "fec87ea8-b145-5ce2-9f83-7f7324fdf604"]}, {"artist": "Edward P. Beard, Jr.", "borderColor": "black", "colorIdentity": ["U"], "colors": [], "convertedManaCost": 0.0, "flavorText": "Hong Kong", "foreignData": [], "frameVersion": "1997", "hasFoil": false, "hasNonFoil": true, "isPaper": true, "isPromo": true, "isReprint": true, "isStarter": true, "layout": "normal", "legalities": {"brawl": "Legal", "commander": "Legal", "duel": "Legal", "future": "Legal", "legacy": "Legal", "modern": "Legal", "pauper": "Legal", "penny": "Legal", "standard": "Legal", "vintage": "Legal"}, "mtgstocksId": 35185, "name": "Island", "number": "2", "prices": {"paper": {"2019-06-02": 28.54, "2019-06-09": 29.54, "2019-06-16": 29.54, "2019-06-23": 28.18, "2019-06-30": 29.85, "2019-07-07": 29.85, "2019-07-14": 29.09, "2019-07-21": 29.92, "2019-07-28": 29.47, "2019-08-04": 29.85, "2019-08-11": 29.99, "2019-08-18": 30.74, "2019-08-25": 30.67}, "paperFoil": {}}, "printings": ["10E", "2ED", "3ED", "4BB", "4ED", "5ED", "6ED", "7ED", "8ED", "9ED", "AKH", "ALA", "ANA", "ARC", "AVR", "BBD", "BFZ", "BRB", "BTD", "C13", "C14", "C15", "C16", "C17", "C18", "C19", "CED", "CEI", "CHK", "CM2", "CMA", "CMD", "CST", "DD2", "DDE", "DDF", "DDH", "DDI", "DDJ", "DDM", "DDN", "DDO", "DDQ", "DDS", "DDT", "DDU", "DOM", "DPA", "DTK", "E01", "FBB", "FRF", "G17", "GK1", "GK2", "GNT", "GRN", "GS1", "H09", "HOP", "HOU", "ICE", "INV", "ISD", "ITP", "J14", "JVC", "KLD", "KTK", "LEA", "LEB", "LRW", "M10", "M11", "M12", "M13", "M14", "M15", "M19", "M20", "MBS", "ME1", "ME3", "MIR", "MMQ", "MRD", "NPH", "ODY", "ONS", "ORI", "P02", "PAL00", "PAL01", "PAL02", "PAL03", "PAL04", "PAL05", "PAL06", "PAL99", "PALP", "PARL", "PC2", "PCA", "PELP", "PF19", "PGPX", "PGRU", "PMPS", "PMPS06", "PMPS07", "PMPS08", "PMPS09", "PMPS10", "PMPS11", "POR", "PPP1", "PRM", "PRW2", "PRWK", "PS11", "PSAL", "PSS2", "PSS3", "PTC", "PTK", "PZ2", "RAV", "RIX", "RNA", "ROE", "RQS", "RTR", "S99", "SHM", "SOI", "SOM", "SUM", "TD0", "TD2", "THS", "TMP", "TPR", "TSP", "UGL", "UNH", "USG", "UST", "WAR", "WC00", "WC01", "WC02", "WC03", "WC04", "WC97", "WC98", "XLN", "ZEN"], "purchaseUrls": {"mtgstocks": "https://mtgjson.com/links/57d4c75438988fe8", "tcgplayer": "https://mtgjson.com/links/54c2e1a2f541d6c9"}, "rarity": "common", "rulings": [], "scryfallId": "082f6551-2332-4a9b-9865-aae19156b3dd", "scryfallIllustrationId": "d95292d0-9cae-4322-9cb7-7c2a0b82bc88", "scryfallOracleId": "b2c6aa39-2d2a-459c-a555-fb48ba993373", "subtypes": ["Island"], "supertypes": ["Basic"], "tcgplayerProductId": 21669, "text": "({T}: Add {U}.)", "type": "Basic Land — Island", "types": ["Land"], "uuid": "13ca4a14-1943-5eae-9271-80b418133335", "variations": ["22b28bcf-7fd9-571c-9408-e76273b28203", "fec87ea8-b145-5ce2-9f83-7f7324fdf604"]}, {"artist": "Bob Eggleton", "borderColor": "black", "colorIdentity": ["U"], "colors": [], "convertedManaCost": 0.0, "flavorText": "Meoto Iwa, Japan", "foreignData": [], "frameVersion": "1997", "hasFoil": false, "hasNonFoil": true, "isPaper": true, "isPromo": true, "isReprint": true, "isStarter": true, "layout": "normal", "legalities": {"brawl": "Legal", "commander": "Legal", "duel": "Legal", "future": "Legal", "legacy": "Legal", "modern": "Legal", "pauper": "Legal", "penny": "Legal", "standard": "Legal", "vintage": "Legal"}, "mtgstocksId": 35183, "name": "Island", "number": "7", "prices": {"paper": {"2019-06-02": 29.95, "2019-06-09": 29.95, "2019-06-16": 29.95, "2019-06-23": 29.95, "2019-06-30": 35.7, "2019-07-07": 32.6, "2019-07-14": 30.7, "2019-07-21": 30.7, "2019-07-28": 32.6, "2019-08-04": 31.45, "2019-08-11": 35.25, "2019-08-18": 32.82, "2019-08-25": 30.92}, "paperFoil": {}}, "printings": ["10E", "2ED", "3ED", "4BB", "4ED", "5ED", "6ED", "7ED", "8ED", "9ED", "AKH", "ALA", "ANA", "ARC", "AVR", "BBD", "BFZ", "BRB", "BTD", "C13", "C14", "C15", "C16", "C17", "C18", "C19", "CED", "CEI", "CHK", "CM2", "CMA", "CMD", "CST", "DD2", "DDE", "DDF", "DDH", "DDI", "DDJ", "DDM", "DDN", "DDO", "DDQ", "DDS", "DDT", "DDU", "DOM", "DPA", "DTK", "E01", "FBB", "FRF", "G17", "GK1", "GK2", "GNT", "GRN", "GS1", "H09", "HOP", "HOU", "ICE", "INV", "ISD", "ITP", "J14", "JVC", "KLD", "KTK", "LEA", "LEB", "LRW", "M10", "M11", "M12", "M13", "M14", "M15", "M19", "M20", "MBS", "ME1", "ME3", "MIR", "MMQ", "MRD", "NPH", "ODY", "ONS", "ORI", "P02", "PAL00", "PAL01", "PAL02", "PAL03", "PAL04", "PAL05", "PAL06", "PAL99", "PALP", "PARL", "PC2", "PCA", "PELP", "PF19", "PGPX", "PGRU", "PMPS", "PMPS06", "PMPS07", "PMPS08", "PMPS09", "PMPS10", "PMPS11", "POR", "PPP1", "PRM", "PRW2", "PRWK", "PS11", "PSAL", "PSS2", "PSS3", "PTC", "PTK", "PZ2", "RAV", "RIX", "RNA", "ROE", "RQS", "RTR", "S99", "SHM", "SOI", "SOM", "SUM", "TD0", "TD2", "THS", "TMP", "TPR", "TSP", "UGL", "UNH", "USG", "UST", "WAR", "WC00", "WC01", "WC02", "WC03", "WC04", "WC97", "WC98", "XLN", "ZEN"], "purchaseUrls": {"mtgstocks": "https://mtgjson.com/links/5c3e55c5620e0349", "tcgplayer": "https://mtgjson.com/links/0113457f750c8cf9"}, "rarity": "common", "rulings": [], "scryfallId": "140d4a7b-95b6-4911-99b5-7e8586255fc7", "scryfallIllustrationId": "65bc9106-530f-467c-b43a-7f831fb295cf", "scryfallOracleId": "b2c6aa39-2d2a-459c-a555-fb48ba993373", "subtypes": ["Island"], "supertypes": ["Basic"], "tcgplayerProductId": 21670, "text": "({T}: Add {U}.)", "type": "Basic Land — Island", "types": ["Land"], "uuid": "fec87ea8-b145-5ce2-9f83-7f7324fdf604", "variations": ["22b28bcf-7fd9-571c-9408-e76273b28203", "13ca4a14-1943-5eae-9271-80b418133335"]}, {"artist": "Edward P. Beard, Jr.", "borderColor": "black", "colorIdentity": ["R"], "colors": [], "convertedManaCost": 0.0, "flavorText": "Mt. Fuji, Japan", "foreignData": [], "frameVersion": "1997", "hasFoil": false, "hasNonFoil": true, "isPaper": true, "isPromo": true, "isReprint": true, "isStarter": true, "layout": "normal", "legalities": {"brawl": "Legal", "commander": "Legal", "duel": "Legal", "future": "Legal", "legacy": "Legal", "modern": "Legal", "pauper": "Legal", "penny": "Legal", "standard": "Legal", "vintage": "Legal"}, "mtgstocksId": 35187, "name": "Mountain", "number": "13", "prices": {"paper": {"2019-06-02": 47.0, "2019-06-09": 48.99, "2019-06-16": 48.99, "2019-06-23": 48.97, "2019-06-30": 49.85, "2019-07-07": 49.91, "2019-07-14": 49.97, "2019-07-21": 49.91, "2019-07-28": 47.74, "2019-08-04": 48.92, "2019-08-11": 48.92, "2019-08-18": 47.99, "2019-08-25": 47.75}, "paperFoil": {}}, "printings": ["10E", "2ED", "3ED", "4BB", "4ED", "5ED", "6ED", "7ED", "8ED", "9ED", "AKH", "ALA", "ANA", "ARC", "ARN", "ATH", "AVR", "BBD", "BFZ", "BRB", "BTD", "C13", "C14", "C15", "C16", "C17", "C18", "C19", "CED", "CEI", "CHK", "CM2", "CMA", "CMD", "CST", "DD1", "DD2", "DDE", "DDG", "DDH", "DDI", "DDJ", "DDK", "DDL", "DDN", "DDP", "DDS", "DDT", "DDU", "DKM", "DOM", "DPA", "DTK", "E01", "EVG", "FBB", "FRF", "G17", "GK1", "GK2", "GNT", "GRN", "GS1", "H09", "HOP", "HOU", "ICE", "INV", "ISD", "ITP", "J14", "JVC", "KLD", "KTK", "LEA", "LEB", "LRW", "M10", "M11", "M12", "M13", "M14", "M15", "M19", "M20", "MBS", "ME1", "ME3", "MIR", "MMQ", "MRD", "NPH", "ODY", "ONS", "ORI", "P02", "PAL00", "PAL01", "PAL03", "PAL04", "PAL05", "PAL06", "PAL99", "PALP", "PARL", "PC2", "PCA", "PD2", "PELP", "PF19", "PGPX", "PGRU", "PMPS", "PMPS06", "PMPS07", "PMPS08", "PMPS09", "PMPS10", "PMPS11", "POR", "PPP1", "PRM", "PRW2", "PRWK", "PS11", "PSAL", "PSS2", "PSS3", "PTC", "PTK", "PZ2", "RAV", "RIX", "RNA", "ROE", "RQS", "RTR", "S99", "SHM", "SOI", "SOM", "SUM", "TD0", "THS", "TMP", "TPR", "TSP", "UGL", "UNH", "USG", "UST", "WAR", "WC00", "WC01", "WC02", "WC03", "WC97", "WC98", "WC99", "XLN", "ZEN"], "purchaseUrls": {"mtgstocks": "https://mtgjson.com/links/bed095747bc3b9df", "tcgplayer": "https://mtgjson.com/links/91f6284d53632bca"}, "rarity": "common", "rulings": [], "scryfallId": "fadd5e4b-9833-4564-a7d2-3ac1364f40d5", "scryfallIllustrationId": "75896438-b1da-4b86-9960-e2db9fd6c75d", "scryfallOracleId": "a3fb7228-e76b-4e96-a40e-20b5fed75685", "subtypes": ["Mountain"], "supertypes": ["Basic"], "tcgplayerProductId": 21672, "text": "({T}: Add {R}.)", "type": "Basic Land — Mountain", "types": ["Land"], "uuid": "d498b668-f9cb-53b9-9a15-9a9ee5ec93f0", "variations": ["b1be38ea-ac02-516f-a181-b04845f5877c", "6a211953-3e06-59d5-aee9-92488aeb76d4"]}, {"artist": "Heather Hudson", "borderColor": "black", "colorIdentity": ["R"], "colors": [], "convertedManaCost": 0.0, "flavorText": "Banaue Rice Terraces, Phillipines", "foreignData": [], "frameVersion": "1997", "hasFoil": false, "hasNonFoil": true, "isPaper": true, "isPromo": true, "isReprint": true, "isStarter": true, "layout": "normal", "legalities": {"brawl": "Legal", "commander": "Legal", "duel": "Legal", "future": "Legal", "legacy": "Legal", "modern": "Legal", "pauper": "Legal", "penny": "Legal", "standard": "Legal", "vintage": "Legal"}, "mtgstocksId": 35188, "name": "Mountain", "number": "3", "prices": {"paper": {"2019-06-02": 11.29, "2019-06-09": 11.29, "2019-06-16": 11.19, "2019-06-23": 11.59, "2019-06-30": 11.92, "2019-07-07": 11.63, "2019-07-14": 11.91, "2019-07-21": 11.79, "2019-07-28": 11.57, "2019-08-04": 11.55, "2019-08-11": 11.68, "2019-08-18": 11.73, "2019-08-25": 11.57}, "paperFoil": {}}, "printings": ["10E", "2ED", "3ED", "4BB", "4ED", "5ED", "6ED", "7ED", "8ED", "9ED", "AKH", "ALA", "ANA", "ARC", "ARN", "ATH", "AVR", "BBD", "BFZ", "BRB", "BTD", "C13", "C14", "C15", "C16", "C17", "C18", "C19", "CED", "CEI", "CHK", "CM2", "CMA", "CMD", "CST", "DD1", "DD2", "DDE", "DDG", "DDH", "DDI", "DDJ", "DDK", "DDL", "DDN", "DDP", "DDS", "DDT", "DDU", "DKM", "DOM", "DPA", "DTK", "E01", "EVG", "FBB", "FRF", "G17", "GK1", "GK2", "GNT", "GRN", "GS1", "H09", "HOP", "HOU", "ICE", "INV", "ISD", "ITP", "J14", "JVC", "KLD", "KTK", "LEA", "LEB", "LRW", "M10", "M11", "M12", "M13", "M14", "M15", "M19", "M20", "MBS", "ME1", "ME3", "MIR", "MMQ", "MRD", "NPH", "ODY", "ONS", "ORI", "P02", "PAL00", "PAL01", "PAL03", "PAL04", "PAL05", "PAL06", "PAL99", "PALP", "PARL", "PC2", "PCA", "PD2", "PELP", "PF19", "PGPX", "PGRU", "PMPS", "PMPS06", "PMPS07", "PMPS08", "PMPS09", "PMPS10", "PMPS11", "POR", "PPP1", "PRM", "PRW2", "PRWK", "PS11", "PSAL", "PSS2", "PSS3", "PTC", "PTK", "PZ2", "RAV", "RIX", "RNA", "ROE", "RQS", "RTR", "S99", "SHM", "SOI", "SOM", "SUM", "TD0", "THS", "TMP", "TPR", "TSP", "UGL", "UNH", "USG", "UST", "WAR", "WC00", "WC01", "WC02", "WC03", "WC97", "WC98", "WC99", "XLN", "ZEN"], "purchaseUrls": {"mtgstocks": "https://mtgjson.com/links/1f5e806f88c56280", "tcgplayer": "https://mtgjson.com/links/eeb5030ae54baa87"}, "rarity": "common", "rulings": [], "scryfallId": "c5a93b1c-51aa-483c-b33b-76b5a74a067d", "scryfallIllustrationId": "7504f9bc-c462-4af1-b64f-453e92a3b3c8", "scryfallOracleId": "a3fb7228-e76b-4e96-a40e-20b5fed75685", "subtypes": ["Mountain"], "supertypes": ["Basic"], "tcgplayerProductId": 18100, "text": "({T}: Add {R}.)", "type": "Basic Land — Mountain", "types": ["Land"], "uuid": "b1be38ea-ac02-516f-a181-b04845f5877c", "variations": ["d498b668-f9cb-53b9-9a15-9a9ee5ec93f0", "6a211953-3e06-59d5-aee9-92488aeb76d4"]}, {"artist": "Rebecca Guay", "borderColor": "black", "colorIdentity": ["R"], "colors": [], "convertedManaCost": 0.0, "flavorText": "Taiwan", "foreignData": [], "frameVersion": "1997", "hasFoil": false, "hasNonFoil": true, "isPaper": true, "isPromo": true, "isReprint": true, "isStarter": true, "layout": "normal", "legalities": {"brawl": "Legal", "commander": "Legal", "duel": "Legal", "future": "Legal", "legacy": "Legal", "modern": "Legal", "pauper": "Legal", "penny": "Legal", "standard": "Legal", "vintage": "Legal"}, "mtgstocksId": 35186, "name": "Mountain", "number": "8", "prices": {"paper": {"2019-06-02": 11.99, "2019-06-09": 11.98, "2019-06-16": 11.89, "2019-06-23": 11.98, "2019-06-30": 11.97, "2019-07-07": 11.87, "2019-07-14": 10.99, "2019-07-21": 11.09, "2019-07-28": 11.44, "2019-08-04": 11.09, "2019-08-11": 11.79, "2019-08-18": 12.99, "2019-08-25": 12.34}, "paperFoil": {}}, "printings": ["10E", "2ED", "3ED", "4BB", "4ED", "5ED", "6ED", "7ED", "8ED", "9ED", "AKH", "ALA", "ANA", "ARC", "ARN", "ATH", "AVR", "BBD", "BFZ", "BRB", "BTD", "C13", "C14", "C15", "C16", "C17", "C18", "C19", "CED", "CEI", "CHK", "CM2", "CMA", "CMD", "CST", "DD1", "DD2", "DDE", "DDG", "DDH", "DDI", "DDJ", "DDK", "DDL", "DDN", "DDP", "DDS", "DDT", "DDU", "DKM", "DOM", "DPA", "DTK", "E01", "EVG", "FBB", "FRF", "G17", "GK1", "GK2", "GNT", "GRN", "GS1", "H09", "HOP", "HOU", "ICE", "INV", "ISD", "ITP", "J14", "JVC", "KLD", "KTK", "LEA", "LEB", "LRW", "M10", "M11", "M12", "M13", "M14", "M15", "M19", "M20", "MBS", "ME1", "ME3", "MIR", "MMQ", "MRD", "NPH", "ODY", "ONS", "ORI", "P02", "PAL00", "PAL01", "PAL03", "PAL04", "PAL05", "PAL06", "PAL99", "PALP", "PARL", "PC2", "PCA", "PD2", "PELP", "PF19", "PGPX", "PGRU", "PMPS", "PMPS06", "PMPS07", "PMPS08", "PMPS09", "PMPS10", "PMPS11", "POR", "PPP1", "PRM", "PRW2", "PRWK", "PS11", "PSAL", "PSS2", "PSS3", "PTC", "PTK", "PZ2", "RAV", "RIX", "RNA", "ROE", "RQS", "RTR", "S99", "SHM", "SOI", "SOM", "SUM", "TD0", "THS", "TMP", "TPR", "TSP", "UGL", "UNH", "USG", "UST", "WAR", "WC00", "WC01", "WC02", "WC03", "WC97", "WC98", "WC99", "XLN", "ZEN"], "purchaseUrls": {"mtgstocks": "https://mtgjson.com/links/c32f82d97d9a573b", "tcgplayer": "https://mtgjson.com/links/c623e097064c33c0"}, "rarity": "common", "rulings": [], "scryfallId": "e1af2d09-908e-442e-a9d0-9c618a71a327", "scryfallIllustrationId": "0b9d6ed8-f7d4-4b9d-887a-569e4d537b15", "scryfallOracleId": "a3fb7228-e76b-4e96-a40e-20b5fed75685", "subtypes": ["Mountain"], "supertypes": ["Basic"], "tcgplayerProductId": 21673, "text": "({T}: Add {R}.)", "type": "Basic Land — Mountain", "types": ["Land"], "uuid": "6a211953-3e06-59d5-aee9-92488aeb76d4", "variations": ["d498b668-f9cb-53b9-9a15-9a9ee5ec93f0", "b1be38ea-ac02-516f-a181-b04845f5877c"]}, {"artist": "Rebecca Guay", "borderColor": "black", "colorIdentity": ["W"], "colors": [], "convertedManaCost": 0.0, "flavorText": "Great Wall of China", "foreignData": [], "frameVersion": "1997", "hasFoil": false, "hasNonFoil": true, "isPaper": true, "isPromo": true, "isReprint": true, "isStarter": true, "layout": "normal", "legalities": {"brawl": "Legal", "commander": "Legal", "duel": "Legal", "future": "Legal", "legacy": "Legal", "modern": "Legal", "pauper": "Legal", "penny": "Legal", "standard": "Legal", "vintage": "Legal"}, "mtgstocksId": 35190, "name": "Plains", "number": "14", "prices": {"paper": {"2019-06-02": 32.42, "2019-06-09": 25.27, "2019-06-16": 29.95, "2019-06-23": 29.93, "2019-06-30": 30.83, "2019-07-07": 30.83, "2019-07-14": 29.93, "2019-07-21": 29.85, "2019-07-28": 27.83, "2019-08-04": 28.16, "2019-08-11": 28.66, "2019-08-18": 28.79, "2019-08-25": 27.39}, "paperFoil": {}}, "printings": ["10E", "2ED", "3ED", "4BB", "4ED", "5ED", "6ED", "7ED", "8ED", "9ED", "AKH", "ALA", "ANA", "ARC", "ATH", "AVR", "BBD", "BFZ", "BRB", "C13", "C14", "C15", "C16", "C17", "C18", "C19", "CED", "CEI", "CHK", "CM2", "CMA", "CMD", "CST", "DDC", "DDE", "DDF", "DDG", "DDH", "DDI", "DDK", "DDL", "DDN", "DDO", "DDP", "DDQ", "DOM", "DTK", "DVD", "E01", "FBB", "FRF", "G17", "GK1", "GK2", "GNT", "GRN", "GS1", "H09", "HOP", "HOU", "ICE", "INV", "ISD", "ITP", "J14", "KLD", "KTK", "LEA", "LEB", "LRW", "M10", "M11", "M12", "M13", "M14", "M15", "M19", "M20", "MBS", "MD1", "ME1", "ME3", "MIR", "MMQ", "MRD", "NPH", "ODY", "ONS", "ORI", "P02", "PAL00", "PAL01", "PAL03", "PAL04", "PAL05", "PAL06", "PAL99", "PALP", "PARL", "PC2", "PCA", "PDGM", "PELP", "PF19", "PGPX", "PGRU", "PMPS", "PMPS06", "PMPS07", "PMPS08", "PMPS09", "PMPS10", "PMPS11", "POR", "PPP1", "PRM", "PRW2", "PRWK", "PS11", "PSAL", "PSS2", "PSS3", "PTC", "PTK", "PZ2", "RAV", "RIX", "RNA", "ROE", "RQS", "RTR", "S99", "SHM", "SOI", "SOM", "SUM", "TD0", "TD2", "THS", "TMP", "TPR", "TSP", "UGL", "UNH", "USG", "UST", "WAR", "WC00", "WC02", "WC03", "WC04", "WC97", "WC98", "XLN", "ZEN"], "purchaseUrls": {"mtgstocks": "https://mtgjson.com/links/8764e15323997c09", "tcgplayer": "https://mtgjson.com/links/0d56ac2b602acab7"}, "rarity": "common", "rulings": [], "scryfallId": "46ca9523-e126-467d-9d78-823d2e89837d", "scryfallIllustrationId": "79ad4eb9-18f2-4588-ab1b-8bb8a10257ee", "scryfallOracleId": "bc71ebf6-2056-41f7-be35-b2e5c34afa99", "subtypes": ["Plains"], "supertypes": ["Basic"], "tcgplayerProductId": 21675, "text": "({T}: Add {W}.)", "type": "Basic Land — Plains", "types": ["Land"], "uuid": "f5241126-621c-543a-8f60-4b63ad529a7f", "variations": ["82b087ac-0ebc-59d7-b4c6-509eae73503d", "115ac591-ec09-58d3-92d8-8041a495780a"]}, {"artist": "Ron Spears", "borderColor": "black", "colorIdentity": ["W"], "colors": [], "convertedManaCost": 0.0, "flavorText": "Japan", "foreignData": [], "frameVersion": "1997", "hasFoil": false, "hasNonFoil": true, "isPaper": true, "isPromo": true, "isReprint": true, "isStarter": true, "layout": "normal", "legalities": {"brawl": "Legal", "commander": "Legal", "duel": "Legal", "future": "Legal", "legacy": "Legal", "modern": "Legal", "pauper": "Legal", "penny": "Legal", "standard": "Legal", "vintage": "Legal"}, "mtgstocksId": 35191, "name": "Plains", "number": "4", "prices": {"paper": {"2019-06-02": 59.98, "2019-06-09": 59.98, "2019-06-16": 59.98, "2019-06-23": 57.22, "2019-06-30": 57.22, "2019-07-07": 57.12, "2019-07-14": 55.91, "2019-07-21": 55.59, "2019-07-28": 55.91, "2019-08-04": 55.59, "2019-08-11": 54.95, "2019-08-18": 54.95, "2019-08-25": 55.27}, "paperFoil": {}}, "printings": ["10E", "2ED", "3ED", "4BB", "4ED", "5ED", "6ED", "7ED", "8ED", "9ED", "AKH", "ALA", "ANA", "ARC", "ATH", "AVR", "BBD", "BFZ", "BRB", "C13", "C14", "C15", "C16", "C17", "C18", "C19", "CED", "CEI", "CHK", "CM2", "CMA", "CMD", "CST", "DDC", "DDE", "DDF", "DDG", "DDH", "DDI", "DDK", "DDL", "DDN", "DDO", "DDP", "DDQ", "DOM", "DTK", "DVD", "E01", "FBB", "FRF", "G17", "GK1", "GK2", "GNT", "GRN", "GS1", "H09", "HOP", "HOU", "ICE", "INV", "ISD", "ITP", "J14", "KLD", "KTK", "LEA", "LEB", "LRW", "M10", "M11", "M12", "M13", "M14", "M15", "M19", "M20", "MBS", "MD1", "ME1", "ME3", "MIR", "MMQ", "MRD", "NPH", "ODY", "ONS", "ORI", "P02", "PAL00", "PAL01", "PAL03", "PAL04", "PAL05", "PAL06", "PAL99", "PALP", "PARL", "PC2", "PCA", "PDGM", "PELP", "PF19", "PGPX", "PGRU", "PMPS", "PMPS06", "PMPS07", "PMPS08", "PMPS09", "PMPS10", "PMPS11", "POR", "PPP1", "PRM", "PRW2", "PRWK", "PS11", "PSAL", "PSS2", "PSS3", "PTC", "PTK", "PZ2", "RAV", "RIX", "RNA", "ROE", "RQS", "RTR", "S99", "SHM", "SOI", "SOM", "SUM", "TD0", "TD2", "THS", "TMP", "TPR", "TSP", "UGL", "UNH", "USG", "UST", "WAR", "WC00", "WC02", "WC03", "WC04", "WC97", "WC98", "XLN", "ZEN"], "purchaseUrls": {"mtgstocks": "https://mtgjson.com/links/2569a02140423595", "tcgplayer": "https://mtgjson.com/links/8b95fc9f518491bc"}, "rarity": "common", "rulings": [], "scryfallId": "5e8b29d9-b20c-437f-96ec-1b0009719820", "scryfallIllustrationId": "5f054538-7ef5-4fb3-8eea-7f4fe4f49632", "scryfallOracleId": "bc71ebf6-2056-41f7-be35-b2e5c34afa99", "subtypes": ["Plains"], "supertypes": ["Basic"], "tcgplayerProductId": 21676, "text": "({T}: Add {W}.)", "type": "Basic Land — Plains", "types": ["Land"], "uuid": "82b087ac-0ebc-59d7-b4c6-509eae73503d", "variations": ["f5241126-621c-543a-8f60-4b63ad529a7f", "115ac591-ec09-58d3-92d8-8041a495780a"]}, {"artist": "Colin MacNeil", "borderColor": "black", "colorIdentity": ["W"], "colors": [], "convertedManaCost": 0.0, "flavorText": "Uluru, Australia", "foreignData": [], "frameVersion": "1997", "hasFoil": false, "hasNonFoil": true, "isPaper": true, "isPromo": true, "isReprint": true, "isStarter": true, "layout": "normal", "legalities": {"brawl": "Legal", "commander": "Legal", "duel": "Legal", "future": "Legal", "legacy": "Legal", "modern": "Legal", "pauper": "Legal", "penny": "Legal", "standard": "Legal", "vintage": "Legal"}, "mtgstocksId": 35189, "name": "Plains", "number": "9", "prices": {"paper": {"2019-06-02": 14.4, "2019-06-09": 14.94, "2019-06-16": 14.4, "2019-06-23": 14.4, "2019-06-30": 17.37, "2019-07-07": 17.37, "2019-07-14": 15.99, "2019-07-21": 18.49, "2019-07-28": 18.75, "2019-08-04": 18.75, "2019-08-11": 18.75, "2019-08-18": 18.75, "2019-08-25": 18.48}, "paperFoil": {}}, "printings": ["10E", "2ED", "3ED", "4BB", "4ED", "5ED", "6ED", "7ED", "8ED", "9ED", "AKH", "ALA", "ANA", "ARC", "ATH", "AVR", "BBD", "BFZ", "BRB", "C13", "C14", "C15", "C16", "C17", "C18", "C19", "CED", "CEI", "CHK", "CM2", "CMA", "CMD", "CST", "DDC", "DDE", "DDF", "DDG", "DDH", "DDI", "DDK", "DDL", "DDN", "DDO", "DDP", "DDQ", "DOM", "DTK", "DVD", "E01", "FBB", "FRF", "G17", "GK1", "GK2", "GNT", "GRN", "GS1", "H09", "HOP", "HOU", "ICE", "INV", "ISD", "ITP", "J14", "KLD", "KTK", "LEA", "LEB", "LRW", "M10", "M11", "M12", "M13", "M14", "M15", "M19", "M20", "MBS", "MD1", "ME1", "ME3", "MIR", "MMQ", "MRD", "NPH", "ODY", "ONS", "ORI", "P02", "PAL00", "PAL01", "PAL03", "PAL04", "PAL05", "PAL06", "PAL99", "PALP", "PARL", "PC2", "PCA", "PDGM", "PELP", "PF19", "PGPX", "PGRU", "PMPS", "PMPS06", "PMPS07", "PMPS08", "PMPS09", "PMPS10", "PMPS11", "POR", "PPP1", "PRM", "PRW2", "PRWK", "PS11", "PSAL", "PSS2", "PSS3", "PTC", "PTK", "PZ2", "RAV", "RIX", "RNA", "ROE", "RQS", "RTR", "S99", "SHM", "SOI", "SOM", "SUM", "TD0", "TD2", "THS", "TMP", "TPR", "TSP", "UGL", "UNH", "USG", "UST", "WAR", "WC00", "WC02", "WC03", "WC04", "WC97", "WC98", "XLN", "ZEN"], "purchaseUrls": {"mtgstocks": "https://mtgjson.com/links/cc8ddb3f6a0c0825", "tcgplayer": "https://mtgjson.com/links/f59f8d404b9e9d11"}, "rarity": "common", "rulings": [], "scryfallId": "09c9e066-5bff-4e35-bc21-5054b9ff07a2", "scryfallIllustrationId": "38245465-e0b7-42c0-b40d-568c1a24e3bd", "scryfallOracleId": "bc71ebf6-2056-41f7-be35-b2e5c34afa99", "subtypes": ["Plains"], "supertypes": ["Basic"], "tcgplayerProductId": 21674, "text": "({T}: Add {W}.)", "type": "Basic Land — Plains", "types": ["Land"], "uuid": "115ac591-ec09-58d3-92d8-8041a495780a", "variations": ["f5241126-621c-543a-8f60-4b63ad529a7f", "82b087ac-0ebc-59d7-b4c6-509eae73503d"]}, {"artist": "Ron Spears", "borderColor": "black", "colorIdentity": ["B"], "colors": [], "convertedManaCost": 0.0, "flavorText": "Japan", "foreignData": [], "frameVersion": "1997", "hasFoil": false, "hasNonFoil": true, "isPaper": true, "isPromo": true, "isReprint": true, "isStarter": true, "layout": "normal", "legalities": {"brawl": "Legal", "commander": "Legal", "duel": "Legal", "future": "Legal", "legacy": "Legal", "modern": "Legal", "pauper": "Legal", "penny": "Legal", "standard": "Legal", "vintage": "Legal"}, "mtgstocksId": 35192, "name": "Swamp", "number": "10", "prices": {"paper": {"2019-06-02": 30.99, "2019-06-09": 30.99, "2019-06-23": 27.69, "2019-06-30": 57.95, "2019-07-07": 57.95, "2019-07-14": 57.95, "2019-07-21": 57.95, "2019-07-28": 57.93, "2019-08-04": 57.91, "2019-08-11": 58.95, "2019-08-18": 58.95, "2019-08-25": 57.95}, "paperFoil": {}}, "printings": ["10E", "2ED", "3ED", "4BB", "4ED", "5ED", "6ED", "7ED", "8ED", "9ED", "AKH", "ALA", "ANA", "ARC", "ATH", "AVR", "BBD", "BFZ", "BRB", "BTD", "C13", "C14", "C15", "C16", "C17", "C18", "C19", "CED", "CEI", "CHK", "CM2", "CMA", "CMD", "CST", "DDC", "DDD", "DDE", "DDH", "DDJ", "DDK", "DDM", "DDN", "DDP", "DDQ", "DDR", "DKM", "DOM", "DPA", "DTK", "DVD", "E01", "FBB", "FRF", "G17", "GK1", "GK2", "GNT", "GRN", "GVL", "H09", "HOP", "HOU", "ICE", "INV", "ISD", "ITP", "J14", "KLD", "KTK", "LEA", "LEB", "LRW", "M10", "M11", "M12", "M13", "M14", "M15", "M19", "M20", "MBS", "MD1", "ME1", "ME3", "MIR", "MMQ", "MRD", "NPH", "ODY", "ONS", "ORI", "P02", "PAL00", "PAL01", "PAL03", "PAL04", "PAL05", "PAL06", "PAL99", "PALP", "PARL", "PC2", "PCA", "PD3", "PELP", "PF19", "PGPX", "PGRU", "PHUK", "PMPS", "PMPS06", "PMPS07", "PMPS08", "PMPS09", "PMPS10", "PMPS11", "POR", "PPP1", "PRM", "PRW2", "PRWK", "PS11", "PSAL", "PSS2", "PSS3", "PTC", "PTK", "RAV", "RIX", "RNA", "ROE", "RQS", "RTR", "S99", "SHM", "SOI", "SOM", "SUM", "TD0", "TD2", "THS", "TMP", "TPR", "TSP", "UGL", "UNH", "USG", "UST", "WAR", "WC01", "WC02", "WC03", "WC97", "WC98", "WC99", "XLN", "ZEN"], "purchaseUrls": {"mtgstocks": "https://mtgjson.com/links/ef0bd9b34f5454aa", "tcgplayer": "https://mtgjson.com/links/3df4f925a62bcad9"}, "rarity": "common", "rulings": [], "scryfallId": "2b42c421-da39-41e1-af2e-005aebb3a7c7", "scryfallIllustrationId": "cfcd56b6-ced0-40cf-955e-4a328de4c32e", "scryfallOracleId": "56719f6a-1a6c-4c0a-8d21-18f7d7350b68", "subtypes": ["Swamp"], "supertypes": ["Basic"], "tcgplayerProductId": 21679, "text": "({T}: Add {B}.)", "type": "Basic Land — Swamp", "types": ["Land"], "uuid": "d47fa813-e1f6-535a-a8f4-10c0d8d0f77c", "variations": ["f6b57b68-bdbe-5a19-8f35-84a7084d9424", "5d374152-be97-51d7-a716-197a04a0d997"]}, {"artist": "Ron Spears", "borderColor": "black", "colorIdentity": ["B"], "colors": [], "convertedManaCost": 0.0, "flavorText": "Indonesia", "foreignData": [], "frameVersion": "1997", "hasFoil": false, "hasNonFoil": true, "isPaper": true, "isPromo": true, "isReprint": true, "isStarter": true, "layout": "normal", "legalities": {"brawl": "Legal", "commander": "Legal", "duel": "Legal", "future": "Legal", "legacy": "Legal", "modern": "Legal", "pauper": "Legal", "penny": "Legal", "standard": "Legal", "vintage": "Legal"}, "mtgstocksId": 35193, "name": "Swamp", "number": "15", "prices": {"paper": {"2019-06-02": 8.15, "2019-06-09": 8.1, "2019-06-16": 8.22, "2019-06-23": 8.97, "2019-06-30": 8.98, "2019-07-07": 9.46, "2019-07-14": 9.52, "2019-07-21": 9.52, "2019-07-28": 9.09, "2019-08-04": 9.09, "2019-08-11": 9.52, "2019-08-18": 9.52, "2019-08-25": 9.09}, "paperFoil": {}}, "printings": ["10E", "2ED", "3ED", "4BB", "4ED", "5ED", "6ED", "7ED", "8ED", "9ED", "AKH", "ALA", "ANA", "ARC", "ATH", "AVR", "BBD", "BFZ", "BRB", "BTD", "C13", "C14", "C15", "C16", "C17", "C18", "C19", "CED", "CEI", "CHK", "CM2", "CMA", "CMD", "CST", "DDC", "DDD", "DDE", "DDH", "DDJ", "DDK", "DDM", "DDN", "DDP", "DDQ", "DDR", "DKM", "DOM", "DPA", "DTK", "DVD", "E01", "FBB", "FRF", "G17", "GK1", "GK2", "GNT", "GRN", "GVL", "H09", "HOP", "HOU", "ICE", "INV", "ISD", "ITP", "J14", "KLD", "KTK", "LEA", "LEB", "LRW", "M10", "M11", "M12", "M13", "M14", "M15", "M19", "M20", "MBS", "MD1", "ME1", "ME3", "MIR", "MMQ", "MRD", "NPH", "ODY", "ONS", "ORI", "P02", "PAL00", "PAL01", "PAL03", "PAL04", "PAL05", "PAL06", "PAL99", "PALP", "PARL", "PC2", "PCA", "PD3", "PELP", "PF19", "PGPX", "PGRU", "PHUK", "PMPS", "PMPS06", "PMPS07", "PMPS08", "PMPS09", "PMPS10", "PMPS11", "POR", "PPP1", "PRM", "PRW2", "PRWK", "PS11", "PSAL", "PSS2", "PSS3", "PTC", "PTK", "RAV", "RIX", "RNA", "ROE", "RQS", "RTR", "S99", "SHM", "SOI", "SOM", "SUM", "TD0", "TD2", "THS", "TMP", "TPR", "TSP", "UGL", "UNH", "USG", "UST", "WAR", "WC01", "WC02", "WC03", "WC97", "WC98", "WC99", "XLN", "ZEN"], "purchaseUrls": {"mtgstocks": "https://mtgjson.com/links/010f13b81f91f0ac", "tcgplayer": "https://mtgjson.com/links/cc5295912db23d5e"}, "rarity": "common", "rulings": [], "scryfallId": "3e033e21-8003-4a19-a711-d23cd1d718cc", "scryfallIllustrationId": "4659bf62-d266-457a-925c-b1eed8563033", "scryfallOracleId": "56719f6a-1a6c-4c0a-8d21-18f7d7350b68", "subtypes": ["Swamp"], "supertypes": ["Basic"], "tcgplayerProductId": 21677, "text": "({T}: Add {B}.)", "type": "Basic Land — Swamp", "types": ["Land"], "uuid": "f6b57b68-bdbe-5a19-8f35-84a7084d9424", "variations": ["d47fa813-e1f6-535a-a8f4-10c0d8d0f77c", "5d374152-be97-51d7-a716-197a04a0d997"]}, {"artist": "Edward P. Beard, Jr.", "borderColor": "black", "colorIdentity": ["B"], "colors": [], "convertedManaCost": 0.0, "flavorText": "New Zealand", "foreignData": [], "frameVersion": "1997", "hasFoil": false, "hasNonFoil": true, "isPaper": true, "isPromo": true, "isReprint": true, "isStarter": true, "layout": "normal", "legalities": {"brawl": "Legal", "commander": "Legal", "duel": "Legal", "future": "Legal", "legacy": "Legal", "modern": "Legal", "pauper": "Legal", "penny": "Legal", "standard": "Legal", "vintage": "Legal"}, "mtgstocksId": 35194, "name": "Swamp", "number": "5", "prices": {"paper": {"2019-06-02": 9.49, "2019-06-09": 9.49, "2019-06-16": 9.49, "2019-06-23": 9.99, "2019-06-30": 9.29, "2019-07-07": 9.49, "2019-07-14": 9.49, "2019-07-21": 9.49, "2019-07-28": 9.49, "2019-08-04": 9.74, "2019-08-11": 9.74, "2019-08-18": 9.99, "2019-08-25": 9.74}, "paperFoil": {}}, "printings": ["10E", "2ED", "3ED", "4BB", "4ED", "5ED", "6ED", "7ED", "8ED", "9ED", "AKH", "ALA", "ANA", "ARC", "ATH", "AVR", "BBD", "BFZ", "BRB", "BTD", "C13", "C14", "C15", "C16", "C17", "C18", "C19", "CED", "CEI", "CHK", "CM2", "CMA", "CMD", "CST", "DDC", "DDD", "DDE", "DDH", "DDJ", "DDK", "DDM", "DDN", "DDP", "DDQ", "DDR", "DKM", "DOM", "DPA", "DTK", "DVD", "E01", "FBB", "FRF", "G17", "GK1", "GK2", "GNT", "GRN", "GVL", "H09", "HOP", "HOU", "ICE", "INV", "ISD", "ITP", "J14", "KLD", "KTK", "LEA", "LEB", "LRW", "M10", "M11", "M12", "M13", "M14", "M15", "M19", "M20", "MBS", "MD1", "ME1", "ME3", "MIR", "MMQ", "MRD", "NPH", "ODY", "ONS", "ORI", "P02", "PAL00", "PAL01", "PAL03", "PAL04", "PAL05", "PAL06", "PAL99", "PALP", "PARL", "PC2", "PCA", "PD3", "PELP", "PF19", "PGPX", "PGRU", "PHUK", "PMPS", "PMPS06", "PMPS07", "PMPS08", "PMPS09", "PMPS10", "PMPS11", "POR", "PPP1", "PRM", "PRW2", "PRWK", "PS11", "PSAL", "PSS2", "PSS3", "PTC", "PTK", "RAV", "RIX", "RNA", "ROE", "RQS", "RTR", "S99", "SHM", "SOI", "SOM", "SUM", "TD0", "TD2", "THS", "TMP", "TPR", "TSP", "UGL", "UNH", "USG", "UST", "WAR", "WC01", "WC02", "WC03", "WC97", "WC98", "WC99", "XLN", "ZEN"], "purchaseUrls": {"mtgstocks": "https://mtgjson.com/links/17677ebd96c2ba38", "tcgplayer": "https://mtgjson.com/links/3d0ddec1ca8b4863"}, "rarity": "common", "rulings": [], "scryfallId": "913f761f-dd7b-4c91-b4e9-5903f86079f0", "scryfallIllustrationId": "36be5145-be6d-4a67-bfec-ab4606b78b71", "scryfallOracleId": "56719f6a-1a6c-4c0a-8d21-18f7d7350b68", "subtypes": ["Swamp"], "supertypes": ["Basic"], "tcgplayerProductId": 21678, "text": "({T}: Add {B}.)", "type": "Basic Land — Swamp", "types": ["Land"], "uuid": "5d374152-be97-51d7-a716-197a04a0d997", "variations": ["d47fa813-e1f6-535a-a8f4-10c0d8d0f77c", "f6b57b68-bdbe-5a19-8f35-84a7084d9424"]}], "code": "PALP", "isFoilOnly": false, "isOnlineOnly": false, "keyruneCode": "DEFAULT", "meta": {"date": "2019-09-01", "pricesDate": "2019-09-01", "version": "4.5.0-rebuild.4"}, "name": "Asia Pacific Land Program", "releaseDate": "1998-09-01", "tcgplayerGroupId": 9, "tokens": [], "totalSetSize": 15, "translations": {}, "type": "promo"}