{"baseSetSize": 0, "block": "Innistrad", "cards": [{"artist": "Michael Komarck", "borderColor": "black", "colorIdentity": ["B"], "colors": ["B"], "convertedManaCost": 1.0, "edhrecRank": 2590, "foreignData": [], "frameVersion": "2003", "hasFoil": true, "hasNonFoil": false, "isFullArt": true, "isPaper": true, "isPromo": true, "isReprint": true, "isStarter": true, "layout": "normal", "legalities": {"commander": "Legal", "duel": "Legal", "legacy": "Legal", "modern": "Legal", "penny": "Legal", "vintage": "Legal"}, "manaCost": "{X}{B}", "mtgstocksId": 23162, "name": "Killing Wave", "number": "111", "prices": {"paper": {}, "paperFoil": {"2019-06-02": 5.48, "2019-06-09": 5.32, "2019-06-16": 5.32, "2019-06-23": 5.34, "2019-06-30": 5.34, "2019-07-07": 5.34, "2019-07-14": 5.42, "2019-07-21": 5.46, "2019-07-28": 5.29, "2019-08-04": 5.48, "2019-08-11": 5.29, "2019-08-18": 5.19, "2019-08-25": 5.09}}, "printings": ["AVR", "PAVR", "PRM"], "rarity": "rare", "rulings": [{"date": "2012-05-01", "text": "First, the active player chooses whether to pay X life for each creature they control. Then each other player in turn order chooses for their creatures. Then each player pays life and sacrifices creatures at the same time. Players will know the decisions of players who chose before them."}, {"date": "2012-05-01", "text": "A player may choose to pay life for some creatures and sacrifice the rest. It’s not an all-or-nothing decision."}, {"date": "2012-05-01", "text": "You can’t pay more life than you have."}, {"date": "2012-05-01", "text": "If you can’t sacrifice a creature (perhaps because of Sigarda, Host of Herons), you can choose not to pay life and nothing will happen."}], "scryfallId": "e40ed6b1-7b92-4ba4-b197-07c3f171a935", "scryfallIllustrationId": "d0d8f077-0015-4a7a-8fc9-a5aff4652891", "scryfallOracleId": "69d6b906-5461-4eba-8667-dbb8c0ce3fcb", "subtypes": [], "supertypes": [], "tcgplayerProductId": 58193, "text": "For each creature, its controller sacrifices it unless they pay X life.", "type": "Sorcery", "types": ["Sorcery"], "uuid": "78564aec-4cf9-54bf-a19a-99a1c21f885e"}, {"artist": "Eytan Zana", "borderColor": "black", "colorIdentity": ["U"], "colors": ["U"], "convertedManaCost": 3.0, "edhrecRank": 8467, "foreignData": [], "frameVersion": "2003", "hasFoil": false, "hasNonFoil": true, "isFullArt": true, "isPaper": true, "isPromo": true, "isReprint": true, "isStarter": true, "layout": "normal", "legalities": {"commander": "Legal", "duel": "Legal", "legacy": "Legal", "modern": "Legal", "penny": "Legal", "vintage": "Legal"}, "manaCost": "{1}{U}{U}", "mtgstocksId": 23166, "name": "Latch Seeker", "number": "63", "power": "3", "prices": {"paper": {"2019-06-02": 0.45, "2019-06-09": 0.45, "2019-06-16": 0.46, "2019-06-23": 0.46, "2019-06-30": 0.45, "2019-07-07": 0.47, "2019-07-14": 0.45, "2019-07-21": 0.47, "2019-07-28": 0.47, "2019-08-04": 0.47, "2019-08-11": 0.47, "2019-08-18": 0.47, "2019-08-25": 0.47}, "paperFoil": {}}, "printings": ["AVR", "PAVR", "PRM"], "rarity": "uncommon", "rulings": [], "scryfallId": "57976d9d-0c22-4274-9ebc-e34a15005cf2", "scryfallIllustrationId": "54fefe9f-0df1-463e-ad4a-80eb5ba2cdfc", "scryfallOracleId": "4c1f62a8-d905-48aa-aba1-4bcb522a7ef6", "subtypes": ["Spirit"], "supertypes": [], "tcgplayerProductId": 58191, "text": "Latch Seeker can't be blocked.", "toughness": "1", "type": "Creature — Spirit", "types": ["Creature"], "uuid": "89d7efac-7b9b-5566-9ba5-3f1d7059aa41"}, {"artist": "Nic Klein", "borderColor": "black", "colorIdentity": [], "colors": [], "convertedManaCost": 4.0, "edhrecRank": 2279, "foreignData": [], "frameVersion": "2003", "hasFoil": true, "hasNonFoil": false, "isPaper": true, "isPromo": true, "isReprint": true, "isStarter": true, "layout": "normal", "legalities": {"commander": "Legal", "duel": "Legal", "legacy": "Legal", "modern": "Legal", "penny": "Legal", "vintage": "Legal"}, "manaCost": "{4}", "mtgstocksId": 20759, "name": "Moonsilver Spear", "number": "217", "prices": {"paper": {}, "paperFoil": {"2019-06-02": 0.91, "2019-06-09": 0.83, "2019-06-16": 0.86, "2019-06-23": 0.86, "2019-06-30": 0.83, "2019-07-07": 0.83, "2019-07-14": 0.8, "2019-07-21": 0.82, "2019-07-28": 0.86, "2019-08-04": 0.82, "2019-08-11": 0.86, "2019-08-18": 0.9, "2019-08-25": 0.89}}, "printings": ["AVR", "C14", "PAVR", "PRM"], "rarity": "rare", "rulings": [], "scryfallId": "3f37ac81-6656-4929-a979-9d2ad5f90feb", "scryfallIllustrationId": "0e1fc8eb-b20b-4a84-a5fc-9744b957d799", "scryfallOracleId": "d99bcf62-db93-40db-8844-3d0af0756a0c", "subtypes": ["Equipment"], "supertypes": [], "tcgplayerProductId": 58189, "text": "Equipped creature has first strike.\nWhenever equipped creature attacks, create a 4/4 white Angel creature token with flying.\nEquip {4}", "type": "Artifact — Equipment", "types": ["Artifact"], "uuid": "a68f8de5-6202-565f-a0f5-0daab0e6e638", "watermark": "set (AVR)"}, {"artist": "Wesley Burt", "borderColor": "black", "colorIdentity": ["W"], "colors": ["W"], "convertedManaCost": 4.0, "edhrecRank": 993, "foreignData": [], "frameVersion": "2003", "hasFoil": true, "hasNonFoil": false, "isPaper": true, "isPromo": true, "isReprint": true, "isStarter": true, "layout": "normal", "legalities": {"commander": "Legal", "duel": "Legal", "legacy": "Legal", "modern": "Legal", "vintage": "Legal"}, "manaCost": "{3}{W}", "mtgstocksId": 22129, "name": "Restoration Angel", "number": "32", "power": "3", "prices": {"paper": {}, "paperFoil": {"2019-06-02": 4.49, "2019-06-09": 4.49, "2019-06-16": 4.46, "2019-06-23": 4.46, "2019-06-30": 4.48, "2019-07-07": 4.43, "2019-07-14": 4.27, "2019-07-21": 4.28, "2019-07-28": 4.44, "2019-08-04": 4.43, "2019-08-11": 4.42, "2019-08-18": 4.23, "2019-08-25": 4.12}}, "printings": ["AVR", "IMA", "MM3", "PAVR", "PRM"], "rarity": "rare", "rulings": [{"date": "2017-11-17", "text": "Once the exiled creature returns, it’s considered a new object with no relation to the object that it was. Auras attached to the exiled creature will be put into their owners’ graveyards. Equipment attached to the exiled creature will become unattached and remain on the battlefield. Any counters on the exiled creature will cease to exist."}, {"date": "2017-11-17", "text": "The returned creature won’t be the target of any spells or abilities that targeted it before. Any spells that don’t target it, such as Austere Command, will still affect it."}, {"date": "2017-11-17", "text": "If you target a creature that you control but don’t own, you control the returned creature indefinitely after it returns. When you leave a multiplayer game, exile any objects that you put onto the battlefield under your control but don’t own."}, {"date": "2017-11-17", "text": "If a token is exiled this way, it will cease to exist and won’t return to the battlefield."}], "scryfallId": "c83c7429-751e-4103-b09a-f78a9617020d", "scryfallIllustrationId": "72fd8137-d713-402f-a43b-036b301eddb6", "scryfallOracleId": "dfbd3afc-9905-4cff-a4f4-df08a4d0a7fa", "subtypes": ["Angel"], "supertypes": [], "tcgplayerProductId": 58196, "text": "Flash\nFlying\nWhen Restoration Angel enters the battlefield, you may exile target non-Angel creature you control, then return that card to the battlefield under your control.", "toughness": "4", "type": "Creature — Angel", "types": ["Creature"], "uuid": "1c3d960d-568a-5cce-8523-343078da7220", "watermark": "set (AVR)"}, {"artist": "Todd Lockwood", "borderColor": "black", "colorIdentity": ["W"], "colors": ["W"], "convertedManaCost": 3.0, "edhrecRank": 1537, "foreignData": [], "frameVersion": "2003", "hasFoil": true, "hasNonFoil": false, "isPaper": true, "isPromo": true, "isReprint": true, "isStarter": true, "layout": "normal", "legalities": {"commander": "Legal", "duel": "Legal", "legacy": "Legal", "modern": "Legal", "penny": "Legal", "vintage": "Legal"}, "manaCost": "{1}{W}{W}", "mtgstocksId": 20839, "name": "Silverblade Paladin", "number": "*36", "power": "2", "prices": {"paper": {}, "paperFoil": {"2019-06-02": 1.19, "2019-06-09": 1.19, "2019-06-16": 1.19, "2019-06-23": 1.17, "2019-06-30": 1.16, "2019-07-07": 1.14, "2019-07-14": 1.15, "2019-07-21": 1.14, "2019-07-28": 1.13, "2019-08-04": 1.12, "2019-08-11": 1.13, "2019-08-18": 1.16, "2019-08-25": 1.18}}, "printings": ["AVR", "C14", "PAVR", "PRM"], "rarity": "rare", "rulings": [], "scryfallId": "bde0dbd9-354d-42b2-83f4-7f8f98c7b4de", "scryfallIllustrationId": "d0956608-891c-41be-be6e-8442703933e1", "scryfallOracleId": "ded0316f-5eed-4a80-91ad-ca236fd16f01", "subtypes": ["Human", "Knight"], "supertypes": [], "tcgplayerProductId": 58194, "text": "Soulbond (You may pair this creature with another unpaired creature when either enters the battlefield. They remain paired for as long as you control both of them.)\nAs long as Silverblade Paladin is paired with another creature, both creatures have double strike.", "toughness": "2", "type": "Creature — Human Knight", "types": ["Creature"], "uuid": "ab3e8b93-0e04-57b3-8be2-19812eaeb44d", "watermark": "colorpie"}], "code": "PAVR", "isFoilOnly": false, "isOnlineOnly": false, "keyruneCode": "AVR", "meta": {"date": "2019-09-01", "pricesDate": "2019-09-01", "version": "4.5.0-rebuild.4"}, "name": "Avacyn Restored Promos", "parentCode": "AVR", "releaseDate": "2012-04-28", "tokens": [], "totalSetSize": 5, "translations": {}, "type": "promo"}