{"baseSetSize": 0, "cards": [{"artist": "Christopher Rush", "borderColor": "black", "colorIdentity": ["B", "G", "R", "U", "W"], "colors": ["B", "G", "R", "U", "W"], "convertedManaCost": 5.0, "flavorText": "It takes great sacrifice to make it to the top.", "foreignData": [], "frameVersion": "1993", "hasFoil": false, "hasNonFoil": true, "isStarter": true, "layout": "normal", "legalities": {}, "manaCost": "{W}{U}{B}{R}{G}", "name": "1996 World Champion", "number": "1", "printings": ["PCEL"], "rarity": "rare", "rulings": [], "scryfallId": "d3f10f07-7cfe-4a6f-8de6-373e367a731b", "scryfallIllustrationId": "f12f705b-c031-4eee-814c-089570bf7791", "scryfallOracleId": "39302443-4614-4e62-832a-b74eb2136bc7", "subtypes": ["Legend"], "supertypes": [], "tcgplayerProductId": 21655, "text": "Cannot be the target of spells or effects. World Champion has power and toughness equal to the life total of target opponent.\n{0}: Discard your hand to search your library for 1996 World Champion and reveal it to all players. Shuffle your library and put 1996 World Champion on top of it. Use this ability only at the beginning of your upkeep, and only if 1996 World Champion is in your library.", "type": "Summon — Legend", "types": ["Summon"], "uuid": "6b0e48c0-441d-5a62-a558-3c99473e4387"}, {"artist": "Susan Garfield", "borderColor": "black", "colorIdentity": ["U"], "colors": ["U"], "convertedManaCost": 4.0, "flavorText": "... and when you want to go explore, the number you should have is four. —Sandra Boynton", "foreignData": [], "frameVersion": "1997", "hasFoil": false, "hasNonFoil": true, "isStarter": true, "layout": "normal", "legalities": {}, "manaCost": "{U}{U}{U}{U}", "mtgstocksId": 23153, "name": "Fraternal Exaltation", "number": "5", "prices": {"paper": {"2019-06-30": 5000.0, "2019-07-07": 5000.0, "2019-07-14": 5000.0, "2019-07-21": 5000.0, "2019-07-28": 5000.0, "2019-08-04": 5000.0, "2019-08-11": 5000.0, "2019-08-18": 5000.0, "2019-08-25": 5000.0}, "paperFoil": {}}, "printings": ["PCEL"], "rarity": "rare", "rulings": [], "scryfallId": "6c3490c9-7c41-4eaa-8987-d81f05e63122", "scryfallIllustrationId": "8d180f10-7e1f-48fe-a383-4ca4015d8239", "scryfallOracleId": "d6547753-e697-44f3-9c99-a9691010bcec", "subtypes": [], "supertypes": [], "tcgplayerProductId": 21656, "text": "Sneak into your parents' closet to get a deck. Your new brother is joining the game.", "type": "Sorcery", "types": ["Sorcery"], "uuid": "748880b2-1d5f-542a-a042-ca3a6cf816f2"}, {"artist": "Drew Tucker", "borderColor": "black", "colorIdentity": ["R"], "colors": ["R"], "convertedManaCost": 4.0, "flavorText": "\"The minute I heard my first love story, I started looking for you, not knowing how blind that was. Lovers don't finally meet somewhere. They're in each other all along.\" — Rumi", "foreignData": [], "frameVersion": "2003", "hasFoil": false, "hasNonFoil": true, "isStarter": true, "layout": "normal", "legalities": {}, "manaCost": "{R}{R}{R}{R}", "name": "Phoenix Heart", "number": "7", "printings": ["PCEL"], "rarity": "mythic", "rulings": [], "scryfallId": "bf56619f-3dbb-484d-8d9c-0412fc944067", "scryfallIllustrationId": "d5ed3e69-ca3c-400b-82eb-aba39aa4b9e3", "scryfallOracleId": "ec75f505-95c5-445c-8272-1a6fa3526f92", "subtypes": [], "supertypes": [], "text": "Koni and Richard continue the game and play all games as partners forever.", "type": "Sorcery", "types": ["Sorcery"], "uuid": "12d759ae-0922-5ac3-98c2-951c3ec11001"}, {"artist": "Quinton Hoover", "borderColor": "black", "colorIdentity": ["W"], "colors": ["W"], "convertedManaCost": 4.0, "foreignData": [], "frameVersion": "1993", "hasFoil": false, "hasNonFoil": true, "isStarter": true, "layout": "normal", "legalities": {}, "manaCost": "{W}{W}{W}{W}", "name": "Proposal", "number": "3", "printings": ["PCEL"], "rarity": "rare", "rulings": [{"date": "2017-12-04", "text": "The actual art for Proposal has not been released to the public. The current image on Scryfall is an approximation of the card’s appearance provided by “thevodkaboy”."}], "scryfallId": "d183cc80-a9ce-4290-bf65-f8202f508ac0", "scryfallIllustrationId": "d849c596-7431-4bc4-a049-79c7673ae985", "scryfallOracleId": "d68c65b0-beb9-4a25-b868-339303959b1f", "subtypes": [], "supertypes": [], "tcgplayerProductId": 21657, "text": "Allows Richard to propose marriage to Lily. If the proposal is accepted both players win; mix the cards in play, both libraries, and both graveyards as a shared deck.", "type": "Sorcery", "types": ["Sorcery"], "uuid": "c5ef0375-f6f0-5b9b-b192-681a24eafa45"}, {"artist": "Robot Chicken", "borderColor": "black", "colorIdentity": [], "colors": [], "convertedManaCost": 4.0, "flavorText": "Why did the chicken cross the road? To die in the name of science.", "foreignData": [], "frameVersion": "2003", "hasFoil": false, "hasNonFoil": true, "isStarter": true, "layout": "normal", "legalities": {}, "manaCost": "{4}", "name": "Robot Chicken", "number": "6", "power": "2", "printings": ["PCEL"], "rarity": "mythic", "rulings": [], "scryfallId": "503cfef1-2b23-4130-834d-73f7e280a901", "scryfallIllustrationId": "8c12fd08-0a66-437a-a972-eda79dc7350e", "scryfallOracleId": "fae7e603-52f6-480f-89ee-5ac1c9d77a9d", "subtypes": ["Chicken", "Construct"], "supertypes": [], "tcgplayerProductId": 38443, "text": "Whenever you cast a spell, put a 0/1 colorless Egg artifact creature token onto the battlefield.\nWhenever an Egg you control is put into a graveyard from the battlefield, destroy target artifact or creature.", "toughness": "2", "type": "Artifact Creature — Chicken Construct", "types": ["Artifact", "Creature"], "uuid": "3065598c-0c44-50db-9319-be16c8bda729"}, {"artist": "Christopher Rush", "borderColor": "black", "colorIdentity": ["R"], "colors": ["R"], "convertedManaCost": 9.0, "foreignData": [], "frameVersion": "1997", "hasFoil": false, "hasNonFoil": true, "isStarter": true, "layout": "normal", "legalities": {}, "manaCost": "{6}{R}{R}{R}", "name": "Shichifukujin Dragon", "number": "2", "printings": ["PCEL"], "rarity": "rare", "rulings": [], "scryfallId": "a934c126-2db2-4468-8f70-b8f688d782da", "scryfallIllustrationId": "71d2e087-c1d6-47f4-9494-7a175e66fbe3", "scryfallOracleId": "2cb8ba8e-58a5-4a2b-85c1-4abb388c3293", "subtypes": ["Dragon"], "supertypes": [], "tcgplayerProductId": 38442, "text": "When Shichifukujin Dragon comes into play, put seven +1/+1 counters on it.\n{R}{R}{R}, Sacrifice two +1/+1 counters: Put three +1/+1 counters on Shichifukujin Dragon at end of turn. Play this ability as a sorcery.", "type": "Summon — Dragon", "types": ["Summon"], "uuid": "4bbd0e94-cb15-5969-91eb-16f5eb82c5e7"}, {"artist": "Monique Thirifay", "borderColor": "black", "colorIdentity": ["G"], "colors": ["G"], "convertedManaCost": 4.0, "flavorText": "She discovered with great delight that one does not love one's children because they are one's children but because of the friendship formed while raising them. Gabriel Garciá Márquez", "foreignData": [], "frameVersion": "1997", "hasFoil": false, "hasNonFoil": true, "isStarter": true, "layout": "normal", "legalities": {}, "manaCost": "{G}{G}{G}{G}", "name": "Splendid Genesis", "number": "4", "printings": ["PCEL"], "rarity": "rare", "rulings": [], "scryfallId": "f62e8120-7aca-49c2-91b2-2622e27cf281", "scryfallIllustrationId": "9988094d-41ec-4b1c-bece-2e430b6a719e", "scryfallOracleId": "723db8aa-d1c9-409c-8187-69e0e31ea9c0", "subtypes": [], "supertypes": [], "tcgplayerProductId": 21658, "text": "Shuffle all cards in the game together and deal them into three decks. The game continues with a new player.", "type": "Sorcery", "types": ["Sorcery"], "uuid": "ba579f37-ff22-5c3a-a46b-20b5a7b22aab"}], "code": "PCEL", "isFoilOnly": true, "isOnlineOnly": false, "keyruneCode": "DEFAULT", "meta": {"date": "2019-09-01", "pricesDate": "2019-09-01", "version": "4.5.0-rebuild.4"}, "name": "Celebration Cards", "releaseDate": "1996-08-14", "tokens": [], "totalSetSize": 7, "translations": {}, "type": "memorabilia"}