{"baseSetSize": 0, "block": "Innistrad", "cards": [{"artist": "Dave Kendall", "borderColor": "black", "colorIdentity": ["B"], "colors": ["B"], "convertedManaCost": 1.0, "edhrecRank": 1046, "flavorText": "\"Innistrad's ghoulcallers are talented enough, but let me show you what someone with real power can create.\" —Liliana Vess", "foreignData": [], "frameVersion": "2003", "hasFoil": true, "hasNonFoil": false, "isPaper": true, "isPromo": true, "isReprint": true, "isStarter": true, "layout": "normal", "legalities": {"commander": "Legal", "duel": "Legal", "legacy": "Legal", "modern": "Legal", "vintage": "Legal"}, "manaCost": "{B}", "mtgstocksId": 20818, "name": "Gravecrawler", "number": "*64", "power": "2", "prices": {"paper": {}, "paperFoil": {"2019-06-02": 11.59, "2019-06-09": 13.72, "2019-06-16": 25.34, "2019-06-23": 24.95, "2019-06-30": 23.48, "2019-07-07": 22.99, "2019-07-14": 20.99, "2019-07-21": 21.99, "2019-07-28": 21.03, "2019-08-04": 20.1, "2019-08-11": 19.53, "2019-08-18": 18.61, "2019-08-25": 18.85}}, "printings": ["DDQ", "DKA", "PDKA", "PRM"], "rarity": "rare", "rulings": [{"date": "2011-01-22", "text": "Gravecrawler’s ability doesn’t change when you could cast it."}, {"date": "2011-01-22", "text": "Once you’ve cast Gravecrawler and it’s on the stack, it doesn’t matter if you lose control of the other Zombie."}], "scryfallId": "33df275d-bdad-4e4b-9f92-ec2bf98fcba7", "scryfallIllustrationId": "22074ed5-626a-4487-9fc4-96ff8d19b833", "scryfallOracleId": "09ff28b1-b6c9-48e6-b12e-2f0e644f709f", "subtypes": ["Zombie"], "supertypes": [], "tcgplayerProductId": 57662, "text": "Gravecrawler can't block.\nYou may cast Gravecrawler from your graveyard as long as you control a Zombie.", "toughness": "1", "type": "Creature — Zombie", "types": ["Creature"], "uuid": "77e369f9-3add-5b0b-9780-c41683df556e", "watermark": "colorpie"}, {"artist": "Anthony Palumbo", "borderColor": "black", "colorIdentity": ["R"], "colorIndicator": ["R"], "colors": ["R"], "convertedManaCost": 4.0, "edhrecRank": 5663, "faceConvertedManaCost": 0, "foreignData": [], "frameEffect": "sunmoondfc", "frameVersion": "2003", "hasFoil": true, "hasNonFoil": false, "isPaper": true, "isPromo": true, "isReprint": true, "isStarter": true, "layout": "transform", "legalities": {"commander": "Legal", "duel": "Legal", "legacy": "Legal", "modern": "Legal", "penny": "Legal", "vintage": "Legal"}, "mtgstocksId": 22126, "name": "Tovolar's Magehunter", "names": ["Mondronen Shaman", "Tovolar's Magehunter"], "number": "98", "power": "5", "prices": {"paper": {}, "paperFoil": {"2019-06-02": 0.69, "2019-06-09": 0.69, "2019-06-16": 0.7, "2019-06-23": 0.71, "2019-06-30": 0.7, "2019-07-07": 0.7, "2019-07-14": 0.69, "2019-07-21": 0.7, "2019-07-28": 0.69, "2019-08-04": 0.68, "2019-08-11": 0.69, "2019-08-18": 0.69, "2019-08-25": 0.69}}, "printings": ["DKA", "PDKA", "PRM"], "rarity": "rare", "rulings": [{"date": "2011-01-22", "text": "Tovolar’s Magehunter’s first triggered ability will resolve before the spell that caused it to trigger. If this causes the player who cast that spell to lose the game, that spell won’t resolve."}, {"date": "2016-07-13", "text": "For more information on double-faced cards, see the Shadows over Innistrad mechanics article (http://magic.wizards.com/en/articles/archive/feature/shadows-over-innistrad-mechanics)."}], "scryfallId": "98fc475a-809d-4278-be03-86eab62b46ce", "scryfallOracleId": "f94cb722-7e46-4569-b474-9654ecf7ec14", "side": "b", "subtypes": ["Werewolf"], "supertypes": [], "tcgplayerProductId": 57659, "text": "Whenever an opponent casts a spell, Tovolar's Magehunter deals 2 damage to that player.\nAt the beginning of each upkeep, if a player cast two or more spells last turn, transform Tovolar's Magehunter.", "toughness": "5", "type": "Creature — Werewolf", "types": ["Creature"], "uuid": "53f68b28-18ed-5d21-9973-50370448aade", "watermark": "set"}, {"artist": "Anthony Palumbo", "borderColor": "black", "colorIdentity": ["R"], "colors": ["R"], "convertedManaCost": 4.0, "edhrecRank": 5663, "faceConvertedManaCost": 4.0, "flavorText": "\"Tovolar, my master. Gather the howlpack, for the Hunter's Moon is nigh and Thraben's walls grow weak.\"", "foreignData": [], "frameEffect": "sunmoondfc", "frameVersion": "2003", "hasFoil": true, "hasNonFoil": false, "isPaper": true, "isPromo": true, "isReprint": true, "layout": "transform", "legalities": {"commander": "Legal", "duel": "Legal", "legacy": "Legal", "modern": "Legal", "penny": "Legal", "vintage": "Legal"}, "manaCost": "{3}{R}", "mtgstocksId": 22126, "name": "Mondronen Shaman", "names": ["Mondronen Shaman", "Tovolar's Magehunter"], "number": "98", "power": "3", "prices": {"paper": {}, "paperFoil": {"2019-06-02": 0.69, "2019-06-09": 0.69, "2019-06-16": 0.7, "2019-06-23": 0.71, "2019-06-30": 0.7, "2019-07-07": 0.7, "2019-07-14": 0.69, "2019-07-21": 0.7, "2019-07-28": 0.69, "2019-08-04": 0.68, "2019-08-11": 0.69, "2019-08-18": 0.69, "2019-08-25": 0.69}}, "printings": ["DKA", "PDKA", "PRM"], "rarity": "rare", "rulings": [{"date": "2011-01-22", "text": "Tovolar’s Magehunter’s first triggered ability will resolve before the spell that caused it to trigger. If this causes the player who cast that spell to lose the game, that spell won’t resolve."}, {"date": "2016-07-13", "text": "For more information on double-faced cards, see the Shadows over Innistrad mechanics article (http://magic.wizards.com/en/articles/archive/feature/shadows-over-innistrad-mechanics)."}], "scryfallId": "98fc475a-809d-4278-be03-86eab62b46ce", "scryfallOracleId": "f94cb722-7e46-4569-b474-9654ecf7ec14", "side": "a", "subtypes": ["Human", "Shaman", "Werewolf"], "supertypes": [], "tcgplayerProductId": 57659, "text": "At the beginning of each upkeep, if no spells were cast last turn, transform Mondronen Shaman.", "toughness": "2", "type": "Creature — Human Shaman Werewolf", "types": ["Creature"], "uuid": "39401724-4f30-5a50-9184-a34545a225c3", "watermark": "set"}, {"artist": "Kev Walker", "borderColor": "black", "colorIdentity": ["B"], "colorIndicator": ["B"], "colors": ["B"], "convertedManaCost": 5.0, "edhrecRank": 10607, "faceConvertedManaCost": 0, "flavorText": "\"The price is paid. The power is mine!\"", "foreignData": [], "frameEffect": "sunmoondfc", "frameVersion": "2003", "hasFoil": true, "hasNonFoil": false, "isPaper": true, "isPromo": true, "isReprint": true, "isStarter": true, "layout": "transform", "legalities": {"commander": "Legal", "duel": "Legal", "legacy": "Legal", "modern": "Legal", "penny": "Legal", "vintage": "Legal"}, "mtgstocksId": 20768, "name": "Archdemon of Greed", "names": ["Ravenous Demon", "Archdemon of Greed"], "number": "71", "power": "9", "prices": {"paper": {}, "paperFoil": {"2019-06-02": 0.37, "2019-06-09": 0.37, "2019-06-16": 0.37, "2019-06-23": 0.37, "2019-06-30": 0.36, "2019-07-07": 0.36, "2019-07-14": 0.35, "2019-07-21": 0.36, "2019-07-28": 0.35, "2019-08-04": 0.35, "2019-08-11": 0.36, "2019-08-18": 0.35, "2019-08-25": 0.35}}, "printings": ["DKA", "PDKA", "PRM"], "rarity": "rare", "rulings": [{"date": "2016-07-13", "text": "For more information on double-faced cards, see the Shadows over Innistrad mechanics article (http://magic.wizards.com/en/articles/archive/feature/shadows-over-innistrad-mechanics)."}], "scryfallId": "abbbb466-31ef-42dd-9993-124f7ec3d8ae", "scryfallOracleId": "18932bb9-e054-4ad6-80c8-d2f177312da0", "side": "b", "subtypes": ["Demon"], "supertypes": [], "tcgplayerProductId": 57658, "text": "Flying, trample\nAt the beginning of your upkeep, sacrifice a Human. If you can't, tap Archdemon of Greed and it deals 9 damage to you.", "toughness": "9", "type": "Creature — Demon", "types": ["Creature"], "uuid": "0b75fd70-85b9-5ef5-9876-4177fe7a86cc", "watermark": "set"}, {"artist": "Kev Walker", "borderColor": "black", "colorIdentity": ["B"], "colors": ["B"], "convertedManaCost": 5.0, "edhrecRank": 10607, "faceConvertedManaCost": 5.0, "flavorText": "His twisted words entice the weak.", "foreignData": [], "frameEffect": "sunmoondfc", "frameVersion": "2003", "hasFoil": true, "hasNonFoil": false, "isPaper": true, "isPromo": true, "isReprint": true, "layout": "transform", "legalities": {"commander": "Legal", "duel": "Legal", "legacy": "Legal", "modern": "Legal", "penny": "Legal", "vintage": "Legal"}, "manaCost": "{3}{B}{B}", "mtgstocksId": 20768, "name": "Ravenous Demon", "names": ["Ravenous Demon", "Archdemon of Greed"], "number": "71", "power": "4", "prices": {"paper": {}, "paperFoil": {"2019-06-02": 0.37, "2019-06-09": 0.37, "2019-06-16": 0.37, "2019-06-23": 0.37, "2019-06-30": 0.36, "2019-07-07": 0.36, "2019-07-14": 0.35, "2019-07-21": 0.36, "2019-07-28": 0.35, "2019-08-04": 0.35, "2019-08-11": 0.36, "2019-08-18": 0.35, "2019-08-25": 0.35}}, "printings": ["DKA", "PDKA", "PRM"], "rarity": "rare", "rulings": [{"date": "2016-07-13", "text": "For more information on double-faced cards, see the Shadows over Innistrad mechanics article (http://magic.wizards.com/en/articles/archive/feature/shadows-over-innistrad-mechanics)."}], "scryfallId": "abbbb466-31ef-42dd-9993-124f7ec3d8ae", "scryfallOracleId": "18932bb9-e054-4ad6-80c8-d2f177312da0", "side": "a", "subtypes": ["Demon"], "supertypes": [], "tcgplayerProductId": 57658, "text": "Sacrifice a Human: Transform Ravenous Demon. Activate this ability only any time you could cast a sorcery.", "toughness": "4", "type": "Creature — Demon", "types": ["Creature"], "uuid": "afd127c5-b6b6-5afc-9f2d-3aafccef6ba2", "watermark": "set"}, {"artist": "Erica Yang", "borderColor": "black", "colorIdentity": ["G"], "colors": ["G"], "convertedManaCost": 2.0, "edhrecRank": 7258, "foreignData": [], "frameVersion": "2003", "hasFoil": false, "hasNonFoil": true, "isFullArt": true, "isPaper": true, "isPromo": true, "isReprint": true, "isStarter": true, "layout": "normal", "legalities": {"commander": "Legal", "duel": "Legal", "legacy": "Legal", "modern": "Legal", "penny": "Legal", "vintage": "Legal"}, "manaCost": "{G}{G}", "mtgstocksId": 23189, "name": "Strangleroot Geist", "number": "127", "power": "2", "prices": {"paper": {"2019-06-02": 3.25, "2019-06-09": 3.25, "2019-06-16": 3.29, "2019-06-23": 3.25, "2019-06-30": 3.22, "2019-07-07": 3.14, "2019-07-14": 3.2, "2019-07-21": 3.25, "2019-07-28": 3.25, "2019-08-04": 3.14, "2019-08-11": 3.16, "2019-08-18": 3.14, "2019-08-25": 3.16}, "paperFoil": {}}, "printings": ["DKA", "PDKA", "PRM"], "rarity": "uncommon", "rulings": [], "scryfallId": "c840aa15-6d54-41ee-b2e3-c049785ae10d", "scryfallIllustrationId": "82b1cc98-bdc9-48e1-838d-b5087a3b401b", "scryfallOracleId": "af12758f-4a7b-4156-8942-de4716aa0623", "subtypes": ["Spirit"], "supertypes": [], "tcgplayerProductId": 57660, "text": "Haste\nUndying (When this creature dies, if it had no +1/+1 counters on it, return it to the battlefield under its owner's control with a +1/+1 counter on it.)", "toughness": "1", "type": "Creature — Spirit", "types": ["Creature"], "uuid": "86d7cfff-8de0-5f53-bc58-3e00f6cb443f"}, {"artist": "Volkan Baǵa", "borderColor": "black", "colorIdentity": ["B"], "colors": ["B"], "convertedManaCost": 6.0, "edhrecRank": 1862, "foreignData": [], "frameVersion": "2003", "hasFoil": true, "hasNonFoil": false, "isFullArt": true, "isPaper": true, "isPromo": true, "isReprint": true, "isStarter": true, "layout": "normal", "legalities": {"commander": "Legal", "duel": "Legal", "legacy": "Legal", "modern": "Legal", "penny": "Legal", "vintage": "Legal"}, "manaCost": "{3}{B}{B}{B}", "mtgstocksId": 23194, "name": "Zombie Apocalypse", "number": "80", "prices": {"paper": {}, "paperFoil": {"2019-06-02": 7.75, "2019-06-09": 16.97, "2019-06-16": 16.05, "2019-06-23": 22.95, "2019-06-30": 22.95, "2019-07-07": 22.58, "2019-07-14": 22.74, "2019-07-21": 22.95, "2019-07-28": 19.75, "2019-08-04": 17.99, "2019-08-11": 19.5, "2019-08-18": 19.5, "2019-08-25": 17.99}}, "printings": ["DKA", "PDKA", "PRM"], "rarity": "rare", "rulings": [{"date": "2011-01-22", "text": "All Humans are destroyed, not just ones you control."}, {"date": "2011-01-22", "text": "If a creature card in your graveyard is both a Zombie and a Human, it will be returned to the battlefield tapped, then be destroyed."}], "scryfallId": "756119c5-f10e-431b-9f8b-5da5850a72fd", "scryfallIllustrationId": "df7199fb-1b7f-44aa-8923-573a4f967be6", "scryfallOracleId": "8241277d-654f-4985-9d49-a22c1e59eec2", "subtypes": [], "supertypes": [], "tcgplayerProductId": 57661, "text": "Return all Zombie creature cards from your graveyard to the battlefield tapped, then destroy all Humans.", "type": "Sorcery", "types": ["Sorcery"], "uuid": "822104a3-6ea9-5a82-8b1a-c6ae6908a245"}], "code": "PDKA", "isFoilOnly": false, "isOnlineOnly": false, "keyruneCode": "DKA", "meta": {"date": "2019-09-01", "pricesDate": "2019-09-01", "version": "4.5.0-rebuild.4"}, "name": "Dark Ascension Promos", "parentCode": "DKA", "releaseDate": "2012-01-28", "tokens": [], "totalSetSize": 5, "translations": {}, "type": "promo"}