{"baseSetSize": 0, "cards": [{"artist": "Rebecca Guay", "borderColor": "black", "colorIdentity": ["U"], "colors": ["U"], "convertedManaCost": 2.0, "edhrecRank": 3207, "flavorText": "\"Returne from whence ye came...\" —Edmund Spenser, The Faerie Queene", "foreignData": [], "frameVersion": "2003", "hasFoil": true, "hasNonFoil": false, "isPaper": true, "isPromo": true, "isReprint": true, "isStarter": true, "layout": "normal", "legalities": {"commander": "Legal", "duel": "Legal", "legacy": "Legal", "modern": "Legal", "pauper": "Legal", "penny": "Legal", "vintage": "Legal"}, "manaCost": "{U}{U}", "mtgstocksId": 26942, "name": "Boomerang", "number": "4", "prices": {"paper": {}, "paperFoil": {"2019-06-02": 2.21, "2019-06-09": 2.65, "2019-06-16": 3.42, "2019-06-23": 4.47, "2019-06-30": 4.36, "2019-07-07": 4.36, "2019-07-14": 5.35, "2019-07-21": 4.99, "2019-07-28": 5.12, "2019-08-04": 3.21, "2019-08-11": 3.21, "2019-08-18": 3.85, "2019-08-25": 4.18}}, "printings": ["10E", "5ED", "6ED", "7ED", "8ED", "9ED", "CHR", "DPA", "LEG", "ME3", "MIR", "PG07", "PRM", "PS11", "PSAL"], "rarity": "rare", "rulings": [], "scryfallId": "40eb66bd-4276-4475-b725-a45c535d03bf", "scryfallIllustrationId": "de1912d2-7fb2-4062-8881-1789a95e9277", "scryfallOracleId": "dc4a4996-108a-4aac-850f-2d9f76403446", "subtypes": [], "supertypes": [], "tcgplayerProductId": 38188, "text": "Return target permanent to its owner's hand.", "type": "Instant", "types": ["Instant"], "uuid": "fb85680c-f613-5722-ab9f-b3b3c7d0e494", "watermark": "mtg"}, {"artist": "Dave Kendall", "borderColor": "black", "colorIdentity": ["W"], "colors": ["W"], "convertedManaCost": 4.0, "edhrecRank": 17837, "foreignData": [], "frameVersion": "2003", "hasFoil": true, "hasNonFoil": false, "isPaper": true, "isPromo": true, "isReprint": true, "isStarter": true, "layout": "normal", "legalities": {"commander": "Legal", "duel": "Legal", "legacy": "Legal", "modern": "Legal", "penny": "Legal", "vintage": "Legal"}, "manaCost": "{2}{W}{W}", "mtgstocksId": 26943, "name": "Calciderm", "number": "5", "power": "5", "prices": {"paper": {}, "paperFoil": {"2019-06-02": 0.71, "2019-06-09": 0.71, "2019-06-16": 0.68, "2019-06-23": 0.69, "2019-06-30": 0.7, "2019-07-07": 0.69, "2019-07-14": 0.68, "2019-07-21": 0.69, "2019-07-28": 0.69, "2019-08-04": 0.69, "2019-08-11": 0.7, "2019-08-18": 0.7, "2019-08-25": 0.69}}, "printings": ["EMA", "PG07", "PLC", "PRM"], "rarity": "rare", "rulings": [{"date": "2007-02-01", "text": "This is the timeshifted version of Blastoderm."}], "scryfallId": "387adc65-5d18-4291-85b1-f49f556781c7", "scryfallIllustrationId": "7075d003-28e9-45cb-8e64-ecfa9b0802d7", "scryfallOracleId": "329d53eb-d443-4376-ae5a-4be7dfb1fc91", "subtypes": ["Beast"], "supertypes": [], "tcgplayerProductId": 38189, "text": "Shroud (This creature can't be the target of spells or abilities.)\nVanishing 4 (This creature enters the battlefield with four time counters on it. At the beginning of your upkeep, remove a time counter from it. When the last is removed, sacrifice it.)", "toughness": "5", "type": "Creature — Beast", "types": ["Creature"], "uuid": "124049dc-7984-5680-9273-c65e44e3b807", "watermark": "dci"}, {"artist": "Jeremy Jarvis", "borderColor": "black", "colorIdentity": ["G"], "colors": ["G"], "convertedManaCost": 4.0, "edhrecRank": 6250, "foreignData": [], "frameVersion": "2003", "hasFoil": true, "hasNonFoil": false, "isPaper": true, "isPromo": true, "isReprint": true, "isStarter": true, "layout": "normal", "legalities": {"commander": "Legal", "duel": "Legal", "legacy": "Legal", "modern": "Legal", "penny": "Legal", "vintage": "Legal"}, "manaCost": "{3}{G}", "mtgstocksId": 26946, "name": "Dauntless Dourbark", "number": "12", "power": "*", "prices": {"paper": {}, "paperFoil": {"2019-06-02": 5.59, "2019-06-09": 5.43, "2019-06-16": 5.22, "2019-06-23": 5.43, "2019-06-30": 5.49, "2019-07-07": 5.37, "2019-07-14": 5.37, "2019-07-21": 5.53, "2019-07-28": 5.37, "2019-08-04": 5.37, "2019-08-11": 5.37, "2019-08-18": 5.31, "2019-08-25": 5.24}}, "printings": ["LRW", "PG07", "PRM"], "rarity": "rare", "rulings": [{"date": "2007-10-01", "text": "Dauntless Dourbark counts itself when determining its power and toughness."}, {"date": "2007-10-01", "text": "A permanent that’s both a Forest and a Treefolk will be counted twice when determining Dauntless Dourbark’s power and toughness."}], "scryfallId": "bad809d0-82a5-4bb0-bef2-465205879a8d", "scryfallIllustrationId": "ce8d9e94-bbd4-4a2f-a6c9-2dca5bd0e106", "scryfallOracleId": "3fd25479-b65c-48f7-bb74-95d49af65ac1", "subtypes": ["Treefolk", "Warrior"], "supertypes": [], "tcgplayerProductId": 38191, "text": "Dauntless Dourbark's power and toughness are each equal to the number of Forests you control plus the number of Treefolk you control.\nDauntless Dourbark has trample as long as you control another Treefolk.", "toughness": "*", "type": "Creature — Treefolk Warrior", "types": ["Creature"], "uuid": "0d10eae1-3203-5e77-acf7-04662e819a9c", "watermark": "dci"}, {"artist": "Anson Maddocks", "borderColor": "black", "colorIdentity": ["G"], "colors": ["G"], "convertedManaCost": 1.0, "edhrecRank": 73, "flavorText": "Whenever the Llanowar elves gather the fruits of their forest, they leave one plant of each type untouched, considering that nature's portion.", "foreignData": [], "frameVersion": "2003", "hasFoil": true, "hasNonFoil": false, "isPaper": true, "isPromo": true, "isReprint": true, "isStarter": true, "layout": "normal", "legalities": {"brawl": "Legal", "commander": "Legal", "duel": "Legal", "legacy": "Legal", "modern": "Legal", "pauper": "Legal", "standard": "Legal", "vintage": "Legal"}, "manaCost": "{G}", "mtgstocksId": 26957, "name": "Llanowar Elves", "number": "9", "power": "1", "prices": {"paper": {}, "paperFoil": {"2019-06-02": 8.24, "2019-06-09": 8.24, "2019-06-16": 8.19, "2019-06-23": 8.19, "2019-06-30": 7.99, "2019-07-07": 7.99, "2019-07-14": 7.99, "2019-07-21": 7.99, "2019-07-28": 7.73, "2019-08-04": 7.9, "2019-08-11": 7.97, "2019-08-18": 7.64, "2019-08-25": 7.62}}, "printings": ["10E", "2ED", "3ED", "4BB", "4ED", "5ED", "6ED", "7ED", "9ED", "ATH", "BRB", "BTD", "C14", "CED", "CEI", "CMA", "DD1", "DOM", "EMA", "EVG", "FBB", "FNM", "GNT", "LEA", "LEB", "M10", "M11", "M12", "M19", "PDOM", "PG07", "PRM", "PTC", "SUM", "WC00", "WC01", "WC02", "WC99"], "rarity": "rare", "rulings": [], "scryfallId": "3412a5a9-f3dd-4f23-b588-d3b7fd3a382e", "scryfallIllustrationId": "0593112b-9ba0-4524-a853-52f954cd60f1", "scryfallOracleId": "68954295-54e3-4303-a6bc-fc4547a4e3a3", "subtypes": ["Elf", "Druid"], "supertypes": [], "tcgplayerProductId": 38201, "text": "{T}: Add {G}.", "toughness": "1", "type": "Creature — Elf Druid", "types": ["Creature"], "uuid": "7630fc16-ac0b-5205-b4d0-500498655858", "watermark": "mtg"}, {"artist": "Martina Pilcerova", "borderColor": "black", "colorIdentity": [], "colors": [], "convertedManaCost": 2.0, "edhrecRank": 24, "flavorText": "\"Except our own thoughts, there is nothing absolutely in our power.\" —Rene Descartes, Discourse on Method", "foreignData": [], "frameVersion": "2003", "hasFoil": true, "hasNonFoil": false, "isPaper": true, "isPromo": true, "isReprint": true, "isStarter": true, "layout": "normal", "legalities": {"commander": "Legal", "duel": "Legal", "legacy": "Legal", "modern": "Legal", "pauper": "Legal", "vintage": "Legal"}, "manaCost": "{2}", "mtgstocksId": 26959, "name": "Mind Stone", "number": "11", "prices": {"paper": {}, "paperFoil": {"2019-06-02": 8.46, "2019-06-09": 8.48, "2019-06-16": 8.47, "2019-06-23": 8.33, "2019-06-30": 8.47, "2019-07-07": 8.5, "2019-07-14": 8.5, "2019-07-21": 8.46, "2019-07-28": 8.44, "2019-08-04": 8.47, "2019-08-11": 8.59, "2019-08-18": 8.75, "2019-08-25": 8.59}}, "printings": ["10E", "C14", "C15", "C18", "CM2", "DD2", "DDP", "IMA", "JVC", "PG07", "PRM", "WC97", "WTH"], "rarity": "rare", "rulings": [], "scryfallId": "679d884f-4511-4267-89b9-9d350255ef32", "scryfallIllustrationId": "506083b8-e8de-477b-8ac9-84db23c8330a", "scryfallOracleId": "c97361b5-af16-4a7b-af85-a429dbaf4ad2", "subtypes": [], "supertypes": [], "tcgplayerProductId": 38202, "text": "{T}: Add {C}.\n{1}, {T}, Sacrifice Mind Stone: Draw a card.", "type": "Artifact", "types": ["Artifact"], "uuid": "7b8858f0-9450-54c6-baf6-1d2272a7fb4a", "watermark": "dci"}, {"artist": "Nils Hamm", "borderColor": "black", "colorIdentity": ["R"], "colors": ["R"], "convertedManaCost": 1.0, "edhrecRank": 6734, "flavorText": "\"As if his chest had been a mortar, he burst his hot heart's shell upon it.\" —Herman Melville, Moby Dick", "foreignData": [], "frameVersion": "2003", "hasFoil": true, "hasNonFoil": false, "isPaper": true, "isPromo": true, "isReprint": true, "isStarter": true, "layout": "normal", "legalities": {"commander": "Legal", "duel": "Legal", "legacy": "Legal", "modern": "Legal", "pauper": "Legal", "vintage": "Legal"}, "manaCost": "{R}", "mtgstocksId": 26960, "name": "Mogg Fanatic", "number": "10", "power": "1", "prices": {"paper": {}, "paperFoil": {"2019-06-02": 1.79, "2019-06-09": 1.79, "2019-06-16": 1.79, "2019-06-23": 1.79, "2019-06-30": 1.79, "2019-07-07": 1.75, "2019-07-14": 1.76, "2019-07-21": 1.79, "2019-07-28": 1.77, "2019-08-04": 1.72, "2019-08-11": 1.7, "2019-08-18": 1.69, "2019-08-25": 1.72}}, "printings": ["10E", "ATH", "DD1", "EMA", "EVG", "F02", "PD2", "PG07", "PRM", "TMP", "TPR", "WC98", "WC99"], "rarity": "rare", "rulings": [{"date": "2016-06-08", "text": "Once Mogg Fanatic has dealt and been dealt combat damage, it’s too late to activate its ability before it’s destroyed."}], "scryfallId": "e4d0f23d-1ae5-4ba6-8c05-e98ca250f365", "scryfallIllustrationId": "f5ff7515-f001-4cad-9626-e10aa7f6a8c6", "scryfallOracleId": "7efd5d62-6da2-428a-98e3-5b842f668656", "subtypes": ["Goblin"], "supertypes": [], "tcgplayerProductId": 38203, "text": "Sacrifice Mogg Fanatic: It deals 1 damage to any target.", "toughness": "1", "type": "Creature — Goblin", "types": ["Creature"], "uuid": "9e30bdb9-1367-5824-ab22-8db0093fb28a", "watermark": "dci"}, {"artist": "Greg Staples", "borderColor": "black", "colorIdentity": ["R"], "colors": ["R"], "convertedManaCost": 5.0, "edhrecRank": 7758, "flavorText": "Bred for battle in the Grand Coliseum, these wurms annihilated whole ecosystems when released into the wild.", "foreignData": [], "frameVersion": "2003", "hasFoil": true, "hasNonFoil": false, "isPaper": true, "isPromo": true, "isReprint": true, "isStarter": true, "layout": "normal", "legalities": {"commander": "Legal", "duel": "Legal", "legacy": "Legal", "modern": "Legal", "pauper": "Legal", "penny": "Legal", "vintage": "Legal"}, "manaCost": "{3}{R}{R}", "mtgstocksId": 26964, "name": "Reckless Wurm", "number": "6", "power": "4", "prices": {"paper": {}, "paperFoil": {"2019-06-02": 0.85, "2019-06-09": 0.88, "2019-06-16": 0.88, "2019-06-23": 0.86, "2019-06-30": 0.85, "2019-07-07": 0.85, "2019-07-14": 0.85, "2019-07-21": 0.85, "2019-07-28": 0.85, "2019-08-04": 0.85, "2019-08-11": 0.87, "2019-08-18": 0.86, "2019-08-25": 0.85}}, "printings": ["PG07", "PLC", "PRM", "UMA"], "rarity": "rare", "rulings": [{"date": "2007-02-01", "text": "This is the timeshifted version of Arrogant Wurm."}], "scryfallId": "ce03bef4-c438-498e-a02f-86f199ae73e9", "scryfallIllustrationId": "b96f7890-8c1e-46ff-8f7a-dd3c12601724", "scryfallOracleId": "c9159396-81d3-4f81-88b4-dda163ff4b74", "subtypes": ["Wurm"], "supertypes": [], "tcgplayerProductId": 38206, "text": "Trample\nMadness {2}{R} (If you discard this card, discard it into exile. When you do, cast it for its madness cost or put it into your graveyard.)", "toughness": "4", "type": "Creature — Wurm", "types": ["Creature"], "uuid": "e72c9303-4d6b-5424-9642-2ce74fd6ee91", "watermark": "dci"}, {"artist": "Alex Horley-Orlandelli", "borderColor": "black", "colorIdentity": ["B"], "colors": ["B"], "convertedManaCost": 2.0, "edhrecRank": 11789, "flavorText": "He holds the keys to a tombful of incarcerated secrets.", "foreignData": [], "frameVersion": "2003", "hasFoil": true, "hasNonFoil": false, "isPaper": true, "isPromo": true, "isReprint": true, "isStarter": true, "layout": "normal", "legalities": {"commander": "Legal", "duel": "Legal", "legacy": "Legal", "modern": "Legal", "vintage": "Legal"}, "manaCost": "{1}{B}", "mtgstocksId": 26974, "name": "Yixlid Jailer", "number": "7", "power": "2", "prices": {"paper": {}, "paperFoil": {"2019-06-02": 1.61, "2019-06-09": 1.62, "2019-06-16": 6.15, "2019-06-23": 21.25, "2019-06-30": 19.75, "2019-07-07": 19.75, "2019-07-14": 17.04, "2019-07-21": 16.97, "2019-07-28": 16.97, "2019-08-04": 15.14, "2019-08-11": 15.29, "2019-08-18": 13.47, "2019-08-25": 12.96}}, "printings": ["FUT", "PG07", "PRM"], "rarity": "rare", "rulings": [{"date": "2007-05-01", "text": "This removes all abilities on all cards in all graveyards — both the ones that matter in a graveyard (dredge, Chronosavant’s ability, etc.) and those that don’t."}, {"date": "2007-05-01", "text": "If an ability triggers when the object that has it is put into a graveyard from the battlefield, that ability triggers from the battlefield (such as Deadwood Treefolk or Epochrasite, for example), they won’t be affected by Yixlid Jailer."}, {"date": "2007-05-01", "text": "If an ability triggers when the object that has it is put into a graveyard from anywhere other than the battlefield, that ability triggers from the graveyard, (such as Krosan Tusker, Narcomoeba, or Quagnoth, for example). Yixlid Jailer will prevent those abilities from triggering at all."}, {"date": "2007-05-01", "text": "If an ability triggers when the object that has it is put into a hidden zone from a graveyard, that ability triggers from the graveyard, (such as Golgari Brownscale), Yixlid Jailer will prevent that ability from triggering."}, {"date": "2007-05-01", "text": "Some replacement effects cause a card to be put somewhere else instead of being put into a graveyard (such as Legacy Weapon). These effects mean the card is never actually put into the graveyard, so Yixlid Jailer can’t affect it."}, {"date": "2007-05-01", "text": "Some cards have abilities that modify how they’re put onto the battlefield. For example, Scarwood Treefolk says “Scarwood Treefolk is put onto the battlefield tapped” and Triskelion says “Triskelion enters the battlefield with three +1/+1 counters on it.” Although these cards won’t have these abilities in the graveyard, they will be applied if the cards are put onto the battlefield from the graveyard (due to Zombify, perhaps). What matters is that these cards will have these abilities on the battlefield."}, {"date": "2007-05-01", "text": "If Mistform Ultimus is in the graveyard, the Ultimus will lose its ability that says “Mistform Ultimus is every creature type,” but it will still *be* all creature types. The way continuous effects work, Mistform Ultimus’s type-changing ability is applied before Yixlid Jailer’s ability removes it."}], "scryfallId": "b17c6589-69ec-46a1-be2d-0fb7c07a7f68", "scryfallIllustrationId": "5644f979-6bef-4792-beef-60f44991147f", "scryfallOracleId": "1f55303e-1369-4e42-9ed4-36609887c7c1", "subtypes": ["Zombie", "Wizard"], "supertypes": [], "tcgplayerProductId": 38213, "text": "Cards in graveyards lose all abilities.", "toughness": "1", "type": "Creature — Zombie Wizard", "types": ["Creature"], "uuid": "52e2aaa1-a678-5e8a-a7df-b5e8f5a9727e", "watermark": "dci"}, {"artist": "Martina Pilcerova", "borderColor": "black", "colorIdentity": [], "colors": [], "convertedManaCost": 0.0, "edhrecRank": 2908, "flavorText": "Nothing lives within it, yet there is life.", "foreignData": [], "frameVersion": "2003", "hasFoil": true, "hasNonFoil": false, "isPaper": true, "isPromo": true, "isReprint": true, "isStarter": true, "layout": "normal", "legalities": {"commander": "Legal", "duel": "Legal", "legacy": "Legal", "modern": "Legal", "penny": "Legal", "vintage": "Legal"}, "mtgstocksId": 26975, "name": "Zoetic Cavern", "number": "8", "prices": {"paper": {}, "paperFoil": {"2019-06-02": 1.03, "2019-06-09": 1.04, "2019-06-16": 1.02, "2019-06-23": 1.01, "2019-06-30": 1.0, "2019-07-07": 1.0, "2019-07-14": 1.0, "2019-07-21": 1.0, "2019-07-28": 1.0, "2019-08-04": 1.0, "2019-08-11": 1.0, "2019-08-18": 1.0, "2019-08-25": 1.01}}, "printings": ["A25", "C14", "C15", "CMA", "CMD", "FUT", "PG07", "PRM"], "rarity": "rare", "rulings": [{"date": "2018-03-16", "text": "When Zoetic Cavern is turned face up, any Auras on it that can’t legally enchant it will be put into their owners’ graveyards. Any Equipment will become unattached and remain on the battlefield. Any counters on it will remain on it."}, {"date": "2018-03-16", "text": "If Blood Moon is on the battlefield and a player controls a face-down Zoetic Cavern, it can’t be turned face up since it won’t have a morph cost."}], "scryfallId": "70d94a4d-e14a-46ee-978f-7d6164ea990f", "scryfallIllustrationId": "8f6d5845-1935-4093-abf8-7850396877ad", "scryfallOracleId": "3763de30-28e1-4689-a71c-07d2fea3a466", "subtypes": [], "supertypes": [], "tcgplayerProductId": 38214, "text": "{T}: Add {C}.\nMorph {2} (You may cast this card face down as a 2/2 creature for {3}. Turn it face up any time for its morph cost.)", "type": "Land", "types": ["Land"], "uuid": "317017c5-23e4-5071-9fdb-cdd07448f545", "watermark": "dci"}], "code": "PG07", "isFoilOnly": false, "isOnlineOnly": false, "keyruneCode": "DCI", "meta": {"date": "2019-09-01", "pricesDate": "2019-09-01", "version": "4.5.0-rebuild.4"}, "name": "Gateway 2007", "releaseDate": "2007-01-01", "tokens": [], "totalSetSize": 9, "translations": {}, "type": "promo"}