{"baseSetSize": 0, "cards": [{"artist": "Donato Giancola", "borderColor": "black", "colorIdentity": [], "colors": [], "convertedManaCost": 0.0, "foreignData": [], "frameVersion": "2003", "hasFoil": false, "hasNonFoil": true, "isOversized": true, "isPaper": true, "isPromo": true, "isReprint": true, "isStarter": true, "layout": "planar", "legalities": {}, "mtgstocksId": 34278, "name": "Celestine Reef", "number": "42", "prices": {"paper": {"2019-06-02": 1.01, "2019-06-09": 1.01, "2019-06-16": 1.01, "2019-06-23": 1.01, "2019-06-30": 1.03, "2019-07-07": 1.02, "2019-07-14": 1.01, "2019-07-21": 1.0, "2019-07-28": 1.0, "2019-08-04": 0.99, "2019-08-11": 0.99, "2019-08-18": 0.99, "2019-08-25": 0.99}, "paperFoil": {}}, "printings": ["OPCA", "PHOP", "PRM"], "rarity": "rare", "rulings": [], "scryfallId": "fffcbc4e-c6dc-4808-b262-f7c453e74dd8", "scryfallIllustrationId": "dc9573c0-a33c-466b-9208-54b8d66b32fb", "scryfallOracleId": "2979597d-c3cc-4585-a9b7-7fa15641b030", "subtypes": ["Luvion"], "supertypes": [], "tcgplayerProductId": 37957, "text": "Creatures without flying or islandwalk can't attack.\nWhenever you roll {CHAOS}, until a player planeswalks, you can't lose the game and your opponents can't win the game.", "type": "Plane — Luvion", "types": ["Plane"], "uuid": "9e0d5b30-c762-5c1c-8b1a-80bcddb04756"}, {"artist": "Jean-Sébastien Rossbach", "borderColor": "black", "colorIdentity": [], "colors": [], "convertedManaCost": 0.0, "foreignData": [], "frameVersion": "2003", "hasFoil": false, "hasNonFoil": true, "isOversized": true, "isPaper": true, "isPromo": true, "isReprint": true, "isStarter": true, "layout": "planar", "legalities": {}, "mtgstocksId": 34397, "name": "Horizon Boughs", "number": "43", "prices": {"paper": {"2019-06-02": 1.59, "2019-06-09": 1.58, "2019-06-16": 1.54, "2019-06-23": 1.58, "2019-06-30": 1.66, "2019-07-07": 1.62, "2019-07-14": 1.62, "2019-07-21": 1.52, "2019-07-28": 1.52, "2019-08-04": 1.52, "2019-08-11": 1.56, "2019-08-18": 1.56, "2019-08-25": 1.62}, "paperFoil": {}}, "printings": ["OPCA", "PHOP", "PRM"], "rarity": "rare", "rulings": [], "scryfallId": "a2e697bc-68e0-49c1-be40-1d52831deb8c", "scryfallIllustrationId": "86bcaf0a-6a48-40e6-aad2-1b178bf4d9b6", "scryfallOracleId": "065346cd-cd81-478e-8a62-2c7ea421bdcd", "subtypes": ["Pyrulea"], "supertypes": [], "tcgplayerProductId": 37958, "text": "All permanents untap during each player's untap step.\nWhenever you roll {CHAOS}, you may search your library for up to three basic land cards, put them onto the battlefield tapped, then shuffle your library.", "type": "Plane — Pyrulea", "types": ["Plane"], "uuid": "3bb9cc45-5a78-58ff-a94f-bff8e67d28bf"}, {"artist": "Chippy", "borderColor": "black", "colorIdentity": [], "colors": [], "convertedManaCost": 0.0, "foreignData": [], "frameVersion": "2003", "hasFoil": false, "hasNonFoil": true, "isOversized": true, "isPaper": true, "isPromo": true, "isReprint": true, "isStarter": true, "layout": "planar", "legalities": {}, "mtgstocksId": 34466, "name": "Mirrored Depths", "number": "44", "prices": {"paper": {"2019-06-02": 1.27, "2019-06-09": 1.27, "2019-06-16": 1.28, "2019-06-23": 1.28, "2019-06-30": 1.22, "2019-07-07": 1.28, "2019-07-14": 1.23, "2019-07-21": 1.24, "2019-07-28": 1.23, "2019-08-04": 1.22, "2019-08-11": 1.23, "2019-08-18": 1.21, "2019-08-25": 1.22}, "paperFoil": {}}, "printings": ["OPCA", "PHOP", "PRM"], "rarity": "rare", "rulings": [], "scryfallId": "50a879a4-622f-4589-a10a-ad2db8219486", "scryfallIllustrationId": "e0bb2f71-9fb7-4a07-a32e-cb8f46603017", "scryfallOracleId": "b6329c2f-ea7f-4611-986c-f82bacf2a872", "subtypes": ["Karsus"], "supertypes": [], "tcgplayerProductId": 37959, "text": "Whenever a player casts a spell, that player flips a coin. If the player loses the flip, counter that spell.\nWhenever you roll {CHAOS}, target player reveals the top card of their library. If it's a nonland card, you may cast it without paying its mana cost.", "type": "Plane — Karsus", "types": ["Plane"], "uuid": "565933c6-3e91-5dac-bb70-8b595d34b0bb"}, {"artist": "Steven Belledin", "borderColor": "black", "colorIdentity": [], "colors": [], "convertedManaCost": 0.0, "foreignData": [], "frameVersion": "2003", "hasFoil": false, "hasNonFoil": true, "isMtgo": true, "isOversized": true, "isPaper": true, "isPromo": true, "isReprint": true, "isStarter": true, "layout": "planar", "legalities": {}, "mtgstocksId": 34574, "multiverseId": 226521, "name": "Stairs to Infinity", "number": "P1", "originalText": "Players have no maximum hand size.\nWhenever you roll the planar die, draw a card.\nWhenever you roll chaos, reveal the top card of your planar deck. You may put it on the bottom of your planar deck.", "originalType": "Plane — Xerex", "prices": {"paper": {"2019-06-02": 4.23, "2019-06-09": 4.46, "2019-06-16": 4.46, "2019-06-23": 4.46, "2019-06-30": 4.69, "2019-07-07": 4.69, "2019-07-14": 4.48, "2019-07-21": 4.49, "2019-07-28": 3.88, "2019-08-04": 3.88, "2019-08-11": 3.95, "2019-08-18": 3.89, "2019-08-25": 3.88}, "paperFoil": {}}, "printings": ["OPCA", "PHOP", "PRM"], "rarity": "rare", "rulings": [], "scryfallId": "57f25ead-b3ec-4c40-972d-d750ed2f5319", "scryfallIllustrationId": "85527664-3aa4-4e96-9ba1-b8e233f7442a", "scryfallOracleId": "7a425df4-7010-462e-9cb5-20389bac721c", "subtypes": ["Xerex"], "supertypes": [], "tcgplayerProductId": 91387, "text": "Players have no maximum hand size.\nWhenever you roll the planar die, draw a card.\nWhenever you roll {CHAOS}, reveal the top card of your planar deck. You may put it on the bottom of your planar deck.", "type": "Plane — Xerex", "types": ["Plane"], "uuid": "508ba6fe-43ab-5262-bff6-b2a970f7429d"}, {"artist": "Vincent Proce", "borderColor": "black", "colorIdentity": [], "colors": [], "convertedManaCost": 0.0, "foreignData": [{"language": "German", "multiverseId": 211803, "name": "Tazeem", "text": "Kreaturen können nicht blocken.\nImmer wenn du chaos würfelst, ziehe eine Karte für jedes Land, das du kontrollierst.", "type": "Welt — Zendikar"}, {"language": "Spanish", "multiverseId": 211938, "name": "Tazeem", "text": "Las criaturas no pueden bloquear.\nSiempre que lances caos, roba una carta por cada tierra que controles.", "type": "Plano — Zendikar"}, {"language": "French", "multiverseId": 211893, "name": "Tazeem", "text": "Les créatures ne peuvent pas bloquer.\nÀ chaque fois que vous obtenez chaos, piochez une carte pour chaque terrain que vous contrôlez.", "type": "Plan : Zendikar"}, {"language": "Italian", "multiverseId": 211848, "name": "Tazeem", "text": "Le creature non possono bloccare.\nOgniqualvolta tiri caos, pesca una carta per ogni terra che controlli.", "type": "Piano — Zendikar"}, {"language": "Japanese", "multiverseId": 211983, "name": "タジーム", "text": "クリーチャーではブロックできない。\nあなたがchaosを出すたび、あながコントロールする土地１つにつきカードを１枚引く。", "type": "次元 — ゼンディカー"}], "frameVersion": "2003", "hasFoil": false, "hasNonFoil": true, "isOversized": true, "isPaper": true, "isPromo": true, "isReprint": true, "isStarter": true, "layout": "planar", "legalities": {}, "mtgstocksId": 34590, "multiverseId": 198069, "name": "Tazeem", "number": "41", "originalText": "Creatures can't block.\nWhenever you roll chaos, draw a card for each land you control.", "originalType": "Plane - Zendikar", "prices": {"paper": {"2019-06-02": 16.18, "2019-06-09": 16.17, "2019-06-16": 16.17, "2019-06-23": 16.17, "2019-06-30": 16.17, "2019-07-07": 16.18, "2019-07-14": 16.18, "2019-07-21": 16.18, "2019-07-28": 16.17, "2019-08-04": 15.92, "2019-08-11": 16.18, "2019-08-18": 15.92, "2019-08-25": 15.67}, "paperFoil": {}}, "printings": ["OPCA", "PHOP", "PRM"], "rarity": "rare", "rulings": [{"date": "2009-10-01", "text": "A plane card is treated as if its text box included “When you roll {PW}, put this card on the bottom of its owner’s planar deck face down, then move the top card of your planar deck off that planar deck and turn it face up.” This is called the “planeswalking ability.”"}, {"date": "2009-10-01", "text": "A face-up plane card that’s turned face down becomes a new object with no relation to its previous existence. In particular, it loses all counters it may have had."}, {"date": "2009-10-01", "text": "The controller of a face-up plane card is the player designated as the “planar controller.” Normally, the planar controller is whoever the active player is. However, if the current planar controller would leave the game, instead the next player in turn order that wouldn’t leave the game becomes the planar controller, then the old planar controller leaves the game. The new planar controller retains that designation until they leave the game or a different player becomes the active player, whichever comes first."}, {"date": "2009-10-01", "text": "If an ability of a plane refers to “you,” it’s referring to whoever the plane’s controller is at the time, not to the player that started the game with that plane card in their deck. Many abilities of plane cards affect all players, while many others affect only the planar controller, so read each ability carefully."}], "scryfallId": "76e5383d-ac12-4abc-aa30-15e99ded2d6f", "scryfallIllustrationId": "b1188b1e-7a18-47b7-a9b3-1d91445369a9", "scryfallOracleId": "97f708de-9271-4137-a9fe-dda25b922900", "subtypes": ["Zendikar"], "supertypes": [], "tcgplayerProductId": 37302, "text": "Creatures can't block.\nWhenever you roll {CHAOS}, draw a card for each land you control.", "type": "Plane — Zendikar", "types": ["Plane"], "uuid": "df49f030-211d-5acd-aff3-0c2681a7d78c"}, {"artist": "Ben Thompson", "borderColor": "black", "colorIdentity": [], "colors": [], "convertedManaCost": 0.0, "foreignData": [], "frameVersion": "2003", "hasFoil": false, "hasNonFoil": true, "isOversized": true, "isPaper": true, "isPromo": true, "isReprint": true, "isStarter": true, "layout": "planar", "legalities": {}, "mtgstocksId": 34593, "name": "Tember City", "number": "45", "prices": {"paper": {"2019-06-02": 2.61, "2019-06-09": 2.6, "2019-06-16": 2.55, "2019-06-23": 2.6, "2019-06-30": 2.67, "2019-07-07": 2.71, "2019-07-14": 2.6, "2019-07-21": 2.61, "2019-07-28": 2.61, "2019-08-04": 2.55, "2019-08-11": 2.61, "2019-08-18": 2.61, "2019-08-25": 2.61}, "paperFoil": {}}, "printings": ["OPCA", "PHOP", "PRM"], "rarity": "rare", "rulings": [], "scryfallId": "b50fd15a-544f-4561-9313-139239ec75a0", "scryfallIllustrationId": "e69bc9b3-7d47-4619-a4f8-ac985aaa4d7e", "scryfallOracleId": "bbb1d13c-a3ce-4151-883a-cce9bbd584d0", "subtypes": ["Kinshala"], "supertypes": [], "tcgplayerProductId": 37960, "text": "Whenever a player taps a land for mana, Tember City deals 1 damage to that player.\nWhenever you roll {CHAOS}, each other player sacrifices a nonland permanent.", "type": "Plane — Kinshala", "types": ["Plane"], "uuid": "78ebcedc-6837-513b-929b-0a7568230ad3"}], "code": "PHOP", "isFoilOnly": false, "isOnlineOnly": false, "keyruneCode": "DCI", "meta": {"date": "2019-09-01", "pricesDate": "2019-09-01", "version": "4.5.0-rebuild.4"}, "name": "Promotional Planes", "releaseDate": "2009-09-04", "tokens": [], "totalSetSize": 6, "translations": {}, "type": "promo"}