{"baseSetSize": 0, "cards": [{"artist": "Christopher Moeller", "borderColor": "black", "colorIdentity": ["W"], "colors": ["W"], "convertedManaCost": 3.0, "edhrecRank": 3091, "flavorText": "Fayden didn't know if the giant had created the spehere's magic—only that he had to escape it to find Sifa.", "foreignData": [], "frameVersion": "2003", "hasFoil": false, "hasNonFoil": true, "isPaper": true, "isPromo": true, "isReprint": true, "isStarter": true, "layout": "normal", "legalities": {"commander": "Legal", "duel": "Legal", "legacy": "Legal", "modern": "Legal", "pauper": "Legal", "penny": "Legal", "vintage": "Legal"}, "manaCost": "{2}{W}", "mtgstocksId": 21668, "name": "Arrest", "number": "5", "prices": {"paper": {"2019-06-02": 1.48, "2019-06-09": 1.49, "2019-06-16": 1.49, "2019-06-23": 1.5, "2019-06-30": 1.49, "2019-07-07": 1.49, "2019-07-14": 1.49, "2019-07-21": 1.49, "2019-07-28": 1.49, "2019-08-04": 1.49, "2019-08-11": 1.49, "2019-08-18": 1.49, "2019-08-25": 1.49}, "paperFoil": {}}, "printings": ["MM2", "MMQ", "MRD", "PIDW", "RTR", "SOM", "TD2"], "rarity": "rare", "rulings": [{"date": "2016-06-08", "text": "Activated abilities contain a colon. They’re generally written “[Cost]: [Effect].” Some keywords are activated abilities and will have colons in their reminder text."}], "scryfallId": "8b5b9233-d183-41d1-a0a8-fdcf240f9d73", "scryfallIllustrationId": "150849c5-cd11-4e4b-9ca1-477be945d6af", "scryfallOracleId": "81728b98-8cf9-4734-a318-69184bb4d15c", "subtypes": ["Aura"], "supertypes": [], "tcgplayerProductId": 71417, "text": "Enchant creature\nEnchanted creature can't attack or block, and its activated abilities can't be activated.", "type": "Enchantment — Aura", "types": ["Enchantment"], "uuid": "26324009-6432-513e-833d-85a1a5134880"}, {"artist": "Alex Horley-Orlandelli", "borderColor": "black", "colorIdentity": ["B", "R"], "colors": ["B", "R"], "convertedManaCost": 5.0, "edhrecRank": 8733, "flavorText": "The draconic demon loomed over Dack, and he suddenly sensed he wasn't the only Planeswalker that Malfegor had encountered.", "foreignData": [], "frameVersion": "2003", "hasFoil": false, "hasNonFoil": true, "isPaper": true, "isPromo": true, "isReprint": true, "isStarter": true, "layout": "normal", "legalities": {"commander": "Legal", "duel": "Legal", "legacy": "Legal", "modern": "Legal", "pauper": "Legal", "penny": "Legal", "vintage": "Legal"}, "manaCost": "{3}{B}{R}", "mtgstocksId": 21671, "name": "Breath of Malfegor", "number": "8", "prices": {"paper": {"2019-06-02": 1.47, "2019-06-09": 1.47, "2019-06-16": 1.47, "2019-06-23": 1.44, "2019-06-30": 1.44, "2019-07-07": 1.44, "2019-07-14": 1.42, "2019-07-21": 1.43, "2019-07-28": 1.42, "2019-08-04": 1.25, "2019-08-11": 1.2, "2019-08-18": 1.41, "2019-08-25": 1.41}, "paperFoil": {}}, "printings": ["ARB", "PIDW"], "rarity": "rare", "rulings": [], "scryfallId": "5b3eb5c5-7ff8-4557-afe7-056ea5f09a49", "scryfallIllustrationId": "c07eaf3a-dc63-4586-87ec-00fb37baae6b", "scryfallOracleId": "81e6ade9-a38f-4655-b09c-9ca41a11face", "subtypes": [], "supertypes": [], "tcgplayerProductId": 71420, "text": "Breath of Malfegor deals 5 damage to each opponent.", "type": "Instant", "types": ["Instant"], "uuid": "eded4c20-7b58-5ce8-a368-b04e70a41c7e"}, {"artist": "Dan Scott", "borderColor": "black", "colorIdentity": ["B"], "colors": ["B"], "convertedManaCost": 2.0, "edhrecRank": 4405, "flavorText": "\"Youth is wasted on the young. So I help myself to some of it from time to time.\" —Sifa Grent", "foreignData": [], "frameVersion": "2003", "hasFoil": false, "hasNonFoil": true, "isPaper": true, "isPromo": true, "isReprint": true, "isStarter": true, "layout": "normal", "legalities": {"commander": "Legal", "duel": "Legal", "legacy": "Legal", "modern": "Legal", "pauper": "Legal", "penny": "Legal", "vintage": "Legal"}, "manaCost": "{X}{1}{B}", "mtgstocksId": 21672, "name": "Consume Spirit", "number": "6", "prices": {"paper": {"2019-06-02": 5.54, "2019-06-09": 5.66, "2019-06-16": 5.63, "2019-06-23": 5.35, "2019-06-30": 5.35, "2019-07-07": 5.53, "2019-07-14": 5.62, "2019-07-21": 5.6, "2019-07-28": 5.65, "2019-08-04": 5.57, "2019-08-11": 5.69, "2019-08-18": 5.65, "2019-08-25": 5.61}, "paperFoil": {}}, "printings": ["10E", "9ED", "DDC", "DPA", "DVD", "HOP", "M10", "M12", "MRD", "PIDW", "PS11"], "rarity": "rare", "rulings": [{"date": "2009-10-01", "text": "The amount of life you gain is equal to the number chosen for X, not the amount of damage Consume Spirit deals (in case some of it is prevented)."}, {"date": "2009-10-01", "text": "If the targeted permanent or player is an illegal target by the time Consume Spirit would resolve, the entire spell doesn’t resolve. You won’t gain any life."}], "scryfallId": "f267137c-57f5-43b1-9a4b-98f2b84106b9", "scryfallIllustrationId": "7f9bf072-0b12-48b2-90ef-51109813e40c", "scryfallOracleId": "861fa80d-99e0-4332-a2b8-5aa959fd41a4", "subtypes": [], "supertypes": [], "tcgplayerProductId": 71421, "text": "Spend only black mana on X.\nConsume Spirit deals X damage to any target and you gain X life.", "type": "Sorcery", "types": ["Sorcery"], "uuid": "19863668-e003-57aa-82bb-95342202311a"}, {"artist": "Karl Kopinski", "borderColor": "black", "colorIdentity": ["R", "U"], "colors": ["R", "U"], "convertedManaCost": 3.0, "edhrecRank": 3758, "foreignData": [], "frameVersion": "2003", "hasFoil": false, "hasNonFoil": true, "isPaper": true, "isPromo": true, "isReprint": true, "isStarter": true, "layout": "normal", "legalities": {"commander": "Legal", "duel": "Legal", "legacy": "Legal", "modern": "Legal", "penny": "Legal", "vintage": "Legal"}, "manaCost": "{1}{U}{R}", "mtgstocksId": 24601, "name": "Electrolyze", "number": "3", "prices": {"paper": {"2019-06-02": 4.71, "2019-06-09": 4.72, "2019-06-16": 4.55, "2019-06-23": 4.61, "2019-06-30": 4.57, "2019-07-07": 4.6, "2019-07-14": 4.55, "2019-07-21": 4.55, "2019-07-28": 4.5, "2019-08-04": 4.49, "2019-08-11": 4.27, "2019-08-18": 4.25, "2019-08-25": 4.25}, "paperFoil": {}}, "printings": ["CMD", "GK1", "GPT", "IMA", "MM2", "MMA", "PCMP", "PIDW", "PRM", "PZ1"], "rarity": "rare", "rulings": [{"date": "2017-11-17", "text": "You divide the damage as you cast Electrolyze, not as it resolves. Each target must be assigned at least 1 damage. In other words, as you cast Electrolyze, you choose whether to have it deal 2 damage to a single target, or deal 1 damage to each of two targets."}, {"date": "2017-11-17", "text": "If Electrolyze targets two creatures and one becomes an illegal target, the remaining target is dealt 1 damage, not 2. You’ll still draw a card."}, {"date": "2017-11-17", "text": "If all chosen targets are illegal as Electrolyze tries to resolve, it won’t resolve and none of its effects will happen. No damage will be dealt and you won’t draw a card."}], "scryfallId": "69311f43-a025-4760-a81b-e5d91c1775d9", "scryfallIllustrationId": "a7d009aa-6a41-4c3a-82f4-cf07f0fed1b1", "scryfallOracleId": "07b222d7-24f2-4994-9004-ff6672ebe161", "subtypes": [], "supertypes": [], "tcgplayerProductId": 82192, "text": "Electrolyze deals 2 damage divided as you choose among one or two targets.\nDraw a card.", "type": "Instant", "types": ["Instant"], "uuid": "218038cb-5aed-589b-bff7-342b88c0c8b9"}, {"artist": "Karl Kopinski", "borderColor": "black", "colorIdentity": ["R"], "colors": ["R"], "convertedManaCost": 1.0, "edhrecRank": 168, "foreignData": [], "frameVersion": "2003", "hasFoil": false, "hasNonFoil": true, "isPaper": true, "isPromo": true, "isReprint": true, "isStarter": true, "layout": "normal", "legalities": {"commander": "Legal", "duel": "Legal", "legacy": "Legal", "modern": "Banned", "pauper": "Legal", "vintage": "Legal"}, "manaCost": "{R}", "mtgstocksId": 24602, "name": "Faithless Looting", "number": "2", "prices": {"paper": {"2019-06-02": 23.99, "2019-06-09": 23.99, "2019-06-16": 24.5, "2019-06-23": 24.11, "2019-06-30": 23.87, "2019-07-07": 23.99, "2019-07-14": 23.99, "2019-07-21": 23.74, "2019-07-28": 23.37, "2019-08-04": 23.37, "2019-08-11": 22.28, "2019-08-18": 22.9, "2019-08-25": 20.99}, "paperFoil": {}}, "printings": ["C14", "C15", "C19", "CM2", "DDK", "DKA", "EMA", "PIDW", "PZ1", "UMA"], "rarity": "rare", "rulings": [{"date": "2016-06-08", "text": "You draw two cards and discard two cards all while Faithless Looting is resolving. Nothing can happen between the two, and no player may choose to take actions."}], "scryfallId": "03e0147e-841c-4593-83ce-001bf03885f2", "scryfallIllustrationId": "acbb66cb-1b01-4520-9596-0d406384caab", "scryfallOracleId": "3d6fa57a-aa53-4b5c-b8af-a7612c823117", "subtypes": [], "supertypes": [], "tcgplayerProductId": 82193, "text": "Draw two cards, then discard two cards.\nFlashback {2}{R} (You may cast this card from your graveyard for its flashback cost. Then exile it.)", "type": "Sorcery", "types": ["Sorcery"], "uuid": "28d90635-7c8a-59cb-9ef1-92c51fb7e2c5"}, {"artist": "Christopher Moeller", "borderColor": "black", "colorIdentity": ["B"], "colors": ["B"], "convertedManaCost": 2.0, "edhrecRank": 5453, "flavorText": "Imbued in the Ancient Fang were spells far darker than any Dack Fayden would cast.", "foreignData": [], "frameVersion": "2003", "hasFoil": false, "hasNonFoil": true, "isPaper": true, "isPromo": true, "isReprint": true, "isStarter": true, "layout": "normal", "legalities": {"commander": "Legal", "duel": "Legal", "legacy": "Legal", "modern": "Legal", "penny": "Legal", "vintage": "Legal"}, "manaCost": "{1}{B}", "mtgstocksId": 24603, "name": "Feast of Blood", "number": "4", "prices": {"paper": {"2019-06-02": 2.0, "2019-06-09": 1.99, "2019-06-16": 1.99, "2019-06-23": 2.0, "2019-06-30": 2.0, "2019-07-07": 2.0, "2019-07-14": 2.0, "2019-07-21": 2.0, "2019-07-28": 2.0, "2019-08-04": 2.0, "2019-08-11": 2.01, "2019-08-18": 2.03, "2019-08-25": 2.0}, "paperFoil": {}}, "printings": ["PIDW", "ZEN"], "rarity": "rare", "rulings": [{"date": "2009-10-01", "text": "Whether you control two or more Vampires is checked only as you try to move Feast of Blood to the stack as the first step of casting it. It doesn’t matter whether you still control two or more Vampires as you finish casting Feast of Blood (in case you somehow sacrifice one to produce mana) or as Feast of Blood resolves."}, {"date": "2009-10-01", "text": "If the targeted creature is an illegal target by the time Feast of Blood resolves, the entire spell doesn’t resolve. You don’t gain life."}], "scryfallId": "658bf8b7-fbc4-4046-9300-249cdeb87924", "scryfallIllustrationId": "6e462bea-0e34-461d-b983-83ce84f4fd1d", "scryfallOracleId": "fed05740-01b2-4c7a-8b97-55e64837c07f", "subtypes": [], "supertypes": [], "tcgplayerProductId": 82194, "text": "Cast this spell only if you control two or more Vampires.\nDestroy target creature. You gain 4 life.", "type": "Sorcery", "types": ["Sorcery"], "uuid": "dd3669ad-4242-57ec-bfc7-efaf4d95575c"}, {"artist": "Matt Stewart", "borderColor": "black", "colorIdentity": ["U"], "colors": ["U"], "convertedManaCost": 2.0, "edhrecRank": 4614, "flavorText": "\"You learn a lot in no time when you're about to get your neck snapped.\" —Dack Fayden", "foreignData": [], "frameVersion": "2003", "hasFoil": false, "hasNonFoil": true, "isPaper": true, "isPromo": true, "isReprint": true, "isStarter": true, "layout": "normal", "legalities": {"commander": "Legal", "duel": "Legal", "legacy": "Legal", "vintage": "Legal"}, "manaCost": "{1}{U}", "mtgstocksId": 21670, "name": "Standstill", "number": "7", "prices": {"paper": {"2019-06-02": 5.99, "2019-06-09": 5.97, "2019-06-16": 5.99, "2019-06-23": 5.99, "2019-06-30": 5.98, "2019-07-07": 5.97, "2019-07-14": 5.99, "2019-07-21": 5.97, "2019-07-28": 5.84, "2019-08-04": 5.97, "2019-08-11": 5.89, "2019-08-18": 5.89, "2019-08-25": 5.89}, "paperFoil": {}}, "printings": ["ODY", "PIDW"], "rarity": "rare", "rulings": [{"date": "2004-10-04", "text": "It only works once. If someone casts another spell after it triggers, but before that trigger resolves, then it will trigger again. The first time one of these triggers resolves, it will be sacrificed for the full effect. Any additional triggers on the stack will do nothing when they resolve because you will be unable to sacrifice it additional times."}], "scryfallId": "b48dbe81-b964-4bd4-a17e-8a0186f6f040", "scryfallIllustrationId": "6400f658-4e0d-4b88-883a-793dd7599964", "scryfallOracleId": "fea4cb32-0329-4199-9abe-bff0cc45882a", "subtypes": [], "supertypes": [], "tcgplayerProductId": 71416, "text": "When a player casts a spell, sacrifice Standstill. If you do, each of that player's opponents draws three cards.", "type": "Enchantment", "types": ["Enchantment"], "uuid": "dad98336-a0b4-5a83-a03a-c4604391c7dc"}, {"artist": "Aleksi Briclot", "borderColor": "black", "colorIdentity": ["U"], "colors": ["U"], "convertedManaCost": 2.0, "edhrecRank": 6385, "flavorText": "\"Some call me a thief. I prefer to think of myself as a discreet borrower.\" —Dack Fayden, Planeswalker", "foreignData": [], "frameVersion": "2003", "hasFoil": false, "hasNonFoil": true, "isPaper": true, "isPromo": true, "isReprint": true, "isStarter": true, "layout": "normal", "legalities": {"commander": "Legal", "duel": "Legal", "legacy": "Legal", "modern": "Legal", "pauper": "Legal", "vintage": "Legal"}, "manaCost": "{1}{U}", "mtgstocksId": 20843, "name": "Treasure Hunt", "number": "1", "prices": {"paper": {"2019-06-02": 2.25, "2019-06-09": 2.23, "2019-06-16": 2.18, "2019-06-23": 2.25, "2019-06-30": 2.24, "2019-07-07": 2.23, "2019-07-14": 2.24, "2019-07-21": 2.25, "2019-07-28": 2.24, "2019-08-04": 2.19, "2019-08-11": 2.19, "2019-08-18": 2.18, "2019-08-25": 2.21}, "paperFoil": {}}, "printings": ["C18", "P11", "PIDW", "PRM", "WWK"], "rarity": "rare", "rulings": [{"date": "2010-03-01", "text": "The cards you put into your hand this way include one nonland card, plus all the land cards on top of it in your library (if any). If the top card of your library is a nonland card, you just get that one."}, {"date": "2010-03-01", "text": "If all the cards left in your library are lands, you’ll reveal all of them and put them all into your hand."}], "scryfallId": "55db30a7-6834-4a64-8edc-05ce18166c91", "scryfallIllustrationId": "7f4bf9e6-f1ad-4d8c-b40b-5b5c329f5dbc", "scryfallOracleId": "05079479-86a6-4041-a395-83d325b6ddb7", "subtypes": [], "supertypes": [], "tcgplayerProductId": 57647, "text": "Reveal cards from the top of your library until you reveal a nonland card, then put all cards revealed this way into your hand.", "type": "Sorcery", "types": ["Sorcery"], "uuid": "bf6800ba-ebb7-5171-a637-5aab0467b611"}, {"artist": "Dan Scott", "borderColor": "black", "colorIdentity": ["U"], "colors": ["U"], "convertedManaCost": 4.0, "edhrecRank": 1405, "foreignData": [], "frameVersion": "2003", "hasFoil": false, "hasNonFoil": true, "isPaper": true, "isPromo": true, "isReprint": true, "isStarter": true, "layout": "normal", "legalities": {"commander": "Legal", "duel": "Legal", "legacy": "Legal", "penny": "Legal", "vintage": "Legal"}, "manaCost": "{2}{U}{U}", "mtgstocksId": 24608, "name": "Turnabout", "number": "9", "prices": {"paper": {"2019-06-02": 16.56, "2019-06-09": 16.96, "2019-06-16": 19.95, "2019-06-23": 19.2, "2019-06-30": 18.6, "2019-07-07": 17.99, "2019-07-14": 19.95, "2019-07-21": 18.0, "2019-07-28": 15.36, "2019-08-04": 15.99, "2019-08-11": 15.67, "2019-08-18": 16.75, "2019-08-25": 17.94}, "paperFoil": {}}, "printings": ["PIDW", "USG", "VMA"], "rarity": "rare", "rulings": [{"date": "2004-10-04", "text": "You decide on resolution if you are tapping or untapping, and which kind of permanent you are affecting."}], "scryfallId": "a11b59db-b1e7-47c4-aed9-a1792fc31ce9", "scryfallIllustrationId": "8d31fd93-3c4e-47de-8e75-1f51db1d38d2", "scryfallOracleId": "715d0777-4d36-463b-9102-6bb6bb00b7e9", "subtypes": [], "supertypes": [], "tcgplayerProductId": 82196, "text": "Choose artifact, creature, or land. Tap all untapped permanents of the chosen type target player controls, or untap all tapped permanents of that type that player controls.", "type": "Instant", "types": ["Instant"], "uuid": "b035448e-e6a6-5532-9a4e-d749b60c00ad"}], "code": "PIDW", "isFoilOnly": false, "isOnlineOnly": false, "keyruneCode": "PIDW", "meta": {"date": "2019-09-01", "pricesDate": "2019-09-01", "version": "4.5.0-rebuild.4"}, "name": "IDW Comics 2012", "releaseDate": "2012-01-01", "tokens": [], "totalSetSize": 9, "translations": {}, "type": "promo"}