{"baseSetSize": 0, "block": "Innistrad", "cards": [{"artist": "Raymond Swanland", "borderColor": "black", "colorIdentity": ["R"], "colors": ["R"], "convertedManaCost": 1.0, "edhrecRank": 2839, "flavorText": "A devil's hands are never idle.", "foreignData": [], "frameVersion": "2003", "hasFoil": true, "hasNonFoil": false, "isPaper": true, "isPromo": true, "isReprint": true, "isStarter": true, "layout": "normal", "legalities": {"commander": "Legal", "duel": "Legal", "legacy": "Legal", "modern": "Legal", "penny": "Legal", "vintage": "Legal"}, "manaCost": "{X}{R}", "mtgstocksId": 20814, "name": "Devil's Play", "number": "140", "prices": {"paper": {}, "paperFoil": {"2019-06-02": 0.98, "2019-06-09": 0.97, "2019-06-16": 0.97, "2019-06-23": 0.98, "2019-06-30": 0.98, "2019-07-07": 0.98, "2019-07-14": 0.98, "2019-07-21": 0.98, "2019-07-28": 0.97, "2019-08-04": 0.96, "2019-08-11": 0.97, "2019-08-18": 0.96, "2019-08-25": 0.96}}, "printings": ["C19", "DDK", "ISD", "PISD", "PRM"], "rarity": "rare", "rulings": [], "scryfallId": "e6dd2f9e-16c2-4d25-98c4-0017ccd42228", "scryfallIllustrationId": "8ea40371-ce2b-43e5-a735-79a0250ec17b", "scryfallOracleId": "ee9f0b29-8a54-4cb8-8e2c-7bd67c2184ba", "subtypes": [], "supertypes": [], "tcgplayerProductId": 57076, "text": "Devil's Play deals X damage to any target.\nFlashback {X}{R}{R}{R} (You may cast this card from your graveyard for its flashback cost. Then exile it.)", "type": "Sorcery", "types": ["Sorcery"], "uuid": "5585260e-1184-55fd-b84e-6a61e578d2c2", "watermark": "colorpie"}, {"artist": "Austin Hsu", "borderColor": "black", "colorIdentity": ["B"], "colors": ["B"], "convertedManaCost": 1.0, "edhrecRank": 7107, "foreignData": [], "frameVersion": "2003", "hasFoil": false, "hasNonFoil": true, "isFullArt": true, "isPaper": true, "isPromo": true, "isReprint": true, "isStarter": true, "layout": "normal", "legalities": {"brawl": "Legal", "commander": "Legal", "duel": "Legal", "legacy": "Legal", "modern": "Legal", "penny": "Legal", "standard": "Legal", "vintage": "Legal"}, "manaCost": "{B}", "mtgstocksId": 23149, "name": "Diregraf Ghoul", "number": "97", "power": "2", "prices": {"paper": {"2019-06-02": 2.8, "2019-06-09": 2.76, "2019-06-16": 2.69, "2019-06-23": 2.79, "2019-06-30": 2.72, "2019-07-07": 2.72, "2019-07-14": 2.68, "2019-07-21": 2.63, "2019-07-28": 2.49, "2019-08-04": 2.49, "2019-08-11": 2.38, "2019-08-18": 2.49, "2019-08-25": 2.49}, "paperFoil": {}}, "printings": ["DDQ", "ISD", "M19", "PISD", "PRM"], "rarity": "uncommon", "rulings": [], "scryfallId": "b9cf8ad2-de95-417c-8808-83e60df9c007", "scryfallIllustrationId": "caec34b3-d06f-4988-ac1c-ab51139d92a0", "scryfallOracleId": "6048fc70-0dcc-4b54-977d-16e240225f82", "subtypes": ["Zombie"], "supertypes": [], "tcgplayerProductId": 57644, "text": "Diregraf Ghoul enters the battlefield tapped.", "toughness": "2", "type": "Creature — Zombie", "types": ["Creature"], "uuid": "8bb95d3c-1567-57e7-94c6-1a448e342509"}, {"artist": "Igor Kieryluk", "borderColor": "black", "colorIdentity": ["W"], "colors": ["W"], "convertedManaCost": 2.0, "edhrecRank": 6694, "foreignData": [], "frameVersion": "2003", "hasFoil": true, "hasNonFoil": false, "isFullArt": true, "isPaper": true, "isPromo": true, "isReprint": true, "isStarter": true, "layout": "normal", "legalities": {"commander": "Legal", "duel": "Legal", "legacy": "Legal", "modern": "Legal", "penny": "Legal", "vintage": "Legal"}, "manaCost": "{W}{W}", "mtgstocksId": 23154, "name": "Elite Inquisitor", "number": "13", "power": "2", "prices": {"paper": {}, "paperFoil": {"2019-06-02": 2.02, "2019-06-09": 1.97, "2019-06-16": 1.95, "2019-06-23": 1.95, "2019-06-30": 1.93, "2019-07-07": 1.93, "2019-07-14": 1.95, "2019-07-21": 1.9, "2019-07-28": 1.9, "2019-08-04": 1.9, "2019-08-11": 1.9, "2019-08-18": 1.95, "2019-08-25": 1.92}}, "printings": ["ISD", "PISD", "PRM"], "rarity": "rare", "rulings": [], "scryfallId": "98f687bb-157c-4e98-b39b-2dce7f145fa5", "scryfallIllustrationId": "d252f890-2407-47e5-91d2-3bf2187bccc7", "scryfallOracleId": "4f7e865b-6ab0-4361-b864-63c38cdb2fed", "subtypes": ["Human", "Soldier"], "supertypes": [], "tcgplayerProductId": 57643, "text": "First strike, vigilance\nProtection from Vampires, from Werewolves, and from Zombies", "toughness": "2", "type": "Creature — Human Soldier", "types": ["Creature"], "uuid": "11057a60-61ae-54cc-bea3-250765fbdef4"}, {"artist": "Karl Kopinski", "borderColor": "black", "colorIdentity": ["U"], "colorIndicator": ["U"], "colors": ["U"], "convertedManaCost": 2.0, "edhrecRank": 5727, "faceConvertedManaCost": 0, "flavorText": "After several frustrating experiments, the visionary Ludevic realized he needed to create a monster that fed on torch-wielding mobs.", "foreignData": [], "frameEffect": "sunmoondfc", "frameVersion": "2003", "hasFoil": true, "hasNonFoil": false, "isPaper": true, "isPromo": true, "isReprint": true, "isStarter": true, "layout": "transform", "legalities": {"commander": "Legal", "duel": "Legal", "legacy": "Legal", "modern": "Legal", "penny": "Legal", "vintage": "Legal"}, "mtgstocksId": 22125, "name": "Ludevic's Abomination", "names": ["Ludevic's Test Subject", "Ludevic's Abomination"], "number": "64", "power": "13", "prices": {"paper": {}, "paperFoil": {"2019-06-02": 1.11, "2019-06-09": 1.11, "2019-06-16": 1.13, "2019-06-23": 1.24, "2019-06-30": 1.19, "2019-07-07": 1.13, "2019-07-14": 1.13, "2019-07-21": 1.1, "2019-07-28": 1.13, "2019-08-04": 1.12, "2019-08-11": 1.12, "2019-08-18": 1.14, "2019-08-25": 1.14}}, "printings": ["ISD", "PISD", "PRM"], "rarity": "rare", "rulings": [{"date": "2016-07-13", "text": "For more information on double-faced cards, see the Shadows over Innistrad mechanics article (http://magic.wizards.com/en/articles/archive/feature/shadows-over-innistrad-mechanics)."}], "scryfallId": "340b660c-9aa1-4bd2-8c6f-d9af7fee5f4a", "scryfallOracleId": "53175678-1f5c-4889-9086-66381b3ddc3a", "side": "b", "subtypes": ["Lizard", "Horror"], "supertypes": [], "tcgplayerProductId": 57075, "text": "Trample", "toughness": "13", "type": "Creature — Lizard Horror", "types": ["Creature"], "uuid": "2b762af9-ce1d-558f-87e2-6dcc8d36dc2c", "watermark": "set"}, {"artist": "Karl Kopinski", "borderColor": "black", "colorIdentity": ["U"], "colors": ["U"], "convertedManaCost": 2.0, "edhrecRank": 5727, "faceConvertedManaCost": 2.0, "foreignData": [], "frameEffect": "sunmoondfc", "frameVersion": "2003", "hasFoil": true, "hasNonFoil": false, "isPaper": true, "isPromo": true, "isReprint": true, "layout": "transform", "legalities": {"commander": "Legal", "duel": "Legal", "legacy": "Legal", "modern": "Legal", "penny": "Legal", "vintage": "Legal"}, "manaCost": "{1}{U}", "mtgstocksId": 22125, "name": "Ludevic's Test Subject", "names": ["Ludevic's Test Subject", "Ludevic's Abomination"], "number": "64", "power": "0", "prices": {"paper": {}, "paperFoil": {"2019-06-02": 1.11, "2019-06-09": 1.11, "2019-06-16": 1.13, "2019-06-23": 1.24, "2019-06-30": 1.19, "2019-07-07": 1.13, "2019-07-14": 1.13, "2019-07-21": 1.1, "2019-07-28": 1.13, "2019-08-04": 1.12, "2019-08-11": 1.12, "2019-08-18": 1.14, "2019-08-25": 1.14}}, "printings": ["ISD", "PISD", "PRM"], "rarity": "rare", "rulings": [{"date": "2016-07-13", "text": "For more information on double-faced cards, see the Shadows over Innistrad mechanics article (http://magic.wizards.com/en/articles/archive/feature/shadows-over-innistrad-mechanics)."}], "scryfallId": "340b660c-9aa1-4bd2-8c6f-d9af7fee5f4a", "scryfallOracleId": "53175678-1f5c-4889-9086-66381b3ddc3a", "side": "a", "subtypes": ["Lizard", "Egg"], "supertypes": [], "tcgplayerProductId": 57075, "text": "Defender\n{1}{U}: Put a hatchling counter on Ludevic's Test Subject. Then if there are five or more hatchling counters on it, remove all of them and transform it.", "toughness": "3", "type": "Creature — Lizard Egg", "types": ["Creature"], "uuid": "e8063765-9f6f-5ba0-8b6d-3859e93d9e04", "watermark": "set"}, {"artist": "Ryan Pancoast", "borderColor": "black", "colorIdentity": ["G"], "colorIndicator": ["G"], "colors": ["G"], "convertedManaCost": 2.0, "edhrecRank": 4339, "faceConvertedManaCost": 0, "foreignData": [], "frameEffect": "sunmoondfc", "frameVersion": "2003", "hasFoil": true, "hasNonFoil": false, "isPaper": true, "isPromo": true, "isReprint": true, "isStarter": true, "layout": "transform", "legalities": {"commander": "Legal", "duel": "Legal", "legacy": "Legal", "modern": "Legal", "penny": "Legal", "vintage": "Legal"}, "mtgstocksId": 20756, "name": "Howlpack Alpha", "names": ["Mayor of Avabruck", "Howlpack Alpha"], "number": "193", "power": "3", "prices": {"paper": {}, "paperFoil": {"2019-06-02": 2.96, "2019-06-09": 2.91, "2019-06-16": 2.88, "2019-06-23": 2.93, "2019-06-30": 2.91, "2019-07-07": 2.91, "2019-07-14": 2.73, "2019-07-21": 2.75, "2019-07-28": 2.69, "2019-08-04": 2.64, "2019-08-11": 2.6, "2019-08-18": 2.55, "2019-08-25": 2.47}}, "printings": ["ISD", "PISD", "PRM"], "rarity": "rare", "rulings": [{"date": "2011-09-22", "text": "A creature that is both a Werewolf and a Wolf will only get +1/+1 from Howlpack Alpha."}, {"date": "2016-07-13", "text": "For more information on double-faced cards, see the Shadows over Innistrad mechanics article (http://magic.wizards.com/en/articles/archive/feature/shadows-over-innistrad-mechanics)."}], "scryfallId": "685b0777-b4e1-4c85-ad35-524024cb3a71", "scryfallOracleId": "6e638587-30b3-4c4b-b463-fb415ea048f7", "side": "b", "subtypes": ["Werewolf"], "supertypes": [], "tcgplayerProductId": 57074, "text": "Each other creature you control that's a Werewolf or a Wolf gets +1/+1.\nAt the beginning of your end step, create a 2/2 green Wolf creature token.\nAt the beginning of each upkeep, if a player cast two or more spells last turn, transform Howlpack Alpha.", "toughness": "3", "type": "Creature — Werewolf", "types": ["Creature"], "uuid": "d5818d06-a0b4-5a3c-9df7-d0932d47625d", "watermark": "set"}, {"artist": "Ryan Pancoast", "borderColor": "black", "colorIdentity": ["G"], "colors": ["G"], "convertedManaCost": 2.0, "edhrecRank": 4339, "faceConvertedManaCost": 2.0, "flavorText": "He can deny his true nature for only so long.", "foreignData": [], "frameEffect": "sunmoondfc", "frameVersion": "2003", "hasFoil": true, "hasNonFoil": false, "isPaper": true, "isPromo": true, "isReprint": true, "layout": "transform", "legalities": {"commander": "Legal", "duel": "Legal", "legacy": "Legal", "modern": "Legal", "penny": "Legal", "vintage": "Legal"}, "manaCost": "{1}{G}", "mtgstocksId": 20756, "name": "Mayor of Avabruck", "names": ["Mayor of Avabruck", "Howlpack Alpha"], "number": "193", "power": "1", "prices": {"paper": {}, "paperFoil": {"2019-06-02": 2.96, "2019-06-09": 2.91, "2019-06-16": 2.88, "2019-06-23": 2.93, "2019-06-30": 2.91, "2019-07-07": 2.91, "2019-07-14": 2.73, "2019-07-21": 2.75, "2019-07-28": 2.69, "2019-08-04": 2.64, "2019-08-11": 2.6, "2019-08-18": 2.55, "2019-08-25": 2.47}}, "printings": ["ISD", "PISD", "PRM"], "rarity": "rare", "rulings": [{"date": "2011-09-22", "text": "A creature that is both a Werewolf and a Wolf will only get +1/+1 from Howlpack Alpha."}, {"date": "2016-07-13", "text": "For more information on double-faced cards, see the Shadows over Innistrad mechanics article (http://magic.wizards.com/en/articles/archive/feature/shadows-over-innistrad-mechanics)."}], "scryfallId": "685b0777-b4e1-4c85-ad35-524024cb3a71", "scryfallOracleId": "6e638587-30b3-4c4b-b463-fb415ea048f7", "side": "a", "subtypes": ["Human", "Advisor", "Werewolf"], "supertypes": [], "tcgplayerProductId": 57074, "text": "Other Human creatures you control get +1/+1.\nAt the beginning of each upkeep, if no spells were cast last turn, transform Mayor of Avabruck.", "toughness": "1", "type": "Creature — Human Advisor Werewolf", "types": ["Creature"], "uuid": "31afd841-e110-56f0-8cff-0b73a2abdc47", "watermark": "set"}], "code": "PISD", "isFoilOnly": false, "isOnlineOnly": false, "keyruneCode": "ISD", "meta": {"date": "2019-09-01", "pricesDate": "2019-09-01", "version": "4.5.0-rebuild.4"}, "name": "Innistrad Promos", "parentCode": "ISD", "releaseDate": "2011-09-24", "tokens": [], "totalSetSize": 5, "translations": {}, "type": "promo"}