{"baseSetSize": 0, "cards": [{"artist": "Matt Cavotta", "borderColor": "black", "colorIdentity": ["G"], "colors": ["G"], "convertedManaCost": 3.0, "edhrecRank": 2330, "flavorText": "\"We've endured your slights to Gaea with the grace of tolerance. Now behold the grace of our ferocity.\"", "foreignData": [], "frameVersion": "2003", "hasFoil": true, "hasNonFoil": false, "isPaper": true, "isPromo": true, "isReprint": true, "isStarter": true, "layout": "normal", "legalities": {"commander": "Legal", "duel": "Legal", "legacy": "Legal", "modern": "Legal", "vintage": "Legal"}, "manaCost": "{1}{G}{G}", "name": "Elvish Champion", "number": "2N08", "power": "2", "printings": ["10E", "7ED", "8ED", "9ED", "DPA", "INV", "PJAS", "PJJT", "PJSE", "PRM", "PS11", "PSAL", "PSUS"], "rarity": "rare", "rulings": [{"date": "2004-10-04", "text": "It affects Elves controlled by all players, not just yours."}, {"date": "2005-08-01", "text": "This card is now an Elf but has been reworded so that it does not give itself the bonus."}], "scryfallId": "2c792224-74a7-4025-8df5-5dc305ff73ff", "scryfallIllustrationId": "83479d83-f0ff-4b8e-947e-5c00b2a9c690", "scryfallOracleId": "7e40f37c-9a0c-40e0-b195-7ea94b12f798", "subtypes": ["Elf"], "supertypes": [], "text": "Other Elf creatures get +1/+1 and have forestwalk. (They can't be blocked as long as defending player controls a Forest.)", "toughness": "2", "type": "Creature — Elf", "types": ["Creature"], "uuid": "92952bee-320c-5fcc-94c3-aad1391b4bdc", "watermark": "japanjunior"}, {"artist": "Terese Nielsen", "borderColor": "black", "colorIdentity": ["G"], "colors": ["G"], "convertedManaCost": 1.0, "edhrecRank": 4327, "foreignData": [], "frameVersion": "2003", "hasFoil": true, "hasNonFoil": false, "isPaper": true, "isPromo": true, "isReprint": true, "isStarter": true, "layout": "normal", "legalities": {"brawl": "Legal", "commander": "Legal", "duel": "Legal", "future": "Legal", "legacy": "Legal", "modern": "Legal", "pauper": "Legal", "penny": "Legal", "standard": "Legal", "vintage": "Legal"}, "manaCost": "{G}", "name": "Giant Growth", "number": "1N04", "printings": ["10E", "2ED", "3ED", "4BB", "4ED", "5ED", "6ED", "7ED", "8ED", "9ED", "A25", "ATH", "BBD", "BRB", "BTD", "CED", "CEI", "DD1", "DDD", "DKM", "DPA", "E02", "EVG", "FBB", "FNM", "GVL", "ICE", "LEA", "LEB", "M10", "M11", "M14", "ME2", "ME3", "ME4", "P06", "PJJT", "PRM", "PS11", "PSUS", "RTR", "SUM", "WAR", "WC97", "WC99"], "rarity": "rare", "rulings": [], "scryfallId": "18e87a4b-e59c-4632-b2ad-44c47aec4eed", "scryfallIllustrationId": "66a8c21b-7b1b-4288-9af1-8a96e7f12b40", "scryfallOracleId": "5748ebf1-24e3-499d-ab7c-c2cebd462a24", "subtypes": [], "supertypes": [], "text": "Target creature gets +3/+3 until end of turn.", "type": "Instant", "types": ["Instant"], "uuid": "3ccf091e-7dd8-526d-9497-a9850197d11e", "watermark": "japanjunior"}, {"artist": "Raymond Swanland", "borderColor": "black", "colorIdentity": ["W"], "colors": ["W"], "convertedManaCost": 3.0, "edhrecRank": 2991, "flavorText": "Once heard, the battle song of an angel becomes part of the listener forever.", "foreignData": [], "frameVersion": "2003", "hasFoil": true, "hasNonFoil": false, "isPaper": true, "isPromo": true, "isReprint": true, "isStarter": true, "layout": "normal", "legalities": {"commander": "Legal", "duel": "Legal", "legacy": "Legal", "modern": "Legal", "penny": "Legal", "vintage": "Legal"}, "manaCost": "{1}{W}{W}", "name": "Glorious Anthem", "number": "1N08", "printings": ["10E", "7ED", "8ED", "9ED", "PJAS", "PJJT", "PJSE", "PRM", "PS11", "PSUS", "USG"], "rarity": "rare", "rulings": [], "scryfallId": "043067b1-a7a8-4213-bf3d-290d9cb2651b", "scryfallIllustrationId": "8f05bbfe-383a-454a-b8d3-94d7234797ba", "scryfallOracleId": "e3886fe8-9b76-4613-8891-4ec74657c087", "subtypes": [], "supertypes": [], "text": "Creatures you control get +1/+1.", "type": "Enchantment", "types": ["Enchantment"], "uuid": "168deaf9-1ed9-537d-b025-cf28cb27b4b7", "watermark": "japanjunior"}, {"artist": "Wayne Reynolds", "borderColor": "black", "colorIdentity": ["B"], "colors": ["B"], "convertedManaCost": 3.0, "edhrecRank": 5476, "flavorText": "One part cunning, one part wise, and many, many parts demented.", "foreignData": [], "frameVersion": "2003", "hasFoil": true, "hasNonFoil": false, "isPaper": true, "isPromo": true, "isReprint": true, "isStarter": true, "layout": "normal", "legalities": {"commander": "Legal", "duel": "Legal", "legacy": "Legal", "modern": "Legal", "penny": "Legal", "vintage": "Legal"}, "manaCost": "{2}{B}", "name": "Mad Auntie", "number": "3N08", "power": "2", "printings": ["LRW", "MMA", "PJJT", "PRM", "PSUS"], "rarity": "rare", "rulings": [{"date": "2007-10-01", "text": "The second ability can target any Goblin permanent except the Mad Auntie whose ability is being activated. It can target a different Mad Auntie."}], "scryfallId": "4727b62f-79e5-4553-9b23-5c0e34342e58", "scryfallIllustrationId": "3f52598a-c0b5-4355-baef-5d2ccfed13c5", "scryfallOracleId": "b582b696-17fa-4eea-8124-293f9bd3a208", "subtypes": ["Goblin", "Shaman"], "supertypes": [], "text": "Other Goblin creatures you control get +1/+1.\n{T}: Regenerate another target Goblin.", "toughness": "2", "type": "Creature — Goblin Shaman", "types": ["Creature"], "uuid": "e3b69d00-df5d-5bd5-8335-a85a6bd2a7e3", "watermark": "japanjunior"}, {"artist": "Tom Wänerstrand", "borderColor": "black", "colorIdentity": ["B"], "colors": ["B"], "convertedManaCost": 3.0, "edhrecRank": 2263, "flavorText": "Trained in the arts of stealth, royal assassins choose their victims carefully, relying on timing and precision rather than brute force.", "foreignData": [], "frameVersion": "2003", "hasFoil": true, "hasNonFoil": false, "isPaper": true, "isPromo": true, "isReprint": true, "isStarter": true, "layout": "normal", "legalities": {"commander": "Legal", "duel": "Legal", "legacy": "Legal", "modern": "Legal", "penny": "Legal", "vintage": "Legal"}, "manaCost": "{1}{B}{B}", "name": "Royal Assassin", "number": "2N05", "power": "1", "printings": ["10E", "2ED", "3ED", "4BB", "4ED", "8ED", "9ED", "CED", "CEI", "FBB", "LEA", "LEB", "M10", "M11", "M12", "PJJT", "PJSE", "PRM", "PSUS", "SUM"], "rarity": "rare", "rulings": [{"date": "2004-10-04", "text": "Can’t target itself because you choose the target before you tap him. At that time he is not yet a legal target."}, {"date": "2004-10-04", "text": "If the creature is no longer tapped when the Assassin’s ability resolves, then the ability doesn’t resolve."}], "scryfallId": "b0b56e20-ff6f-4fe6-a596-78f8453004eb", "scryfallIllustrationId": "42c3632d-5a5a-4d74-bf9f-5af479d3b657", "scryfallOracleId": "9ed6f28f-a3db-48c5-9ab0-b90a7fba5f57", "subtypes": ["Human", "Assassin"], "supertypes": [], "text": "{T}: Destroy target tapped creature.", "toughness": "1", "type": "Creature — Human Assassin", "types": ["Creature"], "uuid": "91e5c406-0040-52e4-bcd7-39d82bbd9f61", "watermark": "japanjunior"}, {"artist": "Carl Critchlow", "borderColor": "black", "colorIdentity": ["G"], "colors": ["G"], "convertedManaCost": 2.0, "edhrecRank": 29, "flavorText": "There were no tombstones in orochi territory. Slain warriors were buried with a tree sapling, so they would become part of the forest after death.", "foreignData": [], "frameVersion": "2003", "hasFoil": true, "hasNonFoil": false, "isPaper": true, "isPromo": true, "isReprint": true, "isStarter": true, "layout": "normal", "legalities": {"commander": "Legal", "duel": "Legal", "legacy": "Legal", "modern": "Legal", "pauper": "Legal", "vintage": "Legal"}, "manaCost": "{1}{G}", "name": "Sakura-Tribe Elder", "number": "1N06", "power": "1", "printings": ["ARC", "C13", "C15", "C16", "C18", "C19", "CHK", "CMA", "CMD", "CNS", "F09", "PJAS", "PJJT", "PJSE", "PRM", "PSUS", "PZ1", "TD0"], "rarity": "rare", "rulings": [], "scryfallId": "9d24c244-114b-4af5-8839-89ef1329a3da", "scryfallIllustrationId": "6c8e4e05-f8f2-4026-8752-a5a3534e0c8d", "scryfallOracleId": "e3afc704-220f-498f-9eaa-0821b17dc24c", "subtypes": ["Snake", "Shaman"], "supertypes": [], "text": "Sacrifice Sakura-Tribe Elder: Search your library for a basic land card, put that card onto the battlefield tapped, then shuffle your library.", "toughness": "1", "type": "Creature — Snake Shaman", "types": ["Creature"], "uuid": "d91a5b0f-d28a-5fa4-876b-918391ed137a", "watermark": "japanjunior"}, {"artist": "Ron Spencer", "borderColor": "black", "colorIdentity": ["R"], "colors": ["R"], "convertedManaCost": 5.0, "edhrecRank": 9051, "foreignData": [], "frameVersion": "2003", "hasFoil": true, "hasNonFoil": false, "isPaper": true, "isPromo": true, "isReprint": true, "isStarter": true, "layout": "normal", "legalities": {"commander": "Legal", "duel": "Legal", "legacy": "Legal", "modern": "Legal", "penny": "Legal", "vintage": "Legal"}, "manaCost": "{4}{R}", "name": "Shard Phoenix", "number": "2N06", "power": "2", "printings": ["9ED", "PJAS", "PJJT", "PJSE", "PRM", "PSUS", "STH", "TPR"], "rarity": "rare", "rulings": [{"date": "2005-08-01", "text": "You can return Shard Phoenix any time during your upkeep; this is not a beginning of upkeep triggered ability."}, {"date": "2005-08-01", "text": "Shard Phoenix uses Last Known Information. If, for example, it was blue when it was sacrificed, the damage will come from a blue source."}], "scryfallId": "cdc73956-c380-453e-83da-fee366975ccc", "scryfallIllustrationId": "5e9919da-0246-40b7-b9d5-91cd0da6a9b7", "scryfallOracleId": "3b629793-0efb-4d60-9d82-38b7b400abfd", "subtypes": ["Phoenix"], "supertypes": [], "text": "Flying (This creature can't be blocked except by creatures with flying or reach.)\nSacrifice Shard Phoenix: It deals 2 damage to each creature without flying.\n{R}{R}{R}: Return Shard Phoenix from your graveyard to your hand. Activate this ability only during your upkeep.", "toughness": "2", "type": "Creature — Phoenix", "types": ["Creature"], "uuid": "b5e09364-b5d3-514c-9d47-d5e818bab760", "watermark": "japanjunior"}, {"artist": "Justin Sweet", "borderColor": "black", "colorIdentity": ["R"], "colors": ["R"], "convertedManaCost": 2.0, "edhrecRank": 12107, "flavorText": "The slith incubate in the Great Furnace's heat, emerging on Mirrodin's surface only when the four suns have aligned overhead.", "foreignData": [], "frameVersion": "2003", "hasFoil": true, "hasNonFoil": false, "isPaper": true, "isPromo": true, "isReprint": true, "isStarter": true, "layout": "normal", "legalities": {"commander": "Legal", "duel": "Legal", "legacy": "Legal", "modern": "Legal", "vintage": "Legal"}, "manaCost": "{R}{R}", "name": "Slith Firewalker", "number": "1N05", "power": "1", "printings": ["DD2", "JVC", "MRD", "PJJT", "PJSE", "PRM", "PSUS"], "rarity": "rare", "rulings": [], "scryfallId": "341bc8ca-d9a1-4e07-9894-86a556bfbd1f", "scryfallIllustrationId": "a0d1b033-43ee-45b1-a3da-2809d8b68002", "scryfallOracleId": "ea1af948-686d-4b40-ad4e-cb48a0258269", "subtypes": ["Slith"], "supertypes": [], "text": "Haste\nWhenever Slith Firewalker deals combat damage to a player, put a +1/+1 counter on it.", "toughness": "1", "type": "Creature — Slith", "types": ["Creature"], "uuid": "cf35fe06-54db-5d82-8a69-5804d07d8863", "watermark": "japanjunior"}, {"artist": "Dany Orizio", "borderColor": "black", "colorIdentity": ["W"], "colors": ["W"], "convertedManaCost": 2.0, "edhrecRank": 11269, "flavorText": "\"In Rath,\" the priest said, \"there is even greater need for prayer.\"", "foreignData": [], "frameVersion": "2003", "hasFoil": true, "hasNonFoil": false, "isPaper": true, "isPromo": true, "isReprint": true, "isStarter": true, "layout": "normal", "legalities": {"commander": "Legal", "duel": "Legal", "legacy": "Legal", "modern": "Legal", "penny": "Legal", "vintage": "Legal"}, "manaCost": "{W}{W}", "name": "Soltari Priest", "number": "1N07", "power": "2", "printings": ["F02", "PJAS", "PJJT", "PJSE", "PRM", "PSUS", "TMP", "TPR", "TSB", "WC98"], "rarity": "rare", "rulings": [], "scryfallId": "2c63b2e5-8a70-41eb-a34c-9088222f1689", "scryfallIllustrationId": "45ad8540-149f-4e9c-b7eb-6595f01f3622", "scryfallOracleId": "f8c9cb9f-3a37-4004-9cde-f51ca5579e1a", "subtypes": ["Soltari", "Cleric"], "supertypes": [], "text": "Protection from red\nShadow (This creature can block or be blocked by only creatures with shadow.)", "toughness": "1", "type": "Creature — Soltari Cleric", "types": ["Creature"], "uuid": "831e8b75-7e06-5ca3-8c6f-cc9201499ebd", "watermark": "japanjunior"}, {"artist": "Sam Wood", "borderColor": "black", "colorIdentity": ["R"], "colors": ["R"], "convertedManaCost": 6.0, "edhrecRank": 9149, "foreignData": [], "frameVersion": "2003", "hasFoil": true, "hasNonFoil": false, "isPaper": true, "isPromo": true, "isReprint": true, "isStarter": true, "layout": "normal", "legalities": {"commander": "Legal", "duel": "Legal", "legacy": "Legal", "modern": "Legal", "vintage": "Legal"}, "manaCost": "{4}{R}{R}", "name": "Two-Headed Dragon", "number": "2N04", "power": "4", "printings": ["8ED", "ARC", "DRB", "MMQ", "PJJT", "PRM", "PSUS"], "rarity": "rare", "rulings": [], "scryfallId": "1501ca1d-1c76-4786-a395-86986b4f2962", "scryfallIllustrationId": "3fde1b23-c633-4a47-abfc-8d5dce315d5d", "scryfallOracleId": "a4fa3052-d1ec-4442-a832-15ba36c500ee", "subtypes": ["Dragon"], "supertypes": [], "text": "Flying\nMenace (This creature can't be blocked except by two or more creatures.)\nTwo-Headed Dragon can block an additional creature each combat.\n{1}{R}: Two-Headed Dragon gets +2/+0 until end of turn.", "toughness": "4", "type": "Creature — Dragon", "types": ["Creature"], "uuid": "827c0738-1785-5559-9cc3-b66d70ab64db", "watermark": "japanjunior"}, {"artist": "Christopher Rush", "borderColor": "black", "colorIdentity": ["R"], "colors": ["R"], "convertedManaCost": 2.0, "edhrecRank": 8806, "flavorText": "Cast the weight as though it were a die, to see a rival's fate.", "foreignData": [], "frameVersion": "1997", "hasFoil": true, "hasNonFoil": false, "isPaper": true, "isPromo": true, "isReprint": true, "isStarter": true, "layout": "normal", "legalities": {"commander": "Legal", "duel": "Legal", "legacy": "Legal", "modern": "Legal", "pauper": "Legal", "penny": "Legal", "vintage": "Legal"}, "manaCost": "{1}{R}", "name": "Volcanic Hammer", "number": "1N03", "printings": ["7ED", "8ED", "9ED", "P02", "PJJT", "POR", "PRM", "PSAL", "PSUS", "S99"], "rarity": "rare", "rulings": [], "scryfallId": "da3e1218-76d8-4da3-8833-0dc9e97d174c", "scryfallIllustrationId": "835ac678-cf10-42f3-956c-8281b3723644", "scryfallOracleId": "98fa5a06-0553-40fd-999c-bc31c9b3f4db", "subtypes": [], "supertypes": [], "text": "Volcanic Hammer deals 3 damage to any target.", "type": "Sorcery", "types": ["Sorcery"], "uuid": "359c47a2-37aa-5a4b-ae0d-d33a93cfc8d1", "watermark": "japanjunior"}, {"artist": "Alex Horley-Orlandelli", "borderColor": "black", "colorIdentity": ["G"], "colors": ["G"], "convertedManaCost": 2.0, "edhrecRank": 16109, "flavorText": "Amid this whirling hurricane of blades, there is no calm eye in which the hapless can find shelter.", "foreignData": [], "frameVersion": "2003", "hasFoil": true, "hasNonFoil": false, "isPaper": true, "isPromo": true, "isReprint": true, "isStarter": true, "layout": "normal", "legalities": {"commander": "Legal", "duel": "Legal", "legacy": "Legal", "modern": "Legal", "penny": "Legal", "vintage": "Legal"}, "manaCost": "{G}{G}", "name": "Whirling Dervish", "number": "2N07", "power": "1", "printings": ["4BB", "4ED", "5ED", "ITP", "LEG", "PJAS", "PJJT", "PJSE", "PRM", "PSUS", "PTC", "REN", "RQS", "TSB", "WC97"], "rarity": "rare", "rulings": [{"date": "2004-10-04", "text": "If it damages the opponent multiple times in a turn, it gets only one +1/+1 counter at end of turn."}], "scryfallId": "bbd1538a-3253-4d7c-bcfb-cf4388c815cc", "scryfallIllustrationId": "6ac30395-e829-4c6a-ad9c-190b36e2a563", "scryfallOracleId": "43f89524-4b22-4707-9aba-6eb4c01d75dc", "subtypes": ["Human", "Monk"], "supertypes": [], "text": "Protection from black\nAt the beginning of each end step, if Whirling Dervish dealt damage to an opponent this turn, put a +1/+1 counter on it.", "toughness": "1", "type": "Creature — Human Monk", "types": ["Creature"], "uuid": "f6244779-f6d8-59fa-b64d-645626215bf7", "watermark": "japanjunior"}], "code": "PJJT", "isFoilOnly": false, "isForeignOnly": true, "isOnlineOnly": false, "keyruneCode": "DEFAULT", "meta": {"date": "2019-09-01", "pricesDate": "2019-09-01", "version": "4.5.0-rebuild.4"}, "name": "Japan Junior Tournament", "releaseDate": "2003-01-01", "tokens": [], "totalSetSize": 12, "translations": {}, "type": "promo"}