{"baseSetSize": 0, "cards": [{"artist": "Dom!", "borderColor": "black", "colorIdentity": ["U"], "colors": ["U"], "convertedManaCost": 2.0, "edhrecRank": 16, "foreignData": [], "frameVersion": "1993", "hasFoil": false, "hasNonFoil": true, "isPaper": true, "isPromo": true, "isReprint": true, "isStarter": true, "layout": "normal", "legalities": {"commander": "Legal", "duel": "Legal", "legacy": "Legal", "pauper": "Legal", "vintage": "Legal"}, "manaCost": "{U}{U}", "mtgstocksId": 34212, "name": "Counterspell", "number": "1", "prices": {"paper": {"2019-06-02": 35.7, "2019-06-09": 34.47, "2019-06-16": 34.95, "2019-06-23": 35.33, "2019-06-30": 34.95, "2019-07-07": 32.88, "2019-07-14": 30.0, "2019-07-21": 29.99, "2019-07-28": 28.98, "2019-08-04": 25.96, "2019-08-11": 23.95, "2019-08-18": 21.45, "2019-08-25": 21.99}, "paperFoil": {}}, "printings": ["2ED", "3ED", "4BB", "4ED", "5ED", "6ED", "7ED", "A25", "BRB", "BTD", "CED", "CEI", "DD2", "EMA", "F05", "FBB", "G00", "ICE", "JVC", "LEA", "LEB", "ME2", "ME4", "MMQ", "MP2", "PLGM", "PRM", "PTC", "S99", "SS1", "SUM", "TMP", "TPR", "VMA", "WC00", "WC01", "WC02", "WC97", "WC98"], "rarity": "rare", "rulings": [], "scryfallId": "7065deea-6117-47d4-9d72-fc67af5bb483", "scryfallIllustrationId": "a36cbed8-c500-4814-bf4d-80c065d985c7", "scryfallOracleId": "cc187110-1148-4090-bbb8-e205694a39f5", "subtypes": [], "supertypes": [], "tcgplayerProductId": 48138, "text": "Counter target spell.", "type": "Instant", "types": ["Instant"], "uuid": "776bd6bb-1327-547a-b782-844dfd38c4e5"}, {"artist": "Jock", "borderColor": "black", "colorIdentity": ["R"], "colors": ["R"], "convertedManaCost": 2.0, "edhrecRank": 4364, "flavorText": "\"Yes, I think 'toast' is an appropriate description.\" —Jaya Ballard, Task Mage", "foreignData": [], "frameVersion": "1993", "hasFoil": false, "hasNonFoil": true, "isPaper": true, "isPromo": true, "isReprint": true, "isStarter": true, "layout": "normal", "legalities": {"commander": "Legal", "duel": "Legal", "legacy": "Legal", "modern": "Legal", "pauper": "Legal", "penny": "Legal", "vintage": "Legal"}, "manaCost": "{1}{R}", "mtgstocksId": 34267, "name": "Incinerate", "number": "2", "prices": {"paper": {"2019-06-02": 2.67, "2019-06-09": 2.67, "2019-06-16": 2.75, "2019-06-23": 2.65, "2019-06-30": 2.59, "2019-07-07": 2.66, "2019-07-14": 2.76, "2019-07-21": 2.67, "2019-07-28": 2.76, "2019-08-04": 2.66, "2019-08-11": 2.66, "2019-08-18": 2.58, "2019-08-25": 2.51}, "paperFoil": {}}, "printings": ["10E", "5ED", "CST", "DD2", "DKM", "DPA", "ICE", "JVC", "M12", "ME2", "MIR", "P08", "PLGM", "PRM", "PS11", "PTC", "WC97", "WC98"], "rarity": "rare", "rulings": [{"date": "2007-07-15", "text": "Regeneration abilities that would affect that creature can still be activated; they just won’t do anything. The creature can’t be regenerated for any reason, even if an effect other than Incinerate would deal lethal damage to it or otherwise destroy it."}], "scryfallId": "28b0495d-0c3f-4491-8331-4cbabbd6eac5", "scryfallIllustrationId": "ba4c04c6-d44b-4ed1-af76-6f6d7b08e327", "scryfallOracleId": "d8fd7a34-8418-4e98-b79b-119c4348c667", "subtypes": [], "supertypes": [], "tcgplayerProductId": 21704, "text": "Incinerate deals 3 damage to any target. A creature dealt damage this way can't be regenerated this turn.", "type": "Instant", "types": ["Instant"], "uuid": "2570e30c-80a4-5d50-a97e-29dd6ea7aa90"}], "code": "PLGM", "isFoilOnly": true, "isOnlineOnly": false, "keyruneCode": "DEFAULT", "meta": {"date": "2019-09-01", "pricesDate": "2019-09-01", "version": "4.5.0-rebuild.4"}, "name": "DCI Legend Membership", "releaseDate": "1995-01-01", "tokens": [], "totalSetSize": 2, "translations": {}, "type": "promo"}