{"baseSetSize": 0, "cards": [{"artist": "Min Yum", "borderColor": "black", "colorIdentity": ["B"], "colors": ["B"], "convertedManaCost": 5.0, "edhrecRank": 1818, "foreignData": [], "frameVersion": "2003", "hasFoil": true, "hasNonFoil": false, "isPaper": true, "isPromo": true, "isReprint": true, "isStarter": true, "layout": "normal", "legalities": {"commander": "Legal", "duel": "Legal", "legacy": "Legal", "modern": "Legal", "vintage": "Legal"}, "manaCost": "{3}{B}{B}", "mtgstocksId": 20727, "name": "Bloodlord of Vaasgoth", "number": "82", "power": "3", "prices": {"paper": {}, "paperFoil": {"2019-06-02": 1.47, "2019-06-09": 1.48, "2019-06-16": 1.48, "2019-06-23": 1.47, "2019-06-30": 1.47, "2019-07-07": 1.46, "2019-07-14": 1.44, "2019-07-21": 1.48, "2019-07-28": 1.48, "2019-08-04": 1.47, "2019-08-11": 1.45, "2019-08-18": 1.43, "2019-08-25": 1.42}}, "printings": ["C17", "M12", "PM12", "PRM"], "rarity": "mythic", "rulings": [{"date": "2011-09-22", "text": "Multiple instances of bloodthirst are cumulative. For example, if you control Bloodlord of Vaasgoth and cast a Vampire creature spell that already has bloodthirst 1, that Vampire will enter the battlefield with four +1/+1 counters on it if an opponent has been dealt damage that turn."}, {"date": "2011-09-22", "text": "A creature spell like Phantasmal Image that may enter the battlefield as a copy of a creature is not a Vampire creature spell, even if you intend on copying a Vampire creature when that creature enters the battlefield."}, {"date": "2011-09-22", "text": "Vampire creatures you put directly onto the battlefield without casting them and Vampire creature tokens you put onto the battlefield will not gain bloodthirst 3 from Bloodlord of Vaasgoth."}], "scryfallId": "972fafa6-a001-4597-962b-1aed8e40adad", "scryfallIllustrationId": "8bf5ef1e-c167-461b-8dec-a06831bd162f", "scryfallOracleId": "d8560ee9-8cbb-440b-a132-e102a1eb3e89", "subtypes": ["Vampire", "Warrior"], "supertypes": [], "tcgplayerProductId": 48143, "text": "Bloodthirst 3 (If an opponent was dealt damage this turn, this creature enters the battlefield with three +1/+1 counters on it.)\nFlying\nWhenever you cast a Vampire creature spell, it gains bloodthirst 3.", "toughness": "3", "type": "Creature — Vampire Warrior", "types": ["Creature"], "uuid": "4f6b9332-8e39-502e-a3df-4a4dae6670cc", "watermark": "set (M12)"}, {"artist": "Steve Argyle", "borderColor": "black", "colorIdentity": ["R"], "colors": ["R"], "convertedManaCost": 3.0, "edhrecRank": 5297, "foreignData": [], "frameVersion": "2003", "hasFoil": true, "hasNonFoil": false, "isPaper": true, "isPromo": true, "isReprint": true, "isStarter": true, "layout": "normal", "legalities": {"commander": "Legal", "duel": "Legal", "legacy": "Legal", "modern": "Legal", "penny": "Legal", "vintage": "Legal"}, "manaCost": "{1}{R}{R}", "mtgstocksId": 20812, "name": "Chandra's Phoenix", "number": "*126", "power": "2", "prices": {"paper": {}, "paperFoil": {"2019-06-02": 1.76, "2019-06-09": 1.73, "2019-06-16": 1.73, "2019-06-23": 1.76, "2019-06-30": 1.76, "2019-07-07": 1.75, "2019-07-14": 1.73, "2019-07-21": 1.76, "2019-07-28": 1.71, "2019-08-04": 1.76, "2019-08-11": 1.76, "2019-08-18": 1.81, "2019-08-25": 1.81}}, "printings": ["E01", "M12", "M14", "PM12", "PRM"], "rarity": "rare", "rulings": [], "scryfallId": "c7c319cd-74ed-4ad8-ac0f-efb932bf5813", "scryfallIllustrationId": "21a5f0e4-d53c-44f6-975a-f7b3e79a276a", "scryfallOracleId": "65ddd04c-7207-4f6c-ae1b-c5e02a520a51", "subtypes": ["Phoenix"], "supertypes": [], "tcgplayerProductId": 48146, "text": "Flying\nHaste (This creature can attack and {T} as soon as it comes under your control.)\nWhenever an opponent is dealt damage by a red instant or sorcery spell you control or by a red planeswalker you control, return Chandra's Phoenix from your graveyard to your hand.", "toughness": "2", "type": "Creature — Phoenix", "types": ["Creature"], "uuid": "a84fc511-48d8-54b9-a0c6-aff98dbf98cc", "watermark": "colorpie"}, {"artist": "Scott Chou", "borderColor": "black", "colorIdentity": ["G"], "colors": ["G"], "convertedManaCost": 3.0, "edhrecRank": 4282, "foreignData": [], "frameVersion": "2003", "hasFoil": true, "hasNonFoil": false, "isFullArt": true, "isPaper": true, "isPromo": true, "isReprint": true, "isStarter": true, "layout": "normal", "legalities": {"commander": "Legal", "duel": "Legal", "legacy": "Legal", "modern": "Legal", "vintage": "Legal"}, "manaCost": "{2}{G}", "mtgstocksId": 23152, "name": "Dungrove Elder", "number": "171", "power": "*", "prices": {"paper": {}, "paperFoil": {"2019-06-02": 8.53, "2019-06-09": 8.5, "2019-06-16": 8.64, "2019-06-23": 8.64, "2019-06-30": 8.48, "2019-07-07": 8.5, "2019-07-14": 8.48, "2019-07-21": 8.5, "2019-07-28": 8.48, "2019-08-04": 8.3, "2019-08-11": 8.27, "2019-08-18": 8.19, "2019-08-25": 8.21}}, "printings": ["M12", "PM12", "PRM"], "rarity": "rare", "rulings": [{"date": "2011-09-22", "text": "Dungrove Elder’s power and toughness are each equal to the number of lands you control with the land type Forest, not necessarily lands named Forest."}, {"date": "2011-09-22", "text": "Dungrove Elder’s power and toughness will change as the number of Forests you control changes."}, {"date": "2011-09-22", "text": "Dungrove Elder’s ability sets its power and toughness in all zones, not just the battlefield."}], "scryfallId": "678c11d1-567e-4153-b828-a4f18fc7bd58", "scryfallIllustrationId": "fe9cd166-643e-46dd-b6ef-62331343b0a3", "scryfallOracleId": "32083c9f-04c6-4b6f-9e24-cc8f3cae3e3e", "subtypes": ["Treefolk"], "supertypes": [], "tcgplayerProductId": 48133, "text": "Hexproof (This creature can't be the target of spells or abilities your opponents control.)\nDungrove Elder's power and toughness are each equal to the number of Forests you control.", "toughness": "*", "type": "Creature — Treefolk", "types": ["Creature"], "uuid": "ea355a3f-266e-5eac-910b-e123ad71df79"}, {"artist": "Kev Walker", "borderColor": "black", "colorIdentity": ["G"], "colors": ["G"], "convertedManaCost": 7.0, "edhrecRank": 1970, "foreignData": [], "frameVersion": "2003", "hasFoil": true, "hasNonFoil": false, "isPaper": true, "isPromo": true, "isReprint": true, "isStarter": true, "layout": "normal", "legalities": {"commander": "Legal", "duel": "Legal", "legacy": "Legal", "modern": "Legal", "penny": "Legal", "vintage": "Legal"}, "manaCost": "{5}{G}{G}", "mtgstocksId": 22121, "name": "Garruk's Horde", "number": "176", "power": "7", "prices": {"paper": {}, "paperFoil": {"2019-06-02": 0.5, "2019-06-09": 0.5, "2019-06-16": 0.5, "2019-06-23": 0.49, "2019-06-30": 0.5, "2019-07-07": 0.49, "2019-07-14": 0.5, "2019-07-21": 0.5, "2019-07-28": 0.5, "2019-08-04": 0.49, "2019-08-11": 0.49, "2019-08-18": 0.49, "2019-08-25": 0.49}}, "printings": ["M12", "M14", "PM12", "PRM", "W17"], "rarity": "rare", "rulings": [{"date": "2011-09-22", "text": "Normally, Garruk’s Horde allows you to cast the top card of your library if it’s a creature card, it’s your main phase, and the stack is empty. If that creature card has flash, you’ll be able to cast it at the time you could cast an instant, even on an opponent’s turn."}, {"date": "2011-09-22", "text": "You’ll still pay all costs for that spell, including additional costs. You may also pay alternative costs."}, {"date": "2011-09-22", "text": "If the top card of your library is Dryad Arbor (the only card that’s both a creature and a land), you can’t play it this way. Dryad Arbor can’t be cast as a spell."}, {"date": "2013-04-15", "text": "The top card of your library isn’t in your hand, so you can’t suspend it, cycle it, discard it, or activate any of its activated abilities."}, {"date": "2013-04-15", "text": "If the top card of your library changes while you’re casting a spell or activating an ability, the new top card won’t be revealed until you finish casting that spell or activating that ability."}, {"date": "2013-04-15", "text": "When playing with the top card of your library revealed, if an effect tells you to draw several cards, reveal each one before you draw it."}], "scryfallId": "3313f4ea-1275-4835-b4ff-73d3601c04e1", "scryfallIllustrationId": "a631729f-85f9-417f-bfef-7525160f46e9", "scryfallOracleId": "b9da511e-a57f-43c2-aa97-902f3b4c55fb", "subtypes": ["Beast"], "supertypes": [], "tcgplayerProductId": 48137, "text": "Trample\nPlay with the top card of your library revealed.\nYou may cast the top card of your library if it's a creature card. (Do this only any time you could cast that creature card. You still pay the spell's costs.)", "toughness": "7", "type": "Creature — Beast", "types": ["Creature"], "uuid": "67477a68-9b17-5134-a444-4f5a95d86af3", "watermark": "set (M12)"}, {"artist": "Greg Staples", "borderColor": "black", "colorIdentity": ["R"], "colors": ["R"], "convertedManaCost": 2.0, "edhrecRank": 7257, "foreignData": [], "frameVersion": "2003", "hasFoil": false, "hasNonFoil": true, "isFullArt": true, "isPaper": true, "isPromo": true, "isReprint": true, "isStarter": true, "layout": "normal", "legalities": {"commander": "Legal", "duel": "Legal", "legacy": "Legal", "modern": "Legal", "penny": "Legal", "vintage": "Legal"}, "manaCost": "{1}{R}", "mtgstocksId": 23188, "name": "Stormblood Berserker", "number": "156", "power": "1", "prices": {"paper": {"2019-06-02": 0.5, "2019-06-09": 0.5, "2019-06-16": 0.51, "2019-06-23": 0.5, "2019-06-30": 0.5, "2019-07-07": 0.5, "2019-07-14": 0.5, "2019-07-21": 0.5, "2019-07-28": 0.5, "2019-08-04": 0.5, "2019-08-11": 0.5, "2019-08-18": 0.5, "2019-08-25": 0.5}, "paperFoil": {}}, "printings": ["E01", "M12", "MM2", "PM12"], "rarity": "uncommon", "rulings": [], "scryfallId": "8af30f24-0b2a-4d18-a8d2-2edc2687bdf6", "scryfallIllustrationId": "c77cdf76-0b87-4572-a00e-f8a58aa0f1cb", "scryfallOracleId": "84e56125-3fbb-4229-8aa0-8f8acff27038", "subtypes": ["Human", "Berserker"], "supertypes": [], "tcgplayerProductId": 48132, "text": "Bloodthirst 2 (If an opponent was dealt damage this turn, this creature enters the battlefield with two +1/+1 counters on it.)\nMenace (This creature can't be blocked except by two or more creatures.)", "toughness": "1", "type": "Creature — Human Berserker", "types": ["Creature"], "uuid": "362e6a26-d764-5ba2-8e40-43c66922812c"}], "code": "PM12", "isFoilOnly": false, "isOnlineOnly": false, "keyruneCode": "M12", "meta": {"date": "2019-09-01", "pricesDate": "2019-09-01", "version": "4.5.0-rebuild.4"}, "name": "Magic 2012 Promos", "parentCode": "M12", "releaseDate": "2011-07-14", "tokens": [], "totalSetSize": 5, "translations": {}, "type": "promo"}