{"baseSetSize": 0, "cards": [{"artist": "Svetlin Velinov", "borderColor": "black", "colorIdentity": ["W"], "colors": ["W"], "convertedManaCost": 3.0, "edhrecRank": 8704, "foreignData": [], "frameVersion": "2015", "hasFoil": true, "hasNonFoil": false, "isMtgo": true, "isPaper": true, "isPromo": true, "isReprint": true, "isStarter": true, "layout": "normal", "legalities": {"commander": "Legal", "duel": "Legal", "legacy": "Legal", "modern": "Legal", "penny": "Legal", "vintage": "Legal"}, "manaCost": "{2}{W}", "mtgstocksId": 48813, "name": "Astral Drift", "number": "3", "prices": {"paper": {"2019-06-16": 3.7, "2019-06-23": 2.85, "2019-06-30": 2.5}, "paperFoil": {"2019-06-16": 9.47, "2019-06-23": 5.25, "2019-06-30": 3.64, "2019-07-07": 2.08, "2019-07-14": 2.0, "2019-07-21": 1.46, "2019-07-28": 1.09, "2019-08-04": 0.99, "2019-08-11": 0.93, "2019-08-18": 0.75, "2019-08-25": 0.74}}, "printings": ["MH1", "PMH1"], "rarity": "rare", "rulings": [{"date": "2019-06-14", "text": "Astral Drift’s triggered ability resolves before the cycling ability does. You won’t draw until after you choose the target and choose whether to exile the creature."}, {"date": "2019-06-14", "text": "If you cycle a card during a player’s end step, the exiled creature will remain exiled until the next turn’s end step."}, {"date": "2019-06-14", "text": "Auras attached to the exiled creature will be put into their owners’ graveyards. Equipment attached to the exiled creature will become unattached and remain on the battlefield. Any counters on the exiled creature will cease to exist. Once the exiled creature returns, it’s considered a new object with no relation to the object that it was."}, {"date": "2019-06-14", "text": "If a token is exiled this way, it will cease to exist and won’t return to the battlefield."}], "scryfallId": "f3acc9b9-b89c-4a45-b49e-c414cfa9db48", "scryfallIllustrationId": "aafa5d7e-401c-4bed-9430-b5ccd536cdea", "scryfallOracleId": "7aa5db50-5057-45fd-bce9-fb4a5e874263", "subtypes": [], "supertypes": [], "tcgplayerProductId": 192229, "text": "Whenever you cycle Astral Drift or cycle another card while Astral Drift is on the battlefield, you may exile target creature. If you do, return that card to the battlefield under its owner's control at the beginning of the next end step.\nCycling {2}{W} ({2}{W}, Discard this card: Draw a card.)", "type": "Enchantment", "types": ["Enchantment"], "uuid": "543216f8-53b7-521f-acb0-3876a2690bde"}], "code": "PMH1", "isFoilOnly": false, "isOnlineOnly": false, "keyruneCode": "MH1", "meta": {"date": "2019-09-01", "pricesDate": "2019-09-01", "version": "4.5.0-rebuild.4"}, "mtgoCode": "PMH1", "name": "Modern Horizons Promos", "parentCode": "MH1", "releaseDate": "2019-06-14", "tokens": [], "totalSetSize": 1, "translations": {}, "type": "promo"}