{"baseSetSize": 0, "cards": [{"artist": "UDON", "borderColor": "black", "colorIdentity": [], "colors": [], "convertedManaCost": 0.0, "foreignData": [], "frameVersion": "2015", "hand": "+1", "hasFoil": true, "hasNonFoil": true, "isMtgo": true, "isOnlineOnly": true, "isStarter": true, "layout": "vanguard", "legalities": {}, "life": "+7", "mtgoId": 19, "multiverseId": 182290, "name": "Akroma, Angel of Wrath Avatar", "number": "33", "originalText": "Whenever a creature enters the battlefield under your control, it gains two of the following abilities chosen at random: flying, first strike, trample, haste, protection from black, protection from red, and vigilance.", "originalType": "Vanguard", "printings": ["PMOA"], "rarity": "rare", "rulings": [], "scryfallId": "61b07ae0-44f5-4ffe-a33b-96885d4fc26b", "scryfallIllustrationId": "b919c0c7-a294-4044-8af0-ce5175b5cf27", "scryfallOracleId": "eaa10dee-89da-43eb-b339-1cf59e488344", "subtypes": [], "supertypes": [], "text": "Whenever a creature enters the battlefield under your control, it gains two abilities chosen at random from flying, first strike, trample, haste, protection from black, protection from red, and vigilance.", "type": "Vanguard", "types": ["Vanguard"], "uuid": "5f117976-7564-5b95-86b5-4e68e6b18b19"}, {"artist": "UDON", "borderColor": "black", "colorIdentity": [], "colors": [], "convertedManaCost": 0.0, "foreignData": [], "frameVersion": "2015", "hand": "+1", "hasFoil": true, "hasNonFoil": true, "isMtgo": true, "isOnlineOnly": true, "isStarter": true, "layout": "vanguard", "legalities": {}, "life": "-3", "mtgoId": 26957, "multiverseId": 182263, "name": "Arcanis, the Omnipotent Avatar", "number": "70", "originalText": "{X}, Return a creature you control with converted mana cost X to its owner's hand: Draw a number of cards chosen at random between 0 and X. X can't be 0.", "originalType": "Vanguard", "printings": ["PMOA"], "rarity": "rare", "rulings": [], "scryfallId": "f45a2a86-2453-4d04-be49-235f1c728a82", "scryfallIllustrationId": "f1f81390-7c3b-4592-8a51-68a120da3356", "scryfallOracleId": "bdbe0932-3152-414d-b378-a10e766788d1", "subtypes": [], "supertypes": [], "text": "{X}, Return a creature you control with converted mana cost X to its owner's hand: Draw a number of cards chosen at random between 0 and X. X can't be 0.", "type": "Vanguard", "types": ["Vanguard"], "uuid": "1589ba33-5881-5dc9-af4f-770bbe602a41"}, {"artist": "UDON", "borderColor": "black", "colorIdentity": [], "colors": [], "convertedManaCost": 0.0, "foreignData": [], "frameVersion": "2015", "hand": "+0", "hasFoil": true, "hasNonFoil": true, "isMtgo": true, "isOnlineOnly": true, "isStarter": true, "layout": "vanguard", "legalities": {}, "life": "+3", "mtgoId": 27, "multiverseId": 182296, "name": "Arcbound Overseer Avatar", "number": "42", "originalText": "At the beginning of your upkeep, you may put a +1/+1 counter on target creature you control.\nAt the beginning of your upkeep, you may put a charge counter on target permanent you control.", "originalType": "Vanguard", "printings": ["PMOA"], "rarity": "rare", "rulings": [], "scryfallId": "34407cd0-8708-4276-bcb0-8fe4fffff195", "scryfallIllustrationId": "0f5dcd03-12ac-4861-aab0-578b57e0d6f0", "scryfallOracleId": "362b3052-8893-41ff-9c5f-d6602177691a", "subtypes": [], "supertypes": [], "text": "At the beginning of your upkeep, you may put a +1/+1 counter on target creature you control.\nAt the beginning of your upkeep, you may put a charge counter on target permanent you control.", "type": "Vanguard", "types": ["Vanguard"], "uuid": "ef79819c-08ee-5810-8b22-c88e2fab126f"}, {"artist": "UDON", "borderColor": "black", "colorIdentity": [], "colors": [], "convertedManaCost": 0.0, "foreignData": [], "frameVersion": "2015", "hand": "-1", "hasFoil": true, "hasNonFoil": true, "isMtgo": true, "isOnlineOnly": true, "isStarter": true, "layout": "vanguard", "legalities": {}, "life": "+6", "mtgoId": 28161, "multiverseId": 182283, "name": "Ashling the Pilgrim Avatar", "number": "73", "originalText": "{2}: Ashling the Pilgrim deals 1 damage to each creature and each player.", "originalType": "Vanguard", "printings": ["PMOA"], "rarity": "rare", "rulings": [], "scryfallId": "aa4ca825-7e52-4f26-9ab8-b68a7e294182", "scryfallIllustrationId": "cf8df888-0cf4-4b74-81af-8bd9d4ca05d3", "scryfallOracleId": "f6c3facb-84ac-4dd9-bce9-6d2779c7f14e", "subtypes": [], "supertypes": [], "text": "{2}: Ashling the Pilgrim Avatar deals 1 damage to each creature and each player.", "type": "Vanguard", "types": ["Vanguard"], "uuid": "82af0f46-6c45-5fed-9268-4c0442aec5c5"}, {"artist": "UDON", "borderColor": "black", "colorIdentity": [], "colors": [], "convertedManaCost": 0.0, "foreignData": [], "frameVersion": "2015", "hand": "+1", "hasFoil": true, "hasNonFoil": true, "isMtgo": true, "isOnlineOnly": true, "isStarter": true, "layout": "vanguard", "legalities": {}, "life": "-3", "mtgoId": 29906, "multiverseId": 191134, "name": "Ashling, the Extinguisher Avatar", "number": "81", "originalText": "{5}: Destroy all nonland permanents. Activate this ability only once and only during your turn.", "originalType": "Vanguard", "printings": ["PMOA"], "rarity": "rare", "rulings": [], "scryfallId": "278be8fa-4547-45ea-8ce0-2ddfdfc0b904", "scryfallIllustrationId": "ba053c8c-6305-4e78-807f-e90f191a17f7", "scryfallOracleId": "c9c4dc2a-6696-4349-837f-8d17f2d5cf84", "subtypes": [], "supertypes": [], "text": "{5}: Destroy all nonland permanents. Activate this ability only once and only during your turn.", "type": "Vanguard", "types": ["Vanguard"], "uuid": "dd269c69-b83a-52be-aeb2-b6d190dc4236"}, {"artist": "UDON", "borderColor": "black", "colorIdentity": [], "colors": [], "convertedManaCost": 0.0, "foreignData": [], "frameVersion": "2015", "hand": "+0", "hasFoil": true, "hasNonFoil": true, "isMtgo": true, "isOnlineOnly": true, "isStarter": true, "layout": "vanguard", "legalities": {}, "life": "-3", "mtgoId": 35802, "multiverseId": 214824, "name": "Birds of Paradise Avatar", "number": "107", "originalText": "Lands you control have \"{T}: Add one mana of any color to your mana pool.\"", "originalType": "Vanguard", "printings": ["PMOA"], "rarity": "rare", "rulings": [], "scryfallId": "4c89ccd6-b75d-413b-88a5-76566e699889", "scryfallIllustrationId": "6c1937ab-f71a-412e-b9ad-4ae5d154dda9", "scryfallOracleId": "3a51a1e3-bb9f-4464-8878-22c1698b8db3", "subtypes": [], "supertypes": [], "text": "Lands you control have \"{T}: Add one mana of any color.\"", "type": "Vanguard", "types": ["Vanguard"], "uuid": "4663476f-5acf-50c1-9391-45333e04c642", "variations": ["6f57f5e0-9a27-54c7-af68-f9ac364f9314"]}, {"artist": "UDON", "borderColor": "black", "colorIdentity": [], "colors": [], "convertedManaCost": 0.0, "foreignData": [], "frameVersion": "2015", "hand": "+0", "hasFoil": true, "hasNonFoil": true, "isMtgo": true, "isOnlineOnly": true, "isStarter": true, "layout": "vanguard", "legalities": {}, "life": "-3", "mtgoId": 12, "multiverseId": 182291, "name": "Birds of Paradise Avatar", "number": "8", "originalText": "Lands you control have \"{T}: Add one mana of any color to your mana pool.\"", "originalType": "Vanguard", "printings": ["PMOA"], "rarity": "rare", "rulings": [], "scryfallId": "95dd2b9c-414a-411d-8bdc-44d4c780ebdb", "scryfallIllustrationId": "ab8fbb67-5e0b-41f3-b346-b1e7b607fc63", "scryfallOracleId": "3a51a1e3-bb9f-4464-8878-22c1698b8db3", "subtypes": [], "supertypes": [], "text": "Lands you control have \"{T}: Add one mana of any color.\"", "type": "Vanguard", "types": ["Vanguard"], "uuid": "6f57f5e0-9a27-54c7-af68-f9ac364f9314", "variations": ["4663476f-5acf-50c1-9391-45333e04c642"]}, {"artist": "UDON", "borderColor": "black", "colorIdentity": [], "colors": [], "convertedManaCost": 0.0, "foreignData": [], "frameVersion": "2015", "hand": "+0", "hasFoil": true, "hasNonFoil": true, "isMtgo": true, "isOnlineOnly": true, "isStarter": true, "layout": "vanguard", "legalities": {}, "life": "-2", "mtgoId": 24, "multiverseId": 182269, "name": "Bosh, Iron Golem Avatar", "number": "39", "originalText": "{X}, Sacrifice an artifact with converted mana cost X: Bosh, Iron Golem deals X damage to target creature or player.", "originalType": "Vanguard", "printings": ["PMOA"], "rarity": "rare", "rulings": [], "scryfallId": "204c9029-eb45-448b-b938-2b0ef46d2323", "scryfallIllustrationId": "dd78c01b-ac54-4b85-9643-d167d5955d56", "scryfallOracleId": "311ed4d8-1713-4a77-a9a7-b9dad7c10b1f", "subtypes": [], "supertypes": [], "text": "{X}, Sacrifice an artifact with converted mana cost X: Bosh, Iron Golem Avatar deals X damage to any target.", "type": "Vanguard", "types": ["Vanguard"], "uuid": "831748e6-fda5-5d1a-a93a-3dd27fafbd69"}, {"artist": "UDON", "borderColor": "black", "colorIdentity": [], "colors": [], "convertedManaCost": 0.0, "foreignData": [], "frameVersion": "2015", "hand": "+0", "hasFoil": true, "hasNonFoil": true, "isMtgo": true, "isOnlineOnly": true, "isStarter": true, "layout": "vanguard", "legalities": {}, "life": "+3", "mtgoId": 24848, "multiverseId": 182272, "name": "Braids, Conjurer Adept Avatar", "number": "66", "originalText": "{2}: Each player may put a land card from his or her hand onto the battlefield tapped.\n{3}: Each player may put a noncreature artifact card from his or her hand onto the battlefield.\n{4}: Each player may put a creature card from his or her hand onto the battlefield. Activate this ability only any time you could cast a sorcery.", "originalType": "Vanguard", "printings": ["PMOA"], "rarity": "rare", "rulings": [], "scryfallId": "8379e292-3fe4-4f14-ad1b-c98d6d0c03c1", "scryfallIllustrationId": "2001d954-4f03-48bd-9cdf-ad31f4a52b1e", "scryfallOracleId": "f8a02f35-7846-40bc-960e-11198b314fb8", "subtypes": [], "supertypes": [], "text": "{2}: Each player may put a land card from their hand onto the battlefield tapped.\n{3}: Each player may put a noncreature artifact card from their hand onto the battlefield.\n{4}: Each player may put a creature card from their hand onto the battlefield. Activate this ability only any time you could cast a sorcery.", "type": "Vanguard", "types": ["Vanguard"], "uuid": "d3394388-9e89-58fc-a18c-bd72cc86a60b"}, {"artist": "UDON", "borderColor": "black", "colorIdentity": [], "colors": [], "convertedManaCost": 0.0, "foreignData": [], "frameVersion": "2015", "hand": "-1", "hasFoil": true, "hasNonFoil": true, "isMtgo": true, "isOnlineOnly": true, "isStarter": true, "layout": "vanguard", "legalities": {}, "life": "+1", "mtgoId": 23963, "multiverseId": 182286, "name": "Chronatog Avatar", "number": "59", "originalText": "You have no maximum hand size.\n{0}: Draw three cards. You skip your next turn. Activate this ability only once each turn.", "originalType": "Vanguard", "printings": ["PMOA"], "rarity": "rare", "rulings": [], "scryfallId": "c1006c45-1335-4f3b-a86c-d9317e3f73e7", "scryfallIllustrationId": "aa785f93-f1f2-40f9-9d0c-b8a360c58690", "scryfallOracleId": "e106a9f6-8df7-429e-a1ae-e3f3ae1520a3", "subtypes": [], "supertypes": [], "text": "You have no maximum hand size.\n{0}: Draw three cards. You skip your next turn. Activate this ability only once each turn.", "type": "Vanguard", "types": ["Vanguard"], "uuid": "5bfffd43-0923-5967-9e48-f7bbe80039c4"}, {"artist": "UDON", "borderColor": "black", "colorIdentity": [], "colors": [], "convertedManaCost": 0.0, "foreignData": [], "frameVersion": "2015", "hand": "+1", "hasFoil": true, "hasNonFoil": true, "isMtgo": true, "isOnlineOnly": true, "isStarter": true, "layout": "vanguard", "legalities": {}, "life": "+0", "mtgoId": 26959, "multiverseId": 182273, "name": "Dakkon Blackblade Avatar", "number": "72", "originalText": "You may play any colored card from your hand as a copy of a basic land card chosen at random that can produce mana of one of the card's colors.", "originalType": "Vanguard", "printings": ["PMOA"], "rarity": "rare", "rulings": [], "scryfallId": "0c8f1dae-d892-4c93-94be-ea1f7ff5e6d4", "scryfallIllustrationId": "6603f867-48e5-4e35-a8df-897e73df431e", "scryfallOracleId": "43e77b55-b1bf-414e-aee9-bbff7377c13e", "subtypes": [], "supertypes": [], "text": "You may play any colored card from your hand as a copy of a basic land card chosen at random that can produce mana of one of the card's colors.", "type": "Vanguard", "types": ["Vanguard"], "uuid": "4132c491-cd06-5b39-84cf-06efdc4157ca"}, {"artist": "UDON", "borderColor": "black", "colorIdentity": [], "colors": [], "convertedManaCost": 0.0, "foreignData": [], "frameVersion": "2015", "hand": "+1", "hasFoil": true, "hasNonFoil": true, "isMtgo": true, "isOnlineOnly": true, "isStarter": true, "layout": "vanguard", "legalities": {}, "life": "+1", "mtgoId": 32208, "multiverseId": 201898, "name": "Dauntless Escort Avatar", "number": "94", "originalText": "Creatures you control have exalted.", "originalType": "Vanguard", "printings": ["PMOA"], "rarity": "rare", "rulings": [], "scryfallId": "58d2fc1a-e3d7-4e4b-a4e3-e3f645deb9d5", "scryfallIllustrationId": "0d4547a7-2bb4-422e-ba4f-40fc9f236b61", "scryfallOracleId": "6df0021c-4ba3-47fd-bf5f-c0c9c393e49f", "subtypes": [], "supertypes": [], "text": "Creatures you control have exalted. (Whenever a creature you control attacks alone, it gets +1/+1 until end of turn for each instance of exalted among permanents you control.)", "type": "Vanguard", "types": ["Vanguard"], "uuid": "03e9bbc6-e55c-5c3f-9864-d2fae7d1480b"}, {"artist": "UDON", "borderColor": "black", "colorIdentity": [], "colors": [], "convertedManaCost": 0.0, "foreignData": [], "frameVersion": "2015", "hand": "+0", "hasFoil": true, "hasNonFoil": true, "isMtgo": true, "isOnlineOnly": true, "isStarter": true, "layout": "vanguard", "legalities": {}, "life": "+5", "mtgoId": 24833, "multiverseId": 182274, "name": "Diamond Faerie Avatar", "number": "63", "originalText": "{S}: Target creature you control gets +1/+1 until end of turn.", "originalType": "Vanguard", "printings": ["PMOA"], "rarity": "rare", "rulings": [], "scryfallId": "37fe288a-7892-440b-bd01-2420e3997406", "scryfallIllustrationId": "cab23545-dc42-4c4b-ad97-2fec308a1799", "scryfallOracleId": "ccec9306-f1c0-4c24-89c0-40163ba22e66", "subtypes": [], "supertypes": [], "text": "{S}: Target creature you control gets +1/+1 until end of turn.", "type": "Vanguard", "types": ["Vanguard"], "uuid": "02233d06-d042-5add-9425-42038db3020a"}, {"artist": "UDON", "borderColor": "black", "colorIdentity": [], "colors": [], "convertedManaCost": 0.0, "foreignData": [], "frameVersion": "2015", "hand": "+2", "hasFoil": true, "hasNonFoil": true, "isMtgo": true, "isOnlineOnly": true, "isStarter": true, "layout": "vanguard", "legalities": {}, "life": "-3", "mtgoId": 30, "multiverseId": 182294, "name": "Eight-and-a-Half-Tails Avatar", "number": "45", "originalText": "{1}: Until end of turn, target permanent you control gains protection from a color chosen at random from colors it doesn't have protection from.", "originalType": "Vanguard", "printings": ["PMOA"], "rarity": "rare", "rulings": [], "scryfallId": "b9111c4f-2026-488a-955b-0f021c1deef1", "scryfallIllustrationId": "34c8e87a-aebf-44e7-8ab4-47598a5beab9", "scryfallOracleId": "108669ed-bc2e-4147-9d74-f4ae52e35091", "subtypes": [], "supertypes": [], "text": "{1}: Until end of turn, target permanent you control gains protection from a color chosen at random from colors it doesn't have protection from.", "type": "Vanguard", "types": ["Vanguard"], "uuid": "91b81f1e-2b0b-5389-ba9d-e5d042edba13"}, {"artist": "UDON", "borderColor": "black", "colorIdentity": [], "colors": [], "convertedManaCost": 0.0, "foreignData": [], "frameVersion": "2015", "hand": "-1", "hasFoil": true, "hasNonFoil": true, "isMtgo": true, "isOnlineOnly": true, "isStarter": true, "layout": "vanguard", "legalities": {}, "life": "+2", "mtgoId": 31499, "multiverseId": 195137, "name": "Eladamri, Lord of Leaves Avatar", "number": "88", "originalText": "At the beginning of each player's precombat main phase, that player adds {G}{G} to his or her mana pool.", "originalType": "Vanguard", "printings": ["PMOA"], "rarity": "rare", "rulings": [], "scryfallId": "451024c1-0ab4-473a-90c5-fd853423a487", "scryfallIllustrationId": "c033213b-c5d5-4929-a59f-2be584cc9e1c", "scryfallOracleId": "dcd8b9d4-c76a-4cad-8d43-13e42fb65bd6", "subtypes": [], "supertypes": [], "text": "At the beginning of each player's precombat main phase, that player adds {G}{G}.", "type": "Vanguard", "types": ["Vanguard"], "uuid": "0dab360b-1370-5b64-a70e-ce8c736d14f6"}, {"artist": "UDON", "borderColor": "black", "colorIdentity": [], "colors": [], "convertedManaCost": 0.0, "foreignData": [], "frameVersion": "2015", "hand": "+0", "hasFoil": true, "hasNonFoil": true, "isMtgo": true, "isOnlineOnly": true, "isStarter": true, "layout": "vanguard", "legalities": {}, "life": "-5", "mtgoId": 22, "multiverseId": 182299, "name": "Elvish Champion Avatar", "number": "37", "originalText": "You begin the game with a 1/1 green Elf creature token on the battlefield that has \"{T}: Add {G} to your mana pool.\"", "originalType": "Vanguard", "printings": ["PMOA"], "rarity": "rare", "rulings": [], "scryfallId": "9c26e6bd-855c-43a4-a195-492b3acce5c3", "scryfallIllustrationId": "913e2c6a-59c1-4610-86cf-a85702cb24c1", "scryfallOracleId": "1560bee0-7e44-47c2-85f3-4b5457cfc668", "subtypes": [], "supertypes": [], "text": "You begin the game with a 1/1 green Elf creature token on the battlefield. It has \"{T}: Add {G}.\"", "type": "Vanguard", "types": ["Vanguard"], "uuid": "adef3437-4229-5082-9d9e-b32daf4a243c"}, {"artist": "UDON", "borderColor": "black", "colorIdentity": [], "colors": [], "convertedManaCost": 0.0, "foreignData": [], "frameVersion": "2015", "hand": "+0", "hasFoil": true, "hasNonFoil": true, "isMtgo": true, "isOnlineOnly": true, "isStarter": true, "layout": "vanguard", "legalities": {}, "life": "+5", "mtgoId": 32209, "multiverseId": 201901, "name": "Enigma Sphinx Avatar", "number": "95", "originalText": "Whenever you cast a colored artifact spell for the first time in a turn, search your library for a colored artifact card chosen at random whose converted mana cost is less than that spell's converted mana cost. You may cast that card without paying its mana cost. If you don't, put that card on the bottom of your library.", "originalType": "Vanguard", "printings": ["PMOA"], "rarity": "rare", "rulings": [], "scryfallId": "c00ba350-2495-4246-8fdc-ed57b0c9884e", "scryfallIllustrationId": "8fb75004-1690-4b16-8720-2808712204f6", "scryfallOracleId": "139efb5c-55a1-4890-9212-ac2e8ea4ee7d", "subtypes": [], "supertypes": [], "text": "Whenever you cast a colored artifact spell for the first time each turn, search your library for a colored artifact card chosen at random whose converted mana cost is less than that spell's converted mana cost. You may play that card without paying its mana cost. If you don't, put that card on the bottom of your library.", "type": "Vanguard", "types": ["Vanguard"], "uuid": "29d6a3cc-46b9-5180-bebd-2d2d6d81ebb5"}, {"artist": "UDON", "borderColor": "black", "colorIdentity": [], "colors": [], "convertedManaCost": 0.0, "foreignData": [], "frameVersion": "2015", "hand": "+0", "hasFoil": true, "hasNonFoil": true, "isMtgo": true, "isOnlineOnly": true, "isStarter": true, "layout": "vanguard", "legalities": {}, "life": "+3", "mtgoId": 33436, "multiverseId": 182259, "name": "Erhnam Djinn Avatar", "number": "27", "originalText": "Whenever you cast a creature spell, put a 1/1 green Saproling creature token onto the battlefield.", "originalType": "Vanguard", "printings": ["PMOA"], "rarity": "rare", "rulings": [], "scryfallId": "a8baad11-ea40-49b4-ab25-6563e5621aab", "scryfallIllustrationId": "449ccc45-86da-4461-b18a-e36340b31988", "scryfallOracleId": "5bb2e22d-4d7f-40d7-acc4-8b7e6326549a", "subtypes": [], "supertypes": [], "text": "Whenever you cast a creature spell, create a 1/1 green Saproling creature token.", "type": "Vanguard", "types": ["Vanguard"], "uuid": "af87d1ea-e442-54e2-ad63-d78a4c9a574b", "variations": ["a4a828f8-5181-5450-be40-7341bba777b6"]}, {"artist": "UDON", "borderColor": "black", "colorIdentity": [], "colors": [], "convertedManaCost": 0.0, "foreignData": [], "frameVersion": "2015", "hand": "+0", "hasFoil": true, "hasNonFoil": true, "isMtgo": true, "isOnlineOnly": true, "isStarter": true, "layout": "vanguard", "legalities": {}, "life": "+3", "mtgoId": 16, "multiverseId": 210148, "name": "Erhnam Djinn Avatar", "number": "28", "originalText": "Whenever you cast a creature spell, put a 1/1 green Saproling creature token onto the battlefield.", "originalType": "Vanguard", "printings": ["PMOA"], "rarity": "rare", "rulings": [], "scryfallId": "e1f90570-f001-4612-8780-838a6ef9ab49", "scryfallIllustrationId": "d358ddbb-a29a-458f-976f-e45e0cab0fbc", "scryfallOracleId": "5bb2e22d-4d7f-40d7-acc4-8b7e6326549a", "subtypes": [], "supertypes": [], "text": "Whenever you cast a creature spell, create a 1/1 green Saproling creature token.", "type": "Vanguard", "types": ["Vanguard"], "uuid": "a4a828f8-5181-5450-be40-7341bba777b6", "variations": ["af87d1ea-e442-54e2-ad63-d78a4c9a574b"]}, {"artist": "UDON", "borderColor": "black", "colorIdentity": [], "colors": [], "convertedManaCost": 0.0, "foreignData": [], "frameVersion": "2015", "hand": "+1", "hasFoil": true, "hasNonFoil": true, "isMtgo": true, "isOnlineOnly": true, "isStarter": true, "layout": "vanguard", "legalities": {}, "life": "-4", "mtgoId": 29, "multiverseId": 182298, "name": "Etched Oracle Avatar", "number": "44", "originalText": "You may pay {W}{U}{B}{R}{G} rather than pay the mana cost for spells that you cast.", "originalType": "Vanguard", "printings": ["PMOA"], "rarity": "rare", "rulings": [], "scryfallId": "8fb54be2-b9c5-4433-a198-4b935979718a", "scryfallIllustrationId": "7af072b2-cbed-4cbd-941a-681148979939", "scryfallOracleId": "731113a2-1366-41a4-9a34-61400ab3aa92", "subtypes": [], "supertypes": [], "text": "You may pay {W}{U}{B}{R}{G} rather than pay the mana cost for spells that you cast.", "type": "Vanguard", "types": ["Vanguard"], "uuid": "8a53db35-2ae5-5617-9100-70552d9a1acc"}, {"artist": "UDON", "borderColor": "black", "colorIdentity": [], "colors": [], "convertedManaCost": 0.0, "foreignData": [], "frameVersion": "2015", "hand": "+0", "hasFoil": true, "hasNonFoil": true, "isMtgo": true, "isOnlineOnly": true, "isStarter": true, "layout": "vanguard", "legalities": {}, "life": "-5", "mtgoId": 13, "multiverseId": 182303, "name": "Fallen Angel Avatar", "number": "9", "originalText": "Whenever a creature you control is put into a graveyard from the battlefield, target opponent loses 1 life and you gain 1 life.", "originalType": "Vanguard", "printings": ["PMOA"], "rarity": "rare", "rulings": [], "scryfallId": "0579e0b6-ef44-423c-b3da-7c1fbb503a04", "scryfallIllustrationId": "9f3534f7-3837-48ea-8dc7-c3a0c8e46d9c", "scryfallOracleId": "3c06f0f8-c069-4354-bf7e-031c9e50b224", "subtypes": [], "supertypes": [], "text": "Whenever a creature you control dies, target opponent loses 1 life and you gain 1 life.", "type": "Vanguard", "types": ["Vanguard"], "uuid": "42d49517-974a-51d2-a385-8b483a934a08"}, {"artist": "UDON", "borderColor": "black", "colorIdentity": [], "colors": [], "convertedManaCost": 0.0, "foreignData": [], "frameVersion": "2015", "hand": "+0", "hasFoil": true, "hasNonFoil": true, "isMtgo": true, "isOnlineOnly": true, "isStarter": true, "layout": "vanguard", "legalities": {}, "life": "+3", "mtgoId": 29907, "multiverseId": 191136, "name": "Figure of Destiny Avatar", "number": "82", "originalText": "{X}: Put a +1/+1 counter on target creature with fewer than X +1/+1 counters on it.", "originalType": "Vanguard", "printings": ["PMOA"], "rarity": "rare", "rulings": [], "scryfallId": "883796ed-e00a-4d09-84d4-4bde230982da", "scryfallIllustrationId": "b053e41f-bdc9-4801-b6e3-82d012c3d150", "scryfallOracleId": "4920fd37-35d5-4e31-a6b8-3fb7492aaa38", "subtypes": [], "supertypes": [], "text": "{X}: Put a +1/+1 counter on target creature with fewer than X +1/+1 counters on it.", "type": "Vanguard", "types": ["Vanguard"], "uuid": "3752b6f7-efff-56c2-8260-a72110e181b5"}, {"artist": "UDON", "borderColor": "black", "colorIdentity": [], "colors": [], "convertedManaCost": 0.0, "foreignData": [], "frameVersion": "2015", "hand": "+0", "hasFoil": true, "hasNonFoil": true, "isMtgo": true, "isOnlineOnly": true, "isStarter": true, "layout": "vanguard", "legalities": {}, "life": "-6", "mtgoId": 14, "multiverseId": 182280, "name": "Flametongue Kavu Avatar", "number": "14", "originalText": "Whenever a nontoken creature enters the battlefield under your control, that creature deals X damage to target creature, where X is a number chosen at random from 0 to 4.", "originalType": "Vanguard", "printings": ["PMOA"], "rarity": "rare", "rulings": [], "scryfallId": "caedaf39-8a0c-47a6-af69-e69769f77fb8", "scryfallIllustrationId": "bd992256-5613-4a31-a559-76b2d911fbfa", "scryfallOracleId": "c69c410e-dabc-422c-9b3e-8efeec6daa7a", "subtypes": [], "supertypes": [], "text": "Whenever a nontoken creature enters the battlefield under your control, that creature deals X damage to target creature, where X is a number chosen at random from 0 to 4.", "type": "Vanguard", "types": ["Vanguard"], "uuid": "c5ed0b60-2d4d-5203-ace8-37a59c188a49"}, {"artist": "UDON", "borderColor": "black", "colorIdentity": [], "colors": [], "convertedManaCost": 0.0, "foreignData": [], "frameVersion": "2015", "hand": "-1", "hasFoil": true, "hasNonFoil": true, "isMtgo": true, "isOnlineOnly": true, "isStarter": true, "layout": "vanguard", "legalities": {}, "life": "-3", "mtgoId": 38, "multiverseId": 182275, "name": "Frenetic Efreet Avatar", "number": "53", "originalText": "Permanents you control have phasing.\nAt the beginning of your end step, flip a coin. If you win the flip, take an extra turn after this one.", "originalType": "Vanguard", "printings": ["PMOA"], "rarity": "rare", "rulings": [], "scryfallId": "3b81d1a1-487d-40b7-88f5-691d2a01dad5", "scryfallIllustrationId": "ca12d67d-86fc-4023-990b-a73e18ceb210", "scryfallOracleId": "df33f381-ff74-4ef2-8396-443019590006", "subtypes": [], "supertypes": [], "text": "Each permanent you control has phasing. (It phases in or out before you untap during each of your untap steps. While it's phased out, it's treated as though it doesn't exist.)\nAt the beginning of your end step, flip a coin. If you win the flip, take an extra turn after this one.", "type": "Vanguard", "types": ["Vanguard"], "uuid": "57710562-f561-56c2-889f-813355e9752a"}, {"artist": "UDON", "borderColor": "black", "colorIdentity": [], "colors": [], "convertedManaCost": 0.0, "foreignData": [], "frameVersion": "2015", "hand": "+1", "hasFoil": true, "hasNonFoil": true, "isMtgo": true, "isOnlineOnly": true, "isStarter": true, "layout": "vanguard", "legalities": {}, "life": "+2", "mtgoId": 33434, "multiverseId": 182251, "name": "Goblin Warchief Avatar", "number": "5", "originalText": "Attacking creatures you control get +1/+0.", "originalType": "Vanguard", "printings": ["PMOA"], "rarity": "rare", "rulings": [], "scryfallId": "722154bb-6508-4d6f-8cfb-23b69b29a653", "scryfallIllustrationId": "750921dc-f39a-4050-a061-0dff5f2863e1", "scryfallOracleId": "94701ec4-4cd3-46cc-a2fc-7ab3642ed247", "subtypes": [], "supertypes": [], "text": "Attacking creatures you control get +1/+0.", "type": "Vanguard", "types": ["Vanguard"], "uuid": "6e90b44c-8361-5f57-b7e5-e8a56682ddf8", "variations": ["92d2b6d0-89cd-52d8-bf4e-77b3c8b93857"]}, {"artist": "UDON", "borderColor": "black", "colorIdentity": [], "colors": [], "convertedManaCost": 0.0, "foreignData": [], "frameVersion": "2015", "hand": "+1", "hasFoil": true, "hasNonFoil": true, "isMtgo": true, "isOnlineOnly": true, "isStarter": true, "layout": "vanguard", "legalities": {}, "life": "+2", "mtgoId": 10, "multiverseId": 210149, "name": "Goblin Warchief Avatar", "number": "6", "originalText": "Attacking creatures you control get +1/+0.", "originalType": "Vanguard", "printings": ["PMOA"], "rarity": "rare", "rulings": [], "scryfallId": "96501e4f-9431-4f26-af4f-b7cbc52dcda9", "scryfallIllustrationId": "4e78a572-ac11-4fc1-a811-ac84079a753f", "scryfallOracleId": "94701ec4-4cd3-46cc-a2fc-7ab3642ed247", "subtypes": [], "supertypes": [], "text": "Attacking creatures you control get +1/+0.", "type": "Vanguard", "types": ["Vanguard"], "uuid": "92d2b6d0-89cd-52d8-bf4e-77b3c8b93857", "variations": ["6e90b44c-8361-5f57-b7e5-e8a56682ddf8"]}, {"artist": "UDON", "borderColor": "black", "colorIdentity": [], "colors": [], "convertedManaCost": 0.0, "foreignData": [], "frameVersion": "2015", "hand": "-1", "hasFoil": true, "hasNonFoil": true, "isMtgo": true, "isOnlineOnly": true, "isStarter": true, "layout": "vanguard", "legalities": {}, "life": "-2", "mtgoId": 17, "multiverseId": 182304, "name": "Grinning Demon Avatar", "number": "29", "originalText": "Whenever a nontoken creature you control is put into a graveyard from the battlefield, target opponent discards a card.", "originalType": "Vanguard", "printings": ["PMOA"], "rarity": "rare", "rulings": [], "scryfallId": "ef796e41-acbf-414f-9a19-187d4b7eb3ff", "scryfallIllustrationId": "0d399533-24f1-44e3-a7b2-5118c65c6f07", "scryfallOracleId": "bf896f7e-2708-4276-a845-c61d84bc5f1e", "subtypes": [], "supertypes": [], "text": "Whenever a nontoken creature you control dies, target opponent discards a card.", "type": "Vanguard", "types": ["Vanguard"], "uuid": "3e0c49e3-41f8-55ac-aa6d-9520dc72d6b1", "variations": ["ef1ca69a-9ec2-5ec5-b982-6c23094053ea"]}, {"artist": "UDON", "borderColor": "black", "colorIdentity": [], "colors": [], "convertedManaCost": 0.0, "foreignData": [], "frameVersion": "2015", "hand": "-1", "hasFoil": true, "hasNonFoil": true, "isMtgo": true, "isOnlineOnly": true, "isStarter": true, "layout": "vanguard", "legalities": {}, "life": "-2", "mtgoId": 33437, "multiverseId": 210150, "name": "Grinning Demon Avatar", "number": "30", "originalText": "Whenever a nontoken creature you control is put into a graveyard from the battlefield, target opponent discards a card.", "originalType": "Vanguard", "printings": ["PMOA"], "rarity": "rare", "rulings": [], "scryfallId": "73f534a7-09df-4400-96c2-cb38d9dc99fe", "scryfallIllustrationId": "9bbca659-9c77-46ae-9c9e-fb344d471d84", "scryfallOracleId": "bf896f7e-2708-4276-a845-c61d84bc5f1e", "subtypes": [], "supertypes": [], "text": "Whenever a nontoken creature you control dies, target opponent discards a card.", "type": "Vanguard", "types": ["Vanguard"], "uuid": "ef1ca69a-9ec2-5ec5-b982-6c23094053ea", "variations": ["3e0c49e3-41f8-55ac-aa6d-9520dc72d6b1"]}, {"artist": "UDON", "borderColor": "black", "colorIdentity": [], "colors": [], "convertedManaCost": 0.0, "foreignData": [], "frameVersion": "2015", "hand": "+0", "hasFoil": true, "hasNonFoil": true, "isMtgo": true, "isOnlineOnly": true, "isStarter": true, "layout": "vanguard", "legalities": {}, "life": "-3", "mtgoId": 24832, "multiverseId": 182287, "name": "Haakon, Stromgald Scourge Avatar", "number": "62", "originalText": "Pay 1 life: You may play target creature card in your graveyard this turn.\nWhenever you play a creature card from your graveyard, it becomes a black Zombie Knight.\nIf a Zombie Knight would be put into your graveyard from the battlefield, exile it instead.", "originalType": "Vanguard", "printings": ["PMOA"], "rarity": "rare", "rulings": [], "scryfallId": "66905887-18f4-4aaa-8668-802462a4c32b", "scryfallIllustrationId": "58db1bab-e1b0-415f-86a7-66f578d56b27", "scryfallOracleId": "3f8db031-27c8-4051-a221-3c7d20695ce6", "subtypes": [], "supertypes": [], "text": "Pay 1 life: You may play target creature card in your graveyard this turn.\nWhenever you play a creature card from your graveyard, it becomes a black Zombie Knight.\nIf a Zombie Knight would be put into your graveyard from the battlefield, exile it instead.", "type": "Vanguard", "types": ["Vanguard"], "uuid": "8b291fa9-e2a1-5036-9de7-37598dff5fc6"}, {"artist": "UDON", "borderColor": "black", "colorIdentity": [], "colors": [], "convertedManaCost": 0.0, "foreignData": [], "frameVersion": "2015", "hand": "-1", "hasFoil": true, "hasNonFoil": true, "isMtgo": true, "isOnlineOnly": true, "isStarter": true, "layout": "vanguard", "legalities": {}, "life": "+4", "mtgoId": 26560, "multiverseId": 182257, "name": "Heartwood Storyteller Avatar", "number": "68", "originalText": "The first creature spell you cast each turn costs {1} less to cast.\nThe first noncreature spell each opponent casts each turn costs {1} more to cast.", "originalType": "Vanguard", "printings": ["PMOA"], "rarity": "rare", "rulings": [], "scryfallId": "b45e4509-907a-4219-bcfd-f06bedae43ff", "scryfallIllustrationId": "4162b9c8-3f7e-48dc-83ad-ecf23e8014b2", "scryfallOracleId": "96a78b38-114e-4048-943a-a8173d5cb214", "subtypes": [], "supertypes": [], "text": "The first creature spell you cast each turn costs {1} less to cast.\nThe first noncreature spell each opponent casts each turn costs {1} more to cast.", "type": "Vanguard", "types": ["Vanguard"], "uuid": "6f26a69b-d49a-5854-ace1-d41a057eedb9"}, {"artist": "UDON", "borderColor": "black", "colorIdentity": [], "colors": [], "convertedManaCost": 0.0, "foreignData": [], "frameVersion": "2015", "hand": "-1", "hasFoil": true, "hasNonFoil": true, "isMtgo": true, "isOnlineOnly": true, "isStarter": true, "layout": "vanguard", "legalities": {}, "life": "-4", "mtgoId": 36, "multiverseId": 182264, "name": "Hell's Caretaker Avatar", "number": "51", "originalText": "{3}, Sacrifice a creature: Return target creature card from your graveyard to the battlefield.", "originalType": "Vanguard", "printings": ["PMOA"], "rarity": "rare", "rulings": [], "scryfallId": "80cab161-0ea9-434c-8eef-3edb620020bc", "scryfallIllustrationId": "881268e0-ade9-4481-a1e8-96dab1eaa331", "scryfallOracleId": "1b035589-31eb-49a8-9677-692547091ba7", "subtypes": [], "supertypes": [], "text": "{3}, Sacrifice a creature: Return target creature card from your graveyard to the battlefield.", "type": "Vanguard", "types": ["Vanguard"], "uuid": "82b53406-1bdf-5b3d-b0d5-0d09db52cdd6"}, {"artist": "UDON", "borderColor": "black", "colorIdentity": [], "colors": [], "convertedManaCost": 0.0, "foreignData": [], "frameVersion": "2015", "hand": "-2", "hasFoil": true, "hasNonFoil": true, "isMtgo": true, "isOnlineOnly": true, "isStarter": true, "layout": "vanguard", "legalities": {}, "life": "-2", "mtgoId": 32102, "multiverseId": 201076, "name": "Hermit Druid Avatar", "number": "93", "originalText": "At the beginning of your upkeep, put a land card from your library chosen at random onto the battlefield.", "originalType": "Vanguard", "printings": ["PMOA"], "rarity": "rare", "rulings": [], "scryfallId": "8a07b3b2-0354-4026-9c7d-24ce06048271", "scryfallIllustrationId": "1cd43607-0cce-4873-a5d8-a9381981704b", "scryfallOracleId": "e09485a8-fbdc-4acf-a0c8-43963bd2819f", "subtypes": [], "supertypes": [], "text": "At the beginning of your upkeep, put a land card from your library chosen at random onto the battlefield.", "type": "Vanguard", "types": ["Vanguard"], "uuid": "748c9021-80f1-516b-937b-bc66bfd95690"}, {"artist": "UDON", "borderColor": "black", "colorIdentity": [], "colors": [], "convertedManaCost": 0.0, "foreignData": [], "frameVersion": "2015", "hand": "-1", "hasFoil": true, "hasNonFoil": true, "isMtgo": true, "isOnlineOnly": true, "isStarter": true, "layout": "vanguard", "legalities": {}, "life": "+3", "mtgoId": 32, "multiverseId": 182270, "name": "Higure, the Still Wind Avatar", "number": "47", "originalText": "Whenever a nontoken creature you control deals combat damage to an opponent, choose a creature card at random from your library, reveal that card, and put it into your hand. Then shuffle your library.", "originalType": "Vanguard", "printings": ["PMOA"], "rarity": "rare", "rulings": [], "scryfallId": "c0d7faf6-b288-4d5a-94e6-6a4f8ba75f9c", "scryfallIllustrationId": "3dee8639-ac06-4b7f-8c2d-0c619a532846", "scryfallOracleId": "9e3e8fdf-7c88-4080-861a-0e87cbc7d068", "subtypes": [], "supertypes": [], "text": "Whenever a nontoken creature you control deals combat damage to an opponent, choose a creature card at random from your library, reveal that card, and put it into your hand. Then shuffle your library.", "type": "Vanguard", "types": ["Vanguard"], "uuid": "df78590f-6572-5159-8699-491511f71847"}, {"artist": "UDON", "borderColor": "black", "colorIdentity": [], "colors": [], "convertedManaCost": 0.0, "foreignData": [], "frameVersion": "2015", "hand": "+0", "hasFoil": true, "hasNonFoil": true, "isMtgo": true, "isOnlineOnly": true, "isStarter": true, "layout": "vanguard", "legalities": {}, "life": "-3", "mtgoId": 33, "multiverseId": 182268, "name": "Ink-Eyes, Servant of Oni Avatar", "number": "48", "originalText": "At the beginning of the game, look at target opponent's hand and choose a nonland card from it. That player discards that card.\n{X}, Pay X life: Put target creature card with converted mana cost X in an opponent's graveyard onto the battlefield under your control.", "originalType": "Vanguard", "printings": ["PMOA"], "rarity": "rare", "rulings": [], "scryfallId": "15713496-c400-4503-8ec2-972f49fce3ec", "scryfallIllustrationId": "65fe9d58-e717-4716-acfb-ec349ab8368b", "scryfallOracleId": "ea8a4fe4-d595-4d82-acb9-17f8734f3fe2", "subtypes": [], "supertypes": [], "text": "At the beginning of the game, look at target opponent's hand and choose a nonland card from it. That player discards that card.\n{X}, Pay X life: Put target creature card with converted mana cost X from an opponent's graveyard onto the battlefield under your control.", "type": "Vanguard", "types": ["Vanguard"], "uuid": "48234bdf-63fc-591d-abee-d4d2f19be1af"}, {"artist": "UDON", "borderColor": "black", "colorIdentity": [], "colors": [], "convertedManaCost": 0.0, "foreignData": [], "frameVersion": "2015", "hand": "+0", "hasFoil": true, "hasNonFoil": true, "isMtgo": true, "isOnlineOnly": true, "isStarter": true, "layout": "vanguard", "legalities": {}, "life": "+1", "mtgoId": 24846, "multiverseId": 182255, "name": "Jaya Ballard Avatar", "number": "64", "originalText": "{X}: Jaya Ballard deals an amount of damage chosen at random from 0 to X to target creature or player. Activate this ability only once each turn.", "originalType": "Vanguard", "printings": ["PMOA"], "rarity": "rare", "rulings": [], "scryfallId": "6c510dd9-9eca-4742-9d60-781b08f30c11", "scryfallIllustrationId": "cbaf322c-bd44-4ee6-a135-d4362f9ad8ab", "scryfallOracleId": "cda2022b-900e-4273-8aed-0951ec2155fb", "subtypes": [], "supertypes": [], "text": "{X}: Jaya Ballard Avatar deals an amount of damage chosen at random from 0 to X to any target. Activate this ability only once each turn.", "type": "Vanguard", "types": ["Vanguard"], "uuid": "e0568040-ffe3-5a0a-a4c8-67356d67ea58"}, {"artist": "UDON", "borderColor": "black", "colorIdentity": [], "colors": [], "convertedManaCost": 0.0, "foreignData": [], "frameVersion": "2015", "hand": "+1", "hasFoil": true, "hasNonFoil": true, "isMtgo": true, "isOnlineOnly": true, "isStarter": true, "layout": "vanguard", "legalities": {}, "life": "+0", "mtgoId": 26561, "multiverseId": 182252, "name": "Jhoira of the Ghitu Avatar", "number": "69", "originalText": "{3}, Discard a card: Copy three instant cards chosen at random. You may cast one of the copies without paying its mana cost.\n{3}, Discard a card: Copy three sorcery cards chosen at random. You may cast one of the copies without paying its mana cost. Activate this ability only any time you could cast a sorcery.", "originalType": "Vanguard", "printings": ["PMOA"], "rarity": "rare", "rulings": [], "scryfallId": "cd1c87eb-4974-4160-91bd-681e0a75a98e", "scryfallIllustrationId": "63d6daaa-5b66-4eae-8508-bf1f47ed8c17", "scryfallOracleId": "5dba9290-d617-4b93-b5b5-f45d801a5b7b", "subtypes": [], "supertypes": [], "text": "{3}, Discard a card: Copy three instant cards chosen at random. You may cast one of the copies without paying its mana cost.\n{3}, Discard a card: Copy three sorcery cards chosen at random. You may cast one of the copies without paying its mana cost. Activate this ability only any time you could cast a sorcery.", "type": "Vanguard", "types": ["Vanguard"], "uuid": "e8420dd1-1c77-56e9-a3aa-e0250a6b2455"}, {"artist": "UDON", "borderColor": "black", "colorIdentity": [], "colors": [], "convertedManaCost": 0.0, "foreignData": [], "frameVersion": "2015", "hand": "-1", "hasFoil": true, "hasNonFoil": true, "isMtgo": true, "isOnlineOnly": true, "isStarter": true, "layout": "vanguard", "legalities": {}, "life": "+8", "mtgoId": 20, "multiverseId": 182265, "name": "Karona, False God Avatar", "number": "34", "originalText": "At the beginning of your upkeep, exchange control of a permanent you control chosen at random and a permanent target opponent controls chosen at random.", "originalType": "Vanguard", "printings": ["PMOA"], "rarity": "rare", "rulings": [], "scryfallId": "e221e92b-98bb-40bc-a14d-005d9ee99d38", "scryfallIllustrationId": "7eb5604c-54f8-47f1-a8a0-95ed1a0c31cb", "scryfallOracleId": "83f800e5-c168-4fb5-b03d-5bef5d0d0ee6", "subtypes": [], "supertypes": [], "text": "At the beginning of your upkeep, exchange control of a permanent you control chosen at random and a permanent target opponent controls chosen at random.", "type": "Vanguard", "types": ["Vanguard"], "uuid": "b9ee966a-6afd-5915-a190-ed0ed0655dc5"}, {"artist": "UDON", "borderColor": "black", "colorIdentity": [], "colors": [], "convertedManaCost": 0.0, "foreignData": [], "frameVersion": "2015", "hand": "+1", "hasFoil": true, "hasNonFoil": true, "isMtgo": true, "isOnlineOnly": true, "isStarter": true, "layout": "vanguard", "legalities": {}, "life": "-3", "mtgoId": 30842, "multiverseId": 193854, "name": "Kresh the Bloodbraided Avatar", "number": "87", "originalText": "Whenever a creature you control is devoured, put an X/X green Ooze creature token onto the battlefield, where X is the devoured creature's power.", "originalType": "Vanguard", "printings": ["PMOA"], "rarity": "rare", "rulings": [], "scryfallId": "7d5b4648-5072-4e9e-902a-792706bff156", "scryfallIllustrationId": "756e9ff0-1401-4f43-b0b6-25b0daf36ce4", "scryfallOracleId": "545661d2-e2bd-4823-9cd3-90a8821cde51", "subtypes": [], "supertypes": [], "text": "Whenever a creature you control is devoured, create an X/X green Ooze creature token, where X is the devoured creature's power.", "type": "Vanguard", "types": ["Vanguard"], "uuid": "b5973111-e5af-50b7-ad12-146e8b93cce2"}, {"artist": "UDON", "borderColor": "black", "colorIdentity": [], "colors": [], "convertedManaCost": 0.0, "foreignData": [], "frameVersion": "2015", "hand": "+0", "hasFoil": true, "hasNonFoil": true, "isMtgo": true, "isOnlineOnly": true, "isStarter": true, "layout": "vanguard", "legalities": {}, "life": "+12", "mtgoId": 39, "multiverseId": 182266, "name": "Loxodon Hierarch Avatar", "number": "54", "originalText": "Sacrifice a permanent: Regenerate target creature you control.", "originalType": "Vanguard", "printings": ["PMOA"], "rarity": "rare", "rulings": [], "scryfallId": "4669fc77-6ecc-4688-84c2-30fe96ce8971", "scryfallIllustrationId": "afaceb46-54e8-4814-adb1-c96ad546682e", "scryfallOracleId": "53d302d0-92b4-408f-a22a-6a17116e441b", "subtypes": [], "supertypes": [], "text": "Sacrifice a permanent: Regenerate target creature you control.", "type": "Vanguard", "types": ["Vanguard"], "uuid": "5ce53c5b-326d-5637-ad09-c2ec4ebbe134"}, {"artist": "UDON", "borderColor": "black", "colorIdentity": [], "colors": [], "convertedManaCost": 0.0, "foreignData": [], "frameVersion": "2015", "hand": "-1", "hasFoil": true, "hasNonFoil": true, "isMtgo": true, "isOnlineOnly": true, "isStarter": true, "layout": "vanguard", "legalities": {}, "life": "-1", "mtgoId": 23964, "multiverseId": 182302, "name": "Lyzolda, the Blood Witch Avatar", "number": "60", "originalText": "Hellbent — As long as you have no cards in hand, if a source you control would deal damage to a creature or player, it deals double that damage to that creature or player instead.\nHellbent — At the beginning of your end step, if you have no cards in hand, each of your opponents discards a card.", "originalType": "Vanguard", "printings": ["PMOA"], "rarity": "rare", "rulings": [], "scryfallId": "d6c61a32-9981-4737-81aa-dee30a6b3287", "scryfallIllustrationId": "6fc8a6b9-9923-4e07-ac65-dc15f6e0d63e", "scryfallOracleId": "c5f82905-ffdf-4eb3-85b4-e54789364dd7", "subtypes": [], "supertypes": [], "text": "Hellbent — As long as you have no cards in hand, if a source you control would deal damage to a permanent or player, it deals double that damage to that permanent or player instead.\nHellbent — At the beginning of your end step, if you have no cards in hand, each of your opponents discards a card.", "type": "Vanguard", "types": ["Vanguard"], "uuid": "deab50e8-b824-510f-868c-f63c7a2e6099"}, {"artist": "UDON", "borderColor": "black", "colorIdentity": [], "colors": [], "convertedManaCost": 0.0, "foreignData": [], "frameVersion": "2015", "hand": "+0", "hasFoil": true, "hasNonFoil": true, "isMtgo": true, "isOnlineOnly": true, "isStarter": true, "layout": "vanguard", "legalities": {}, "life": "+5", "mtgoId": 31949, "multiverseId": 198628, "name": "Maelstrom Archangel Avatar", "number": "91", "originalText": "At end of combat, for each creature you controlled at the time it dealt combat damage to a player this turn, copy a random card with the same mana cost as that creature. You may pay {3}. If you do, choose one of those copies. If a copy of a permanent card is chosen, you may put a token onto the battlefield that's a copy of that card. If a copy of an instant or sorcery card is chosen, you may cast the copy without paying its mana cost.", "originalType": "Vanguard", "printings": ["PMOA"], "rarity": "rare", "rulings": [], "scryfallId": "2dcdbd4f-81dc-4959-8b11-be765b1b3267", "scryfallIllustrationId": "2876c385-83f3-4ab5-990f-9e32b6a6f551", "scryfallOracleId": "92350bb2-0ea2-43cf-bb74-08f2f8e28c13", "subtypes": [], "supertypes": [], "text": "At end of combat, for each creature you controlled at the time it dealt combat damage to a player this turn, copy a random card with the same mana cost as that creature. You may pay {3}. If you do, choose one of those copies. If a copy of a permanent card is chosen, you may create a token that's a copy of that card. If a copy of an instant or sorcery card is chosen, you may cast the copy without paying its mana cost.", "type": "Vanguard", "types": ["Vanguard"], "uuid": "4160dbbd-288d-5b59-8d78-58e01b7890f6"}, {"artist": "UDON", "borderColor": "black", "colorIdentity": [], "colors": [], "convertedManaCost": 0.0, "foreignData": [], "frameVersion": "2015", "hand": "+2", "hasFoil": true, "hasNonFoil": true, "isMtgo": true, "isOnlineOnly": true, "isStarter": true, "layout": "vanguard", "legalities": {}, "life": "-2", "mtgoId": 31948, "multiverseId": 198627, "name": "Malfegor Avatar", "number": "90", "originalText": "Whenever a creature enters the battlefield under your control, if it was unearthed, it gets +3/+0.\nWhenever a creature you control is exiled, if it was unearthed, shuffle that card into its owner's library.", "originalType": "Vanguard", "printings": ["PMOA"], "rarity": "rare", "rulings": [], "scryfallId": "f4bfa0c9-b5bf-4dde-bc76-a62db32150f6", "scryfallIllustrationId": "3eaef5a1-95d6-4a0a-8c3e-6bfa694ef8a0", "scryfallOracleId": "a7c26c12-ea89-4938-ad15-9f7b817ac518", "subtypes": [], "supertypes": [], "text": "Whenever a creature enters the battlefield under your control, if it was unearthed, it gets +3/+0.\nWhenever a creature you control is exiled, if it was unearthed, shuffle that card into its owner's library.", "type": "Vanguard", "types": ["Vanguard"], "uuid": "b79fef08-d963-5f50-9d77-87de8ef549cb"}, {"artist": "UDON", "borderColor": "black", "colorIdentity": [], "colors": [], "convertedManaCost": 0.0, "foreignData": [], "frameVersion": "2015", "hand": "+0", "hasFoil": true, "hasNonFoil": true, "isMtgo": true, "isOnlineOnly": true, "isStarter": true, "layout": "vanguard", "legalities": {}, "life": "-3", "mtgoId": 28942, "multiverseId": 182262, "name": "Maralen of the Mornsong Avatar", "number": "78", "originalText": "At the beginning of the game, you may pay any amount of life.\nYou can't draw cards.\nAt the beginning of your draw step, look at the top X cards of your library, where X is the amount of life paid with Maralen of the Mornsong. Put one of them into your hand, then shuffle your library.", "originalType": "Vanguard", "printings": ["PMOA"], "rarity": "rare", "rulings": [], "scryfallId": "7fba4bed-bd48-4329-bd4c-e56900f23729", "scryfallIllustrationId": "c39d47a4-2efa-4646-bb08-b342ae1719bb", "scryfallOracleId": "c1b6a621-acce-4789-87eb-d3ec932d3608", "subtypes": [], "supertypes": [], "text": "At the beginning of the game, you may pay any amount of life.\nYou can't draw cards.\nAt the beginning of your draw step, look at the top X cards of your library, where X is the amount of life paid with Maralen of the Mornsong Avatar. Put one of them into your hand, then shuffle your library.", "type": "Vanguard", "types": ["Vanguard"], "uuid": "58a8ebe9-e773-576a-bdd4-b4d8d0e2c7d2"}, {"artist": "UDON", "borderColor": "black", "colorIdentity": [], "colors": [], "convertedManaCost": 0.0, "foreignData": [], "frameVersion": "2015", "hand": "+2", "hasFoil": true, "hasNonFoil": true, "isMtgo": true, "isOnlineOnly": true, "isStarter": true, "layout": "vanguard", "legalities": {}, "life": "-7", "mtgoId": 37, "multiverseId": 182297, "name": "Maro Avatar", "number": "52", "originalText": "Tap an untapped creature you control, Discard a card: Target creature you control gets +X/+X until end of turn, where X is the number of cards in your hand.", "originalType": "Vanguard", "printings": ["PMOA"], "rarity": "rare", "rulings": [], "scryfallId": "285e0c0d-993d-4280-8805-c99e08becfe3", "scryfallIllustrationId": "ddc0ed1c-a206-4661-9a6f-07f73fbefe22", "scryfallOracleId": "116ef292-7d5e-4b67-b8a2-fcec92d3d4e3", "subtypes": [], "supertypes": [], "text": "Tap an untapped creature you control, Discard a card: Target creature you control gets +X/+X until end of turn, where X is the number of cards in your hand.", "type": "Vanguard", "types": ["Vanguard"], "uuid": "5f39e174-d788-553e-9f1b-37444fc2392c"}, {"artist": "UDON", "borderColor": "black", "colorIdentity": [], "colors": [], "convertedManaCost": 0.0, "foreignData": [], "frameVersion": "2015", "hand": "+1", "hasFoil": true, "hasNonFoil": true, "isMtgo": true, "isOnlineOnly": true, "isStarter": true, "layout": "vanguard", "legalities": {}, "life": "+3", "multiverseId": 205956, "name": "Master of the Wild Hunt Avatar", "number": "96", "originalText": "{2}{G}: Put a green creature token onto the battlefield that's a 2/2 Wolf, a 2/3 Antelope with forestwalk, a 3/2 Cat with shroud, or a 4/4 green Rhino with trample, chosen at random.", "originalType": "Vanguard", "printings": ["PMOA"], "rarity": "rare", "rulings": [], "scryfallId": "3cbf3e72-1ad4-4ce6-93f8-64edc8a67810", "scryfallIllustrationId": "da445ed5-0e65-4538-8df2-2b8468efb93e", "scryfallOracleId": "f6e87b33-499a-4396-9935-6a9fc94dcb45", "subtypes": [], "supertypes": [], "text": "{2}{G}: Create a green creature token that's a 2/2 Wolf, a 2/3 Antelope with forestwalk, a 3/2 Cat with shroud, or a 4/4 Rhino with trample, chosen at random.", "type": "Vanguard", "types": ["Vanguard"], "uuid": "198cbef2-6071-5b39-be03-794b99020d17"}, {"artist": "UDON", "borderColor": "black", "colorIdentity": [], "colors": [], "convertedManaCost": 0.0, "foreignData": [], "frameVersion": "2015", "hand": "+1", "hasFoil": true, "hasNonFoil": true, "isMtgo": true, "isOnlineOnly": true, "isStarter": true, "layout": "vanguard", "legalities": {}, "life": "+5", "mtgoId": 30841, "multiverseId": 193853, "name": "Mayael the Anima Avatar", "number": "86", "originalText": "At the beginning of your upkeep, reveal the top card of your library. If it's a creature card with power 5 or greater, put it into your hand. Otherwise, you may put it on the bottom of your library.", "originalType": "Vanguard", "printings": ["PMOA"], "rarity": "rare", "rulings": [], "scryfallId": "2e0c0f09-c821-49f9-b93d-2fecbdc4c005", "scryfallIllustrationId": "af00e1da-dc4d-4c97-8ab9-98da946b8ca4", "scryfallOracleId": "9d16007e-c119-43f9-bdb8-4ea3adf7b135", "subtypes": [], "supertypes": [], "text": "At the beginning of your upkeep, reveal the top card of your library. If it's a creature card with power 5 or greater, put it into your hand. Otherwise, you may put it on the bottom of your library.", "type": "Vanguard", "types": ["Vanguard"], "uuid": "9c3e7e7c-bd6d-573b-abac-b9765e1e0c2e"}, {"artist": "UDON", "borderColor": "black", "colorIdentity": [], "colors": [], "convertedManaCost": 0.0, "foreignData": [], "frameVersion": "2015", "hand": "-2", "hasFoil": true, "hasNonFoil": true, "isMtgo": true, "isOnlineOnly": true, "isStarter": true, "layout": "vanguard", "legalities": {}, "life": "-3", "mtgoId": 24849, "multiverseId": 182279, "name": "Mirri the Cursed Avatar", "number": "67", "originalText": "Creatures you control have \"{T}: Another target creature gets -1/-1 until end of turn. Put a +1/+1 counter on this creature.\"", "originalType": "Vanguard", "printings": ["PMOA"], "rarity": "rare", "rulings": [], "scryfallId": "aca4b27a-5715-4ed5-adae-047620cf4552", "scryfallIllustrationId": "dd1a33d5-c31c-46cb-9f49-e18408d5ccfa", "scryfallOracleId": "85c35371-a607-47fb-be61-446fb497dc88", "subtypes": [], "supertypes": [], "text": "Creatures you control have \"{T}: Another target creature gets -1/-1 until end of turn. Put a +1/+1 counter on this creature.\"", "type": "Vanguard", "types": ["Vanguard"], "uuid": "4a2ad802-de7a-5810-9b3d-7444b360f17d"}, {"artist": "UDON", "borderColor": "black", "colorIdentity": [], "colors": [], "convertedManaCost": 0.0, "foreignData": [], "frameVersion": "2015", "hand": "+1", "hasFoil": true, "hasNonFoil": true, "isMtgo": true, "isOnlineOnly": true, "isStarter": true, "layout": "vanguard", "legalities": {}, "life": "-2", "mtgoId": 28162, "multiverseId": 182284, "name": "Mirror Entity Avatar", "number": "74", "originalText": "{X}: Choose a creature type. Until end of turn, creatures you control of the chosen type become X/X and gain all creature types.", "originalType": "Vanguard", "printings": ["PMOA"], "rarity": "rare", "rulings": [], "scryfallId": "60584278-1659-454b-a851-cbb682f1436c", "scryfallIllustrationId": "ab8136e3-5a2b-48a8-b3ed-ef01bbbe8d23", "scryfallOracleId": "a3b19bb9-57a4-4e5f-84b6-0d4d4707871e", "subtypes": [], "supertypes": [], "text": "{X}: Choose a creature type. Until end of turn, creatures you control of the chosen type have base power and toughness X/X and gain all creature types.", "type": "Vanguard", "types": ["Vanguard"], "uuid": "2cc5d24f-fa24-5af8-b0cd-713496acb846"}, {"artist": "UDON", "borderColor": "black", "colorIdentity": [], "colors": [], "convertedManaCost": 0.0, "foreignData": [], "frameVersion": "2015", "hand": "+0", "hasFoil": true, "hasNonFoil": true, "isMtgo": true, "isOnlineOnly": true, "isStarter": true, "layout": "vanguard", "legalities": {}, "life": "+4", "mtgoId": 23965, "multiverseId": 182271, "name": "Momir Vig, Simic Visionary Avatar", "number": "61", "originalText": "{X}, Discard a card: Put a token onto the battlefield that's a copy of a creature card with converted mana cost X chosen at random. Activate this ability only any time you could cast a sorcery and only once each turn.", "originalType": "Vanguard", "printings": ["PMOA"], "rarity": "rare", "rulings": [], "scryfallId": "f5ed5ad3-b970-4720-b23b-308a25f42887", "scryfallIllustrationId": "0264c9b4-a610-426d-8ec2-f266e7e2e8f1", "scryfallOracleId": "2057571e-3ee0-4100-8fd9-00dedb8a0b2f", "subtypes": [], "supertypes": [], "text": "{X}, Discard a card: Create a token that's a copy of a creature card with converted mana cost X chosen at random. Activate this ability only any time you could cast a sorcery and only once each turn.", "type": "Vanguard", "types": ["Vanguard"], "uuid": "c1f4f014-2843-5743-a7d2-bcffc3f49c9a", "variations": ["7f3aa14a-c7ab-552d-b5e9-d33c29661e8b"]}, {"artist": "UDON", "borderColor": "black", "colorIdentity": [], "colors": [], "convertedManaCost": 0.0, "foreignData": [], "frameVersion": "2015", "hand": "+0", "hasFoil": true, "hasNonFoil": true, "isMtgo": true, "isOnlineOnly": true, "isStarter": true, "layout": "vanguard", "legalities": {}, "life": "+4", "mtgoId": 37826, "name": "Momir Vig, Simic Visionary Avatar", "number": "61a", "printings": ["PMOA"], "rarity": "rare", "rulings": [], "scryfallId": "3831df29-83d4-48d6-a3d6-a5fbd5ddf30d", "scryfallIllustrationId": "de6dd37c-126f-47b6-b475-25945254a8ef", "scryfallOracleId": "2057571e-3ee0-4100-8fd9-00dedb8a0b2f", "subtypes": [], "supertypes": [], "text": "{X}, Discard a card: Create a token that's a copy of a creature card with converted mana cost X chosen at random. Activate this ability only any time you could cast a sorcery and only once each turn.", "type": "Vanguard", "types": ["Vanguard"], "uuid": "7f3aa14a-c7ab-552d-b5e9-d33c29661e8b", "variations": ["c1f4f014-2843-5743-a7d2-bcffc3f49c9a"]}, {"artist": "UDON", "borderColor": "black", "colorIdentity": [], "colors": [], "convertedManaCost": 0.0, "foreignData": [], "frameVersion": "2015", "hand": "+0", "hasFoil": true, "hasNonFoil": true, "isMtgo": true, "isOnlineOnly": true, "isStarter": true, "layout": "vanguard", "legalities": {}, "life": "+30", "mtgoId": 28799, "multiverseId": 182300, "name": "Morinfen Avatar", "number": "76", "originalText": "At the beginning of your upkeep, you lose 1 life for each permanent you control.", "originalType": "Vanguard", "printings": ["PMOA"], "rarity": "rare", "rulings": [], "scryfallId": "729f36b0-d389-4b54-a36f-f97b3b5f8034", "scryfallIllustrationId": "53a67428-ebad-4ceb-a041-9a1e244bfb5a", "scryfallOracleId": "a3406efc-9926-44df-ac29-e91f1ff42e90", "subtypes": [], "supertypes": [], "text": "At the beginning of your upkeep, you lose 1 life for each permanent you control.", "type": "Vanguard", "types": ["Vanguard"], "uuid": "a850eeab-d26c-5f4a-b626-89a630ceb14b"}, {"artist": "UDON", "borderColor": "black", "colorIdentity": [], "colors": [], "convertedManaCost": 0.0, "foreignData": [], "frameVersion": "2015", "hand": "+0", "hasFoil": true, "hasNonFoil": true, "isMtgo": true, "isOnlineOnly": true, "isStarter": true, "layout": "vanguard", "legalities": {}, "life": "-2", "mtgoId": 29262, "multiverseId": 191137, "name": "Murderous Redcap Avatar", "number": "80", "originalText": "Whenever a creature enters the battlefield under your control with a counter on it, you may have it deal damage equal to its power to target creature or player.", "originalType": "Vanguard", "printings": ["PMOA"], "rarity": "rare", "rulings": [], "scryfallId": "64ba88e7-8e3c-46ae-babf-6aaa4f4ce43e", "scryfallIllustrationId": "131c4226-d31d-43f5-b66e-927bb81e38b5", "scryfallOracleId": "7e93a3f3-ee5e-4ff0-bd52-90639d8e2811", "subtypes": [], "supertypes": [], "text": "Whenever a creature enters the battlefield under your control with a counter on it, you may have it deal damage equal to its power to any target.", "type": "Vanguard", "types": ["Vanguard"], "uuid": "cd37d2b0-3dac-5adb-8455-0bed7960ea6b"}, {"artist": "UDON", "borderColor": "black", "colorIdentity": [], "colors": [], "convertedManaCost": 0.0, "foreignData": [], "frameVersion": "2015", "hand": "+0", "hasFoil": true, "hasNonFoil": true, "isMtgo": true, "isOnlineOnly": true, "isStarter": true, "layout": "vanguard", "legalities": {}, "life": "+4", "mtgoId": 30295, "multiverseId": 191306, "name": "Necropotence Avatar", "number": "83", "originalText": "Skip your draw step.\nAt the beginning of your end step, if it's not the first turn of the game, put a death counter on Necropotence. You draw X cards and you lose X life, where X is the number of death counters on Necropotence.", "originalType": "Vanguard", "printings": ["PMOA"], "rarity": "rare", "rulings": [], "scryfallId": "f88cbdea-1e95-4835-ab6a-82fb6114ee03", "scryfallIllustrationId": "c32526e3-01e8-44df-bf2d-a0bf38bf4569", "scryfallOracleId": "635a872f-50ca-4e9b-841d-21d844058270", "subtypes": [], "supertypes": [], "text": "Skip your draw step.\nAt the beginning of your end step, if it's not the first turn of the game, put a death counter on Necropotence Avatar. You draw X cards and you lose X life, where X is the number of death counters on Necropotence Avatar.", "type": "Vanguard", "types": ["Vanguard"], "uuid": "ecdbb52d-1d0b-54a8-ac7c-7ae0e5912e1b"}, {"artist": "UDON", "borderColor": "black", "colorIdentity": [], "colors": [], "convertedManaCost": 0.0, "foreignData": [], "frameVersion": "2015", "hand": "-1", "hasFoil": true, "hasNonFoil": true, "isMtgo": true, "isOnlineOnly": true, "isStarter": true, "layout": "vanguard", "legalities": {}, "life": "-4", "mtgoId": 23962, "multiverseId": 182267, "name": "Nekrataal Avatar", "number": "58", "originalText": "Creature spells you cast cost {B} less to cast. This effect reduces only the amount of colored mana you pay.", "originalType": "Vanguard", "printings": ["PMOA"], "rarity": "rare", "rulings": [], "scryfallId": "b7aa465e-d4b3-45ff-8444-6607c1734996", "scryfallIllustrationId": "7fb4abf8-8935-4e35-9e61-c4002638e979", "scryfallOracleId": "61ec9b93-8c0c-4d8b-9fc1-f5205965a3b7", "subtypes": [], "supertypes": [], "text": "Creature spells you cast cost {B} less to cast. This effect reduces only the amount of colored mana you pay.", "type": "Vanguard", "types": ["Vanguard"], "uuid": "c6115e41-99ab-5de3-9bf3-964fa09babc7"}, {"artist": "UDON", "borderColor": "black", "colorIdentity": [], "colors": [], "convertedManaCost": 0.0, "foreignData": [], "frameVersion": "2015", "hand": "+0", "hasFoil": true, "hasNonFoil": true, "isMtgo": true, "isOnlineOnly": true, "isStarter": true, "layout": "vanguard", "legalities": {}, "life": "-2", "mtgoId": 35, "multiverseId": 182253, "name": "Oni of Wild Places Avatar", "number": "50", "originalText": "Creatures you control have haste.\nAt the beginning of your upkeep, return a creature you control to its owner's hand.", "originalType": "Vanguard", "printings": ["PMOA"], "rarity": "rare", "rulings": [], "scryfallId": "0af5e80d-5de9-4351-95b0-35365da8ea4e", "scryfallIllustrationId": "23ffce59-2fdc-4c70-a1bd-f048bbbba4ba", "scryfallOracleId": "e5d807cd-25a0-4ee9-8016-d0e1e2cfb011", "subtypes": [], "supertypes": [], "text": "Creatures you control have haste.\nAt the beginning of your upkeep, return a creature you control to its owner's hand.", "type": "Vanguard", "types": ["Vanguard"], "uuid": "64e3b3c1-eed4-5992-8f84-59cc8148411e"}, {"artist": "UDON", "borderColor": "black", "colorIdentity": [], "colors": [], "convertedManaCost": 0.0, "foreignData": [], "frameVersion": "2015", "hand": "-1", "hasFoil": true, "hasNonFoil": true, "isMtgo": true, "isOnlineOnly": true, "isStarter": true, "layout": "vanguard", "legalities": {}, "life": "-1", "mtgoId": 30296, "multiverseId": 191307, "name": "Orcish Squatters Avatar", "number": "84", "originalText": "At the beginning of your precombat main phase, add {X} to your mana pool, where X is the number of lands target opponent controls.", "originalType": "Vanguard", "printings": ["PMOA"], "rarity": "rare", "rulings": [], "scryfallId": "ce62c999-7f5a-4f3a-bc6f-540658027305", "scryfallIllustrationId": "2c021808-d7b2-4b9d-a548-9c9109b6c7d3", "scryfallOracleId": "092c3426-57dd-4c65-8579-89d9de76b5a2", "subtypes": [], "supertypes": [], "text": "At the beginning of your precombat main phase, add {C} for each land target opponent controls.", "type": "Vanguard", "types": ["Vanguard"], "uuid": "9b9c5c36-104b-5a24-8d1b-9305ec75c233"}, {"artist": "UDON", "borderColor": "black", "colorIdentity": [], "colors": [], "convertedManaCost": 0.0, "foreignData": [], "frameVersion": "2015", "hand": "+0", "hasFoil": true, "hasNonFoil": true, "isMtgo": true, "isOnlineOnly": true, "isStarter": true, "layout": "vanguard", "legalities": {}, "life": "+9", "mtgoId": 28798, "multiverseId": 182281, "name": "Peacekeeper Avatar", "number": "75", "originalText": "{3}: For each opponent who controls a creature, put a token onto the battlefield that's a copy of a card named Arrest and attach it to a creature that player controls chosen at random.", "originalType": "Vanguard", "printings": ["PMOA"], "rarity": "rare", "rulings": [], "scryfallId": "fb135aee-5b1d-4fdb-951e-0f984e113312", "scryfallIllustrationId": "46f672d6-ac25-4535-9973-4262ca722cc0", "scryfallOracleId": "3253876a-58e9-413a-83fb-4fd6b9185b8b", "subtypes": [], "supertypes": [], "text": "{3}: For each opponent who controls a creature, create a token that's a copy of a card named Arrest and attach it to a creature that player controls chosen at random.", "type": "Vanguard", "types": ["Vanguard"], "uuid": "792e07b2-0521-5952-b883-09a883185f40"}, {"artist": "UDON", "borderColor": "black", "colorIdentity": [], "colors": [], "convertedManaCost": 0.0, "foreignData": [], "frameVersion": "2015", "hand": "+0", "hasFoil": true, "hasNonFoil": true, "isMtgo": true, "isOnlineOnly": true, "isStarter": true, "layout": "vanguard", "legalities": {}, "life": "-5", "mtgoId": 18, "multiverseId": 182305, "name": "Phage the Untouchable Avatar", "number": "31", "originalText": "Pay 1 life: Until end of turn, whenever a creature deals combat damage to you, destroy that creature.\nPay 1 life: Until end of turn, whenever target creature you control deals combat damage to a creature, destroy the damaged creature.", "originalType": "Vanguard", "printings": ["PMOA"], "rarity": "rare", "rulings": [], "scryfallId": "50dfaedc-7097-4c26-90cd-c1d1cf9c6b24", "scryfallIllustrationId": "08441c27-bec4-48b9-b613-3f3e2a062b2e", "scryfallOracleId": "6569e4d8-067b-4639-8388-cd9dc11be857", "subtypes": [], "supertypes": [], "text": "Pay 1 life: Until end of turn, whenever a creature deals combat damage to you, destroy that creature.\nPay 1 life: Until end of turn, whenever target creature you control deals combat damage to a creature, destroy the damaged creature.", "type": "Vanguard", "types": ["Vanguard"], "uuid": "b5c7aec8-5a43-5d55-94d6-132af9dd2a56"}, {"artist": "UDON", "borderColor": "black", "colorIdentity": [], "colors": [], "convertedManaCost": 0.0, "foreignData": [], "frameVersion": "2015", "hand": "-1", "hasFoil": true, "hasNonFoil": true, "isMtgo": true, "isOnlineOnly": true, "isStarter": true, "layout": "vanguard", "legalities": {}, "life": "-2", "multiverseId": 214825, "name": "Platinum Angel Avatar", "number": "108", "originalText": "If you control an artifact, a creature, an enchantment, and a land, you can't lose the game and your opponents can't win the game.", "originalType": "Vanguard", "printings": ["PMOA"], "rarity": "rare", "rulings": [], "scryfallId": "840a5b38-1cce-4714-994b-c957b0e5c836", "scryfallIllustrationId": "fa60b4aa-91d3-486c-b4cb-de139ac873df", "scryfallOracleId": "a7e888e1-24d8-45bf-8ceb-4a3c3f989376", "subtypes": [], "supertypes": [], "text": "If you control an artifact, a creature, an enchantment, and a land, you can't lose the game and your opponents can't win the game.", "type": "Vanguard", "types": ["Vanguard"], "uuid": "bc6b4056-9f4c-5887-876f-5026d6fb35d3", "variations": ["61ac1f2c-2888-555e-9b1b-f0e21e06cc71"]}, {"artist": "UDON", "borderColor": "black", "colorIdentity": [], "colors": [], "convertedManaCost": 0.0, "foreignData": [], "frameVersion": "2015", "hand": "-1", "hasFoil": true, "hasNonFoil": true, "isMtgo": true, "isOnlineOnly": true, "isStarter": true, "layout": "vanguard", "legalities": {}, "life": "-2", "mtgoId": 25, "multiverseId": 182292, "name": "Platinum Angel Avatar", "number": "40", "originalText": "If you control an artifact, a creature, an enchantment, and a land, you can't lose the game and your opponents can't win the game.", "originalType": "Vanguard", "printings": ["PMOA"], "rarity": "rare", "rulings": [], "scryfallId": "c566f7aa-5f3a-41e7-8a61-e9ffb2ab6c73", "scryfallIllustrationId": "72401ac1-ef4c-40e3-97e7-b4a9a0862495", "scryfallOracleId": "a7e888e1-24d8-45bf-8ceb-4a3c3f989376", "subtypes": [], "supertypes": [], "text": "If you control an artifact, a creature, an enchantment, and a land, you can't lose the game and your opponents can't win the game.", "type": "Vanguard", "types": ["Vanguard"], "uuid": "61ac1f2c-2888-555e-9b1b-f0e21e06cc71", "variations": ["bc6b4056-9f4c-5887-876f-5026d6fb35d3"]}, {"artist": "UDON", "borderColor": "black", "colorIdentity": [], "colors": [], "convertedManaCost": 0.0, "foreignData": [], "frameVersion": "2015", "hand": "+0", "hasFoil": true, "hasNonFoil": true, "isMtgo": true, "isOnlineOnly": true, "isStarter": true, "layout": "vanguard", "legalities": {}, "life": "+5", "mtgoId": 15, "multiverseId": 182276, "name": "Prodigal Sorcerer Avatar", "number": "17", "originalText": "At the beginning of your upkeep, look at the top card of your library. You may put that card into your graveyard.", "originalType": "Vanguard", "printings": ["PMOA"], "rarity": "rare", "rulings": [], "scryfallId": "1c1f4b38-afb4-475d-af2b-ffcc53f627f0", "scryfallIllustrationId": "e83c530b-54a4-40a2-b1a8-8ca7ec031d13", "scryfallOracleId": "0923e9cb-eb00-493f-8d96-3e8cbfcb92b0", "subtypes": [], "supertypes": [], "text": "At the beginning of your upkeep, look at the top card of your library. You may put that card into your graveyard.", "type": "Vanguard", "types": ["Vanguard"], "uuid": "b8071554-832c-5fa3-ade5-5663be4f1dc9", "variations": ["7c62323b-65b1-57c0-97a4-530362e8575d"]}, {"artist": "UDON", "borderColor": "black", "colorIdentity": [], "colors": [], "convertedManaCost": 0.0, "foreignData": [], "frameVersion": "2015", "hand": "+0", "hasFoil": true, "hasNonFoil": true, "isMtgo": true, "isOnlineOnly": true, "isStarter": true, "layout": "vanguard", "legalities": {}, "life": "+5", "mtgoId": 33435, "multiverseId": 210151, "name": "Prodigal Sorcerer Avatar", "number": "18", "originalText": "At the beginning of your upkeep, look at the top card of your library. You may put that card into your graveyard.", "originalType": "Vanguard", "printings": ["PMOA"], "rarity": "rare", "rulings": [], "scryfallId": "90429a2e-c842-4a22-9fc8-033273822e53", "scryfallIllustrationId": "99701e4a-306f-4947-bc0e-55880f2f3365", "scryfallOracleId": "0923e9cb-eb00-493f-8d96-3e8cbfcb92b0", "subtypes": [], "supertypes": [], "text": "At the beginning of your upkeep, look at the top card of your library. You may put that card into your graveyard.", "type": "Vanguard", "types": ["Vanguard"], "uuid": "7c62323b-65b1-57c0-97a4-530362e8575d", "variations": ["b8071554-832c-5fa3-ade5-5663be4f1dc9"]}, {"artist": "UDON", "borderColor": "black", "colorIdentity": [], "colors": [], "convertedManaCost": 0.0, "foreignData": [], "frameVersion": "2015", "hand": "+1", "hasFoil": true, "hasNonFoil": true, "isMtgo": true, "isOnlineOnly": true, "isStarter": true, "layout": "vanguard", "legalities": {}, "life": "+9", "mtgoId": 28, "multiverseId": 182258, "name": "Raksha Golden Cub Avatar", "number": "43", "originalText": "Creatures you control get +0/+1.\nEquipped creatures you control get +1/+0 and have first strike.", "originalType": "Vanguard", "printings": ["PMOA"], "rarity": "rare", "rulings": [], "scryfallId": "e0fd559f-0269-4db9-804f-487eeece130d", "scryfallIllustrationId": "575581d7-a9e4-4366-94dc-78a57c69633d", "scryfallOracleId": "245aed94-d7d3-4de6-967e-0deab7afc3a4", "subtypes": [], "supertypes": [], "text": "Creatures you control get +0/+1.\nEquipped creatures you control get +1/+0 and have first strike.", "type": "Vanguard", "types": ["Vanguard"], "uuid": "35ad4166-a6d1-549f-9321-1320eab21fa3"}, {"artist": "UDON", "borderColor": "black", "colorIdentity": [], "colors": [], "convertedManaCost": 0.0, "foreignData": [], "frameVersion": "2015", "hand": "-2", "hasFoil": true, "hasNonFoil": true, "isMtgo": true, "isOnlineOnly": true, "isStarter": true, "layout": "vanguard", "legalities": {}, "life": "-5", "mtgoId": 29261, "multiverseId": 191135, "name": "Reaper King Avatar", "number": "79", "originalText": "Each creature you control gets +1/+1 for each of its colors.", "originalType": "Vanguard", "printings": ["PMOA"], "rarity": "rare", "rulings": [], "scryfallId": "669a5db0-bcc0-4ab3-a610-3fae69538511", "scryfallIllustrationId": "403f4dea-35fb-4658-9080-e4a304994955", "scryfallOracleId": "7642a5d4-3889-42bc-87cc-0240ee9b3df6", "subtypes": [], "supertypes": [], "text": "Each creature you control gets +1/+1 for each of its colors.", "type": "Vanguard", "types": ["Vanguard"], "uuid": "9142200f-7587-5a44-b296-8f33df6d4c81"}, {"artist": "UDON", "borderColor": "black", "colorIdentity": [], "colors": [], "convertedManaCost": 0.0, "foreignData": [], "frameVersion": "2015", "hand": "+0", "hasFoil": true, "hasNonFoil": true, "isMtgo": true, "isOnlineOnly": true, "isStarter": true, "layout": "vanguard", "legalities": {}, "life": "+6", "mtgoId": 35801, "multiverseId": 214826, "name": "Rith, the Awakener Avatar", "number": "106", "originalText": "Whenever a creature you control deals combat damage to a player, you may pay {5}. If you do, put a 5/5 red Dragon creature token with flying onto the battlefield.", "originalType": "Vanguard", "printings": ["PMOA"], "rarity": "rare", "rulings": [], "scryfallId": "23071416-f9df-4be4-8d3f-ca553282db87", "scryfallIllustrationId": "7c8de650-a44d-4ee2-afa1-fbc51b3f005a", "scryfallOracleId": "151190db-f481-419f-92ed-f8820c6e63a4", "subtypes": [], "supertypes": [], "text": "Whenever a creature you control deals combat damage to a player, you may pay {5}. If you do, create a 5/5 red Dragon creature token with flying.", "type": "Vanguard", "types": ["Vanguard"], "uuid": "cfbfbd7a-87d4-5cd6-a836-da020646e662", "variations": ["a2218d78-feda-58c8-a633-afecbf14906c"]}, {"artist": "UDON", "borderColor": "black", "colorIdentity": [], "colors": [], "convertedManaCost": 0.0, "foreignData": [], "frameVersion": "2015", "hand": "+0", "hasFoil": true, "hasNonFoil": true, "isMtgo": true, "isOnlineOnly": true, "isStarter": true, "layout": "vanguard", "legalities": {}, "life": "+6", "mtgoId": 30297, "multiverseId": 192073, "name": "Rith, the Awakener Avatar", "number": "85", "originalText": "Whenever a creature you control deals combat damage to a player, you may pay {5}. If you do, put a 5/5 red Dragon creature token with flying onto the battlefield.", "originalType": "Vanguard", "printings": ["PMOA"], "rarity": "rare", "rulings": [], "scryfallId": "2469e296-a7da-417b-a631-9c60ac36d423", "scryfallIllustrationId": "37ca5abb-8347-43f5-833c-2cf9a23ec333", "scryfallOracleId": "151190db-f481-419f-92ed-f8820c6e63a4", "subtypes": [], "supertypes": [], "text": "Whenever a creature you control deals combat damage to a player, you may pay {5}. If you do, create a 5/5 red Dragon creature token with flying.", "type": "Vanguard", "types": ["Vanguard"], "uuid": "a2218d78-feda-58c8-a633-afecbf14906c", "variations": ["cfbfbd7a-87d4-5cd6-a836-da020646e662"]}, {"artist": "UDON", "borderColor": "black", "colorIdentity": [], "colors": [], "convertedManaCost": 0.0, "foreignData": [], "frameVersion": "2015", "hand": "-2", "hasFoil": true, "hasNonFoil": true, "isMtgo": true, "isOnlineOnly": true, "isStarter": true, "layout": "vanguard", "legalities": {}, "life": "+0", "mtgoId": 35800, "multiverseId": 214827, "name": "Royal Assassin Avatar", "number": "105", "originalText": "At the beginning of your upkeep, you draw a card and you lose 1 life.", "originalType": "Vanguard", "printings": ["PMOA"], "rarity": "rare", "rulings": [], "scryfallId": "989fd482-170d-4991-8348-e912384e9b31", "scryfallIllustrationId": "4bedc24d-9b16-4427-b9a5-c3a512d35c1b", "scryfallOracleId": "4696b1ff-b094-4d6a-8eda-ce8406c7e7df", "subtypes": [], "supertypes": [], "text": "At the beginning of your upkeep, you draw a card and you lose 1 life.", "type": "Vanguard", "types": ["Vanguard"], "uuid": "39afb008-7cda-5fa5-993d-e3947d531cf1", "variations": ["df661b2a-1cf5-5cac-9abd-889ab6ee7990"]}, {"artist": "UDON", "borderColor": "black", "colorIdentity": [], "colors": [], "convertedManaCost": 0.0, "foreignData": [], "frameVersion": "2015", "hand": "-2", "hasFoil": true, "hasNonFoil": true, "isMtgo": true, "isOnlineOnly": true, "isStarter": true, "layout": "vanguard", "legalities": {}, "life": "+0", "mtgoId": 23, "multiverseId": 182260, "name": "Royal Assassin Avatar", "number": "38", "originalText": "At the beginning of your upkeep, you draw a card and you lose 1 life.", "originalType": "Vanguard", "printings": ["PMOA"], "rarity": "rare", "rulings": [], "scryfallId": "e0b018ff-3a1f-4fbe-b427-5645200e20c0", "scryfallIllustrationId": "bf4a8932-f340-4986-8eff-4218f4006c3a", "scryfallOracleId": "4696b1ff-b094-4d6a-8eda-ce8406c7e7df", "subtypes": [], "supertypes": [], "text": "At the beginning of your upkeep, you draw a card and you lose 1 life.", "type": "Vanguard", "types": ["Vanguard"], "uuid": "df661b2a-1cf5-5cac-9abd-889ab6ee7990", "variations": ["39afb008-7cda-5fa5-993d-e3947d531cf1"]}, {"artist": "UDON", "borderColor": "black", "colorIdentity": [], "colors": [], "convertedManaCost": 0.0, "foreignData": [], "frameVersion": "2015", "hand": "+1", "hasFoil": true, "hasNonFoil": true, "isMtgo": true, "isOnlineOnly": true, "isStarter": true, "layout": "vanguard", "legalities": {}, "life": "+1", "mtgoId": 41, "multiverseId": 182277, "name": "Rumbling Slum Avatar", "number": "56", "originalText": "At the beginning of your upkeep, Rumbling Slum deals 1 damage to each opponent.", "originalType": "Vanguard", "printings": ["PMOA"], "rarity": "rare", "rulings": [], "scryfallId": "ff664da6-b9a0-4966-bdc1-c946ee1b631b", "scryfallIllustrationId": "14dcff51-19fb-49a2-b828-a4907fc9335a", "scryfallOracleId": "7a56659d-51ad-4f01-a4f9-1bd5f76f364c", "subtypes": [], "supertypes": [], "text": "At the beginning of your upkeep, Rumbling Slum Avatar deals 1 damage to each opponent.", "type": "Vanguard", "types": ["Vanguard"], "uuid": "535de6f7-3ecf-5ae0-9599-4ce851fe6872"}, {"artist": "UDON", "borderColor": "black", "colorIdentity": [], "colors": [], "convertedManaCost": 0.0, "foreignData": [], "frameVersion": "2015", "hand": "+0", "hasFoil": true, "hasNonFoil": true, "isMtgo": true, "isOnlineOnly": true, "isStarter": true, "layout": "vanguard", "legalities": {}, "life": "+1", "mtgoId": 34, "multiverseId": 182289, "name": "Sakashima the Impostor Avatar", "number": "49", "originalText": "{2}: Choose a creature you control. It becomes a copy of target creature except for its name.", "originalType": "Vanguard", "printings": ["PMOA"], "rarity": "rare", "rulings": [], "scryfallId": "10f66142-88a8-4a04-b087-66a47eb80ab9", "scryfallIllustrationId": "dbc12ad5-37fb-4ca9-aea5-26d5e5888fcf", "scryfallOracleId": "513a27a0-1fcf-4c39-b2a9-587afd2e6cba", "subtypes": [], "supertypes": [], "text": "{2}: Choose a creature you control. It becomes a copy of target creature except for its name.", "type": "Vanguard", "types": ["Vanguard"], "uuid": "18a41aef-9d77-5ac2-b00e-8e08035702c8"}, {"artist": "UDON", "borderColor": "black", "colorIdentity": [], "colors": [], "convertedManaCost": 0.0, "foreignData": [], "frameVersion": "2015", "hand": "+0", "hasFoil": true, "hasNonFoil": true, "isMtgo": true, "isOnlineOnly": true, "isStarter": true, "layout": "vanguard", "legalities": {}, "life": "-1", "mtgoId": 32524, "multiverseId": 182282, "name": "Serra Angel Avatar", "number": "1", "originalText": "Whenever you cast a spell, you gain 2 life.", "originalType": "Vanguard", "printings": ["PMOA"], "rarity": "rare", "rulings": [], "scryfallId": "a8983ba0-cf6f-4ea1-9fb2-00e9089d5fc3", "scryfallIllustrationId": "6f728306-99cc-4a6d-9085-0085c5268b42", "scryfallOracleId": "4d9defdb-0a88-4dbb-ba3b-f5e05966ac62", "subtypes": [], "supertypes": [], "text": "Whenever you cast a spell, you gain 2 life.", "type": "Vanguard", "types": ["Vanguard"], "uuid": "ef69e6cf-7c8e-5bf1-b685-1ed3f6c5c50c", "variations": ["685d36eb-bde1-5ec5-b7b2-9d8ad40f27ad"]}, {"artist": "UDON", "borderColor": "black", "colorIdentity": [], "colors": [], "convertedManaCost": 0.0, "foreignData": [], "frameVersion": "2015", "hand": "+0", "hasFoil": true, "hasNonFoil": true, "isMtgo": true, "isOnlineOnly": true, "isStarter": true, "layout": "vanguard", "legalities": {}, "life": "-1", "mtgoId": 9, "multiverseId": 205492, "name": "Serra Angel Avatar", "number": "2", "originalText": "Whenever you cast a spell, you gain 2 life.", "originalType": "Vanguard", "printings": ["PMOA"], "rarity": "rare", "rulings": [], "scryfallId": "5ab1f026-f906-4dd5-8ee6-72fb9b934882", "scryfallIllustrationId": "5e498aee-dd7c-4e0b-8b4b-55cd286f3f6b", "scryfallOracleId": "4d9defdb-0a88-4dbb-ba3b-f5e05966ac62", "subtypes": [], "supertypes": [], "text": "Whenever you cast a spell, you gain 2 life.", "type": "Vanguard", "types": ["Vanguard"], "uuid": "685d36eb-bde1-5ec5-b7b2-9d8ad40f27ad", "variations": ["ef69e6cf-7c8e-5bf1-b685-1ed3f6c5c50c"]}, {"artist": "UDON", "borderColor": "black", "colorIdentity": [], "colors": [], "convertedManaCost": 0.0, "foreignData": [], "frameVersion": "2015", "hand": "+0", "hasFoil": true, "hasNonFoil": true, "isMtgo": true, "isOnlineOnly": true, "isStarter": true, "layout": "vanguard", "legalities": {}, "life": "-1", "mtgoId": 31, "multiverseId": 182288, "name": "Seshiro the Anointed Avatar", "number": "46", "originalText": "At the beginning of the game, choose a creature type. Creatures you control, creature spells you control, and creature cards you own in any zone other than  the battlefield or the stack have the chosen type in addition to their other types.", "originalType": "Vanguard", "printings": ["PMOA"], "rarity": "rare", "rulings": [], "scryfallId": "2f1855cf-9f33-41d6-b237-f238658e747b", "scryfallIllustrationId": "3473e26e-04fb-457c-8201-58aa62acc828", "scryfallOracleId": "f516b9cc-3e9f-4ddf-a139-f9fdf4eef722", "subtypes": [], "supertypes": [], "text": "At the beginning of the game, choose a creature type. Creatures you control, creature spells you control, and creature cards you own in any zone other than the battlefield or the stack have the chosen type in addition to their other types.", "type": "Vanguard", "types": ["Vanguard"], "uuid": "912982a7-4c98-5b6a-a05c-0e3483a73627"}, {"artist": "UDON", "borderColor": "black", "colorIdentity": [], "colors": [], "convertedManaCost": 0.0, "foreignData": [], "frameVersion": "2015", "hand": "+1", "hasFoil": true, "hasNonFoil": true, "isMtgo": true, "isOnlineOnly": true, "isStarter": true, "layout": "vanguard", "legalities": {}, "life": "-5", "mtgoId": 40, "multiverseId": 182261, "name": "Sisters of Stone Death Avatar", "number": "55", "originalText": "Each creature you control must be blocked if able.\n{4}: Exile target creature that's blocking a creature you control.", "originalType": "Vanguard", "printings": ["PMOA"], "rarity": "rare", "rulings": [], "scryfallId": "02e51227-01c5-4609-9273-f8bf7ac47b4c", "scryfallIllustrationId": "eecf6742-8c6f-4034-bf79-9e2f90193baa", "scryfallOracleId": "0415bb62-819c-4c42-bc76-b9cfa9f5bb51", "subtypes": [], "supertypes": [], "text": "Each creature you control must be blocked if able.\n{4}: Exile target creature that's blocking a creature you control.", "type": "Vanguard", "types": ["Vanguard"], "uuid": "f445e66f-c0e4-5884-b597-f0e491a81efb"}, {"artist": "UDON", "borderColor": "black", "colorIdentity": [], "colors": [], "convertedManaCost": 0.0, "foreignData": [], "frameVersion": "2015", "hand": "+0", "hasFoil": true, "hasNonFoil": true, "isMtgo": true, "isOnlineOnly": true, "isStarter": true, "layout": "vanguard", "legalities": {}, "life": "+7", "mtgoId": 32101, "multiverseId": 201075, "name": "Sliver Queen Avatar", "number": "92", "originalText": "Whenever you cast a non-Sliver creature spell, exile that spell. If you do, put a token onto the battlefield that's a copy of a random non-Shapeshifter Sliver creature card with the same converted mana cost as that spell.", "originalType": "Vanguard", "printings": ["PMOA"], "rarity": "rare", "rulings": [], "scryfallId": "871eb8eb-2aba-4458-852b-7ce9ea241c3e", "scryfallIllustrationId": "c3c73ed2-e5ec-40a2-8dce-83ee7975eb9d", "scryfallOracleId": "fa019b10-ccbd-45d5-9dcf-b2cf5cdee928", "subtypes": [], "supertypes": [], "text": "Whenever you cast a non-Sliver creature spell, exile that spell. If you do, create a token that's a copy of a random non-Shapeshifter Sliver creature card with the same converted mana cost as that spell.", "type": "Vanguard", "types": ["Vanguard"], "uuid": "df1a2838-945a-52f5-8fa9-e4b26b1a7631"}, {"artist": "UDON", "borderColor": "black", "colorIdentity": [], "colors": [], "convertedManaCost": 0.0, "foreignData": [], "frameVersion": "2015", "hand": "+3", "hasFoil": true, "hasNonFoil": true, "isMtgo": true, "isOnlineOnly": true, "isStarter": true, "layout": "vanguard", "legalities": {}, "life": "-4", "mtgoId": 26958, "multiverseId": 182293, "name": "Squee, Goblin Nabob Avatar", "number": "71", "originalText": "{1}: Prevent the next 1 damage that would be dealt to target creature you control this turn.", "originalType": "Vanguard", "printings": ["PMOA"], "rarity": "rare", "rulings": [], "scryfallId": "9856093a-f5bc-4d94-a7b9-5a95d66107aa", "scryfallIllustrationId": "e316e7f2-e777-46a3-a7f7-c621d52f4627", "scryfallOracleId": "78225f7c-c56b-464a-9e91-e1d798e3e678", "subtypes": [], "supertypes": [], "text": "{1}: Prevent the next 1 damage that would be dealt to target creature you control this turn.", "type": "Vanguard", "types": ["Vanguard"], "uuid": "bcc49320-7fa8-57b0-af79-ae62bc28dab2"}, {"artist": "UDON", "borderColor": "black", "colorIdentity": [], "colors": [], "convertedManaCost": 0.0, "foreignData": [], "frameVersion": "2015", "hand": "+0", "hasFoil": true, "hasNonFoil": true, "isMtgo": true, "isOnlineOnly": true, "isStarter": true, "layout": "vanguard", "legalities": {}, "life": "+2", "mtgoId": 11, "multiverseId": 182256, "name": "Stalking Tiger Avatar", "number": "7", "originalText": "Whenever you cast a creature spell, you may pay {1}. If you do, draw a card.", "originalType": "Vanguard", "printings": ["PMOA"], "rarity": "rare", "rulings": [], "scryfallId": "d03bc6df-ca00-4e5d-bd17-a9fa7424171f", "scryfallIllustrationId": "1be00b8c-c257-47a2-882d-644c78ecb206", "scryfallOracleId": "a22d88eb-4d2f-4515-91d4-6195723c57a2", "subtypes": [], "supertypes": [], "text": "Whenever you cast a creature spell, you may pay {1}. If you do, draw a card.", "type": "Vanguard", "types": ["Vanguard"], "uuid": "e6132c23-985c-5507-b118-948ee12e00fa"}, {"artist": "UDON", "borderColor": "black", "colorIdentity": [], "colors": [], "convertedManaCost": 0.0, "foreignData": [], "frameVersion": "2015", "hand": "+1", "hasFoil": true, "hasNonFoil": true, "isMtgo": true, "isOnlineOnly": true, "isStarter": true, "layout": "vanguard", "legalities": {}, "life": "-5", "mtgoId": 28941, "multiverseId": 182254, "name": "Stonehewer Giant Avatar", "number": "77", "originalText": "Whenever a creature enters the battlefield under your control, put a token onto the battlefield that's a copy of a random Equipment card with converted mana cost less than or equal to that creature's converted mana cost. Attach that Equipment to that creature.", "originalType": "Vanguard", "printings": ["PMOA"], "rarity": "rare", "rulings": [], "scryfallId": "d5cdf535-56fb-4f92-abf0-237aa6e081b0", "scryfallIllustrationId": "e8a83d5a-46c7-469b-843e-973bd726917d", "scryfallOracleId": "c11d27dc-ce50-450d-8632-6c3665be2577", "subtypes": [], "supertypes": [], "text": "Whenever a creature enters the battlefield under your control, create a token that's a copy of a random Equipment card with converted mana cost less than that creature's converted mana cost. Attach that Equipment to that creature.", "type": "Vanguard", "types": ["Vanguard"], "uuid": "6aa23ed3-02a5-51f6-9c0a-17218c484426"}, {"artist": "UDON", "borderColor": "black", "colorIdentity": [], "colors": [], "convertedManaCost": 0.0, "foreignData": [], "frameVersion": "2015", "hand": "+0", "hasFoil": true, "hasNonFoil": true, "isMtgo": true, "isOnlineOnly": true, "isStarter": true, "layout": "vanguard", "legalities": {}, "life": "-6", "mtgoId": 24847, "multiverseId": 182278, "name": "Stuffy Doll Avatar", "number": "65", "originalText": "{0}: If damage would be dealt to you this turn by a source of your choice, prevent that damage. Stuffy Doll deals damage to you and target opponent equal to half the damage prevented this way, rounded up. Activate this ability only once each turn.", "originalType": "Vanguard", "printings": ["PMOA"], "rarity": "rare", "rulings": [], "scryfallId": "80dd6e87-385f-4de4-b23f-d4b791238804", "scryfallIllustrationId": "63887274-2676-4555-b470-4a6107eed67f", "scryfallOracleId": "0560653f-b78e-48b3-b166-9106a0b8e57d", "subtypes": [], "supertypes": [], "text": "{0}: If damage would be dealt to you this turn by a source of your choice, prevent that damage. Stuffy Doll Avatar deals damage to you and target opponent or planeswalker equal to half the damage prevented this way, rounded up. Activate this ability only once each turn.", "type": "Vanguard", "types": ["Vanguard"], "uuid": "453cddac-20cd-5b1b-80e8-2875711e0d40"}, {"artist": "UDON", "borderColor": "black", "colorIdentity": [], "colors": [], "convertedManaCost": 0.0, "foreignData": [], "frameVersion": "2015", "hand": "+0", "hasFoil": true, "hasNonFoil": true, "isMtgo": true, "isOnlineOnly": true, "isStarter": true, "layout": "vanguard", "legalities": {}, "life": "-2", "mtgoId": 42, "multiverseId": 182295, "name": "Teysa, Orzhov Scion Avatar", "number": "57", "originalText": "Whenever a nontoken creature is put into a graveyard from the battlefield, put a 1/1 white Spirit creature token with flying onto the battlefield.", "originalType": "Vanguard", "printings": ["PMOA"], "rarity": "rare", "rulings": [], "scryfallId": "6777e955-acf7-477c-966a-3b48c4317a37", "scryfallIllustrationId": "d0510a11-933e-4df1-98cc-9bf1bcfd32e6", "scryfallOracleId": "0c1892ca-ca9c-4c5a-9db1-c100a7b67ea4", "subtypes": [], "supertypes": [], "text": "Whenever a nontoken creature dies, create a 1/1 white Spirit creature token with flying.", "type": "Vanguard", "types": ["Vanguard"], "uuid": "fb6ab11e-7184-5fef-80db-01fce28fc57d"}, {"artist": "UDON", "borderColor": "black", "colorIdentity": [], "colors": [], "convertedManaCost": 0.0, "foreignData": [], "frameVersion": "2015", "hand": "+1", "hasFoil": true, "hasNonFoil": true, "isMtgo": true, "isOnlineOnly": true, "isStarter": true, "layout": "vanguard", "legalities": {}, "life": "+4", "mtgoId": 35799, "multiverseId": 214828, "name": "Tradewind Rider Avatar", "number": "104", "originalText": "{3}: Each player returns a permanent he or she controls to its owner's hand unless he or she pays 2 life.", "originalType": "Vanguard", "printings": ["PMOA"], "rarity": "rare", "rulings": [], "scryfallId": "73586dec-e263-41f5-b736-34a186b3c7db", "scryfallIllustrationId": "bee37935-1415-4dbf-9099-361921891da2", "scryfallOracleId": "25973db8-2056-4fe8-9aba-e35c942786f1", "subtypes": [], "supertypes": [], "text": "{3}: Each player returns a permanent they control to its owner's hand unless they pay 2 life.", "type": "Vanguard", "types": ["Vanguard"], "uuid": "f24ac82c-9b3c-5a11-92e6-fb2e544eaade", "variations": ["fb78d0c1-86ec-547e-a707-a0095ca5faea"]}, {"artist": "UDON", "borderColor": "black", "colorIdentity": [], "colors": [], "convertedManaCost": 0.0, "foreignData": [], "frameVersion": "2015", "hand": "+1", "hasFoil": true, "hasNonFoil": true, "isMtgo": true, "isOnlineOnly": true, "isStarter": true, "layout": "vanguard", "legalities": {}, "life": "+4", "mtgoId": 31500, "multiverseId": 195138, "name": "Tradewind Rider Avatar", "number": "89", "originalText": "{3}: Each player returns a permanent he or she controls to its owner's hand unless he or she pays 2 life.", "originalType": "Vanguard", "printings": ["PMOA"], "rarity": "rare", "rulings": [], "scryfallId": "9b185d29-6f7c-45cf-905b-d68e056365f8", "scryfallIllustrationId": "1ed04ffb-1d37-4048-9419-ad6b760f9c15", "scryfallOracleId": "25973db8-2056-4fe8-9aba-e35c942786f1", "subtypes": [], "supertypes": [], "text": "{3}: Each player returns a permanent they control to its owner's hand unless they pay 2 life.", "type": "Vanguard", "types": ["Vanguard"], "uuid": "fb78d0c1-86ec-547e-a707-a0095ca5faea", "variations": ["f24ac82c-9b3c-5a11-92e6-fb2e544eaade"]}, {"artist": "UDON", "borderColor": "black", "colorIdentity": [], "colors": [], "convertedManaCost": 0.0, "foreignData": [], "frameVersion": "2015", "hand": "+1", "hasFoil": true, "hasNonFoil": true, "isMtgo": true, "isOnlineOnly": true, "isStarter": true, "layout": "vanguard", "legalities": {}, "life": "-4", "mtgoId": 21, "multiverseId": 182301, "name": "Two-Headed Giant of Foriys Avatar", "number": "36", "originalText": "Each creature you control can block an additional creature each combat.\nEach creature you control can't be blocked except by two or more creatures.", "originalType": "Vanguard", "printings": ["PMOA"], "rarity": "rare", "rulings": [], "scryfallId": "3b6f066d-02ab-4e18-99db-e5319e8527b1", "scryfallIllustrationId": "b1b3183b-ec12-499a-9ffa-b65e8e37e0be", "scryfallOracleId": "6b4e6e53-d998-480e-bd2b-e0b89a6a5711", "subtypes": [], "supertypes": [], "text": "Creatures you control have menace. (They can't be blocked except by two or more creatures.)\nEach creature you control can block an additional creature each combat.", "type": "Vanguard", "types": ["Vanguard"], "uuid": "59047f00-5353-5793-96c0-86f497614f8f"}, {"artist": "UDON", "borderColor": "black", "colorIdentity": [], "colors": [], "convertedManaCost": 0.0, "foreignData": [], "frameVersion": "2015", "hand": "-1", "hasFoil": true, "hasNonFoil": true, "isMtgo": true, "isOnlineOnly": true, "isStarter": true, "layout": "vanguard", "legalities": {}, "life": "-2", "mtgoId": 33092, "multiverseId": 206028, "name": "Vampire Nocturnus Avatar", "number": "97", "originalText": "Play with the top card of your library revealed.\nAs long as the top card of your library is black, black creatures you control get +2/+1.", "originalType": "Vanguard", "printings": ["PMOA"], "rarity": "rare", "rulings": [], "scryfallId": "702d3477-b612-46be-9762-952692e264fa", "scryfallIllustrationId": "e4036e72-22c8-4e5c-bec5-885fd1c757a2", "scryfallOracleId": "9427c8eb-0312-49f3-b351-5396b4e0dc0c", "subtypes": [], "supertypes": [], "text": "Play with the top card of your library revealed.\nAs long as the top card of your library is black, black creatures you control get +2/+1.", "type": "Vanguard", "types": ["Vanguard"], "uuid": "8bc50413-9bf8-523e-a7e2-92cf1bc9bcd6"}, {"artist": "UDON", "borderColor": "black", "colorIdentity": [], "colors": [], "convertedManaCost": 0.0, "foreignData": [], "frameVersion": "2015", "hand": "+0", "hasFoil": true, "hasNonFoil": true, "isMtgo": true, "isOnlineOnly": true, "isStarter": true, "layout": "vanguard", "legalities": {}, "life": "+2", "mtgoId": 26, "multiverseId": 182285, "name": "Viridian Zealot Avatar", "number": "41", "originalText": "{2}, Sacrifice a creature: Destroy target artifact or enchantment. Search your library for a card with the same name as the sacrificed creature, reveal that card, and put it into your hand. Then shuffle your library.", "originalType": "Vanguard", "printings": ["PMOA"], "rarity": "rare", "rulings": [], "scryfallId": "e4c18151-8d58-49aa-9034-a7e9071c3678", "scryfallIllustrationId": "4449418f-2f12-4f60-835f-dcf5c9904917", "scryfallOracleId": "37cfa6a7-a695-42d0-b2b0-27c6d6790460", "subtypes": [], "supertypes": [], "text": "{2}, Sacrifice a creature: Destroy target artifact or enchantment. Search your library for a card with the same name as the sacrificed creature, reveal that card, and put it into your hand. Then shuffle your library.", "type": "Vanguard", "types": ["Vanguard"], "uuid": "2796582f-90f9-59a5-9aab-91acc47b99e7"}], "code": "PMOA", "isFoilOnly": false, "isOnlineOnly": true, "keyruneCode": "MTGO", "meta": {"date": "2019-09-01", "pricesDate": "2019-09-01", "version": "4.5.0-rebuild.4"}, "mtgoCode": "PMOA", "name": "Magic Online Avatars", "releaseDate": "2003-01-01", "tokens": [], "totalSetSize": 85, "translations": {}, "type": "vanguard"}