{"baseSetSize": 0, "cards": [{"artist": "Rob Alexander", "borderColor": "black", "colorIdentity": ["G"], "colors": [], "convertedManaCost": 0.0, "foreignData": [], "frameVersion": "2003", "hasFoil": true, "hasNonFoil": true, "isPaper": true, "isPromo": true, "isReprint": true, "isStarter": true, "layout": "normal", "legalities": {"brawl": "Legal", "commander": "Legal", "duel": "Legal", "future": "Legal", "legacy": "Legal", "modern": "Legal", "pauper": "Legal", "penny": "Legal", "standard": "Legal", "vintage": "Legal"}, "name": "Forest", "number": "5", "printings": ["10E", "2ED", "3ED", "4BB", "4ED", "5ED", "6ED", "7ED", "8ED", "9ED", "AKH", "ALA", "ANA", "ARC", "ATH", "AVR", "BBD", "BFZ", "BRB", "BTD", "C13", "C14", "C15", "C16", "C17", "C18", "C19", "CED", "CEI", "CHK", "CM2", "CMA", "CMD", "CST", "DD1", "DDD", "DDE", "DDG", "DDH", "DDJ", "DDL", "DDM", "DDO", "DDP", "DDR", "DDS", "DDU", "DKM", "DOM", "DPA", "DTK", "E01", "EVG", "FBB", "FRF", "G17", "GK1", "GK2", "GNT", "GRN", "GS1", "GVL", "H09", "HOP", "HOU", "ICE", "INV", "ISD", "ITP", "J14", "KLD", "KTK", "LEA", "LEB", "LRW", "M10", "M11", "M12", "M13", "M14", "M15", "M19", "M20", "MBS", "ME1", "ME3", "MIR", "MMQ", "MRD", "NPH", "ODY", "ONS", "ORI", "P02", "PAL00", "PAL01", "PAL03", "PAL04", "PAL05", "PAL06", "PAL99", "PALP", "PARL", "PC2", "PCA", "PELP", "PF19", "PGPX", "PGRU", "PMPS", "PMPS06", "PMPS07", "PMPS08", "PMPS09", "PMPS10", "PMPS11", "POR", "PPP1", "PRM", "PRW2", "PRWK", "PS11", "PSAL", "PSS2", "PSS3", "PTC", "PTK", "PZ2", "RAV", "RIX", "RNA", "ROE", "RQS", "RTR", "S99", "SHM", "SOI", "SOM", "SUM", "TD0", "TD2", "THS", "TMP", "TPR", "TSP", "UGL", "UNH", "USG", "UST", "WAR", "WC00", "WC01", "WC02", "WC03", "WC04", "WC97", "WC98", "WC99", "XLN", "ZEN"], "rarity": "common", "rulings": [], "scryfallId": "6a502d95-f89b-49c0-8023-a243ef834929", "scryfallIllustrationId": "1ff49643-cdce-4458-b3ba-e8d5926f33ca", "scryfallOracleId": "b34bb2dc-c1af-4d77-b0b3-a0fb342a5fc6", "subtypes": ["Forest"], "supertypes": ["Basic"], "text": "({T}: Add {G}.)", "type": "Basic Land — Forest", "types": ["Land"], "uuid": "ae4931b1-b3bb-52c6-9796-4ce48817e40c"}, {"artist": "Rob Alexander", "borderColor": "black", "colorIdentity": ["U"], "colors": [], "convertedManaCost": 0.0, "foreignData": [], "frameVersion": "2003", "hasFoil": true, "hasNonFoil": true, "isPaper": true, "isPromo": true, "isReprint": true, "isStarter": true, "layout": "normal", "legalities": {"brawl": "Legal", "commander": "Legal", "duel": "Legal", "future": "Legal", "legacy": "Legal", "modern": "Legal", "pauper": "Legal", "penny": "Legal", "standard": "Legal", "vintage": "Legal"}, "name": "Island", "number": "2", "printings": ["10E", "2ED", "3ED", "4BB", "4ED", "5ED", "6ED", "7ED", "8ED", "9ED", "AKH", "ALA", "ANA", "ARC", "AVR", "BBD", "BFZ", "BRB", "BTD", "C13", "C14", "C15", "C16", "C17", "C18", "C19", "CED", "CEI", "CHK", "CM2", "CMA", "CMD", "CST", "DD2", "DDE", "DDF", "DDH", "DDI", "DDJ", "DDM", "DDN", "DDO", "DDQ", "DDS", "DDT", "DDU", "DOM", "DPA", "DTK", "E01", "FBB", "FRF", "G17", "GK1", "GK2", "GNT", "GRN", "GS1", "H09", "HOP", "HOU", "ICE", "INV", "ISD", "ITP", "J14", "JVC", "KLD", "KTK", "LEA", "LEB", "LRW", "M10", "M11", "M12", "M13", "M14", "M15", "M19", "M20", "MBS", "ME1", "ME3", "MIR", "MMQ", "MRD", "NPH", "ODY", "ONS", "ORI", "P02", "PAL00", "PAL01", "PAL02", "PAL03", "PAL04", "PAL05", "PAL06", "PAL99", "PALP", "PARL", "PC2", "PCA", "PELP", "PF19", "PGPX", "PGRU", "PMPS", "PMPS06", "PMPS07", "PMPS08", "PMPS09", "PMPS10", "PMPS11", "POR", "PPP1", "PRM", "PRW2", "PRWK", "PS11", "PSAL", "PSS2", "PSS3", "PTC", "PTK", "PZ2", "RAV", "RIX", "RNA", "ROE", "RQS", "RTR", "S99", "SHM", "SOI", "SOM", "SUM", "TD0", "TD2", "THS", "TMP", "TPR", "TSP", "UGL", "UNH", "USG", "UST", "WAR", "WC00", "WC01", "WC02", "WC03", "WC04", "WC97", "WC98", "XLN", "ZEN"], "rarity": "common", "rulings": [], "scryfallId": "95762dd0-d8d8-4416-853c-4f24043f159b", "scryfallIllustrationId": "ea2fa482-b997-45a8-b0b1-99ea5b9c84fd", "scryfallOracleId": "b2c6aa39-2d2a-459c-a555-fb48ba993373", "subtypes": ["Island"], "supertypes": ["Basic"], "text": "({T}: Add {U}.)", "type": "Basic Land — Island", "types": ["Land"], "uuid": "4d67367e-a5e9-53b6-ba83-9908067a98f9"}, {"artist": "Rob Alexander", "borderColor": "black", "colorIdentity": ["R"], "colors": [], "convertedManaCost": 0.0, "foreignData": [], "frameVersion": "2003", "hasFoil": true, "hasNonFoil": true, "isPaper": true, "isPromo": true, "isReprint": true, "isStarter": true, "layout": "normal", "legalities": {"brawl": "Legal", "commander": "Legal", "duel": "Legal", "future": "Legal", "legacy": "Legal", "modern": "Legal", "pauper": "Legal", "penny": "Legal", "standard": "Legal", "vintage": "Legal"}, "name": "Mountain", "number": "4", "printings": ["10E", "2ED", "3ED", "4BB", "4ED", "5ED", "6ED", "7ED", "8ED", "9ED", "AKH", "ALA", "ANA", "ARC", "ARN", "ATH", "AVR", "BBD", "BFZ", "BRB", "BTD", "C13", "C14", "C15", "C16", "C17", "C18", "C19", "CED", "CEI", "CHK", "CM2", "CMA", "CMD", "CST", "DD1", "DD2", "DDE", "DDG", "DDH", "DDI", "DDJ", "DDK", "DDL", "DDN", "DDP", "DDS", "DDT", "DDU", "DKM", "DOM", "DPA", "DTK", "E01", "EVG", "FBB", "FRF", "G17", "GK1", "GK2", "GNT", "GRN", "GS1", "H09", "HOP", "HOU", "ICE", "INV", "ISD", "ITP", "J14", "JVC", "KLD", "KTK", "LEA", "LEB", "LRW", "M10", "M11", "M12", "M13", "M14", "M15", "M19", "M20", "MBS", "ME1", "ME3", "MIR", "MMQ", "MRD", "NPH", "ODY", "ONS", "ORI", "P02", "PAL00", "PAL01", "PAL03", "PAL04", "PAL05", "PAL06", "PAL99", "PALP", "PARL", "PC2", "PCA", "PD2", "PELP", "PF19", "PGPX", "PGRU", "PMPS", "PMPS06", "PMPS07", "PMPS08", "PMPS09", "PMPS10", "PMPS11", "POR", "PPP1", "PRM", "PRW2", "PRWK", "PS11", "PSAL", "PSS2", "PSS3", "PTC", "PTK", "PZ2", "RAV", "RIX", "RNA", "ROE", "RQS", "RTR", "S99", "SHM", "SOI", "SOM", "SUM", "TD0", "THS", "TMP", "TPR", "TSP", "UGL", "UNH", "USG", "UST", "WAR", "WC00", "WC01", "WC02", "WC03", "WC97", "WC98", "WC99", "XLN", "ZEN"], "rarity": "common", "rulings": [], "scryfallId": "e2f2c29c-fe34-40ab-bc25-10d76868ffb9", "scryfallIllustrationId": "0d494d8b-b863-470a-8f2b-6a1b5cae4a06", "scryfallOracleId": "a3fb7228-e76b-4e96-a40e-20b5fed75685", "subtypes": ["Mountain"], "supertypes": ["Basic"], "text": "({T}: Add {R}.)", "type": "Basic Land — Mountain", "types": ["Land"], "uuid": "77724978-398f-5154-8ea2-eae958a89228"}, {"artist": "Rob Alexander", "borderColor": "black", "colorIdentity": ["W"], "colors": [], "convertedManaCost": 0.0, "foreignData": [], "frameVersion": "2003", "hasFoil": true, "hasNonFoil": true, "isPaper": true, "isPromo": true, "isReprint": true, "isStarter": true, "layout": "normal", "legalities": {"brawl": "Legal", "commander": "Legal", "duel": "Legal", "future": "Legal", "legacy": "Legal", "modern": "Legal", "pauper": "Legal", "penny": "Legal", "standard": "Legal", "vintage": "Legal"}, "name": "Plains", "number": "1", "printings": ["10E", "2ED", "3ED", "4BB", "4ED", "5ED", "6ED", "7ED", "8ED", "9ED", "AKH", "ALA", "ANA", "ARC", "ATH", "AVR", "BBD", "BFZ", "BRB", "C13", "C14", "C15", "C16", "C17", "C18", "C19", "CED", "CEI", "CHK", "CM2", "CMA", "CMD", "CST", "DDC", "DDE", "DDF", "DDG", "DDH", "DDI", "DDK", "DDL", "DDN", "DDO", "DDP", "DDQ", "DOM", "DTK", "DVD", "E01", "FBB", "FRF", "G17", "GK1", "GK2", "GNT", "GRN", "GS1", "H09", "HOP", "HOU", "ICE", "INV", "ISD", "ITP", "J14", "KLD", "KTK", "LEA", "LEB", "LRW", "M10", "M11", "M12", "M13", "M14", "M15", "M19", "M20", "MBS", "MD1", "ME1", "ME3", "MIR", "MMQ", "MRD", "NPH", "ODY", "ONS", "ORI", "P02", "PAL00", "PAL01", "PAL03", "PAL04", "PAL05", "PAL06", "PAL99", "PALP", "PARL", "PC2", "PCA", "PDGM", "PELP", "PF19", "PGPX", "PGRU", "PMPS", "PMPS06", "PMPS07", "PMPS08", "PMPS09", "PMPS10", "PMPS11", "POR", "PPP1", "PRM", "PRW2", "PRWK", "PS11", "PSAL", "PSS2", "PSS3", "PTC", "PTK", "PZ2", "RAV", "RIX", "RNA", "ROE", "RQS", "RTR", "S99", "SHM", "SOI", "SOM", "SUM", "TD0", "TD2", "THS", "TMP", "TPR", "TSP", "UGL", "UNH", "USG", "UST", "WAR", "WC00", "WC02", "WC03", "WC04", "WC97", "WC98", "XLN", "ZEN"], "rarity": "common", "rulings": [], "scryfallId": "6078962a-a98d-4d76-9126-5f0f9a6fdf8a", "scryfallIllustrationId": "34631512-5899-44c0-bfce-361e8dbfef70", "scryfallOracleId": "bc71ebf6-2056-41f7-be35-b2e5c34afa99", "subtypes": ["Plains"], "supertypes": ["Basic"], "text": "({T}: Add {W}.)", "type": "Basic Land — Plains", "types": ["Land"], "uuid": "08715b8a-75d4-5262-b5cd-0703daf135bd"}, {"artist": "Rob Alexander", "borderColor": "black", "colorIdentity": ["B"], "colors": [], "convertedManaCost": 0.0, "foreignData": [], "frameVersion": "2003", "hasFoil": true, "hasNonFoil": true, "isPaper": true, "isPromo": true, "isReprint": true, "isStarter": true, "layout": "normal", "legalities": {"brawl": "Legal", "commander": "Legal", "duel": "Legal", "future": "Legal", "legacy": "Legal", "modern": "Legal", "pauper": "Legal", "penny": "Legal", "standard": "Legal", "vintage": "Legal"}, "name": "Swamp", "number": "3", "printings": ["10E", "2ED", "3ED", "4BB", "4ED", "5ED", "6ED", "7ED", "8ED", "9ED", "AKH", "ALA", "ANA", "ARC", "ATH", "AVR", "BBD", "BFZ", "BRB", "BTD", "C13", "C14", "C15", "C16", "C17", "C18", "C19", "CED", "CEI", "CHK", "CM2", "CMA", "CMD", "CST", "DDC", "DDD", "DDE", "DDH", "DDJ", "DDK", "DDM", "DDN", "DDP", "DDQ", "DDR", "DKM", "DOM", "DPA", "DTK", "DVD", "E01", "FBB", "FRF", "G17", "GK1", "GK2", "GNT", "GRN", "GVL", "H09", "HOP", "HOU", "ICE", "INV", "ISD", "ITP", "J14", "KLD", "KTK", "LEA", "LEB", "LRW", "M10", "M11", "M12", "M13", "M14", "M15", "M19", "M20", "MBS", "MD1", "ME1", "ME3", "MIR", "MMQ", "MRD", "NPH", "ODY", "ONS", "ORI", "P02", "PAL00", "PAL01", "PAL03", "PAL04", "PAL05", "PAL06", "PAL99", "PALP", "PARL", "PC2", "PCA", "PD3", "PELP", "PF19", "PGPX", "PGRU", "PHUK", "PMPS", "PMPS06", "PMPS07", "PMPS08", "PMPS09", "PMPS10", "PMPS11", "POR", "PPP1", "PRM", "PRW2", "PRWK", "PS11", "PSAL", "PSS2", "PSS3", "PTC", "PTK", "RAV", "RIX", "RNA", "ROE", "RQS", "RTR", "S99", "SHM", "SOI", "SOM", "SUM", "TD0", "TD2", "THS", "TMP", "TPR", "TSP", "UGL", "UNH", "USG", "UST", "WAR", "WC01", "WC02", "WC03", "WC97", "WC98", "WC99", "XLN", "ZEN"], "rarity": "common", "rulings": [], "scryfallId": "da54204f-b684-4b89-a8bc-eec9bd43eb32", "scryfallIllustrationId": "97210419-b709-4008-b4bd-c7f7e3e62c48", "scryfallOracleId": "56719f6a-1a6c-4c0a-8d21-18f7d7350b68", "subtypes": ["Swamp"], "supertypes": ["Basic"], "text": "({T}: Add {B}.)", "type": "Basic Land — Swamp", "types": ["Land"], "uuid": "082b2baa-3b78-5ad1-852a-64b549655b7a"}], "code": "PMPS09", "isFoilOnly": false, "isForeignOnly": true, "isOnlineOnly": false, "keyruneCode": "PMPS", "meta": {"date": "2019-09-01", "pricesDate": "2019-09-01", "version": "4.5.0-rebuild.4"}, "name": "Magic Premiere Shop 2009", "releaseDate": "2009-01-01", "tokens": [], "totalSetSize": 5, "translations": {}, "type": "promo"}