{"baseSetSize": 0, "cards": [{"artist": "Adam Paquette", "borderColor": "black", "colorIdentity": ["G"], "colors": [], "convertedManaCost": 0.0, "foreignData": [], "frameVersion": "2003", "hasFoil": true, "hasNonFoil": true, "isPaper": true, "isPromo": true, "isReprint": true, "isStarter": true, "layout": "normal", "legalities": {"brawl": "Legal", "commander": "Legal", "duel": "Legal", "future": "Legal", "legacy": "Legal", "modern": "Legal", "pauper": "Legal", "penny": "Legal", "standard": "Legal", "vintage": "Legal"}, "name": "Forest", "number": "5", "printings": ["10E", "2ED", "3ED", "4BB", "4ED", "5ED", "6ED", "7ED", "8ED", "9ED", "AKH", "ALA", "ANA", "ARC", "ATH", "AVR", "BBD", "BFZ", "BRB", "BTD", "C13", "C14", "C15", "C16", "C17", "C18", "C19", "CED", "CEI", "CHK", "CM2", "CMA", "CMD", "CST", "DD1", "DDD", "DDE", "DDG", "DDH", "DDJ", "DDL", "DDM", "DDO", "DDP", "DDR", "DDS", "DDU", "DKM", "DOM", "DPA", "DTK", "E01", "EVG", "FBB", "FRF", "G17", "GK1", "GK2", "GNT", "GRN", "GS1", "GVL", "H09", "HOP", "HOU", "ICE", "INV", "ISD", "ITP", "J14", "KLD", "KTK", "LEA", "LEB", "LRW", "M10", "M11", "M12", "M13", "M14", "M15", "M19", "M20", "MBS", "ME1", "ME3", "MIR", "MMQ", "MRD", "NPH", "ODY", "ONS", "ORI", "P02", "PAL00", "PAL01", "PAL03", "PAL04", "PAL05", "PAL06", "PAL99", "PALP", "PARL", "PC2", "PCA", "PELP", "PF19", "PGPX", "PGRU", "PMPS", "PMPS06", "PMPS07", "PMPS08", "PMPS09", "PMPS10", "PMPS11", "POR", "PPP1", "PRM", "PRW2", "PRWK", "PS11", "PSAL", "PSS2", "PSS3", "PTC", "PTK", "PZ2", "RAV", "RIX", "RNA", "ROE", "RQS", "RTR", "S99", "SHM", "SOI", "SOM", "SUM", "TD0", "TD2", "THS", "TMP", "TPR", "TSP", "UGL", "UNH", "USG", "UST", "WAR", "WC00", "WC01", "WC02", "WC03", "WC04", "WC97", "WC98", "WC99", "XLN", "ZEN"], "rarity": "common", "rulings": [], "scryfallId": "86dae285-a59c-426c-b6cd-3683abea75a3", "scryfallIllustrationId": "805d871f-3f38-4382-8ef7-bc8a2df1e923", "scryfallOracleId": "b34bb2dc-c1af-4d77-b0b3-a0fb342a5fc6", "subtypes": ["Forest"], "supertypes": ["Basic"], "text": "({T}: Add {G}.)", "type": "Basic Land — Forest", "types": ["Land"], "uuid": "4f53a137-3450-5991-8866-9de8d26635f4"}, {"artist": "Adam Paquette", "borderColor": "black", "colorIdentity": ["U"], "colors": [], "convertedManaCost": 0.0, "foreignData": [], "frameVersion": "2003", "hasFoil": true, "hasNonFoil": true, "isPaper": true, "isPromo": true, "isReprint": true, "isStarter": true, "layout": "normal", "legalities": {"brawl": "Legal", "commander": "Legal", "duel": "Legal", "future": "Legal", "legacy": "Legal", "modern": "Legal", "pauper": "Legal", "penny": "Legal", "standard": "Legal", "vintage": "Legal"}, "name": "Island", "number": "2", "printings": ["10E", "2ED", "3ED", "4BB", "4ED", "5ED", "6ED", "7ED", "8ED", "9ED", "AKH", "ALA", "ANA", "ARC", "AVR", "BBD", "BFZ", "BRB", "BTD", "C13", "C14", "C15", "C16", "C17", "C18", "C19", "CED", "CEI", "CHK", "CM2", "CMA", "CMD", "CST", "DD2", "DDE", "DDF", "DDH", "DDI", "DDJ", "DDM", "DDN", "DDO", "DDQ", "DDS", "DDT", "DDU", "DOM", "DPA", "DTK", "E01", "FBB", "FRF", "G17", "GK1", "GK2", "GNT", "GRN", "GS1", "H09", "HOP", "HOU", "ICE", "INV", "ISD", "ITP", "J14", "JVC", "KLD", "KTK", "LEA", "LEB", "LRW", "M10", "M11", "M12", "M13", "M14", "M15", "M19", "M20", "MBS", "ME1", "ME3", "MIR", "MMQ", "MRD", "NPH", "ODY", "ONS", "ORI", "P02", "PAL00", "PAL01", "PAL02", "PAL03", "PAL04", "PAL05", "PAL06", "PAL99", "PALP", "PARL", "PC2", "PCA", "PELP", "PF19", "PGPX", "PGRU", "PMPS", "PMPS06", "PMPS07", "PMPS08", "PMPS09", "PMPS10", "PMPS11", "POR", "PPP1", "PRM", "PRW2", "PRWK", "PS11", "PSAL", "PSS2", "PSS3", "PTC", "PTK", "PZ2", "RAV", "RIX", "RNA", "ROE", "RQS", "RTR", "S99", "SHM", "SOI", "SOM", "SUM", "TD0", "TD2", "THS", "TMP", "TPR", "TSP", "UGL", "UNH", "USG", "UST", "WAR", "WC00", "WC01", "WC02", "WC03", "WC04", "WC97", "WC98", "XLN", "ZEN"], "rarity": "common", "rulings": [], "scryfallId": "161aaceb-d0bb-48c5-8bd4-bff321a94b2e", "scryfallIllustrationId": "48962fe7-2d40-4d79-8240-d37e57f7b705", "scryfallOracleId": "b2c6aa39-2d2a-459c-a555-fb48ba993373", "subtypes": ["Island"], "supertypes": ["Basic"], "text": "({T}: Add {U}.)", "type": "Basic Land — Island", "types": ["Land"], "uuid": "e15d79ed-dd51-5005-ace0-4e3f908310ab"}, {"artist": "Adam Paquette", "borderColor": "black", "colorIdentity": ["R"], "colors": [], "convertedManaCost": 0.0, "foreignData": [], "frameVersion": "2003", "hasFoil": true, "hasNonFoil": true, "isPaper": true, "isPromo": true, "isReprint": true, "isStarter": true, "layout": "normal", "legalities": {"brawl": "Legal", "commander": "Legal", "duel": "Legal", "future": "Legal", "legacy": "Legal", "modern": "Legal", "pauper": "Legal", "penny": "Legal", "standard": "Legal", "vintage": "Legal"}, "name": "Mountain", "number": "4", "printings": ["10E", "2ED", "3ED", "4BB", "4ED", "5ED", "6ED", "7ED", "8ED", "9ED", "AKH", "ALA", "ANA", "ARC", "ARN", "ATH", "AVR", "BBD", "BFZ", "BRB", "BTD", "C13", "C14", "C15", "C16", "C17", "C18", "C19", "CED", "CEI", "CHK", "CM2", "CMA", "CMD", "CST", "DD1", "DD2", "DDE", "DDG", "DDH", "DDI", "DDJ", "DDK", "DDL", "DDN", "DDP", "DDS", "DDT", "DDU", "DKM", "DOM", "DPA", "DTK", "E01", "EVG", "FBB", "FRF", "G17", "GK1", "GK2", "GNT", "GRN", "GS1", "H09", "HOP", "HOU", "ICE", "INV", "ISD", "ITP", "J14", "JVC", "KLD", "KTK", "LEA", "LEB", "LRW", "M10", "M11", "M12", "M13", "M14", "M15", "M19", "M20", "MBS", "ME1", "ME3", "MIR", "MMQ", "MRD", "NPH", "ODY", "ONS", "ORI", "P02", "PAL00", "PAL01", "PAL03", "PAL04", "PAL05", "PAL06", "PAL99", "PALP", "PARL", "PC2", "PCA", "PD2", "PELP", "PF19", "PGPX", "PGRU", "PMPS", "PMPS06", "PMPS07", "PMPS08", "PMPS09", "PMPS10", "PMPS11", "POR", "PPP1", "PRM", "PRW2", "PRWK", "PS11", "PSAL", "PSS2", "PSS3", "PTC", "PTK", "PZ2", "RAV", "RIX", "RNA", "ROE", "RQS", "RTR", "S99", "SHM", "SOI", "SOM", "SUM", "TD0", "THS", "TMP", "TPR", "TSP", "UGL", "UNH", "USG", "UST", "WAR", "WC00", "WC01", "WC02", "WC03", "WC97", "WC98", "WC99", "XLN", "ZEN"], "rarity": "common", "rulings": [], "scryfallId": "890037ae-c366-4769-b7f7-7185a1bebca1", "scryfallIllustrationId": "3f3ea771-ca49-449a-95cf-2bbe5c2010d7", "scryfallOracleId": "a3fb7228-e76b-4e96-a40e-20b5fed75685", "subtypes": ["Mountain"], "supertypes": ["Basic"], "text": "({T}: Add {R}.)", "type": "Basic Land — Mountain", "types": ["Land"], "uuid": "ba172288-733b-590a-8836-79cd03c18bc8"}, {"artist": "Adam Paquette", "borderColor": "black", "colorIdentity": ["W"], "colors": [], "convertedManaCost": 0.0, "foreignData": [], "frameVersion": "2003", "hasFoil": true, "hasNonFoil": true, "isPaper": true, "isPromo": true, "isReprint": true, "isStarter": true, "layout": "normal", "legalities": {"brawl": "Legal", "commander": "Legal", "duel": "Legal", "future": "Legal", "legacy": "Legal", "modern": "Legal", "pauper": "Legal", "penny": "Legal", "standard": "Legal", "vintage": "Legal"}, "name": "Plains", "number": "1", "printings": ["10E", "2ED", "3ED", "4BB", "4ED", "5ED", "6ED", "7ED", "8ED", "9ED", "AKH", "ALA", "ANA", "ARC", "ATH", "AVR", "BBD", "BFZ", "BRB", "C13", "C14", "C15", "C16", "C17", "C18", "C19", "CED", "CEI", "CHK", "CM2", "CMA", "CMD", "CST", "DDC", "DDE", "DDF", "DDG", "DDH", "DDI", "DDK", "DDL", "DDN", "DDO", "DDP", "DDQ", "DOM", "DTK", "DVD", "E01", "FBB", "FRF", "G17", "GK1", "GK2", "GNT", "GRN", "GS1", "H09", "HOP", "HOU", "ICE", "INV", "ISD", "ITP", "J14", "KLD", "KTK", "LEA", "LEB", "LRW", "M10", "M11", "M12", "M13", "M14", "M15", "M19", "M20", "MBS", "MD1", "ME1", "ME3", "MIR", "MMQ", "MRD", "NPH", "ODY", "ONS", "ORI", "P02", "PAL00", "PAL01", "PAL03", "PAL04", "PAL05", "PAL06", "PAL99", "PALP", "PARL", "PC2", "PCA", "PDGM", "PELP", "PF19", "PGPX", "PGRU", "PMPS", "PMPS06", "PMPS07", "PMPS08", "PMPS09", "PMPS10", "PMPS11", "POR", "PPP1", "PRM", "PRW2", "PRWK", "PS11", "PSAL", "PSS2", "PSS3", "PTC", "PTK", "PZ2", "RAV", "RIX", "RNA", "ROE", "RQS", "RTR", "S99", "SHM", "SOI", "SOM", "SUM", "TD0", "TD2", "THS", "TMP", "TPR", "TSP", "UGL", "UNH", "USG", "UST", "WAR", "WC00", "WC02", "WC03", "WC04", "WC97", "WC98", "XLN", "ZEN"], "rarity": "common", "rulings": [], "scryfallId": "7ee52536-8cfa-482b-874e-094c0a081894", "scryfallIllustrationId": "e434e795-5a3e-406d-9fbd-484aa8cc42f6", "scryfallOracleId": "bc71ebf6-2056-41f7-be35-b2e5c34afa99", "subtypes": ["Plains"], "supertypes": ["Basic"], "text": "({T}: Add {W}.)", "type": "Basic Land — Plains", "types": ["Land"], "uuid": "bce00f49-d365-5ba2-ba04-0ec1fb075282"}, {"artist": "Adam Paquette", "borderColor": "black", "colorIdentity": ["B"], "colors": [], "convertedManaCost": 0.0, "foreignData": [], "frameVersion": "2003", "hasFoil": true, "hasNonFoil": true, "isPaper": true, "isPromo": true, "isReprint": true, "isStarter": true, "layout": "normal", "legalities": {"brawl": "Legal", "commander": "Legal", "duel": "Legal", "future": "Legal", "legacy": "Legal", "modern": "Legal", "pauper": "Legal", "penny": "Legal", "standard": "Legal", "vintage": "Legal"}, "name": "Swamp", "number": "3", "printings": ["10E", "2ED", "3ED", "4BB", "4ED", "5ED", "6ED", "7ED", "8ED", "9ED", "AKH", "ALA", "ANA", "ARC", "ATH", "AVR", "BBD", "BFZ", "BRB", "BTD", "C13", "C14", "C15", "C16", "C17", "C18", "C19", "CED", "CEI", "CHK", "CM2", "CMA", "CMD", "CST", "DDC", "DDD", "DDE", "DDH", "DDJ", "DDK", "DDM", "DDN", "DDP", "DDQ", "DDR", "DKM", "DOM", "DPA", "DTK", "DVD", "E01", "FBB", "FRF", "G17", "GK1", "GK2", "GNT", "GRN", "GVL", "H09", "HOP", "HOU", "ICE", "INV", "ISD", "ITP", "J14", "KLD", "KTK", "LEA", "LEB", "LRW", "M10", "M11", "M12", "M13", "M14", "M15", "M19", "M20", "MBS", "MD1", "ME1", "ME3", "MIR", "MMQ", "MRD", "NPH", "ODY", "ONS", "ORI", "P02", "PAL00", "PAL01", "PAL03", "PAL04", "PAL05", "PAL06", "PAL99", "PALP", "PARL", "PC2", "PCA", "PD3", "PELP", "PF19", "PGPX", "PGRU", "PHUK", "PMPS", "PMPS06", "PMPS07", "PMPS08", "PMPS09", "PMPS10", "PMPS11", "POR", "PPP1", "PRM", "PRW2", "PRWK", "PS11", "PSAL", "PSS2", "PSS3", "PTC", "PTK", "RAV", "RIX", "RNA", "ROE", "RQS", "RTR", "S99", "SHM", "SOI", "SOM", "SUM", "TD0", "TD2", "THS", "TMP", "TPR", "TSP", "UGL", "UNH", "USG", "UST", "WAR", "WC01", "WC02", "WC03", "WC97", "WC98", "WC99", "XLN", "ZEN"], "rarity": "common", "rulings": [], "scryfallId": "4df49e68-cadf-4196-a3f4-ae38579edaeb", "scryfallIllustrationId": "7d622c79-28ef-4f4e-8573-d1694bde67e7", "scryfallOracleId": "56719f6a-1a6c-4c0a-8d21-18f7d7350b68", "subtypes": ["Swamp"], "supertypes": ["Basic"], "text": "({T}: Add {B}.)", "type": "Basic Land — Swamp", "types": ["Land"], "uuid": "dda558c2-9c6e-5ac6-870f-b1d40abd4cdc"}], "code": "PMPS11", "isFoilOnly": false, "isForeignOnly": true, "isOnlineOnly": false, "keyruneCode": "PMPS", "meta": {"date": "2019-09-01", "pricesDate": "2019-09-01", "version": "4.5.0-rebuild.4"}, "name": "Magic Premiere Shop 2011", "releaseDate": "2011-01-01", "tokens": [], "totalSetSize": 5, "translations": {}, "type": "promo"}