{"baseSetSize": 0, "cards": [{"artist": "Andrew Robinson", "borderColor": "black", "colorIdentity": ["W"], "colors": ["W"], "convertedManaCost": 2.0, "edhrecRank": 15733, "flavorText": "Asked how it survived a run-in with a bog imp, the pegasus just shook its mane and burped.", "foreignData": [], "frameVersion": "1997", "hasFoil": false, "hasNonFoil": true, "isPaper": true, "isReprint": true, "isStarter": true, "layout": "normal", "legalities": {"commander": "Legal", "duel": "Legal", "legacy": "Legal", "pauper": "Legal", "penny": "Legal", "vintage": "Legal"}, "manaCost": "{1}{W}", "mtgstocksId": 37044, "name": "Armored Pegasus", "number": "1", "power": "1", "prices": {"paper": {"2019-06-02": 0.76, "2019-06-09": 0.76, "2019-06-16": 0.76, "2019-06-23": 0.76, "2019-06-30": 0.76, "2019-07-07": 0.76, "2019-07-14": 1.0, "2019-07-21": 0.88, "2019-07-28": 0.88, "2019-08-04": 0.87, "2019-08-11": 1.22, "2019-08-18": 1.37, "2019-08-25": 1.37}, "paperFoil": {}}, "printings": ["6ED", "ATH", "BRB", "POR", "PPOD", "TMP", "TPR"], "rarity": "common", "rulings": [], "scryfallId": "3f021a79-a182-4914-9ff4-d6fcba7c1d22", "scryfallIllustrationId": "278711f9-dc9f-4435-b728-3276cba3929b", "scryfallOracleId": "f097a059-5505-4c3c-b879-7853ab6972ed", "subtypes": ["Pegasus"], "supertypes": [], "tcgplayerProductId": 126212, "text": "Flying", "toughness": "2", "type": "Creature — Pegasus", "types": ["Creature"], "uuid": "3426706a-868c-5466-a077-f027ecd488ff"}, {"artist": "Roger Raupp", "borderColor": "black", "colorIdentity": ["G"], "colors": ["G"], "convertedManaCost": 4.0, "edhrecRank": 17457, "foreignData": [], "frameVersion": "1997", "hasFoil": false, "hasNonFoil": true, "isPaper": true, "isReprint": true, "isStarter": true, "layout": "normal", "legalities": {"commander": "Legal", "duel": "Legal", "legacy": "Legal", "penny": "Legal", "vintage": "Legal"}, "manaCost": "{3}{G}", "mtgstocksId": 42134, "name": "Bull Hippo", "number": "2", "power": "3", "prices": {"paper": {"2019-06-02": 4.08, "2019-06-09": 4.08, "2019-06-16": 4.02, "2019-06-23": 4.02, "2019-06-30": 4.26, "2019-07-07": 4.02, "2019-07-14": 4.03, "2019-07-21": 4.25, "2019-07-28": 4.25, "2019-08-04": 4.02, "2019-08-11": 4.03, "2019-08-18": 4.0, "2019-08-25": 4.01}, "paperFoil": {}}, "printings": ["7ED", "POR", "PPOD", "S99", "USG"], "rarity": "rare", "rulings": [], "scryfallId": "1fbe115b-ded7-4749-95e2-b69bff26fc74", "scryfallIllustrationId": "1ccdbfc4-714b-4299-846d-f6d5e0b497d8", "scryfallOracleId": "4d62a448-b6a5-43b1-a281-9e9361a5524a", "subtypes": ["Hippo"], "supertypes": [], "tcgplayerProductId": 177275, "text": "Islandwalk (This creature can't be blocked as long as defending player controls an Island.)", "toughness": "3", "type": "Creature — Hippo", "types": ["Creature"], "uuid": "c1e27e0e-1c1d-5b29-8b09-3e071ed8575f"}, {"artist": "Phil Foglio", "borderColor": "black", "colorIdentity": ["U"], "colors": ["U"], "convertedManaCost": 1.0, "edhrecRank": 7681, "foreignData": [], "frameVersion": "1997", "hasFoil": false, "hasNonFoil": true, "isPaper": true, "isStarter": true, "layout": "normal", "legalities": {"commander": "Legal", "duel": "Legal", "legacy": "Legal", "pauper": "Legal", "vintage": "Legal"}, "manaCost": "{U}", "mtgstocksId": 42135, "name": "Cloud Pirates", "number": "3", "power": "1", "prices": {"paper": {"2019-06-02": 9.5, "2019-06-09": 8.96, "2019-06-16": 8.85, "2019-06-23": 8.94, "2019-06-30": 8.94, "2019-07-07": 8.94, "2019-07-14": 8.94, "2019-07-21": 8.9, "2019-07-28": 8.94, "2019-08-04": 8.8, "2019-08-11": 8.94, "2019-08-18": 8.92, "2019-08-25": 8.9}, "paperFoil": {}}, "printings": ["POR", "PPOD"], "rarity": "rare", "rulings": [], "scryfallId": "88425a48-7b03-4ecf-88cd-d72ef98ca814", "scryfallIllustrationId": "f8e635e5-2088-46aa-b1ff-13e578a93455", "scryfallOracleId": "d334aa85-3470-4f5d-9cbc-b88bf991a5af", "subtypes": ["Human", "Pirate"], "supertypes": [], "tcgplayerProductId": 177277, "text": "Flying\nCloud Pirates can block only creatures with flying.", "toughness": "1", "type": "Creature — Human Pirate", "types": ["Creature"], "uuid": "a85c8128-ec69-54f0-8aa6-32067587a139"}, {"artist": "Colin MacNeil", "borderColor": "black", "colorIdentity": ["B"], "colors": ["B"], "convertedManaCost": 3.0, "edhrecRank": 16146, "flavorText": "Not all shadows are cast by light—some are cast by darkness.", "foreignData": [], "frameVersion": "1997", "hasFoil": false, "hasNonFoil": true, "isPaper": true, "isReprint": true, "isStarter": true, "layout": "normal", "legalities": {"commander": "Legal", "duel": "Legal", "legacy": "Legal", "pauper": "Legal", "penny": "Legal", "vintage": "Legal"}, "manaCost": "{2}{B}", "mtgstocksId": 37047, "name": "Feral Shadow", "number": "4", "power": "2", "prices": {"paper": {"2019-06-02": 0.15, "2019-06-09": 0.93, "2019-06-16": 2.07, "2019-06-23": 0.27, "2019-06-30": 2.07, "2019-07-07": 0.44, "2019-07-14": 1.11, "2019-07-21": 0.15, "2019-07-28": 0.15, "2019-08-04": 0.15, "2019-08-11": 2.11, "2019-08-18": 2.11, "2019-08-25": 2.11}, "paperFoil": {}}, "printings": ["6ED", "BTD", "MIR", "POR", "PPOD", "S99"], "rarity": "rare", "rulings": [], "scryfallId": "200365f5-05a1-461e-904e-daf99f4b92bb", "scryfallIllustrationId": "ba9fc509-d499-43c3-b44c-b478859f3bd6", "scryfallOracleId": "cf26dcb4-e181-4ba5-bc03-b56f57032b85", "subtypes": ["Nightstalker"], "supertypes": [], "tcgplayerProductId": 137835, "text": "Flying", "toughness": "1", "type": "Creature — Nightstalker", "types": ["Creature"], "uuid": "7d6903c3-0e9e-5c20-b501-412f1ed76788"}, {"artist": "Christopher Rush", "borderColor": "black", "colorIdentity": ["U"], "colors": ["U"], "convertedManaCost": 4.0, "edhrecRank": 17042, "flavorText": "Drakes claim to be dragons—until the dragons show up.", "foreignData": [], "frameVersion": "1997", "hasFoil": false, "hasNonFoil": true, "isPaper": true, "isStarter": true, "layout": "normal", "legalities": {"brawl": "Legal", "commander": "Legal", "duel": "Legal", "future": "Legal", "legacy": "Legal", "modern": "Legal", "pauper": "Legal", "penny": "Legal", "standard": "Legal", "vintage": "Legal"}, "manaCost": "{3}{U}", "mtgstocksId": 37045, "name": "Snapping Drake", "number": "5", "power": "3", "prices": {"paper": {"2019-06-02": 3.5, "2019-06-09": 3.51, "2019-06-16": 3.53, "2019-06-23": 3.52, "2019-06-30": 3.56, "2019-07-07": 3.55, "2019-07-14": 3.55, "2019-07-21": 3.5, "2019-07-28": 3.42, "2019-08-04": 3.56, "2019-08-11": 3.5, "2019-08-18": 3.64, "2019-08-25": 3.28}, "paperFoil": {}}, "printings": ["10E", "BTD", "DPA", "M10", "M19", "M20", "POR", "PPOD", "PS11", "RAV", "S99"], "rarity": "rare", "rulings": [], "scryfallId": "a0fadc0d-d6de-4634-9c15-d9c9732cdc87", "scryfallIllustrationId": "02a7ddb7-50c5-430a-a4f1-5ff9988a0b76", "scryfallOracleId": "e15060c3-3773-4548-8747-ff59dcf2b519", "subtypes": ["Drake"], "supertypes": [], "tcgplayerProductId": 135030, "text": "Flying (This creature can't be blocked except by creatures with flying or reach.)", "toughness": "2", "type": "Creature — Drake", "types": ["Creature"], "uuid": "30d517cf-531a-54e0-a652-19336b0c5e92"}, {"artist": "Una Fricker", "borderColor": "black", "colorIdentity": ["U"], "colors": ["U"], "convertedManaCost": 2.0, "edhrecRank": 9444, "flavorText": "Storm crow descending, winter unending. Storm crow departing, summer is starting.", "foreignData": [], "frameVersion": "1997", "hasFoil": false, "hasNonFoil": true, "isPaper": true, "isReprint": true, "isStarter": true, "layout": "normal", "legalities": {"commander": "Legal", "duel": "Legal", "legacy": "Legal", "modern": "Legal", "pauper": "Legal", "penny": "Legal", "vintage": "Legal"}, "manaCost": "{1}{U}", "mtgstocksId": 37046, "name": "Storm Crow", "number": "6", "power": "1", "prices": {"paper": {"2019-06-02": 1.06, "2019-06-09": 1.05, "2019-06-16": 1.06, "2019-06-23": 1.02, "2019-06-30": 1.0, "2019-07-07": 1.03, "2019-07-14": 1.15, "2019-07-21": 1.13, "2019-07-28": 1.1, "2019-08-04": 1.1, "2019-08-11": 1.11, "2019-08-18": 1.13, "2019-08-25": 1.16}, "paperFoil": {}}, "printings": ["6ED", "7ED", "8ED", "9ED", "ALL", "POR", "PPOD", "S99"], "rarity": "rare", "rulings": [], "scryfallId": "a5bb2fa5-8f88-4d08-badb-3e52358d21d6", "scryfallIllustrationId": "e3afc26c-9b85-44a9-ab94-04d7a6ff4f48", "scryfallOracleId": "000d5588-5a4c-434e-988d-396632ade42c", "subtypes": ["Bird"], "supertypes": [], "tcgplayerProductId": 135031, "text": "Flying (This creature can't be blocked except by creatures with flying or reach.)", "toughness": "2", "type": "Creature — Bird", "types": ["Creature"], "uuid": "ade12735-33d7-548b-95fb-c77a71012243"}], "code": "PPOD", "isFoilOnly": true, "isOnlineOnly": false, "keyruneCode": "POR", "meta": {"date": "2019-09-01", "pricesDate": "2019-09-01", "version": "4.5.0-rebuild.4"}, "name": "Portal Demo Game", "parentCode": "POR", "releaseDate": "1997-05-01", "tokens": [], "totalSetSize": 6, "translations": {}, "type": "starter"}