{"baseSetSize": 0, "cards": [{"artist": "Christopher Moeller", "borderColor": "black", "colorIdentity": ["W"], "colors": ["W"], "convertedManaCost": 4.0, "edhrecRank": 2639, "foreignData": [], "frameVersion": "2003", "hasFoil": true, "hasNonFoil": false, "isPaper": true, "isPromo": true, "isReprint": true, "isStarter": true, "layout": "normal", "legalities": {"commander": "Legal", "duel": "Legal", "legacy": "Legal", "modern": "Legal", "penny": "Legal", "vintage": "Legal"}, "loyalty": "4", "manaCost": "{2}{W}{W}", "mcmId": 244773, "mcmMetaId": 9113, "mtgstocksId": 22238, "name": "Ajani Goldmane", "number": "2011", "prices": {"paper": {}, "paperFoil": {"2019-06-02": 11.99, "2019-06-09": 11.99, "2019-06-16": 11.99, "2019-06-23": 12.0, "2019-06-30": 12.15, "2019-07-07": 11.99, "2019-07-14": 11.99, "2019-07-21": 12.0, "2019-07-28": 12.0, "2019-08-04": 12.0, "2019-08-11": 11.99, "2019-08-18": 12.0, "2019-08-25": 11.99}}, "printings": ["LRW", "M10", "M11", "PPRO", "PRM"], "purchaseUrls": {"cardmarket": "https://mtgjson.com/links/da079fa52324aee2", "mtgstocks": "https://mtgjson.com/links/8a066fb307b856fc", "tcgplayer": "https://mtgjson.com/links/8b1f1231cd07778c"}, "rarity": "mythic", "rulings": [{"date": "2007-10-01", "text": "The vigilance granted to a creature by the second ability remains until the end of the turn even if the +1/+1 counter is removed."}, {"date": "2007-10-01", "text": "The power and toughness of the Avatar created by the third ability will change as your life total changes."}], "scryfallId": "e0dd3245-b4d0-43ce-9c98-c3c5bc1767a1", "scryfallIllustrationId": "28658b87-9499-46a8-9f6b-eb8ed974bcb1", "scryfallOracleId": "dfb5f660-fd8b-4b7b-934c-6a71cd182f15", "subtypes": ["Ajani"], "supertypes": ["Legendary"], "tcgplayerProductId": 39335, "text": "[+1]: You gain 2 life.\n[−1]: Put a +1/+1 counter on each creature you control. Those creatures gain vigilance until end of turn.\n[−6]: Create a white Avatar creature token. It has \"This creature's power and toughness are each equal to your life total.\"", "type": "Legendary Planeswalker — Ajani", "types": ["Planeswalker"], "uuid": "7b01917f-ebb0-5831-8e1b-7877078091fe", "watermark": "protour"}, {"artist": "Chase Stone", "borderColor": "black", "colorIdentity": [], "colors": [], "convertedManaCost": 2.0, "edhrecRank": 5110, "foreignData": [], "frameVersion": "2015", "hasFoil": true, "hasNonFoil": false, "isPaper": true, "isPromo": true, "isReprint": true, "isStarter": true, "layout": "normal", "legalities": {"commander": "Legal", "duel": "Legal", "legacy": "Legal", "modern": "Legal", "vintage": "Legal"}, "manaCost": "{2}", "mtgstocksId": 48507, "name": "Arcbound Ravager", "number": "2019", "power": "0", "prices": {"paper": {}, "paperFoil": {"2019-06-02": 42.0, "2019-06-09": 39.99, "2019-06-16": 39.04, "2019-06-23": 36.0, "2019-06-30": 35.64, "2019-07-07": 35.2, "2019-07-14": 34.0, "2019-07-21": 34.24, "2019-07-28": 31.97, "2019-08-04": 31.49, "2019-08-11": 29.04, "2019-08-18": 28.0, "2019-08-25": 27.68}}, "printings": ["DST", "MMA", "MPS", "PPRO", "WC04"], "purchaseUrls": {"mtgstocks": "https://mtgjson.com/links/cbd1c8d4b8ffb57e", "tcgplayer": "https://mtgjson.com/links/c3bdb7c34378e905"}, "rarity": "rare", "rulings": [{"date": "2006-09-25", "text": "If this creature gets enough -1/-1 counters put on it to cause its toughness to be 0 or less (or the damage marked on it to be lethal), modular will put a number of +1/+1 counters on the target artifact creature equal to the number of +1/+1 counters on this creature before it left the battlefield."}], "scryfallId": "211b1279-0f37-47a9-8eb5-db91159d0cf2", "scryfallIllustrationId": "68be6699-2938-4187-a6c3-fb79dc8d5d53", "scryfallOracleId": "62e7e7b1-9887-4d15-b0e5-a8ddc711bd88", "subtypes": ["Beast"], "supertypes": [], "tcgplayerProductId": 188711, "text": "Sacrifice an artifact: Put a +1/+1 counter on Arcbound Ravager.\nModular 1 (This creature enters the battlefield with a +1/+1 counter on it. When it dies, you may put its +1/+1 counters on target artifact creature.)", "toughness": "0", "type": "Artifact Creature — Beast", "types": ["Artifact", "Creature"], "uuid": "8db5e996-f91c-52ee-b72e-67e445d16cdd", "watermark": "wotc"}, {"artist": "rk post", "borderColor": "black", "colorIdentity": ["B"], "colors": ["B"], "convertedManaCost": 8.0, "edhrecRank": 1161, "foreignData": [], "frameVersion": "2003", "hasFoil": true, "hasNonFoil": false, "isPaper": true, "isPromo": true, "isReprint": true, "isStarter": true, "layout": "normal", "legalities": {"commander": "Legal", "duel": "Legal", "legacy": "Legal", "modern": "Legal", "vintage": "Legal"}, "manaCost": "{6}{B}{B}", "mcmId": 22090, "mcmMetaId": 365, "mtgstocksId": 20785, "name": "Avatar of Woe", "number": "2010", "power": "6", "prices": {"paper": {}, "paperFoil": {"2019-06-02": 18.39, "2019-06-09": 18.39, "2019-06-16": 18.0, "2019-06-23": 18.2, "2019-06-30": 18.2, "2019-07-07": 18.39, "2019-07-14": 18.2, "2019-07-21": 18.0, "2019-07-28": 18.2, "2019-08-04": 17.57, "2019-08-11": 18.2, "2019-08-18": 16.07, "2019-08-25": 16.89}}, "printings": ["ARC", "CM2", "CMD", "CN2", "MP2", "PCY", "PD3", "PPRO", "PRM", "TD0", "TSB"], "purchaseUrls": {"cardmarket": "https://mtgjson.com/links/ec77152e6dc55b4d", "mtgstocks": "https://mtgjson.com/links/3bc4ce9fbab857b7", "tcgplayer": "https://mtgjson.com/links/cd22062d28241c6e"}, "rarity": "rare", "rulings": [{"date": "2004-10-04", "text": "The converted mana cost of this card is still 8, even if you only pay {B}{B} to cast it."}], "scryfallId": "605974f0-6a76-4eb6-b611-6155529ba17d", "scryfallIllustrationId": "242664ce-8fe3-4d47-8de3-a9c9033e20a9", "scryfallOracleId": "2da5aa33-3794-4f83-936c-9d8640833d86", "subtypes": ["Avatar"], "supertypes": [], "tcgplayerProductId": 38406, "text": "If there are ten or more creature cards total in all graveyards, this spell costs {6} less to cast.\nFear (This creature can't be blocked except by artifact creatures and/or black creatures.)\n{T}: Destroy target creature. It can't be regenerated.", "toughness": "5", "type": "Creature — Avatar", "types": ["Creature"], "uuid": "6972c0ba-9364-505c-b6a2-c8495d87ce6c", "watermark": "protour"}, {"artist": "Vincent Proce", "borderColor": "black", "colorIdentity": [], "colors": [], "convertedManaCost": 15.0, "foreignData": [], "frameVersion": "2015", "hasFoil": true, "hasNonFoil": false, "isPaper": true, "isPromo": true, "isReprint": true, "isStarter": true, "layout": "normal", "legalities": {"commander": "Banned", "duel": "Banned", "legacy": "Legal", "modern": "Legal", "vintage": "Legal"}, "manaCost": "{15}", "mtgstocksId": 33455, "name": "Emrakul, the Aeons Torn", "number": "2017", "power": "15", "prices": {"paper": {}, "paperFoil": {"2019-06-02": 53.87, "2019-06-09": 52.49, "2019-06-16": 53.09, "2019-06-23": 53.54, "2019-06-30": 53.99, "2019-07-07": 52.49, "2019-07-14": 52.99, "2019-07-21": 51.99, "2019-07-28": 51.58, "2019-08-04": 51.48, "2019-08-11": 50.48, "2019-08-18": 50.5, "2019-08-25": 51.29}}, "printings": ["MM2", "PPRO", "PRM", "PROE", "PUMA", "ROE", "UMA"], "purchaseUrls": {"mtgstocks": "https://mtgjson.com/links/bef1c7be042dc018", "tcgplayer": "https://mtgjson.com/links/b55dd9205ccdb8b9"}, "rarity": "mythic", "rulings": [{"date": "2010-06-15", "text": "Annihilator abilities trigger and resolve during the declare attackers step. The defending player chooses and sacrifices the required number of permanents before they declare blockers. Any creatures sacrificed this way won’t be able to block."}, {"date": "2010-06-15", "text": "If a creature with annihilator is attacking a planeswalker, and the defending player chooses to sacrifice that planeswalker, the attacking creature continues to attack. It may be blocked. If it isn’t blocked, it simply won’t deal combat damage to anything."}, {"date": "2018-12-07", "text": "Emrakul’s second ability triggers as you cast it, and that ability resolves before the spell itself. It resolves even if that spell is somehow removed from the stack."}, {"date": "2018-12-07", "text": "Emrakul can be targeted by spells that try to counter it (such as Countersquall). Those spells will resolve, but the part of their effect that would counter Emrakul won’t do anything. Any other effects those spells have will work as normal."}, {"date": "2018-12-07", "text": "“Colored spells” is not synonymous with “colored cards.” For example, even though creatures are spells when they’re cast, they’re not spells when they’re on the battlefield and can block Emrakul; and triggered abilities of permanents entering the battlefield (such as that of Banishing Light) can target it."}, {"date": "2018-12-07", "text": "Emrakul can’t be the target of colored Aura spells, but colored Auras can be put onto the battlefield enchanting it."}], "scryfallId": "4e8b085d-f66e-47e8-bc77-a551f1136ee8", "scryfallIllustrationId": "79205ee6-99db-48a2-9e23-d34171aaf45d", "scryfallOracleId": "900ca697-ad38-4b2b-bc74-2ff7eb6ea951", "subtypes": ["Eldrazi"], "supertypes": ["Legendary"], "tcgplayerProductId": 128632, "text": "This spell can't be countered.\nWhen you cast this spell, take an extra turn after this one.\nFlying, protection from colored spells, annihilator 6\nWhen Emrakul, the Aeons Torn is put into a graveyard from anywhere, its owner shuffles their graveyard into their library.", "toughness": "15", "type": "Legendary Creature — Eldrazi", "types": ["Creature"], "uuid": "6e7a5061-8597-513c-8fb1-cfe458a1de0d", "watermark": "wotc"}, {"artist": "Adam Rex", "borderColor": "black", "colorIdentity": ["W"], "colors": ["W"], "convertedManaCost": 7.0, "edhrecRank": 3626, "foreignData": [], "frameVersion": "2003", "hasFoil": true, "hasNonFoil": false, "isPaper": true, "isPromo": true, "isReprint": true, "isStarter": true, "layout": "normal", "legalities": {"commander": "Legal", "duel": "Legal", "legacy": "Legal", "penny": "Legal", "vintage": "Legal"}, "manaCost": "{5}{W}{W}", "mcmId": 19972, "mcmMetaId": 1874, "mtgstocksId": 20787, "name": "Eternal Dragon", "number": "2007", "power": "5", "prices": {"paper": {}, "paperFoil": {"2019-06-02": 9.26, "2019-06-09": 9.26, "2019-06-16": 9.02, "2019-06-23": 9.26, "2019-06-30": 9.02, "2019-07-07": 9.02, "2019-07-14": 9.02, "2019-07-21": 9.02, "2019-07-28": 8.73, "2019-08-04": 8.78, "2019-08-11": 8.28, "2019-08-18": 8.83, "2019-08-25": 9.0}}, "printings": ["C13", "PPRO", "PRM", "SCG", "VMA", "WC04"], "purchaseUrls": {"cardmarket": "https://mtgjson.com/links/03b223ac7c0211eb", "mtgstocks": "https://mtgjson.com/links/29113250597c211f", "tcgplayer": "https://mtgjson.com/links/45a364da48113eb7"}, "rarity": "rare", "rulings": [{"date": "2009-02-01", "text": "Unlike the normal cycling ability, Plainscycling doesn’t allow you to draw a card. Instead, it lets you search your library for a Plains card. After you find a Plains card in your library, you reveal it, put it into your hand, then shuffle your library."}, {"date": "2009-02-01", "text": "Plainscycling is a form of cycling. Any ability that triggers on a card being cycled also triggers on Plainscycling this card. Any ability that stops a cycling ability from being activated also stops Plainscycling from being activated."}, {"date": "2009-02-01", "text": "Plainscycling is an activated ability. Effects that interact with activated abilities (such as Stifle or Rings of Brighthearth) will interact with Plainscycling. Effects that interact with spells (such as Remove Soul or Faerie Tauntings) will not."}, {"date": "2009-02-01", "text": "You can choose to find any card with the Plains land type, including nonbasic lands. You can also choose not to find a card, even if there is a Plains card in your library."}], "scryfallId": "4f97addf-6cd6-42c1-81e8-c9857fe4167e", "scryfallIllustrationId": "204166a9-0c9e-4764-a6bf-7c3a7c2925c6", "scryfallOracleId": "04d8615c-3883-4251-9790-1d8a4a40e142", "subtypes": ["Dragon", "Spirit"], "supertypes": [], "tcgplayerProductId": 38410, "text": "Flying\n{3}{W}{W}: Return Eternal Dragon from your graveyard to your hand. Activate this ability only during your upkeep.\nPlainscycling {2} ({2}, Discard this card: Search your library for a Plains card, reveal it, put it into your hand, then shuffle your library.)", "toughness": "5", "type": "Creature — Dragon Spirit", "types": ["Creature"], "uuid": "0a4845e7-7e0f-5301-894c-a0d7eaa0464a", "watermark": "protour"}, {"artist": "Steve Argyle", "borderColor": "black", "colorIdentity": ["B"], "colors": ["B"], "convertedManaCost": 3.0, "edhrecRank": 1669, "foreignData": [], "frameVersion": "2015", "hasFoil": true, "hasNonFoil": false, "isPaper": true, "isPromo": true, "isReprint": true, "isStarter": true, "layout": "normal", "legalities": {"commander": "Legal", "duel": "Legal", "legacy": "Legal", "modern": "Legal", "vintage": "Legal"}, "loyalty": "3", "manaCost": "{1}{B}{B}", "mtgstocksId": 28174, "name": "Liliana of the Veil", "number": "2015", "prices": {"paper": {}, "paperFoil": {"2019-06-02": 151.71, "2019-06-09": 159.79, "2019-06-16": 161.99, "2019-06-23": 161.99, "2019-06-30": 159.79, "2019-07-07": 159.79, "2019-07-14": 161.99, "2019-07-21": 159.99, "2019-07-28": 148.5, "2019-08-04": 164.99, "2019-08-11": 167.95, "2019-08-18": 166.48, "2019-08-25": 169.97}}, "printings": ["ISD", "MM3", "PPRO", "PRM", "PUMA", "UMA"], "purchaseUrls": {"mtgstocks": "https://mtgjson.com/links/e024961e0d425e1e", "tcgplayer": "https://mtgjson.com/links/3a9bb14d9d7bdbfa"}, "rarity": "mythic", "rulings": [{"date": "2018-12-07", "text": "You can activate Liliana’s first ability even if some or all players will be unable to discard a card."}, {"date": "2018-12-07", "text": "When Liliana’s first ability resolves, first the player whose turn it is chooses a card in hand without revealing it, then each other player in turn order does the same. Then all the chosen cards are discarded at the same time."}, {"date": "2018-12-07", "text": "When Liliana’s third ability resolves, you put each permanent the player controls into one of the two piles. For example, you could put a creature into one pile and an Aura enchanting that creature into the other pile."}, {"date": "2018-12-07", "text": "A pile can be empty. If the player chooses an empty pile, no permanents will be sacrificed."}], "scryfallId": "16a5f644-771f-4c31-a595-0881003e7676", "scryfallIllustrationId": "a94586a3-7e4b-4c8f-be23-3416547fdeed", "scryfallOracleId": "0ba134d8-ee7d-48ec-8dc6-57942b8e9261", "subtypes": ["Liliana"], "supertypes": ["Legendary"], "tcgplayerProductId": 98276, "text": "[+1]: Each player discards a card.\n[−2]: Target player sacrifices a creature.\n[−6]: Separate all permanents target player controls into two piles. That player sacrifices all permanents in the pile of their choice.", "type": "Legendary Planeswalker — Liliana", "types": ["Planeswalker"], "uuid": "d284bfc2-91d1-5e10-aa83-9434c335b061"}, {"artist": "Volkan Baǵa", "borderColor": "black", "colorIdentity": ["G", "W"], "colors": ["G", "W"], "convertedManaCost": 5.0, "edhrecRank": 163, "flavorText": "Even after a false god tore magic from Dominaria, power still radiated from the Mirari sword that slew her.", "foreignData": [], "frameVersion": "2003", "hasFoil": true, "hasNonFoil": false, "isPaper": true, "isPromo": true, "isReprint": true, "isStarter": true, "layout": "normal", "legalities": {"commander": "Legal", "duel": "Legal", "legacy": "Legal", "penny": "Legal", "vintage": "Legal"}, "manaCost": "{3}{G}{W}", "mcmId": 19014, "mcmMetaId": 3628, "mtgstocksId": 20789, "name": "Mirari's Wake", "number": "2008", "prices": {"paper": {}, "paperFoil": {"2019-06-02": 31.34, "2019-06-09": 29.99, "2019-06-16": 29.99, "2019-06-23": 31.67, "2019-06-30": 31.67, "2019-07-07": 32.0, "2019-07-14": 32.0, "2019-07-21": 32.24, "2019-07-28": 32.75, "2019-08-04": 32.75, "2019-08-11": 32.0, "2019-08-18": 32.38, "2019-08-25": 32.0}}, "printings": ["C17", "CM1", "CNS", "JUD", "PPRO", "PRM", "PZ1", "TD0", "WC03"], "purchaseUrls": {"cardmarket": "https://mtgjson.com/links/c7667b23a82bbce4", "mtgstocks": "https://mtgjson.com/links/110867390bd5c048", "tcgplayer": "https://mtgjson.com/links/407fa7c436306dde"}, "rarity": "rare", "rulings": [], "scryfallId": "08eaeb6b-e21d-4e40-ae8a-265be03fe7d0", "scryfallIllustrationId": "fde09ade-e576-4ccc-b684-c076299c5d4f", "scryfallOracleId": "852657c0-18a4-4b28-b9ae-7728acdb5044", "subtypes": [], "supertypes": [], "tcgplayerProductId": 38412, "text": "Creatures you control get +1/+1.\nWhenever you tap a land for mana, add one mana of any type that land produced.", "type": "Enchantment", "types": ["Enchantment"], "uuid": "cbee5ff8-793c-5adc-8c12-d18e5b45d96d", "watermark": "protour"}, {"artist": "Matt Stewart", "borderColor": "black", "colorIdentity": ["G", "U", "W"], "colors": ["G"], "convertedManaCost": 1.0, "edhrecRank": 1895, "flavorText": "She protects the sacred groves from blight, drought, and the Unbeholden.", "foreignData": [], "frameVersion": "2015", "hasFoil": true, "hasNonFoil": false, "isPaper": true, "isPromo": true, "isReprint": true, "isStarter": true, "layout": "normal", "legalities": {"commander": "Legal", "duel": "Legal", "legacy": "Legal", "modern": "Legal", "vintage": "Legal"}, "manaCost": "{G}", "mtgstocksId": 37991, "name": "Noble Hierarch", "number": "2018", "power": "0", "prices": {"paper": {}, "paperFoil": {"2019-06-02": 60.93, "2019-06-09": 59.97, "2019-06-16": 58.85, "2019-06-23": 56.22, "2019-06-30": 55.3, "2019-07-07": 55.0, "2019-07-14": 55.0, "2019-07-21": 55.88, "2019-07-28": 54.99, "2019-08-04": 54.99, "2019-08-11": 54.12, "2019-08-18": 53.07, "2019-08-25": 53.19}}, "printings": ["CON", "J12", "MM2", "PPRO", "PRM", "PUMA", "UMA"], "purchaseUrls": {"mtgstocks": "https://mtgjson.com/links/b63f46127e1b93b7", "tcgplayer": "https://mtgjson.com/links/b8b08a86e420fa60"}, "rarity": "rare", "rulings": [], "scryfallId": "e178309d-8639-4db6-955e-45f69a0aded2", "scryfallIllustrationId": "05d56d5a-da6b-45ed-8c19-e2fcdb34cebb", "scryfallOracleId": "98aa9424-5912-4bd6-9300-b3972a31d8af", "subtypes": ["Human", "Druid"], "supertypes": [], "tcgplayerProductId": 164074, "text": "Exalted (Whenever a creature you control attacks alone, that creature gets +1/+1 until end of turn.)\n{T}: Add {G}, {W}, or {U}.", "toughness": "1", "type": "Creature — Human Druid", "types": ["Creature"], "uuid": "95023be4-0c7a-59fd-84c4-0d494002e16f", "watermark": "wotc"}, {"artist": "Joseph Meehan", "borderColor": "black", "colorIdentity": ["U"], "colors": ["U"], "convertedManaCost": 2.0, "edhrecRank": 386, "foreignData": [], "frameVersion": "2015", "hasFoil": true, "hasNonFoil": false, "isPaper": true, "isPromo": true, "isReprint": true, "isStarter": true, "layout": "normal", "legalities": {"commander": "Legal", "duel": "Legal", "legacy": "Legal", "modern": "Legal", "vintage": "Legal"}, "manaCost": "{1}{U}", "mtgstocksId": 30512, "name": "Snapcaster Mage", "number": "2016", "power": "2", "prices": {"paper": {}, "paperFoil": {"2019-06-02": 163.7, "2019-06-09": 162.73, "2019-06-16": 159.79, "2019-06-23": 161.49, "2019-06-30": 158.0, "2019-07-07": 158.09, "2019-07-14": 158.0, "2019-07-21": 159.45, "2019-07-28": 158.09, "2019-08-04": 157.99, "2019-08-11": 155.43, "2019-08-18": 156.16, "2019-08-25": 155.16}}, "printings": ["ISD", "MM3", "PPRO", "PRM", "PUMA", "UMA"], "purchaseUrls": {"mtgstocks": "https://mtgjson.com/links/84eb4f09c9ca660f", "tcgplayer": "https://mtgjson.com/links/7a9e2208387aee15"}, "rarity": "mythic", "rulings": [{"date": "2017-04-18", "text": "For split cards, the flashback cost you pay is determined by the half you cast"}, {"date": "2018-12-07", "text": "If you cast a spell from a graveyard using its flashback ability, you can’t pay other alternative costs (such as that of Foil)."}, {"date": "2018-12-07", "text": "If you cast an instant or sorcery with {X} in its mana cost this way, you still choose the value of X as part of casting the spell and pay that cost."}, {"date": "2018-12-07", "text": "If an instant or sorcery card in your graveyard already has flashback, you may use either flashback ability to cast it from your graveyard."}, {"date": "2018-12-07", "text": "You may pay any optional additional costs the spell has, such as kicker costs. You must pay any mandatory additional costs the spell has, such as that of Tormenting Voice."}], "scryfallId": "befab3d3-87ce-4b55-a6c9-51db8dd41f71", "scryfallIllustrationId": "9d96d284-fac3-40e6-aa9e-198a327fd0a8", "scryfallOracleId": "2bb2eda7-3b38-4c56-870f-c3218a1056f5", "subtypes": ["Human", "Wizard"], "supertypes": [], "tcgplayerProductId": 114834, "text": "Flash\nWhen Snapcaster Mage enters the battlefield, target instant or sorcery card in your graveyard gains flashback until end of turn. The flashback cost is equal to its mana cost. (You may cast that card from your graveyard for its flashback cost. Then exile it.)", "toughness": "1", "type": "Creature — Human Wizard", "types": ["Creature"], "uuid": "959d6de9-1171-542a-84f3-1a9fe4305532", "watermark": "wotc"}, {"artist": "Jean-Sébastien Rossbach", "borderColor": "black", "colorIdentity": ["G", "U", "W"], "colors": ["G", "U", "W"], "convertedManaCost": 6.0, "edhrecRank": 7638, "foreignData": [], "frameVersion": "2003", "hasFoil": true, "hasNonFoil": false, "isPaper": true, "isPromo": true, "isReprint": true, "isStarter": true, "layout": "normal", "legalities": {"commander": "Legal", "duel": "Legal", "legacy": "Legal", "vintage": "Legal"}, "manaCost": "{3}{G}{W}{U}", "mcmId": 20798, "mcmMetaId": 6146, "mtgstocksId": 20790, "name": "Treva, the Renewer", "number": "2009", "power": "6", "prices": {"paper": {}, "paperFoil": {"2019-06-02": 29.98, "2019-06-09": 31.34, "2019-06-16": 31.34, "2019-06-23": 31.34, "2019-06-30": 31.34, "2019-07-07": 31.25, "2019-07-14": 31.34, "2019-07-21": 31.34, "2019-07-28": 31.34, "2019-08-04": 31.34, "2019-08-11": 33.17, "2019-08-18": 33.17, "2019-08-25": 31.34}}, "printings": ["DDE", "INV", "PPRO", "PRM"], "purchaseUrls": {"cardmarket": "https://mtgjson.com/links/a7b59db5c09c2e60", "mtgstocks": "https://mtgjson.com/links/db54d35040b8e725", "tcgplayer": "https://mtgjson.com/links/d263afaf906cf8fa"}, "rarity": "rare", "rulings": [{"date": "2004-10-04", "text": "You choose the color during resolution. This means your opponent does not get to react after knowing the color you chose."}], "scryfallId": "39bfa133-81cd-4254-883d-bf7f3f23e903", "scryfallIllustrationId": "d31484f3-5c53-47ed-ac56-3b05f3301c6c", "scryfallOracleId": "72524f3c-674b-4ebf-9526-18737b354010", "subtypes": ["Dragon"], "supertypes": ["Legendary"], "tcgplayerProductId": 38414, "text": "Flying\nWhenever Treva, the Renewer deals combat damage to a player, you may pay {2}{W}. If you do, choose a color, then you gain 1 life for each permanent of that color.", "toughness": "6", "type": "Legendary Creature — Dragon", "types": ["Creature"], "uuid": "4332acd9-4e54-5282-bcab-5cbb4c540763", "watermark": "protour"}], "code": "PPRO", "isFoilOnly": true, "isOnlineOnly": false, "keyruneCode": "STAR", "mcmId": 1596, "mcmName": "Pro Tour Promos", "meta": {"date": "2019-09-01", "pricesDate": "2019-09-01", "version": "4.5.0-rebuild.4"}, "name": "Pro Tour Promos", "releaseDate": "2007-02-09", "tcgplayerGroupId": 93, "tokens": [], "totalSetSize": 10, "translations": {}, "type": "promo"}