{"baseSetSize": 0, "cards": [{"artist": "Michael Whelan", "borderColor": "black", "colorIdentity": ["R"], "colors": ["R"], "convertedManaCost": 4.0, "flavorText": "These small but intelligent Dragons and their Olesian allies held back the tide of Pashalik Mons's hordes of Goblin Raiders. DragonCon 1994", "foreignData": [], "frameVersion": "1997", "hasFoil": false, "hasNonFoil": true, "isPromo": true, "isReprint": true, "isStarter": true, "layout": "normal", "legalities": {"commander": "Legal", "duel": "Legal", "legacy": "Legal", "vintage": "Legal"}, "manaCost": "{2}{R}{R}", "name": "Nalathni Dragon", "number": "1", "power": "1", "printings": ["PDRC", "PRED", "PRM"], "rarity": "rare", "rulings": [{"date": "2008-10-01", "text": "If a creature with banding attacks, it can team up with any number of other attacking creatures with banding (and up to one nonbanding creature) and attack as a unit called a “band.” The band can be blocked by any creature that could block a single creature in the band. Blocking any creature in a band blocks the entire band. If a creature with banding is blocked, the attacking player chooses how the blockers’ damage is assigned."}, {"date": "2008-10-01", "text": "A maximum of one nonbanding creature can join an attacking band no matter how many creatures with banding are in it."}, {"date": "2008-10-01", "text": "Creatures in the same band must all attack the same player or planeswalker."}, {"date": "2009-10-01", "text": "If a creature in combat has banding, its controller assigns damage for creatures blocking or blocked by it. That player can ignore the damage assignment order when making this assignment."}], "scryfallId": "a0ba7e85-84e3-47e3-8199-438a42520f60", "scryfallIllustrationId": "9194e4f3-cb39-44ae-ba8e-617d2376320e", "scryfallOracleId": "0887dc95-3e75-4f72-bf05-4067d3785376", "subtypes": ["Dragon"], "supertypes": [], "text": "Flying; banding (Any creatures with banding, and up to one without, can attack in a band. Bands are blocked as a group. If any creatures with banding you control are blocking or being blocked by a creature, you divide that creature's combat damage, not its controller, among any of the creatures it's being blocked by or is blocking.)\n{R}: Nalathni Dragon gets +1/+0 until end of turn. If this ability has been activated four or more times this turn, sacrifice Nalathni Dragon at the beginning of the next end step.", "toughness": "1", "type": "Creature — Dragon", "types": ["Creature"], "uuid": "0a19ab9f-2e7c-5b38-b909-ca8d2e8b5d95"}], "code": "PRED", "isFoilOnly": false, "isForeignOnly": true, "isOnlineOnly": false, "keyruneCode": "DEFAULT", "meta": {"date": "2019-09-01", "pricesDate": "2019-09-01", "version": "4.5.0-rebuild.4"}, "name": "Redemption Program", "releaseDate": "1996-10-01", "tokens": [], "totalSetSize": 1, "translations": {}, "type": "promo"}