{"baseSetSize": 0, "cards": [{"artist": "James Ryman", "borderColor": "black", "colorIdentity": ["W"], "colors": ["W"], "convertedManaCost": 7.0, "edhrecRank": 3188, "flavorText": "\"Justice isn't done until undeath is undone.\"", "foreignData": [], "frameVersion": "2003", "hasFoil": true, "hasNonFoil": false, "isPaper": true, "isPromo": true, "isReprint": true, "isStarter": true, "layout": "normal", "legalities": {"commander": "Legal", "duel": "Legal", "legacy": "Legal", "modern": "Legal", "penny": "Legal", "vintage": "Legal"}, "manaCost": "{5}{W}{W}", "mcmId": 259778, "mcmMetaId": 205346, "mtgstocksId": 24121, "name": "Angel of Glory's Rise", "number": "A9", "power": "4", "prices": {"paper": {}, "paperFoil": {"2019-06-02": 0.4, "2019-06-09": 0.4, "2019-06-16": 0.4, "2019-06-23": 0.39, "2019-06-30": 0.4, "2019-07-07": 0.39, "2019-07-14": 0.39, "2019-07-21": 0.4, "2019-07-28": 0.38, "2019-08-04": 0.38, "2019-08-11": 0.39, "2019-08-18": 0.39, "2019-08-25": 0.39}}, "printings": ["AVR", "PRES"], "rarity": "rare", "rulings": [{"date": "2012-05-01", "text": "Only Zombie permanents on the battlefield are exiled. Zombie cards in other zones are not."}], "scryfallId": "00e27348-54c7-4b48-bd04-884938c84728", "scryfallIllustrationId": "a8d09374-5a00-423d-a0b9-7b02cf6de0b1", "scryfallOracleId": "c6a606af-ea08-4cd9-bfd9-60d76e232e85", "subtypes": ["Angel"], "supertypes": [], "tcgplayerProductId": 71899, "text": "Flying\nWhen Angel of Glory's Rise enters the battlefield, exile all Zombies, then return all Human creature cards from your graveyard to the battlefield.", "toughness": "6", "type": "Creature — Angel", "types": ["Creature"], "uuid": "2d372cf3-d706-5a04-9e82-e6785c5258a2", "watermark": "colorpie"}, {"artist": "David Rapoza", "borderColor": "black", "colorIdentity": ["W"], "colors": ["W"], "convertedManaCost": 6.0, "edhrecRank": 1593, "flavorText": "\"A keen mind wields an army as a deft hand wields a sword.\"", "foreignData": [], "frameVersion": "2003", "hasFoil": true, "hasNonFoil": false, "isPaper": true, "isPromo": true, "isReprint": true, "isStarter": true, "layout": "normal", "legalities": {"commander": "Legal", "duel": "Legal", "legacy": "Legal", "modern": "Legal", "penny": "Legal", "vintage": "Legal"}, "manaCost": "{4}{W}{W}", "mcmId": 269130, "mcmMetaId": 207110, "mtgstocksId": 25999, "name": "Angelic Skirmisher", "number": "A11", "power": "4", "prices": {"paper": {}, "paperFoil": {"2019-06-02": 0.76, "2019-06-09": 0.79, "2019-06-16": 0.84, "2019-06-23": 0.86, "2019-06-30": 0.86, "2019-07-07": 0.83, "2019-07-14": 0.86, "2019-07-21": 0.88, "2019-07-28": 0.81, "2019-08-04": 0.81, "2019-08-11": 0.8, "2019-08-18": 0.81, "2019-08-25": 0.81}}, "printings": ["GTC", "PRES"], "rarity": "rare", "rulings": [{"date": "2013-01-24", "text": "You choose which ability creatures you control will gain when Angelic Skirmisher’s ability resolves. This happens before attacking creatures are declared."}, {"date": "2013-01-24", "text": "Only creatures you control when the ability resolves will gain the chosen ability. Creatures that come under your control later in the turn will not gain the ability."}], "scryfallId": "50a38cb7-d663-4fca-a462-a0199694aee3", "scryfallIllustrationId": "48d28cca-a921-402b-9d66-04fd9c083b96", "scryfallOracleId": "29e07d57-0f05-441c-844f-cf1d71102b2d", "subtypes": ["Angel"], "supertypes": [], "tcgplayerProductId": 93515, "text": "Flying\nAt the beginning of each combat, choose first strike, vigilance, or lifelink. Creatures you control gain that ability until end of turn.", "toughness": "4", "type": "Creature — Angel", "types": ["Creature"], "uuid": "e68a54e0-0ea8-5a25-8fc1-bf3f402eb8c1", "watermark": "colorpie"}, {"artist": "Karl Kopinski", "borderColor": "black", "colorIdentity": ["G", "R"], "colors": ["G", "R"], "convertedManaCost": 7.0, "edhrecRank": 893, "flavorText": "\"Her hunger knows no limit. Left unchecked, she would feast on all of Tarkir.\" —Yasova Dragonclaw", "foreignData": [], "frameVersion": "2015", "hasFoil": true, "hasNonFoil": false, "isPaper": true, "isPromo": true, "isReprint": true, "isStarter": true, "layout": "normal", "legalities": {"commander": "Legal", "duel": "Legal", "legacy": "Legal", "modern": "Legal", "vintage": "Legal"}, "manaCost": "{5}{R}{G}", "mtgstocksId": 30293, "name": "Atarka, World Render", "number": "149", "power": "6", "prices": {"paper": {}, "paperFoil": {"2019-06-02": 0.54, "2019-06-09": 0.54, "2019-06-16": 0.54, "2019-06-23": 0.55, "2019-06-30": 0.55, "2019-07-07": 0.54, "2019-07-14": 0.55, "2019-07-21": 0.57, "2019-07-28": 0.56, "2019-08-04": 0.57, "2019-08-11": 0.59, "2019-08-18": 0.55, "2019-08-25": 0.54}}, "printings": ["C17", "FRF", "PFRF", "PRES"], "rarity": "rare", "rulings": [], "scryfallId": "27598560-0279-439b-94f5-f42d6422fb5e", "scryfallIllustrationId": "a304e69d-64fb-43a7-9467-807de7f5da7c", "scryfallOracleId": "c0b3bbce-977c-42a9-afcb-dabdfc717c97", "subtypes": ["Dragon"], "supertypes": ["Legendary"], "tcgplayerProductId": 110259, "text": "Flying, trample\nWhenever a Dragon you control attacks, it gains double strike until end of turn.", "toughness": "4", "type": "Legendary Creature — Dragon", "types": ["Creature"], "uuid": "d358bd88-14b9-510a-9d97-f3691efb8ec0", "watermark": "colorpie"}, {"artist": "Matt Stewart", "borderColor": "black", "colorIdentity": ["G"], "colors": ["G"], "convertedManaCost": 4.0, "edhrecRank": 628, "flavorText": "\"The tiniest mouse speaks louder to me than all the festival crowds on Tin Street.\"", "foreignData": [], "frameVersion": "2015", "hasFoil": true, "hasNonFoil": false, "isPaper": true, "isPromo": true, "isReprint": true, "isStarter": true, "layout": "normal", "legalities": {"brawl": "Legal", "commander": "Legal", "duel": "Legal", "future": "Legal", "legacy": "Legal", "modern": "Legal", "standard": "Legal", "vintage": "Legal"}, "manaCost": "{2}{G}{G}", "mcmId": 396367, "mcmMetaId": 265292, "name": "Beast Whisperer", "number": "123*", "power": "2", "printings": ["GRN", "PGRN", "PRES"], "rarity": "rare", "rulings": [{"date": "2018-10-05", "text": "Beast Whisperer’s triggered ability resolves before the spell that caused it to trigger. It resolves even if that spell is countered."}], "scryfallId": "6c01d2a9-5ac5-439a-9596-29ffd611aecd", "scryfallIllustrationId": "2c03d938-71fe-45ea-b2d7-e149ddd1bb52", "scryfallOracleId": "5da7eea8-bb9e-47ce-a554-8a1ee058bd7a", "subtypes": ["Elf", "Druid"], "supertypes": [], "text": "Whenever you cast a creature spell, draw a card.", "toughness": "3", "type": "Creature — Elf Druid", "types": ["Creature"], "uuid": "7c31ff05-f7af-5db2-89b5-07affcb6edcf", "watermark": "colorpie"}, {"artist": "Zoltan Boros & Gabor Szikszai", "borderColor": "black", "colorIdentity": ["R", "W"], "colors": ["R", "W"], "convertedManaCost": 4.0, "edhrecRank": 4003, "foreignData": [], "frameVersion": "2003", "hasFoil": true, "hasNonFoil": false, "isPaper": true, "isPromo": true, "isReprint": true, "isStarter": true, "layout": "normal", "legalities": {"commander": "Legal", "duel": "Legal", "legacy": "Legal", "modern": "Legal", "penny": "Legal", "vintage": "Legal"}, "manaCost": "{2}{R}{W}", "mcmId": 20042, "mcmMetaId": 9357, "mtgstocksId": 20808, "name": "Brion Stoutarm", "number": "A2", "power": "4", "prices": {"paper": {}, "paperFoil": {"2019-06-02": 0.7, "2019-06-09": 0.71, "2019-06-16": 0.72, "2019-06-23": 0.7, "2019-06-30": 0.71, "2019-07-07": 0.71, "2019-07-14": 0.71, "2019-07-21": 0.7, "2019-07-28": 0.7, "2019-08-04": 0.71, "2019-08-11": 0.71, "2019-08-18": 0.7, "2019-08-25": 0.69}}, "printings": ["A25", "CMD", "LRW", "OCM1", "PRES", "PRM", "PS11"], "rarity": "rare", "rulings": [{"date": "2018-03-16", "text": "If Brion Stoutarm leaves the battlefield after its ability has been activated but before it resolves, the game uses its last known information to determine that it had lifelink and you’ll gain life for the damage it deals."}], "scryfallId": "79d68ed0-1397-4381-afb5-c594fd40ee00", "scryfallIllustrationId": "740cf9fc-085b-4e31-8734-f54304d73ae3", "scryfallOracleId": "b816b3cc-ae4b-4fb7-8b1a-e01ab83459a3", "subtypes": ["Giant", "Warrior"], "supertypes": ["Legendary"], "tcgplayerProductId": 38349, "text": "Lifelink\n{R}, {T}, Sacrifice another creature: Brion Stoutarm deals damage equal to the sacrificed creature's power to target player or planeswalker.", "toughness": "4", "type": "Legendary Creature — Giant Warrior", "types": ["Creature"], "uuid": "af084640-6d13-50a6-af50-f95f7e302366", "watermark": "colorpie"}, {"artist": "Chris Rahn", "borderColor": "black", "colorIdentity": ["G"], "colors": ["G"], "convertedManaCost": 4.0, "edhrecRank": 6490, "foreignData": [], "frameVersion": "2015", "hasFoil": true, "hasNonFoil": false, "isPaper": true, "isPromo": true, "isReprint": true, "isStarter": true, "layout": "normal", "legalities": {"commander": "Legal", "duel": "Legal", "legacy": "Legal", "modern": "Legal", "penny": "Legal", "vintage": "Legal"}, "manaCost": "{2}{G}{G}", "mtgstocksId": 36110, "name": "Bristling Hydra", "number": "147", "power": "4", "prices": {"paper": {}, "paperFoil": {"2019-06-02": 0.55, "2019-06-09": 0.51, "2019-06-16": 0.52, "2019-06-23": 0.56, "2019-06-30": 0.56, "2019-07-07": 0.55, "2019-07-14": 0.55, "2019-07-21": 0.56, "2019-07-28": 0.51, "2019-08-04": 0.5, "2019-08-11": 0.51, "2019-08-18": 0.5, "2019-08-25": 0.5}}, "printings": ["KLD", "PKLD", "PRES"], "rarity": "rare", "rulings": [{"date": "2017-02-09", "text": "{E} is the energy symbol. It represents one energy counter."}, {"date": "2017-02-09", "text": "Energy counters are a kind of counter that a player may have. They’re not associated with specific permanents. (Other kinds of counters that players may have include poison and experience.)"}, {"date": "2017-02-09", "text": "Keep careful track of how many energy counters each player has. You may do so by keeping a running count on paper, by using a die, or by any other clear and mutually agreeable method."}, {"date": "2017-02-09", "text": "If an effect says you get one or more {E}, you get that many energy counters. To pay one or more {E}, you lose that many energy counters. Any effects that interact with counters a player gets, has, or loses can interact with energy counters."}, {"date": "2017-02-09", "text": "Energy counters aren’t mana. They don’t go away as steps, phases, and turns end, and effects that add mana “of any type” to your mana pool can’t give you energy counters."}, {"date": "2017-02-09", "text": "You can’t pay more energy counters than you have."}], "scryfallId": "0d5c00e5-dcde-4650-8cce-9f6d9aa8fb95", "scryfallIllustrationId": "1706c503-8a79-4846-90c9-5ae1fe36fd42", "scryfallOracleId": "b3b23c58-0b7a-4fe4-a8e8-5320a7605724", "subtypes": ["Hydra"], "supertypes": [], "tcgplayerProductId": 145811, "text": "When Bristling Hydra enters the battlefield, you get {E}{E}{E} (three energy counters).\nPay {E}{E}{E}: Put a +1/+1 counter on Bristling Hydra. It gains hexproof until end of turn.", "toughness": "3", "type": "Creature — Hydra", "types": ["Creature"], "uuid": "44d968ed-df20-5637-8e05-612e8a83820f", "watermark": "colorpie"}, {"artist": "Vance Kovacs", "borderColor": "black", "colorIdentity": ["B", "G", "R"], "colors": ["B", "G", "R"], "convertedManaCost": 6.0, "edhrecRank": 2879, "flavorText": "Frozen in fear, the goblins stared upward at the circling hunter—and were promptly eaten by its diving mate.", "foreignData": [], "frameVersion": "2003", "hasFoil": true, "hasNonFoil": false, "isPaper": true, "isPromo": true, "isReprint": true, "isStarter": true, "layout": "normal", "legalities": {"commander": "Legal", "duel": "Legal", "legacy": "Legal", "modern": "Legal", "penny": "Legal", "vintage": "Legal"}, "manaCost": "{3}{B}{R}{G}", "mcmId": 22091, "mcmMetaId": 10225, "mtgstocksId": 20809, "name": "Broodmate Dragon", "number": "A3", "power": "4", "prices": {"paper": {}, "paperFoil": {"2019-06-02": 0.99, "2019-06-09": 0.99, "2019-06-16": 0.99, "2019-06-23": 0.99, "2019-06-30": 0.95, "2019-07-07": 0.95, "2019-07-14": 0.95, "2019-07-21": 0.99, "2019-07-28": 0.95, "2019-08-04": 0.95, "2019-08-11": 0.95, "2019-08-18": 0.91, "2019-08-25": 0.89}}, "printings": ["ALA", "C17", "MM3", "PRES", "PRM"], "rarity": "rare", "rulings": [], "scryfallId": "ff4cc8ab-1e44-4d88-b3e3-e00cc52cac25", "scryfallIllustrationId": "66da2e50-f77a-453a-a336-43205b553ee6", "scryfallOracleId": "86529f12-6f0f-4b0d-96f1-785474f6763a", "subtypes": ["Dragon"], "supertypes": [], "tcgplayerProductId": 38350, "text": "Flying\nWhen Broodmate Dragon enters the battlefield, create a 4/4 red Dragon creature token with flying.", "toughness": "4", "type": "Creature — Dragon", "types": ["Creature"], "uuid": "a1dcf0e1-dc1d-5d61-b8aa-996a1e935112", "watermark": "colorpie"}, {"artist": "Christine Choi", "borderColor": "black", "colorIdentity": ["U"], "colors": ["U"], "convertedManaCost": 4.0, "edhrecRank": 3445, "flavorText": "To consult a sphinx is a test in patience. Perhaps that's the point.", "foreignData": [], "frameVersion": "2015", "hasFoil": true, "hasNonFoil": false, "isPaper": true, "isPromo": true, "isReprint": true, "isStarter": true, "layout": "normal", "legalities": {"commander": "Legal", "duel": "Legal", "legacy": "Legal", "modern": "Legal", "penny": "Legal", "vintage": "Legal"}, "manaCost": "{2}{U}{U}", "mtgstocksId": 42365, "name": "Curator of Mysteries", "number": "49*", "power": "4", "prices": {"paper": {}, "paperFoil": {"2019-06-02": 0.49, "2019-06-09": 0.48, "2019-06-16": 0.48, "2019-06-23": 0.47, "2019-06-30": 0.46, "2019-07-07": 0.45, "2019-07-14": 0.42, "2019-07-21": 0.39, "2019-07-28": 0.34, "2019-08-04": 0.33, "2019-08-11": 0.31, "2019-08-18": 0.31, "2019-08-25": 0.31}}, "printings": ["AKH", "PAKH", "PRES"], "rarity": "rare", "rulings": [{"date": "2017-04-18", "text": "Some cards have an ability that triggers whenever you cycle any card. These triggered abilities resolve before you draw from the cycling ability."}, {"date": "2017-04-18", "text": "An ability that triggers whenever you discard a card doesn’t give you permission to discard cards. You’ll need another effect that instructs or allows you to discard them."}, {"date": "2017-04-18", "text": "An ability that triggers whenever you “cycle or discard” a card triggers only once if you cycle a card. The ability “Whenever you discard a card” is functionally identical to this ability; cycling is mentioned for clarity."}, {"date": "2017-04-18", "text": "If a player discards a card during their cleanup step due to having too many cards in hand, any appropriate abilities that trigger on discarding that card trigger. If this happens, those triggered abilities are put onto the stack and players receive priority in that cleanup step to cast spells or activate abilities (normally, no players may take actions during a cleanup step). Another cleanup step is created following that one."}], "scryfallId": "875a775c-2c90-4944-9b1c-643b1dc38b65", "scryfallIllustrationId": "7b599d11-8462-4df9-bc88-94c09a4766cc", "scryfallOracleId": "04858b93-0a2a-44d0-942d-7fadf589cbb7", "subtypes": ["Sphinx"], "supertypes": [], "tcgplayerProductId": 179080, "text": "Flying\nWhenever you cycle or discard another card, scry 1.\nCycling {U} ({U}, Discard this card: Draw a card.)", "toughness": "4", "type": "Creature — Sphinx", "types": ["Creature"], "uuid": "52611ae2-94e7-5a30-9c53-2e0a52465845", "watermark": "colorpie"}, {"artist": "Raymond Swanland", "borderColor": "black", "colorIdentity": ["R"], "colors": ["R"], "convertedManaCost": 6.0, "edhrecRank": 587, "flavorText": "The storm rages and the earth breaks.", "foreignData": [], "frameVersion": "2015", "hasFoil": true, "hasNonFoil": false, "isPaper": true, "isPromo": true, "isReprint": true, "isStarter": true, "layout": "normal", "legalities": {"brawl": "Legal", "commander": "Legal", "duel": "Legal", "legacy": "Legal", "modern": "Legal", "penny": "Legal", "standard": "Legal", "vintage": "Legal"}, "manaCost": "{4}{R}{R}", "mtgstocksId": 40468, "name": "Etali, Primal Storm", "number": "100*", "power": "6", "prices": {"paper": {}, "paperFoil": {"2019-06-02": 5.96, "2019-06-09": 5.73, "2019-06-16": 5.59, "2019-06-23": 5.59, "2019-06-30": 5.52, "2019-07-07": 5.43, "2019-07-14": 5.43, "2019-07-21": 5.26, "2019-07-28": 5.16, "2019-08-04": 5.0, "2019-08-11": 5.0, "2019-08-18": 5.03, "2019-08-25": 5.0}}, "printings": ["PRES", "PRIX", "RIX"], "rarity": "rare", "rulings": [{"date": "2018-01-19", "text": "If an exiled card has {X} in its mana cost, you must choose 0 as the value of X when casting it without paying its mana cost."}, {"date": "2018-01-19", "text": "If you cast any of the exiled cards, you do so as part of the resolution of the triggered ability. You can’t wait to cast them later in the turn. Timing permissions based on a card’s type are ignored, and the spells resolve before blockers are declared."}, {"date": "2018-01-19", "text": "If you cast more than one of the exiled cards, you choose the order in which to cast them. A spell you cast this way can be the target of a later spell you cast this way. However, permanent spells cast this way won’t resolve until you’re done casting spells, so the permanents they become can’t be the target of spells cast this way. For example, if you exile Twincast and Lightning Strike, you can cast Lightning Strike and then cast Twincast targeting it; but if you exile a creature card and an Aura card, you can’t cast that Aura targeting that creature."}, {"date": "2018-01-19", "text": "If you cast a card “without paying its mana cost,” you can’t pay any alternative costs. You can, however, pay additional costs. If the card has any mandatory additional costs, such as that of Silvergill Adept, those must be paid to cast the card."}, {"date": "2018-01-19", "text": "Any cards not cast, including land cards, remain in exile. They can’t be cast on later turns, even if Etali attacks again."}, {"date": "2018-01-19", "text": "Because all attacking creatures are chosen at once, a creature cast this way can’t attack during the same combat as Etali, even if it has haste."}, {"date": "2018-01-19", "text": "In a multiplayer game, if a player leaves the game, all cards that player owns leave as well. If you leave the game, any spells or permanents you control from Etali’s ability are exiled."}], "scryfallId": "73060667-df78-4db7-a75e-9d3036010d39", "scryfallIllustrationId": "a32e3b92-e0b6-47c9-a5a1-ed9c8e568e96", "scryfallOracleId": "078def07-ae5d-4591-8db6-d156834aab97", "subtypes": ["Elder", "Dinosaur"], "supertypes": ["Legendary"], "tcgplayerProductId": 173945, "text": "Whenever Etali, Primal Storm attacks, exile the top card of each player's library, then you may cast any number of nonland cards exiled this way without paying their mana costs.", "toughness": "6", "type": "Legendary Creature — Elder Dinosaur", "types": ["Creature"], "uuid": "f858d2d2-094b-5058-a467-f72c17efff81", "watermark": "colorpie"}, {"artist": "Zoltan Boros & Gabor Szikszai", "borderColor": "black", "colorIdentity": ["W"], "colors": ["W"], "convertedManaCost": 6.0, "edhrecRank": 691, "foreignData": [], "frameVersion": "2015", "hasFoil": true, "hasNonFoil": false, "isPaper": true, "isPromo": true, "isReprint": true, "isStarter": true, "layout": "normal", "legalities": {"commander": "Legal", "duel": "Legal", "legacy": "Legal", "modern": "Legal", "penny": "Legal", "vintage": "Legal"}, "manaCost": "{4}{W}{W}", "mtgstocksId": 31757, "name": "Felidar Sovereign", "number": "26", "power": "4", "prices": {"paper": {}, "paperFoil": {"2019-06-02": 1.82, "2019-06-09": 1.88, "2019-06-16": 1.84, "2019-06-23": 1.91, "2019-06-30": 1.76, "2019-07-07": 1.92, "2019-07-14": 1.89, "2019-07-21": 1.9, "2019-07-28": 1.76, "2019-08-04": 1.81, "2019-08-11": 1.81, "2019-08-18": 1.76, "2019-08-25": 1.76}}, "printings": ["BFZ", "PBFZ", "PRES", "ZEN"], "rarity": "rare", "rulings": [{"date": "2015-08-25", "text": "Felidar Sovereign’s triggered ability checks to see if you have 40 or more life as your upkeep begins. If you don’t, the ability won’t trigger at all. If you do, the ability will check again as it tries to resolve. If you don’t have 40 or more life at that time, the ability won’t do anything."}, {"date": "2015-08-25", "text": "In a Two-Headed Giant game, your life total is the same as your team’s life total. As such, the ability triggers if your team has 40 or more life."}], "scryfallId": "78769295-e1e3-4bd7-9ece-b60e124efbba", "scryfallIllustrationId": "9dd86f23-8fa6-4f59-a651-515790e77cef", "scryfallOracleId": "5ae3cbb9-9f0c-4077-ae7c-fba660d7fb4b", "subtypes": ["Cat", "Beast"], "supertypes": [], "tcgplayerProductId": 122169, "text": "Vigilance, lifelink\nAt the beginning of your upkeep, if you have 40 or more life, you win the game.", "toughness": "6", "type": "Creature — Cat Beast", "types": ["Creature"], "uuid": "ae5ed6cf-7a5e-56c9-a71d-098aa0ecfdd1", "watermark": "colorpie"}, {"artist": "Peter Mohrbacher", "borderColor": "black", "colorIdentity": ["G"], "colors": ["G"], "convertedManaCost": 2.0, "edhrecRank": 862, "foreignData": [], "frameVersion": "2015", "hasFoil": true, "hasNonFoil": false, "isPaper": true, "isPromo": true, "isReprint": true, "isStarter": true, "layout": "normal", "legalities": {"commander": "Legal", "duel": "Legal", "legacy": "Legal", "modern": "Legal", "penny": "Legal", "vintage": "Legal"}, "manaCost": "{X}{G}{G}", "mtgstocksId": 28515, "name": "Genesis Hydra", "number": "176", "power": "0", "prices": {"paper": {}, "paperFoil": {"2019-06-02": 0.75, "2019-06-09": 0.76, "2019-06-16": 0.77, "2019-06-23": 0.77, "2019-06-30": 0.8, "2019-07-07": 0.8, "2019-07-14": 0.79, "2019-07-21": 0.79, "2019-07-28": 0.78, "2019-08-04": 0.78, "2019-08-11": 0.78, "2019-08-18": 0.79, "2019-08-25": 0.75}}, "printings": ["IMA", "M15", "PRES", "PRM"], "rarity": "rare", "rulings": [{"date": "2017-11-17", "text": "Genesis Hydra’s first ability will resolve before Genesis Hydra does. Notably, if you put an Aura card onto the battlefield this way, it can’t enchant Genesis Hydra."}, {"date": "2017-11-17", "text": "If you have fewer than X cards in your library, you reveal all of them."}, {"date": "2017-11-17", "text": "If a card in a player’s library has {X} in its mana cost, X is considered to be 0."}, {"date": "2017-11-17", "text": "A nonland permanent card is an artifact, creature, enchantment, or planeswalker card."}, {"date": "2017-11-17", "text": "If you put an Aura onto the battlefield this way, you choose what it enchants as it enters the battlefield. This doesn’t target any permanent or player, but it must be able to enchant that permanent or player. For example, you could put a green Aura onto the battlefield enchanting a creature with hexproof controlled by an opponent, but not one with protection from green."}, {"date": "2017-11-17", "text": "If “the rest” is zero cards, either because X was 0 or because X was 1 and that card was put onto the battlefield, the library is still shuffled."}], "scryfallId": "46f57176-a0ee-4772-9231-7ea0a016de73", "scryfallIllustrationId": "0109e5a3-f7a1-4d34-9ebe-d9ed9912e6f3", "scryfallOracleId": "4345c359-b9d6-43c8-997f-e00746e6e318", "subtypes": ["Plant", "Hydra"], "supertypes": [], "tcgplayerProductId": 99080, "text": "When you cast this spell, reveal the top X cards of your library. You may put a nonland permanent card with converted mana cost X or less from among them onto the battlefield. Then shuffle the rest into your library.\nGenesis Hydra enters the battlefield with X +1/+1 counters on it.", "toughness": "0", "type": "Creature — Plant Hydra", "types": ["Creature"], "uuid": "93401bcd-e761-554f-bb8c-7211e175ca95", "watermark": "colorpie"}, {"artist": "Sam Wood", "borderColor": "black", "colorIdentity": ["R"], "colors": ["R"], "convertedManaCost": 3.0, "edhrecRank": 1734, "flavorText": "\"We are goblinkind, heirs to the mountain empires of chieftains past. Rest is death to us, and arson is our call to war.\"", "foreignData": [], "frameVersion": "2003", "hasFoil": true, "hasNonFoil": false, "isPaper": true, "isPromo": true, "isReprint": true, "isStarter": true, "layout": "normal", "legalities": {"commander": "Legal", "duel": "Legal", "legacy": "Legal", "modern": "Legal", "vintage": "Legal"}, "manaCost": "{1}{R}{R}", "name": "Goblin Chieftain", "number": "141*", "power": "2", "printings": ["DDT", "M10", "M11", "M12", "PRES"], "rarity": "rare", "rulings": [], "scryfallId": "42673eb6-f4d0-4c80-b8cf-8322f5382bd8", "scryfallIllustrationId": "afc0b63c-b912-4ca6-b9c8-0f2c659bd7c8", "scryfallOracleId": "368b4052-174e-4458-a6e6-eaf8093aa0fe", "subtypes": ["Goblin"], "supertypes": [], "text": "Haste (This creature can attack and {T} as soon as it comes under your control.)\nOther Goblin creatures you control get +1/+1 and have haste.", "toughness": "2", "type": "Creature — Goblin", "types": ["Creature"], "uuid": "103b1a2e-822e-5eca-864a-f87b8ba97995", "watermark": "colorpie"}, {"artist": "Paolo Parente & Brian Snõddy", "borderColor": "black", "colorIdentity": ["R"], "colors": ["R"], "convertedManaCost": 7.0, "edhrecRank": 2511, "flavorText": "\"If you live on a giant's back, there's only one individual you'll ever need to fear.\" —Gaddock Teeg", "foreignData": [], "frameVersion": "2003", "hasFoil": true, "hasNonFoil": false, "isPaper": true, "isPromo": true, "isReprint": true, "isStarter": true, "layout": "normal", "legalities": {"commander": "Legal", "duel": "Legal", "legacy": "Legal", "modern": "Legal", "penny": "Legal", "vintage": "Legal"}, "manaCost": "{6}{R}", "mcmId": 264009, "mcmMetaId": 9285, "mtgstocksId": 22436, "name": "Hamletback Goliath", "number": "A10", "power": "6", "prices": {"paper": {}, "paperFoil": {"2019-06-02": 0.29, "2019-06-09": 0.3, "2019-06-16": 0.3, "2019-06-23": 0.3, "2019-06-30": 0.3, "2019-07-07": 0.3, "2019-07-14": 0.3, "2019-07-21": 0.3, "2019-07-28": 0.3, "2019-08-04": 0.3, "2019-08-11": 0.3, "2019-08-18": 0.3, "2019-08-25": 0.3}}, "printings": ["C15", "CM2", "CN2", "LRW", "M13", "PRES", "PS11"], "rarity": "rare", "rulings": [{"date": "2012-07-01", "text": "The value of X is determined as the ability begins resolving. If the other creature is no longer on the battlefield, its last known existence on the battlefield is checked to determine its power."}], "scryfallId": "13517c52-76fd-469e-a2c5-d2779e9dc298", "scryfallIllustrationId": "560f832d-2d5d-44a9-ba34-1526944575d0", "scryfallOracleId": "ae45b04e-c52d-45e1-a752-0b76f64d7c8d", "subtypes": ["Giant", "Warrior"], "supertypes": [], "tcgplayerProductId": 77980, "text": "Whenever another creature enters the battlefield, you may put X +1/+1 counters on Hamletback Goliath, where X is that creature's power.", "toughness": "6", "type": "Creature — Giant Warrior", "types": ["Creature"], "uuid": "3e4cccee-e348-587a-aaae-70c608d23038", "watermark": "colorpie"}, {"artist": "Matt Cavotta", "borderColor": "black", "colorIdentity": ["R"], "colors": ["R"], "convertedManaCost": 3.0, "edhrecRank": 4247, "foreignData": [], "frameVersion": "2003", "hasFoil": true, "hasNonFoil": false, "isPaper": true, "isPromo": true, "isReprint": true, "isStarter": true, "layout": "normal", "legalities": {"commander": "Legal", "duel": "Legal", "legacy": "Legal", "modern": "Legal", "penny": "Legal", "vintage": "Legal"}, "manaCost": "{1}{R}{R}", "mcmId": 19459, "mcmMetaId": 8422, "mtgstocksId": 20822, "name": "Jaya Ballard, Task Mage", "number": "A1", "power": "2", "prices": {"paper": {}, "paperFoil": {"2019-06-02": 0.84, "2019-06-09": 0.86, "2019-06-16": 0.85, "2019-06-23": 0.86, "2019-06-30": 0.86, "2019-07-07": 0.86, "2019-07-14": 0.84, "2019-07-21": 0.83, "2019-07-28": 0.83, "2019-08-04": 0.83, "2019-08-11": 0.81, "2019-08-18": 0.81, "2019-08-25": 0.81}}, "printings": ["PD2", "PMPS08", "PRES", "PRM", "TSP"], "rarity": "rare", "rulings": [], "scryfallId": "84b8222a-eed5-4ded-a7c6-be03fcb11212", "scryfallIllustrationId": "3ac84852-69dd-41a7-8229-d4ce97987e16", "scryfallOracleId": "cbbad3da-695e-4527-9678-0942f3751287", "subtypes": ["Human", "Spellshaper"], "supertypes": ["Legendary"], "tcgplayerProductId": 38355, "text": "{R}, {T}, Discard a card: Destroy target blue permanent.\n{1}{R}, {T}, Discard a card: Jaya Ballard, Task Mage deals 3 damage to any target. A creature dealt damage this way can't be regenerated this turn.\n{5}{R}{R}, {T}, Discard a card: Jaya Ballard deals 6 damage to each creature and each player.", "toughness": "2", "type": "Legendary Creature — Human Spellshaper", "types": ["Creature"], "uuid": "08a21b0c-c9f5-55df-a8f5-44a778027474", "watermark": "colorpie"}, {"artist": "Jason Chan", "borderColor": "black", "colorIdentity": ["W"], "colors": ["W"], "convertedManaCost": 3.0, "edhrecRank": 4487, "flavorText": "\"If you think you are brave enough to walk the path of honor, follow me into the dragon's den.\"", "foreignData": [], "frameVersion": "2003", "hasFoil": true, "hasNonFoil": false, "isPaper": true, "isPromo": true, "isReprint": true, "isStarter": true, "layout": "normal", "legalities": {"commander": "Legal", "duel": "Legal", "legacy": "Legal", "modern": "Legal", "vintage": "Legal"}, "manaCost": "{1}{W}{W}", "mcmId": 256755, "mcmMetaId": 200425, "mtgstocksId": 22197, "name": "Knight Exemplar", "number": "A7", "power": "2", "prices": {"paper": {}, "paperFoil": {"2019-06-02": 6.48, "2019-06-09": 6.48, "2019-06-16": 6.24, "2019-06-23": 6.24, "2019-06-30": 5.99, "2019-07-07": 5.72, "2019-07-14": 5.74, "2019-07-21": 5.94, "2019-07-28": 6.0, "2019-08-04": 5.89, "2019-08-11": 5.99, "2019-08-18": 5.99, "2019-08-25": 6.75}}, "printings": ["DDG", "M11", "PRES"], "rarity": "rare", "rulings": [{"date": "2010-08-15", "text": "If an effect would simultaneously destroy Knight Exemplar and another Knight creature you control, only Knight Exemplar is destroyed."}, {"date": "2013-07-01", "text": "If another Knight creature you control is dealt lethal damage, the creature isn’t destroyed, but the damage remains marked on it. If, at some point later in that turn, you no longer control Knight Exemplar or it loses its abilities, the other Knight creature will lose indestructible and will be destroyed."}, {"date": "2013-07-01", "text": "If you control two Knight Exemplars, each one causes the other to get +1/+1 and have indestructible."}, {"date": "2013-07-01", "text": "Lethal damage, damage from a source with deathtouch, and effects that say “destroy” won’t cause a creature with indestructible to be put into the graveyard. However, a creature with indestructible can be put into the graveyard for a number of reasons. The most likely reasons are if it’s sacrificed, if it’s legendary and another legendary creature with the same name is controlled by the same player, or if its toughness is 0 or less."}], "scryfallId": "d8c05f52-d800-4648-9a7e-f664faab192c", "scryfallIllustrationId": "1ea50dc0-e548-497a-9f07-48a8788df3eb", "scryfallOracleId": "ecb198fc-5663-4380-b2da-ad54421e966d", "subtypes": ["Human", "Knight"], "supertypes": [], "tcgplayerProductId": 71289, "text": "First strike (This creature deals combat damage before creatures without first strike.)\nOther Knight creatures you control get +1/+1 and have indestructible. (Damage and effects that say \"destroy\" don't destroy them.)", "toughness": "2", "type": "Creature — Human Knight", "types": ["Creature"], "uuid": "d13ab0b4-6e2b-54a6-ac87-0ac0afa6f67d", "watermark": "colorpie"}, {"artist": "Alex Konstad", "borderColor": "black", "colorIdentity": ["R"], "colors": ["R"], "convertedManaCost": 6.0, "edhrecRank": 2145, "foreignData": [], "frameEffect": "legendary", "frameVersion": "2015", "hasFoil": true, "hasNonFoil": false, "isPaper": true, "isPromo": true, "isReprint": true, "isStarter": true, "layout": "normal", "legalities": {"brawl": "Legal", "commander": "Legal", "duel": "Legal", "legacy": "Legal", "modern": "Legal", "standard": "Legal", "vintage": "Legal"}, "manaCost": "{4}{R}{R}", "mtgstocksId": 48014, "name": "Lathliss, Dragon Queen", "number": "149*", "power": "6", "prices": {"paper": {}, "paperFoil": {"2019-06-02": 2.43, "2019-06-09": 2.4, "2019-06-16": 2.29, "2019-06-23": 2.25, "2019-06-30": 2.32, "2019-07-07": 2.29, "2019-07-14": 2.19, "2019-07-21": 2.24, "2019-07-28": 2.26, "2019-08-04": 2.24, "2019-08-11": 2.19, "2019-08-18": 2.1, "2019-08-25": 2.24}}, "printings": ["M19", "PM19", "PRES"], "rarity": "rare", "rulings": [], "scryfallId": "d3bbaa00-71c3-4470-9576-cf724ae9d0fb", "scryfallIllustrationId": "81d46a79-6cc8-4ba5-8a11-cca6dc0179fd", "scryfallOracleId": "15fef45d-f1a9-49b2-abaa-fe77bb9d1afd", "subtypes": ["Dragon"], "supertypes": ["Legendary"], "tcgplayerProductId": 186431, "text": "Flying\nWhenever another nontoken Dragon enters the battlefield under your control, create a 5/5 red Dragon creature token with flying.\n{1}{R}: Dragons you control get +1/+0 until end of turn.", "toughness": "6", "type": "Legendary Creature — Dragon", "types": ["Creature"], "uuid": "2fae6acb-a9c6-5ed1-8398-7666e130452b", "watermark": "colorpie"}, {"artist": "Daniel Ljunggren", "borderColor": "black", "colorIdentity": ["W"], "colors": ["W"], "convertedManaCost": 1.0, "edhrecRank": 6225, "flavorText": "ゼンディカーでは、今日の草原は明日の密林であり、狩場も天気と同じぐらいにすぐ変わってしまう。", "foreignData": [{"flavorText": "ゼンディカーでは、今日の草原は明日の密林であり、狩場も天気と同じぐらいにすぐ変わってしまう。", "language": "Japanese", "name": "壌土のライオン", "text": "壌土のライオンは、あなたが森をコントロールしているかぎり＋１/＋２の修整を受ける。", "type": "クリーチャー — 猫"}], "frameVersion": "2003", "hasFoil": true, "hasNonFoil": false, "isPaper": true, "isPromo": true, "isReprint": true, "isStarter": true, "layout": "normal", "legalities": {"commander": "Legal", "duel": "Legal", "legacy": "Legal", "modern": "Legal", "penny": "Legal", "vintage": "Legal"}, "manaCost": "{W}", "name": "Loam Lion", "number": "13*", "power": "1", "printings": ["DDH", "PRES", "WWK"], "rarity": "uncommon", "rulings": [{"date": "2010-03-01", "text": "Loam Lion either gets +1/+2 or it doesn’t. It doesn’t get the bonus for each Forest you control."}], "scryfallId": "a70c4952-9daf-4824-88ed-fad50753a30f", "scryfallIllustrationId": "1152dfa2-2153-4930-b27c-5eb187ce5361", "scryfallOracleId": "18961e25-3feb-4dba-a77f-240a4d664ecb", "subtypes": ["Cat"], "supertypes": [], "text": "Loam Lion gets +1/+2 as long as you control a Forest.", "toughness": "1", "type": "Creature — Cat", "types": ["Creature"], "uuid": "5e869641-5627-5231-bdb7-832f9330d28b", "watermark": "colorpie"}, {"artist": "Mike Bierek", "borderColor": "black", "colorIdentity": ["G"], "colors": [], "convertedManaCost": 0.0, "edhrecRank": 326, "foreignData": [{"language": "Japanese", "name": "巨森、オラン＝リーフ", "text": "巨森、オラン＝リーフはタップ状態で戦場に出る。\n{T}：あなたのマナ・プールに{G}を加える。\n{T}：このターンに戦場に出た緑の各クリーチャーの上に、それぞれ＋１/＋１カウンターを１個置く。", "type": "土地"}], "frameVersion": "2003", "hasFoil": true, "hasNonFoil": false, "isPaper": true, "isPromo": true, "isReprint": true, "isStarter": true, "layout": "normal", "legalities": {"commander": "Legal", "duel": "Legal", "legacy": "Legal", "modern": "Legal", "vintage": "Legal"}, "name": "Oran-Rief, the Vastwood", "number": "221*", "printings": ["C14", "C15", "CMA", "DDU", "PRES", "ZEN"], "rarity": "rare", "rulings": [{"date": "2009-10-01", "text": "Oran-Rief’s third ability cares about permanents’ characteristics at the time the ability resolves, not their characteristics at the time they entered the battlefield. For example, if a blue creature enters the battlefield, then is turned green by a spell or ability, then Oran-Rief’s second ability resolves, you’ll put a +1/+1 counter on that creature."}, {"date": "2009-10-01", "text": "Oran-Rief’s second ability affects all permanents that are green creatures that entered the battlefield this turn, not just the ones you control."}], "scryfallId": "e3312a53-871b-4e0c-994c-21a247c5fe7b", "scryfallIllustrationId": "76a20bdd-443e-4a77-bfe4-8149db1a3625", "scryfallOracleId": "e88027a6-24cc-4a8b-86db-734f26149ea8", "subtypes": [], "supertypes": [], "text": "Oran-Rief, the Vastwood enters the battlefield tapped.\n{T}: Add {G}.\n{T}: Put a +1/+1 counter on each green creature that entered the battlefield this turn.", "type": "Land", "types": ["Land"], "uuid": "4df163ad-a639-5329-a407-e9baa411cc75", "watermark": "colorpie"}, {"artist": "Ryan Pancoast", "borderColor": "black", "colorIdentity": ["G"], "colors": ["G"], "convertedManaCost": 5.0, "edhrecRank": 6659, "foreignData": [], "frameVersion": "2015", "hasFoil": true, "hasNonFoil": false, "isPaper": true, "isPromo": true, "isReprint": true, "isStarter": true, "layout": "normal", "legalities": {"commander": "Legal", "duel": "Legal", "legacy": "Legal", "modern": "Legal", "penny": "Legal", "vintage": "Legal"}, "manaCost": "{3}{G}{G}", "mtgstocksId": 31758, "name": "Outland Colossus", "number": "193", "power": "6", "prices": {"paper": {}, "paperFoil": {"2019-06-02": 0.67, "2019-06-09": 0.66, "2019-06-16": 0.67, "2019-06-23": 0.68, "2019-06-30": 0.68, "2019-07-07": 0.67, "2019-07-14": 0.67, "2019-07-21": 0.68, "2019-07-28": 0.68, "2019-08-04": 0.67, "2019-08-11": 0.66, "2019-08-18": 0.66, "2019-08-25": 0.66}}, "printings": ["ORI", "PORI", "PRES"], "rarity": "rare", "rulings": [{"date": "2015-06-22", "text": "Renown won’t trigger when a creature deals combat damage to a planeswalker or another creature. It also won’t trigger when a creature deals noncombat damage to a player."}, {"date": "2015-06-22", "text": "If a creature with renown deals combat damage to its controller because that damage was redirected, renown will trigger."}, {"date": "2015-06-22", "text": "If a renown ability triggers, but the creature leaves the battlefield before that ability resolves, the creature doesn’t become renowned. Any ability that triggers “whenever a creature becomes renowned” won’t trigger."}], "scryfallId": "7f04d62a-cad2-4981-bdb8-a7ef3d2dabfd", "scryfallIllustrationId": "88f7bfed-98e5-4375-a54f-9d4d7a3ae7dd", "scryfallOracleId": "5b034e04-70e5-4783-8ac8-04d8e5a9f961", "subtypes": ["Giant"], "supertypes": [], "tcgplayerProductId": 122168, "text": "Renown 6 (When this creature deals combat damage to a player, if it isn't renowned, put six +1/+1 counters on it and it becomes renowned.)\nOutland Colossus can't be blocked by more than one creature.", "toughness": "6", "type": "Creature — Giant", "types": ["Creature"], "uuid": "64861af1-3d74-5831-b218-b49effa05db8", "watermark": "colorpie"}, {"artist": "Jesper Ejsing", "borderColor": "black", "colorIdentity": ["G", "R", "W"], "colors": ["G", "R", "W"], "convertedManaCost": 4.0, "edhrecRank": 10040, "flavorText": "For every eye, an eye. For every tooth, a tooth. Griffins are nothing if not fair.", "foreignData": [], "frameVersion": "2003", "hasFoil": true, "hasNonFoil": false, "isPaper": true, "isPromo": true, "isReprint": true, "isStarter": true, "layout": "normal", "legalities": {"commander": "Legal", "duel": "Legal", "legacy": "Legal", "modern": "Legal", "penny": "Legal", "vintage": "Legal"}, "manaCost": "{1}{R}{G}{W}", "mcmId": 22335, "mcmMetaId": 10536, "mtgstocksId": 20834, "name": "Retaliator Griffin", "number": "A4", "power": "2", "prices": {"paper": {}, "paperFoil": {"2019-06-02": 0.45, "2019-06-09": 0.45, "2019-06-16": 0.46, "2019-06-23": 0.47, "2019-06-30": 0.46, "2019-07-07": 0.46, "2019-07-14": 0.45, "2019-07-21": 0.46, "2019-07-28": 0.45, "2019-08-04": 0.45, "2019-08-11": 0.47, "2019-08-18": 0.47, "2019-08-25": 0.47}}, "printings": ["ARB", "PRES", "PRM"], "rarity": "rare", "rulings": [{"date": "2009-05-01", "text": "The source of combat damage is the creature that dealt it."}, {"date": "2009-05-01", "text": "If a spell causes damage to be dealt, that spell will always identify the source of the damage. In most cases, the source is the spell itself. For example, Breath of Malfegor says “Breath of Malfegor deals 5 damage to each opponent.”"}, {"date": "2009-05-01", "text": "If an ability causes damage to be dealt, that ability will always identify the source of the damage. The ability itself is never the source. However, the source of the ability is often the source of the damage. For example, Deathbringer Thoctar’s ability says “Deathbringer Thoctar deals 1 damage to any target.”"}, {"date": "2009-05-01", "text": "If the source of the damage is a permanent, Retaliator Griffin checks whether an opponent controls that permanent at the time that damage is dealt. If the permanent has left the battlefield by then, its last known information is used. If the source of the damage is a spell, whether it’s controlled by an opponent is obvious. If the source of the damage is a card in some other zone (such as a cycled Jund Sojourners), Retaliator Griffin checks whether the card’s owner, rather than its controller, is an opponent."}, {"date": "2009-05-01", "text": "If Retaliator Griffin is dealt lethal damage at the same time that you’re dealt damage by a source an opponent controls, Retaliator Griffin will be put into a graveyard before it would receive any counters. Its ability will still trigger, but it will do nothing when it resolves."}], "scryfallId": "73d0be30-3c40-4428-844e-efe314d0b4de", "scryfallIllustrationId": "c28c0265-fe1a-498e-bca1-8346c699966a", "scryfallOracleId": "dd4b9e5a-b3ab-4b70-b200-228c8add9f52", "subtypes": ["Griffin"], "supertypes": [], "tcgplayerProductId": 38359, "text": "Flying\nWhenever a source an opponent controls deals damage to you, you may put that many +1/+1 counters on Retaliator Griffin.", "toughness": "2", "type": "Creature — Griffin", "types": ["Creature"], "uuid": "74b92e82-a7a9-54b1-858a-8b75742a8846", "watermark": "colorpie"}, {"artist": "Jason Chan", "borderColor": "black", "colorIdentity": ["W"], "colors": ["W"], "convertedManaCost": 6.0, "edhrecRank": 1403, "flavorText": "There may exist powers even greater than Phyrexia.", "foreignData": [], "frameVersion": "2003", "hasFoil": true, "hasNonFoil": false, "isPaper": true, "isPromo": true, "isReprint": true, "isStarter": true, "layout": "normal", "legalities": {"commander": "Legal", "duel": "Legal", "legacy": "Legal", "modern": "Legal", "penny": "Legal", "vintage": "Legal"}, "manaCost": "{4}{W}{W}", "mcmId": 256756, "mcmMetaId": 200728, "mtgstocksId": 21807, "name": "Sunblast Angel", "number": "A8", "power": "4", "prices": {"paper": {}, "paperFoil": {"2019-06-02": 0.98, "2019-06-09": 0.98, "2019-06-16": 1.0, "2019-06-23": 0.99, "2019-06-30": 1.0, "2019-07-07": 0.99, "2019-07-14": 0.99, "2019-07-21": 0.98, "2019-07-28": 0.98, "2019-08-04": 0.97, "2019-08-11": 0.97, "2019-08-18": 0.97, "2019-08-25": 0.97}}, "printings": ["C14", "DDI", "PRES", "SOM"], "rarity": "rare", "rulings": [{"date": "2011-01-01", "text": "The second ability destroys each creature that’s tapped at the time it resolves, including creatures you control. If Sunblast Angel has become tapped by the time its ability resolves, it will be destroyed too."}], "scryfallId": "f08829de-c93e-4f2f-b008-28c7cd7bb29e", "scryfallIllustrationId": "0bc41af7-5ba3-4337-933d-25e289de36a7", "scryfallOracleId": "8b34d1df-4024-497d-bd28-a7caa8c3fa24", "subtypes": ["Angel"], "supertypes": [], "tcgplayerProductId": 72053, "text": "Flying\nWhen Sunblast Angel enters the battlefield, destroy all tapped creatures.", "toughness": "5", "type": "Creature — Angel", "types": ["Creature"], "uuid": "a5d686a5-8d86-57f8-b65e-a67c1dacbf6a", "watermark": "colorpie"}, {"artist": "Lars Grant-West", "borderColor": "black", "colorIdentity": ["G"], "colors": ["G"], "convertedManaCost": 8.0, "edhrecRank": 227, "foreignData": [], "frameVersion": "2003", "hasFoil": true, "hasNonFoil": false, "isPaper": true, "isPromo": true, "isReprint": true, "isStarter": true, "layout": "normal", "legalities": {"commander": "Legal", "duel": "Legal", "legacy": "Legal", "modern": "Legal", "vintage": "Legal"}, "manaCost": "{6}{G}{G}", "mcmId": 258179, "mcmMetaId": 11023, "mtgstocksId": 22092, "name": "Terastodon", "number": "A6", "power": "9", "prices": {"paper": {}, "paperFoil": {"2019-06-02": 1.09, "2019-06-09": 1.2, "2019-06-16": 1.25, "2019-06-23": 1.15, "2019-06-30": 1.23, "2019-07-07": 1.17, "2019-07-14": 1.25, "2019-07-21": 1.34, "2019-07-28": 1.32, "2019-08-04": 1.34, "2019-08-11": 1.38, "2019-08-18": 1.39, "2019-08-25": 1.24}}, "printings": ["C14", "C15", "CMA", "CNS", "PD3", "PRES", "WWK"], "rarity": "rare", "rulings": [{"date": "2010-03-01", "text": "The targeted permanents may be controlled by different players."}, {"date": "2013-07-01", "text": "If a targeted permanent has indestructible or regenerates, its controller won’t get an Elephant token for it. Similarly, if the targeted permanent is destroyed but a replacement effect moves it to a different zone instead of its owner’s graveyard, its controller won’t get an Elephant token for it."}], "scryfallId": "8fd62681-18f2-4841-a92a-d0d55e5cfe31", "scryfallIllustrationId": "204a9954-ce36-4824-b7d8-cb5d5d47e685", "scryfallOracleId": "17975a20-2c13-4325-be1e-0bcda5063a2d", "subtypes": ["Elephant"], "supertypes": [], "tcgplayerProductId": 71285, "text": "When Terastodon enters the battlefield, you may destroy up to three target noncreature permanents. For each permanent put into a graveyard this way, its controller creates a 3/3 green Elephant creature token.", "toughness": "9", "type": "Creature — Elephant", "types": ["Creature"], "uuid": "f59b490a-3a3d-5340-be25-aca672a1a1b9", "watermark": "colorpie"}, {"artist": "David Palumbo", "borderColor": "black", "colorIdentity": ["W"], "colors": ["W"], "convertedManaCost": 5.0, "edhrecRank": 1353, "foreignData": [], "frameVersion": "2015", "hasFoil": true, "hasNonFoil": false, "isPaper": true, "isPromo": true, "isReprint": true, "isStarter": true, "layout": "normal", "legalities": {"commander": "Legal", "duel": "Legal", "legacy": "Legal", "modern": "Legal", "penny": "Legal", "vintage": "Legal"}, "manaCost": "{3}{W}{W}", "mtgstocksId": 33732, "name": "Thalia's Lancers", "number": "47", "power": "4", "prices": {"paper": {}, "paperFoil": {"2019-06-02": 0.35, "2019-06-09": 0.36, "2019-06-16": 0.36, "2019-06-23": 0.36, "2019-06-30": 0.36, "2019-07-07": 0.36, "2019-07-14": 0.36, "2019-07-21": 0.45, "2019-07-28": 0.42, "2019-08-04": 0.48, "2019-08-11": 0.49, "2019-08-18": 0.48, "2019-08-25": 0.49}}, "printings": ["EMN", "PEMN", "PRES"], "rarity": "rare", "rulings": [], "scryfallId": "fe8cce2d-621a-4d43-9b2a-849d92053624", "scryfallIllustrationId": "dcfaacd7-01bb-4833-989e-348df6ca3240", "scryfallOracleId": "58b349ec-9987-4832-a8f3-8e92027ea75b", "subtypes": ["Human", "Knight"], "supertypes": [], "tcgplayerProductId": 129536, "text": "First strike\nWhen Thalia's Lancers enters the battlefield, you may search your library for a legendary card, reveal it, put it into your hand, then shuffle your library.", "toughness": "4", "type": "Creature — Human Knight", "types": ["Creature"], "uuid": "59410c8a-bc37-5259-ac7c-7e8dd273c580", "watermark": "colorpie"}, {"artist": "Maciej Kuciara", "borderColor": "black", "colorIdentity": ["B"], "colors": ["B"], "convertedManaCost": 3.0, "edhrecRank": 3457, "flavorText": "\"My commands shall echo forever in their dusty skulls.\"", "foreignData": [], "frameVersion": "2003", "hasFoil": true, "hasNonFoil": false, "isPaper": true, "isPromo": true, "isReprint": true, "isStarter": true, "layout": "normal", "legalities": {"commander": "Legal", "duel": "Legal", "legacy": "Legal", "modern": "Legal", "penny": "Legal", "vintage": "Legal"}, "manaCost": "{2}{B}", "mcmId": 269131, "mcmMetaId": 208194, "mtgstocksId": 30354, "name": "Xathrid Necromancer", "number": "A12", "power": "2", "prices": {"paper": {}, "paperFoil": {"2019-06-02": 0.5, "2019-06-09": 0.5, "2019-06-16": 0.51, "2019-06-23": 0.51, "2019-06-30": 0.5, "2019-07-07": 0.5, "2019-07-14": 0.5, "2019-07-21": 0.51, "2019-07-28": 0.5, "2019-08-04": 0.5, "2019-08-11": 0.5, "2019-08-18": 0.5, "2019-08-25": 0.5}}, "printings": ["M14", "PRES", "PRM"], "rarity": "rare", "rulings": [{"date": "2013-07-01", "text": "If Xathrid Necromancer dies at the same time as another Human creature you control, its ability will trigger twice."}], "scryfallId": "c4703ce4-5c40-4436-bff2-8e3458f55b47", "scryfallIllustrationId": "43e9e080-6f1c-482a-aaf4-be20c2288374", "scryfallOracleId": "a6b38874-c8be-47f7-a656-ba49ec9e967f", "subtypes": ["Human", "Wizard"], "supertypes": [], "tcgplayerProductId": 92978, "text": "Whenever Xathrid Necromancer or another Human creature you control dies, create a tapped 2/2 black Zombie creature token.", "toughness": "2", "type": "Creature — Human Wizard", "types": ["Creature"], "uuid": "f96aa54f-2ca6-5ecf-9f2d-d22d604ffba2", "watermark": "colorpie"}], "code": "PRES", "isFoilOnly": false, "isOnlineOnly": false, "keyruneCode": "STAR", "mcmId": 98, "mcmName": "Resale Promos", "meta": {"date": "2019-09-01", "pricesDate": "2019-09-01", "version": "4.5.0-rebuild.4"}, "name": "Resale Promos", "releaseDate": "2007-01-01", "tokens": [], "totalSetSize": 24, "translations": {}, "type": "promo"}