{"baseSetSize": 0, "block": "Guilds of Ravnica", "cards": [{"artist": "James Paick", "borderColor": "black", "colorIdentity": ["G"], "colors": [], "convertedManaCost": 0.0, "foreignData": [], "frameVersion": "2015", "hasFoil": true, "hasNonFoil": false, "isPaper": true, "isPromo": true, "isReprint": true, "isStarter": true, "layout": "normal", "legalities": {"brawl": "Legal", "commander": "Legal", "duel": "Legal", "future": "Legal", "legacy": "Legal", "modern": "Legal", "pauper": "Legal", "penny": "Legal", "standard": "Legal", "vintage": "Legal"}, "mtgstocksId": 47996, "name": "Forest", "number": "B8", "prices": {"paper": {}, "paperFoil": {"2019-06-02": 5.39, "2019-06-09": 5.0, "2019-06-16": 4.81, "2019-06-23": 4.12, "2019-06-30": 3.99, "2019-07-07": 3.74, "2019-07-14": 3.1, "2019-07-21": 3.0, "2019-07-28": 2.75, "2019-08-04": 2.99, "2019-08-11": 2.75, "2019-08-18": 3.98, "2019-08-25": 3.67}}, "printings": ["10E", "2ED", "3ED", "4BB", "4ED", "5ED", "6ED", "7ED", "8ED", "9ED", "AKH", "ALA", "ANA", "ARC", "ATH", "AVR", "BBD", "BFZ", "BRB", "BTD", "C13", "C14", "C15", "C16", "C17", "C18", "C19", "CED", "CEI", "CHK", "CM2", "CMA", "CMD", "CST", "DD1", "DDD", "DDE", "DDG", "DDH", "DDJ", "DDL", "DDM", "DDO", "DDP", "DDR", "DDS", "DDU", "DKM", "DOM", "DPA", "DTK", "E01", "EVG", "FBB", "FRF", "G17", "GK1", "GK2", "GNT", "GRN", "GS1", "GVL", "H09", "HOP", "HOU", "ICE", "INV", "ISD", "ITP", "J14", "KLD", "KTK", "LEA", "LEB", "LRW", "M10", "M11", "M12", "M13", "M14", "M15", "M19", "M20", "MBS", "ME1", "ME3", "MIR", "MMQ", "MRD", "NPH", "ODY", "ONS", "ORI", "P02", "PAL00", "PAL01", "PAL03", "PAL04", "PAL05", "PAL06", "PAL99", "PALP", "PARL", "PC2", "PCA", "PELP", "PF19", "PGPX", "PGRU", "PMPS", "PMPS06", "PMPS07", "PMPS08", "PMPS09", "PMPS10", "PMPS11", "POR", "PPP1", "PRM", "PRW2", "PRWK", "PS11", "PSAL", "PSS2", "PSS3", "PTC", "PTK", "PZ2", "RAV", "RIX", "RNA", "ROE", "RQS", "RTR", "S99", "SHM", "SOI", "SOM", "SUM", "TD0", "TD2", "THS", "TMP", "TPR", "TSP", "UGL", "UNH", "USG", "UST", "WAR", "WC00", "WC01", "WC02", "WC03", "WC04", "WC97", "WC98", "WC99", "XLN", "ZEN"], "rarity": "common", "rulings": [], "scryfallId": "abe92f9f-635a-4c76-95cc-163715553057", "scryfallIllustrationId": "871151db-2e99-4307-8b18-6e7e431c03b6", "scryfallOracleId": "b34bb2dc-c1af-4d77-b0b3-a0fb342a5fc6", "subtypes": ["Forest"], "supertypes": ["Basic"], "tcgplayerProductId": 185148, "text": "({T}: Add {G}.)", "type": "Basic Land — Forest", "types": ["Land"], "uuid": "d2c107fc-223e-5d50-ada9-ecbe71c4c70a", "variations": ["1074c33d-b4a1-5c22-b7ed-7e749217a420"], "watermark": "gruul"}, {"artist": "Yeong-Hao Han", "borderColor": "black", "colorIdentity": ["G"], "colors": [], "convertedManaCost": 0.0, "foreignData": [], "frameVersion": "2015", "hasFoil": true, "hasNonFoil": false, "isPaper": true, "isPromo": true, "isReprint": true, "isStarter": true, "layout": "normal", "legalities": {"brawl": "Legal", "commander": "Legal", "duel": "Legal", "future": "Legal", "legacy": "Legal", "modern": "Legal", "pauper": "Legal", "penny": "Legal", "standard": "Legal", "vintage": "Legal"}, "mtgstocksId": 48000, "name": "Forest", "number": "B9", "prices": {"paper": {}, "paperFoil": {"2019-06-02": 7.75, "2019-06-09": 6.72, "2019-06-16": 6.46, "2019-06-23": 5.42, "2019-06-30": 5.42, "2019-07-07": 4.35, "2019-07-14": 4.04, "2019-07-21": 3.88, "2019-07-28": 3.79, "2019-08-04": 4.04, "2019-08-11": 3.99, "2019-08-18": 4.27, "2019-08-25": 4.5}}, "printings": ["10E", "2ED", "3ED", "4BB", "4ED", "5ED", "6ED", "7ED", "8ED", "9ED", "AKH", "ALA", "ANA", "ARC", "ATH", "AVR", "BBD", "BFZ", "BRB", "BTD", "C13", "C14", "C15", "C16", "C17", "C18", "C19", "CED", "CEI", "CHK", "CM2", "CMA", "CMD", "CST", "DD1", "DDD", "DDE", "DDG", "DDH", "DDJ", "DDL", "DDM", "DDO", "DDP", "DDR", "DDS", "DDU", "DKM", "DOM", "DPA", "DTK", "E01", "EVG", "FBB", "FRF", "G17", "GK1", "GK2", "GNT", "GRN", "GS1", "GVL", "H09", "HOP", "HOU", "ICE", "INV", "ISD", "ITP", "J14", "KLD", "KTK", "LEA", "LEB", "LRW", "M10", "M11", "M12", "M13", "M14", "M15", "M19", "M20", "MBS", "ME1", "ME3", "MIR", "MMQ", "MRD", "NPH", "ODY", "ONS", "ORI", "P02", "PAL00", "PAL01", "PAL03", "PAL04", "PAL05", "PAL06", "PAL99", "PALP", "PARL", "PC2", "PCA", "PELP", "PF19", "PGPX", "PGRU", "PMPS", "PMPS06", "PMPS07", "PMPS08", "PMPS09", "PMPS10", "PMPS11", "POR", "PPP1", "PRM", "PRW2", "PRWK", "PS11", "PSAL", "PSS2", "PSS3", "PTC", "PTK", "PZ2", "RAV", "RIX", "RNA", "ROE", "RQS", "RTR", "S99", "SHM", "SOI", "SOM", "SUM", "TD0", "TD2", "THS", "TMP", "TPR", "TSP", "UGL", "UNH", "USG", "UST", "WAR", "WC00", "WC01", "WC02", "WC03", "WC04", "WC97", "WC98", "WC99", "XLN", "ZEN"], "rarity": "common", "rulings": [], "scryfallId": "b79ec1ab-99ac-4552-891e-839067f606fc", "scryfallIllustrationId": "1457f06d-c121-4416-9acb-07442faa2a51", "scryfallOracleId": "b34bb2dc-c1af-4d77-b0b3-a0fb342a5fc6", "subtypes": ["Forest"], "supertypes": ["Basic"], "tcgplayerProductId": 185149, "text": "({T}: Add {G}.)", "type": "Basic Land — Forest", "types": ["Land"], "uuid": "1074c33d-b4a1-5c22-b7ed-7e749217a420", "variations": ["d2c107fc-223e-5d50-ada9-ecbe71c4c70a"], "watermark": "simic"}, {"artist": "Yeong-Hao Han", "borderColor": "black", "colorIdentity": ["U"], "colors": [], "convertedManaCost": 0.0, "foreignData": [], "frameVersion": "2015", "hasFoil": true, "hasNonFoil": false, "isPaper": true, "isPromo": true, "isReprint": true, "isStarter": true, "layout": "normal", "legalities": {"brawl": "Legal", "commander": "Legal", "duel": "Legal", "future": "Legal", "legacy": "Legal", "modern": "Legal", "pauper": "Legal", "penny": "Legal", "standard": "Legal", "vintage": "Legal"}, "mtgstocksId": 47998, "name": "Island", "number": "B10", "prices": {"paper": {}, "paperFoil": {"2019-06-02": 8.47, "2019-06-09": 7.36, "2019-06-16": 6.0, "2019-06-23": 5.12, "2019-06-30": 5.25, "2019-07-07": 4.72, "2019-07-14": 4.42, "2019-07-21": 4.18, "2019-07-28": 4.18, "2019-08-04": 4.02, "2019-08-11": 3.97, "2019-08-18": 4.0, "2019-08-25": 3.99}}, "printings": ["10E", "2ED", "3ED", "4BB", "4ED", "5ED", "6ED", "7ED", "8ED", "9ED", "AKH", "ALA", "ANA", "ARC", "AVR", "BBD", "BFZ", "BRB", "BTD", "C13", "C14", "C15", "C16", "C17", "C18", "C19", "CED", "CEI", "CHK", "CM2", "CMA", "CMD", "CST", "DD2", "DDE", "DDF", "DDH", "DDI", "DDJ", "DDM", "DDN", "DDO", "DDQ", "DDS", "DDT", "DDU", "DOM", "DPA", "DTK", "E01", "FBB", "FRF", "G17", "GK1", "GK2", "GNT", "GRN", "GS1", "H09", "HOP", "HOU", "ICE", "INV", "ISD", "ITP", "J14", "JVC", "KLD", "KTK", "LEA", "LEB", "LRW", "M10", "M11", "M12", "M13", "M14", "M15", "M19", "M20", "MBS", "ME1", "ME3", "MIR", "MMQ", "MRD", "NPH", "ODY", "ONS", "ORI", "P02", "PAL00", "PAL01", "PAL02", "PAL03", "PAL04", "PAL05", "PAL06", "PAL99", "PALP", "PARL", "PC2", "PCA", "PELP", "PF19", "PGPX", "PGRU", "PMPS", "PMPS06", "PMPS07", "PMPS08", "PMPS09", "PMPS10", "PMPS11", "POR", "PPP1", "PRM", "PRW2", "PRWK", "PS11", "PSAL", "PSS2", "PSS3", "PTC", "PTK", "PZ2", "RAV", "RIX", "RNA", "ROE", "RQS", "RTR", "S99", "SHM", "SOI", "SOM", "SUM", "TD0", "TD2", "THS", "TMP", "TPR", "TSP", "UGL", "UNH", "USG", "UST", "WAR", "WC00", "WC01", "WC02", "WC03", "WC04", "WC97", "WC98", "XLN", "ZEN"], "rarity": "common", "rulings": [], "scryfallId": "ac709474-7790-483f-9ed5-ea7abccfce53", "scryfallIllustrationId": "157dfb2c-428b-41a6-aead-f8809291957d", "scryfallOracleId": "b2c6aa39-2d2a-459c-a555-fb48ba993373", "subtypes": ["Island"], "supertypes": ["Basic"], "tcgplayerProductId": 185151, "text": "({T}: Add {U}.)", "type": "Basic Land — Island", "types": ["Land"], "uuid": "dd6f0c35-f9ac-57dc-85fe-81da0e4caa57", "variations": ["3e653dee-78ac-5112-8f72-a841b1cf3d76"], "watermark": "simic"}, {"artist": "Alayna Danner", "borderColor": "black", "colorIdentity": ["U"], "colors": [], "convertedManaCost": 0.0, "foreignData": [], "frameVersion": "2015", "hasFoil": true, "hasNonFoil": false, "isPaper": true, "isPromo": true, "isReprint": true, "isStarter": true, "layout": "normal", "legalities": {"brawl": "Legal", "commander": "Legal", "duel": "Legal", "future": "Legal", "legacy": "Legal", "modern": "Legal", "pauper": "Legal", "penny": "Legal", "standard": "Legal", "vintage": "Legal"}, "mtgstocksId": 47999, "name": "Island", "number": "B2", "prices": {"paper": {}, "paperFoil": {"2019-06-02": 9.25, "2019-06-09": 7.47, "2019-06-16": 7.38, "2019-06-23": 6.97, "2019-06-30": 6.05, "2019-07-07": 5.73, "2019-07-14": 5.63, "2019-07-21": 5.57, "2019-07-28": 5.6, "2019-08-04": 6.0, "2019-08-11": 5.66, "2019-08-18": 6.0, "2019-08-25": 6.0}}, "printings": ["10E", "2ED", "3ED", "4BB", "4ED", "5ED", "6ED", "7ED", "8ED", "9ED", "AKH", "ALA", "ANA", "ARC", "AVR", "BBD", "BFZ", "BRB", "BTD", "C13", "C14", "C15", "C16", "C17", "C18", "C19", "CED", "CEI", "CHK", "CM2", "CMA", "CMD", "CST", "DD2", "DDE", "DDF", "DDH", "DDI", "DDJ", "DDM", "DDN", "DDO", "DDQ", "DDS", "DDT", "DDU", "DOM", "DPA", "DTK", "E01", "FBB", "FRF", "G17", "GK1", "GK2", "GNT", "GRN", "GS1", "H09", "HOP", "HOU", "ICE", "INV", "ISD", "ITP", "J14", "JVC", "KLD", "KTK", "LEA", "LEB", "LRW", "M10", "M11", "M12", "M13", "M14", "M15", "M19", "M20", "MBS", "ME1", "ME3", "MIR", "MMQ", "MRD", "NPH", "ODY", "ONS", "ORI", "P02", "PAL00", "PAL01", "PAL02", "PAL03", "PAL04", "PAL05", "PAL06", "PAL99", "PALP", "PARL", "PC2", "PCA", "PELP", "PF19", "PGPX", "PGRU", "PMPS", "PMPS06", "PMPS07", "PMPS08", "PMPS09", "PMPS10", "PMPS11", "POR", "PPP1", "PRM", "PRW2", "PRWK", "PS11", "PSAL", "PSS2", "PSS3", "PTC", "PTK", "PZ2", "RAV", "RIX", "RNA", "ROE", "RQS", "RTR", "S99", "SHM", "SOI", "SOM", "SUM", "TD0", "TD2", "THS", "TMP", "TPR", "TSP", "UGL", "UNH", "USG", "UST", "WAR", "WC00", "WC01", "WC02", "WC03", "WC04", "WC97", "WC98", "XLN", "ZEN"], "rarity": "common", "rulings": [], "scryfallId": "9f71d5d2-49a5-4d5c-a218-8f0634c57d94", "scryfallIllustrationId": "a041f3fb-e716-4953-bcb3-68a3c01922db", "scryfallOracleId": "b2c6aa39-2d2a-459c-a555-fb48ba993373", "subtypes": ["Island"], "supertypes": ["Basic"], "tcgplayerProductId": 185150, "text": "({T}: Add {U}.)", "type": "Basic Land — Island", "types": ["Land"], "uuid": "3e653dee-78ac-5112-8f72-a841b1cf3d76", "variations": ["dd6f0c35-f9ac-57dc-85fe-81da0e4caa57"], "watermark": "azorius"}, {"artist": "Dimitar Marinski", "borderColor": "black", "colorIdentity": ["R"], "colors": [], "convertedManaCost": 0.0, "foreignData": [], "frameVersion": "2015", "hasFoil": true, "hasNonFoil": false, "isPaper": true, "isPromo": true, "isReprint": true, "isStarter": true, "layout": "normal", "legalities": {"brawl": "Legal", "commander": "Legal", "duel": "Legal", "future": "Legal", "legacy": "Legal", "modern": "Legal", "pauper": "Legal", "penny": "Legal", "standard": "Legal", "vintage": "Legal"}, "mtgstocksId": 48003, "name": "Mountain", "number": "B6", "prices": {"paper": {}, "paperFoil": {"2019-06-02": 5.0, "2019-06-09": 4.94, "2019-06-16": 4.78, "2019-06-23": 4.45, "2019-06-30": 3.99, "2019-07-07": 3.54, "2019-07-14": 3.01, "2019-07-21": 2.97, "2019-07-28": 2.97, "2019-08-04": 2.97, "2019-08-11": 2.8, "2019-08-18": 2.8, "2019-08-25": 2.5}}, "printings": ["10E", "2ED", "3ED", "4BB", "4ED", "5ED", "6ED", "7ED", "8ED", "9ED", "AKH", "ALA", "ANA", "ARC", "ARN", "ATH", "AVR", "BBD", "BFZ", "BRB", "BTD", "C13", "C14", "C15", "C16", "C17", "C18", "C19", "CED", "CEI", "CHK", "CM2", "CMA", "CMD", "CST", "DD1", "DD2", "DDE", "DDG", "DDH", "DDI", "DDJ", "DDK", "DDL", "DDN", "DDP", "DDS", "DDT", "DDU", "DKM", "DOM", "DPA", "DTK", "E01", "EVG", "FBB", "FRF", "G17", "GK1", "GK2", "GNT", "GRN", "GS1", "H09", "HOP", "HOU", "ICE", "INV", "ISD", "ITP", "J14", "JVC", "KLD", "KTK", "LEA", "LEB", "LRW", "M10", "M11", "M12", "M13", "M14", "M15", "M19", "M20", "MBS", "ME1", "ME3", "MIR", "MMQ", "MRD", "NPH", "ODY", "ONS", "ORI", "P02", "PAL00", "PAL01", "PAL03", "PAL04", "PAL05", "PAL06", "PAL99", "PALP", "PARL", "PC2", "PCA", "PD2", "PELP", "PF19", "PGPX", "PGRU", "PMPS", "PMPS06", "PMPS07", "PMPS08", "PMPS09", "PMPS10", "PMPS11", "POR", "PPP1", "PRM", "PRW2", "PRWK", "PS11", "PSAL", "PSS2", "PSS3", "PTC", "PTK", "PZ2", "RAV", "RIX", "RNA", "ROE", "RQS", "RTR", "S99", "SHM", "SOI", "SOM", "SUM", "TD0", "THS", "TMP", "TPR", "TSP", "UGL", "UNH", "USG", "UST", "WAR", "WC00", "WC01", "WC02", "WC03", "WC97", "WC98", "WC99", "XLN", "ZEN"], "rarity": "common", "rulings": [], "scryfallId": "280cbdd4-57e1-49a0-a9b0-60b2d9fb9ac9", "scryfallIllustrationId": "e8062b2d-dc24-41e2-ba5f-bbb5b2af7932", "scryfallOracleId": "a3fb7228-e76b-4e96-a40e-20b5fed75685", "subtypes": ["Mountain"], "supertypes": ["Basic"], "tcgplayerProductId": 185152, "text": "({T}: Add {R}.)", "type": "Basic Land — Mountain", "types": ["Land"], "uuid": "cbb79f69-bf90-5e7e-98a7-418489e2b56e", "variations": ["12896088-c363-5190-86ab-9900a0ce32e8"], "watermark": "rakdos"}, {"artist": "James Paick", "borderColor": "black", "colorIdentity": ["R"], "colors": [], "convertedManaCost": 0.0, "foreignData": [], "frameVersion": "2015", "hasFoil": true, "hasNonFoil": false, "isPaper": true, "isPromo": true, "isReprint": true, "isStarter": true, "layout": "normal", "legalities": {"brawl": "Legal", "commander": "Legal", "duel": "Legal", "future": "Legal", "legacy": "Legal", "modern": "Legal", "pauper": "Legal", "penny": "Legal", "standard": "Legal", "vintage": "Legal"}, "mtgstocksId": 48001, "name": "Mountain", "number": "B7", "prices": {"paper": {}, "paperFoil": {"2019-06-02": 6.76, "2019-06-09": 5.59, "2019-06-16": 5.0, "2019-06-23": 4.49, "2019-06-30": 4.01, "2019-07-07": 3.77, "2019-07-14": 3.6, "2019-07-21": 3.06, "2019-07-28": 2.75, "2019-08-04": 2.69, "2019-08-11": 2.18, "2019-08-18": 2.17, "2019-08-25": 2.06}}, "printings": ["10E", "2ED", "3ED", "4BB", "4ED", "5ED", "6ED", "7ED", "8ED", "9ED", "AKH", "ALA", "ANA", "ARC", "ARN", "ATH", "AVR", "BBD", "BFZ", "BRB", "BTD", "C13", "C14", "C15", "C16", "C17", "C18", "C19", "CED", "CEI", "CHK", "CM2", "CMA", "CMD", "CST", "DD1", "DD2", "DDE", "DDG", "DDH", "DDI", "DDJ", "DDK", "DDL", "DDN", "DDP", "DDS", "DDT", "DDU", "DKM", "DOM", "DPA", "DTK", "E01", "EVG", "FBB", "FRF", "G17", "GK1", "GK2", "GNT", "GRN", "GS1", "H09", "HOP", "HOU", "ICE", "INV", "ISD", "ITP", "J14", "JVC", "KLD", "KTK", "LEA", "LEB", "LRW", "M10", "M11", "M12", "M13", "M14", "M15", "M19", "M20", "MBS", "ME1", "ME3", "MIR", "MMQ", "MRD", "NPH", "ODY", "ONS", "ORI", "P02", "PAL00", "PAL01", "PAL03", "PAL04", "PAL05", "PAL06", "PAL99", "PALP", "PARL", "PC2", "PCA", "PD2", "PELP", "PF19", "PGPX", "PGRU", "PMPS", "PMPS06", "PMPS07", "PMPS08", "PMPS09", "PMPS10", "PMPS11", "POR", "PPP1", "PRM", "PRW2", "PRWK", "PS11", "PSAL", "PSS2", "PSS3", "PTC", "PTK", "PZ2", "RAV", "RIX", "RNA", "ROE", "RQS", "RTR", "S99", "SHM", "SOI", "SOM", "SUM", "TD0", "THS", "TMP", "TPR", "TSP", "UGL", "UNH", "USG", "UST", "WAR", "WC00", "WC01", "WC02", "WC03", "WC97", "WC98", "WC99", "XLN", "ZEN"], "rarity": "common", "rulings": [], "scryfallId": "8b95a588-8dd1-49f7-92d8-34e2237769f2", "scryfallIllustrationId": "e5d0c3bd-0ad3-4846-9d18-6ab73ff0d44a", "scryfallOracleId": "a3fb7228-e76b-4e96-a40e-20b5fed75685", "subtypes": ["Mountain"], "supertypes": ["Basic"], "tcgplayerProductId": 185153, "text": "({T}: Add {R}.)", "type": "Basic Land — Mountain", "types": ["Land"], "uuid": "12896088-c363-5190-86ab-9900a0ce32e8", "variations": ["cbb79f69-bf90-5e7e-98a7-418489e2b56e"], "watermark": "gruul"}, {"artist": "Alayna Danner", "borderColor": "black", "colorIdentity": ["W"], "colors": [], "convertedManaCost": 0.0, "foreignData": [], "frameVersion": "2015", "hasFoil": true, "hasNonFoil": false, "isPaper": true, "isPromo": true, "isReprint": true, "isStarter": true, "layout": "normal", "legalities": {"brawl": "Legal", "commander": "Legal", "duel": "Legal", "future": "Legal", "legacy": "Legal", "modern": "Legal", "pauper": "Legal", "penny": "Legal", "standard": "Legal", "vintage": "Legal"}, "mtgstocksId": 47997, "name": "Plains", "number": "B1", "prices": {"paper": {}, "paperFoil": {"2019-06-02": 4.6, "2019-06-09": 4.2, "2019-06-16": 4.05, "2019-06-23": 3.98, "2019-06-30": 3.74, "2019-07-07": 3.0, "2019-07-14": 2.52, "2019-07-21": 2.51, "2019-07-28": 2.99, "2019-08-04": 3.0, "2019-08-11": 2.89, "2019-08-18": 3.13, "2019-08-25": 3.13}}, "printings": ["10E", "2ED", "3ED", "4BB", "4ED", "5ED", "6ED", "7ED", "8ED", "9ED", "AKH", "ALA", "ANA", "ARC", "ATH", "AVR", "BBD", "BFZ", "BRB", "C13", "C14", "C15", "C16", "C17", "C18", "C19", "CED", "CEI", "CHK", "CM2", "CMA", "CMD", "CST", "DDC", "DDE", "DDF", "DDG", "DDH", "DDI", "DDK", "DDL", "DDN", "DDO", "DDP", "DDQ", "DOM", "DTK", "DVD", "E01", "FBB", "FRF", "G17", "GK1", "GK2", "GNT", "GRN", "GS1", "H09", "HOP", "HOU", "ICE", "INV", "ISD", "ITP", "J14", "KLD", "KTK", "LEA", "LEB", "LRW", "M10", "M11", "M12", "M13", "M14", "M15", "M19", "M20", "MBS", "MD1", "ME1", "ME3", "MIR", "MMQ", "MRD", "NPH", "ODY", "ONS", "ORI", "P02", "PAL00", "PAL01", "PAL03", "PAL04", "PAL05", "PAL06", "PAL99", "PALP", "PARL", "PC2", "PCA", "PDGM", "PELP", "PF19", "PGPX", "PGRU", "PMPS", "PMPS06", "PMPS07", "PMPS08", "PMPS09", "PMPS10", "PMPS11", "POR", "PPP1", "PRM", "PRW2", "PRWK", "PS11", "PSAL", "PSS2", "PSS3", "PTC", "PTK", "PZ2", "RAV", "RIX", "RNA", "ROE", "RQS", "RTR", "S99", "SHM", "SOI", "SOM", "SUM", "TD0", "TD2", "THS", "TMP", "TPR", "TSP", "UGL", "UNH", "USG", "UST", "WAR", "WC00", "WC02", "WC03", "WC04", "WC97", "WC98", "XLN", "ZEN"], "rarity": "common", "rulings": [], "scryfallId": "8004052e-cb88-4ca6-a563-5396f13f7c6d", "scryfallIllustrationId": "91ebbb9c-1326-4a06-a469-2796cb5c8bd6", "scryfallOracleId": "bc71ebf6-2056-41f7-be35-b2e5c34afa99", "subtypes": ["Plains"], "supertypes": ["Basic"], "tcgplayerProductId": 185154, "text": "({T}: Add {W}.)", "type": "Basic Land — Plains", "types": ["Land"], "uuid": "e587506f-f571-5205-a8f1-9c6ee109c12f", "variations": ["5a5379f6-5636-5f09-86b8-e221bc597765"], "watermark": "azorius"}, {"artist": "Jenn Ravenna", "borderColor": "black", "colorIdentity": ["W"], "colors": [], "convertedManaCost": 0.0, "foreignData": [], "frameVersion": "2015", "hasFoil": true, "hasNonFoil": false, "isPaper": true, "isPromo": true, "isReprint": true, "isStarter": true, "layout": "normal", "legalities": {"brawl": "Legal", "commander": "Legal", "duel": "Legal", "future": "Legal", "legacy": "Legal", "modern": "Legal", "pauper": "Legal", "penny": "Legal", "standard": "Legal", "vintage": "Legal"}, "mtgstocksId": 48002, "name": "Plains", "number": "B3", "prices": {"paper": {}, "paperFoil": {"2019-06-02": 7.1, "2019-06-09": 6.34, "2019-06-16": 6.42, "2019-06-23": 5.7, "2019-06-30": 5.34, "2019-07-07": 4.99, "2019-07-14": 4.44, "2019-07-21": 4.0, "2019-07-28": 3.77, "2019-08-04": 4.38, "2019-08-11": 4.96, "2019-08-18": 5.13, "2019-08-25": 4.75}}, "printings": ["10E", "2ED", "3ED", "4BB", "4ED", "5ED", "6ED", "7ED", "8ED", "9ED", "AKH", "ALA", "ANA", "ARC", "ATH", "AVR", "BBD", "BFZ", "BRB", "C13", "C14", "C15", "C16", "C17", "C18", "C19", "CED", "CEI", "CHK", "CM2", "CMA", "CMD", "CST", "DDC", "DDE", "DDF", "DDG", "DDH", "DDI", "DDK", "DDL", "DDN", "DDO", "DDP", "DDQ", "DOM", "DTK", "DVD", "E01", "FBB", "FRF", "G17", "GK1", "GK2", "GNT", "GRN", "GS1", "H09", "HOP", "HOU", "ICE", "INV", "ISD", "ITP", "J14", "KLD", "KTK", "LEA", "LEB", "LRW", "M10", "M11", "M12", "M13", "M14", "M15", "M19", "M20", "MBS", "MD1", "ME1", "ME3", "MIR", "MMQ", "MRD", "NPH", "ODY", "ONS", "ORI", "P02", "PAL00", "PAL01", "PAL03", "PAL04", "PAL05", "PAL06", "PAL99", "PALP", "PARL", "PC2", "PCA", "PDGM", "PELP", "PF19", "PGPX", "PGRU", "PMPS", "PMPS06", "PMPS07", "PMPS08", "PMPS09", "PMPS10", "PMPS11", "POR", "PPP1", "PRM", "PRW2", "PRWK", "PS11", "PSAL", "PSS2", "PSS3", "PTC", "PTK", "PZ2", "RAV", "RIX", "RNA", "ROE", "RQS", "RTR", "S99", "SHM", "SOI", "SOM", "SUM", "TD0", "TD2", "THS", "TMP", "TPR", "TSP", "UGL", "UNH", "USG", "UST", "WAR", "WC00", "WC02", "WC03", "WC04", "WC97", "WC98", "XLN", "ZEN"], "rarity": "common", "rulings": [], "scryfallId": "378318f0-c45b-4e02-a3c7-931796e8796a", "scryfallIllustrationId": "2e4df6cb-ef49-4002-bf10-7670a5a926b7", "scryfallOracleId": "bc71ebf6-2056-41f7-be35-b2e5c34afa99", "subtypes": ["Plains"], "supertypes": ["Basic"], "tcgplayerProductId": 185155, "text": "({T}: Add {W}.)", "type": "Basic Land — Plains", "types": ["Land"], "uuid": "5a5379f6-5636-5f09-86b8-e221bc597765", "variations": ["e587506f-f571-5205-a8f1-9c6ee109c12f"], "watermark": "orzhov"}, {"artist": "Jenn Ravenna", "borderColor": "black", "colorIdentity": ["B"], "colors": [], "convertedManaCost": 0.0, "foreignData": [], "frameVersion": "2015", "hasFoil": true, "hasNonFoil": false, "isPaper": true, "isPromo": true, "isReprint": true, "isStarter": true, "layout": "normal", "legalities": {"brawl": "Legal", "commander": "Legal", "duel": "Legal", "future": "Legal", "legacy": "Legal", "modern": "Legal", "pauper": "Legal", "penny": "Legal", "standard": "Legal", "vintage": "Legal"}, "mtgstocksId": 48004, "name": "Swamp", "number": "B4", "prices": {"paper": {}, "paperFoil": {"2019-06-02": 7.95, "2019-06-09": 7.54, "2019-06-16": 6.78, "2019-06-23": 6.83, "2019-06-30": 6.07, "2019-07-07": 5.0, "2019-07-14": 4.49, "2019-07-21": 4.0, "2019-07-28": 3.95, "2019-08-04": 4.34, "2019-08-11": 6.26, "2019-08-18": 6.15, "2019-08-25": 6.14}}, "printings": ["10E", "2ED", "3ED", "4BB", "4ED", "5ED", "6ED", "7ED", "8ED", "9ED", "AKH", "ALA", "ANA", "ARC", "ATH", "AVR", "BBD", "BFZ", "BRB", "BTD", "C13", "C14", "C15", "C16", "C17", "C18", "C19", "CED", "CEI", "CHK", "CM2", "CMA", "CMD", "CST", "DDC", "DDD", "DDE", "DDH", "DDJ", "DDK", "DDM", "DDN", "DDP", "DDQ", "DDR", "DKM", "DOM", "DPA", "DTK", "DVD", "E01", "FBB", "FRF", "G17", "GK1", "GK2", "GNT", "GRN", "GVL", "H09", "HOP", "HOU", "ICE", "INV", "ISD", "ITP", "J14", "KLD", "KTK", "LEA", "LEB", "LRW", "M10", "M11", "M12", "M13", "M14", "M15", "M19", "M20", "MBS", "MD1", "ME1", "ME3", "MIR", "MMQ", "MRD", "NPH", "ODY", "ONS", "ORI", "P02", "PAL00", "PAL01", "PAL03", "PAL04", "PAL05", "PAL06", "PAL99", "PALP", "PARL", "PC2", "PCA", "PD3", "PELP", "PF19", "PGPX", "PGRU", "PHUK", "PMPS", "PMPS06", "PMPS07", "PMPS08", "PMPS09", "PMPS10", "PMPS11", "POR", "PPP1", "PRM", "PRW2", "PRWK", "PS11", "PSAL", "PSS2", "PSS3", "PTC", "PTK", "RAV", "RIX", "RNA", "ROE", "RQS", "RTR", "S99", "SHM", "SOI", "SOM", "SUM", "TD0", "TD2", "THS", "TMP", "TPR", "TSP", "UGL", "UNH", "USG", "UST", "WAR", "WC01", "WC02", "WC03", "WC97", "WC98", "WC99", "XLN", "ZEN"], "rarity": "common", "rulings": [], "scryfallId": "ac3772ad-581e-4ed6-9813-aa15cba27085", "scryfallIllustrationId": "1b5de565-ab52-475d-91d5-8aa0b37f7739", "scryfallOracleId": "56719f6a-1a6c-4c0a-8d21-18f7d7350b68", "subtypes": ["Swamp"], "supertypes": ["Basic"], "tcgplayerProductId": 185156, "text": "({T}: Add {B}.)", "type": "Basic Land — Swamp", "types": ["Land"], "uuid": "b9b67d7c-5c27-5634-a607-c74efaa7e30d", "variations": ["8faac92e-1c8f-5d70-bcbf-3d14a04a5d5e"], "watermark": "orzhov"}, {"artist": "Dimitar Marinski", "borderColor": "black", "colorIdentity": ["B"], "colors": [], "convertedManaCost": 0.0, "foreignData": [], "frameVersion": "2015", "hasFoil": true, "hasNonFoil": false, "isPaper": true, "isPromo": true, "isReprint": true, "isStarter": true, "layout": "normal", "legalities": {"brawl": "Legal", "commander": "Legal", "duel": "Legal", "future": "Legal", "legacy": "Legal", "modern": "Legal", "pauper": "Legal", "penny": "Legal", "standard": "Legal", "vintage": "Legal"}, "mtgstocksId": 48005, "name": "Swamp", "number": "B5", "prices": {"paper": {}, "paperFoil": {"2019-06-02": 6.89, "2019-06-09": 6.28, "2019-06-16": 5.97, "2019-06-23": 5.21, "2019-06-30": 4.9, "2019-07-07": 4.24, "2019-07-14": 4.13, "2019-07-21": 4.07, "2019-07-28": 3.87, "2019-08-04": 3.9, "2019-08-11": 3.59, "2019-08-18": 3.79, "2019-08-25": 3.5}}, "printings": ["10E", "2ED", "3ED", "4BB", "4ED", "5ED", "6ED", "7ED", "8ED", "9ED", "AKH", "ALA", "ANA", "ARC", "ATH", "AVR", "BBD", "BFZ", "BRB", "BTD", "C13", "C14", "C15", "C16", "C17", "C18", "C19", "CED", "CEI", "CHK", "CM2", "CMA", "CMD", "CST", "DDC", "DDD", "DDE", "DDH", "DDJ", "DDK", "DDM", "DDN", "DDP", "DDQ", "DDR", "DKM", "DOM", "DPA", "DTK", "DVD", "E01", "FBB", "FRF", "G17", "GK1", "GK2", "GNT", "GRN", "GVL", "H09", "HOP", "HOU", "ICE", "INV", "ISD", "ITP", "J14", "KLD", "KTK", "LEA", "LEB", "LRW", "M10", "M11", "M12", "M13", "M14", "M15", "M19", "M20", "MBS", "MD1", "ME1", "ME3", "MIR", "MMQ", "MRD", "NPH", "ODY", "ONS", "ORI", "P02", "PAL00", "PAL01", "PAL03", "PAL04", "PAL05", "PAL06", "PAL99", "PALP", "PARL", "PC2", "PCA", "PD3", "PELP", "PF19", "PGPX", "PGRU", "PHUK", "PMPS", "PMPS06", "PMPS07", "PMPS08", "PMPS09", "PMPS10", "PMPS11", "POR", "PPP1", "PRM", "PRW2", "PRWK", "PS11", "PSAL", "PSS2", "PSS3", "PTC", "PTK", "RAV", "RIX", "RNA", "ROE", "RQS", "RTR", "S99", "SHM", "SOI", "SOM", "SUM", "TD0", "TD2", "THS", "TMP", "TPR", "TSP", "UGL", "UNH", "USG", "UST", "WAR", "WC01", "WC02", "WC03", "WC97", "WC98", "WC99", "XLN", "ZEN"], "rarity": "common", "rulings": [], "scryfallId": "7562f3d1-bde9-4f5d-a51a-01e6d0578695", "scryfallIllustrationId": "87a12206-3597-466d-a752-bacb24d73fdb", "scryfallOracleId": "56719f6a-1a6c-4c0a-8d21-18f7d7350b68", "subtypes": ["Swamp"], "supertypes": ["Basic"], "tcgplayerProductId": 185157, "text": "({T}: Add {B}.)", "type": "Basic Land — Swamp", "types": ["Land"], "uuid": "8faac92e-1c8f-5d70-bcbf-3d14a04a5d5e", "variations": ["b9b67d7c-5c27-5634-a607-c74efaa7e30d"], "watermark": "rakdos"}], "code": "PRW2", "isFoilOnly": true, "isOnlineOnly": false, "keyruneCode": "RNA", "meta": {"date": "2019-09-01", "pricesDate": "2019-09-01", "version": "4.5.0-rebuild.4"}, "name": "RNA Ravnica Weekend", "parentCode": "RNA", "releaseDate": "2019-02-16", "tokens": [], "totalSetSize": 10, "translations": {}, "type": "promo"}