{"baseSetSize": 0, "block": "Guilds of Ravnica", "cards": [{"artist": "Svetlin Velinov", "borderColor": "black", "colorIdentity": ["G"], "colors": [], "convertedManaCost": 0.0, "foreignData": [], "frameVersion": "2015", "hasFoil": true, "hasNonFoil": false, "isPaper": true, "isPromo": true, "isReprint": true, "isStarter": true, "layout": "normal", "legalities": {"brawl": "Legal", "commander": "Legal", "duel": "Legal", "future": "Legal", "legacy": "Legal", "modern": "Legal", "pauper": "Legal", "penny": "Legal", "standard": "Legal", "vintage": "Legal"}, "mtgstocksId": 47186, "name": "Forest", "number": "A06", "prices": {"paper": {}, "paperFoil": {"2019-06-02": 7.49, "2019-06-09": 7.49, "2019-06-16": 7.59, "2019-06-23": 7.5, "2019-06-30": 6.89, "2019-07-07": 6.58, "2019-07-14": 5.99, "2019-07-21": 6.25, "2019-07-28": 5.99, "2019-08-04": 6.0, "2019-08-11": 6.14, "2019-08-18": 6.08, "2019-08-25": 6.09}}, "printings": ["10E", "2ED", "3ED", "4BB", "4ED", "5ED", "6ED", "7ED", "8ED", "9ED", "AKH", "ALA", "ANA", "ARC", "ATH", "AVR", "BBD", "BFZ", "BRB", "BTD", "C13", "C14", "C15", "C16", "C17", "C18", "C19", "CED", "CEI", "CHK", "CM2", "CMA", "CMD", "CST", "DD1", "DDD", "DDE", "DDG", "DDH", "DDJ", "DDL", "DDM", "DDO", "DDP", "DDR", "DDS", "DDU", "DKM", "DOM", "DPA", "DTK", "E01", "EVG", "FBB", "FRF", "G17", "GK1", "GK2", "GNT", "GRN", "GS1", "GVL", "H09", "HOP", "HOU", "ICE", "INV", "ISD", "ITP", "J14", "KLD", "KTK", "LEA", "LEB", "LRW", "M10", "M11", "M12", "M13", "M14", "M15", "M19", "M20", "MBS", "ME1", "ME3", "MIR", "MMQ", "MRD", "NPH", "ODY", "ONS", "ORI", "P02", "PAL00", "PAL01", "PAL03", "PAL04", "PAL05", "PAL06", "PAL99", "PALP", "PARL", "PC2", "PCA", "PELP", "PF19", "PGPX", "PGRU", "PMPS", "PMPS06", "PMPS07", "PMPS08", "PMPS09", "PMPS10", "PMPS11", "POR", "PPP1", "PRM", "PRW2", "PRWK", "PS11", "PSAL", "PSS2", "PSS3", "PTC", "PTK", "PZ2", "RAV", "RIX", "RNA", "ROE", "RQS", "RTR", "S99", "SHM", "SOI", "SOM", "SUM", "TD0", "TD2", "THS", "TMP", "TPR", "TSP", "UGL", "UNH", "USG", "UST", "WAR", "WC00", "WC01", "WC02", "WC03", "WC04", "WC97", "WC98", "WC99", "XLN", "ZEN"], "rarity": "common", "rulings": [], "scryfallId": "18c918f7-c05f-43f6-8342-dd26d5c99b87", "scryfallIllustrationId": "e40ec951-8778-4068-a22a-c7ec55a2d712", "scryfallOracleId": "b34bb2dc-c1af-4d77-b0b3-a0fb342a5fc6", "subtypes": ["Forest"], "supertypes": ["Basic"], "tcgplayerProductId": 175222, "text": "({T}: Add {G}.)", "type": "Basic Land — Forest", "types": ["Land"], "uuid": "3d0593bf-0004-526e-857c-1b565581bde7", "variations": ["a906da3d-116e-5435-9f41-6e5767e74b79"], "watermark": "golgari"}, {"artist": "Alayna Danner", "borderColor": "black", "colorIdentity": ["G"], "colors": [], "convertedManaCost": 0.0, "foreignData": [], "frameVersion": "2015", "hasFoil": true, "hasNonFoil": false, "isPaper": true, "isPromo": true, "isReprint": true, "isStarter": true, "layout": "normal", "legalities": {"brawl": "Legal", "commander": "Legal", "duel": "Legal", "future": "Legal", "legacy": "Legal", "modern": "Legal", "pauper": "Legal", "penny": "Legal", "standard": "Legal", "vintage": "Legal"}, "mtgstocksId": 47189, "name": "Forest", "number": "A09", "prices": {"paper": {}, "paperFoil": {"2019-06-02": 4.97, "2019-06-09": 4.49, "2019-06-16": 3.99, "2019-06-23": 4.97, "2019-06-30": 4.98, "2019-07-07": 4.8, "2019-07-14": 3.99, "2019-07-21": 4.8, "2019-07-28": 4.4, "2019-08-04": 5.14, "2019-08-11": 4.9, "2019-08-18": 4.7, "2019-08-25": 4.78}}, "printings": ["10E", "2ED", "3ED", "4BB", "4ED", "5ED", "6ED", "7ED", "8ED", "9ED", "AKH", "ALA", "ANA", "ARC", "ATH", "AVR", "BBD", "BFZ", "BRB", "BTD", "C13", "C14", "C15", "C16", "C17", "C18", "C19", "CED", "CEI", "CHK", "CM2", "CMA", "CMD", "CST", "DD1", "DDD", "DDE", "DDG", "DDH", "DDJ", "DDL", "DDM", "DDO", "DDP", "DDR", "DDS", "DDU", "DKM", "DOM", "DPA", "DTK", "E01", "EVG", "FBB", "FRF", "G17", "GK1", "GK2", "GNT", "GRN", "GS1", "GVL", "H09", "HOP", "HOU", "ICE", "INV", "ISD", "ITP", "J14", "KLD", "KTK", "LEA", "LEB", "LRW", "M10", "M11", "M12", "M13", "M14", "M15", "M19", "M20", "MBS", "ME1", "ME3", "MIR", "MMQ", "MRD", "NPH", "ODY", "ONS", "ORI", "P02", "PAL00", "PAL01", "PAL03", "PAL04", "PAL05", "PAL06", "PAL99", "PALP", "PARL", "PC2", "PCA", "PELP", "PF19", "PGPX", "PGRU", "PMPS", "PMPS06", "PMPS07", "PMPS08", "PMPS09", "PMPS10", "PMPS11", "POR", "PPP1", "PRM", "PRW2", "PRWK", "PS11", "PSAL", "PSS2", "PSS3", "PTC", "PTK", "PZ2", "RAV", "RIX", "RNA", "ROE", "RQS", "RTR", "S99", "SHM", "SOI", "SOM", "SUM", "TD0", "TD2", "THS", "TMP", "TPR", "TSP", "UGL", "UNH", "USG", "UST", "WAR", "WC00", "WC01", "WC02", "WC03", "WC04", "WC97", "WC98", "WC99", "XLN", "ZEN"], "rarity": "common", "rulings": [], "scryfallId": "a7758eb2-bea6-46ea-b5d7-d333a939f30a", "scryfallIllustrationId": "8e40e418-5853-4a0c-b46b-1825af8945c8", "scryfallOracleId": "b34bb2dc-c1af-4d77-b0b3-a0fb342a5fc6", "subtypes": ["Forest"], "supertypes": ["Basic"], "tcgplayerProductId": 175221, "text": "({T}: Add {G}.)", "type": "Basic Land — Forest", "types": ["Land"], "uuid": "a906da3d-116e-5435-9f41-6e5767e74b79", "variations": ["3d0593bf-0004-526e-857c-1b565581bde7"], "watermark": "selesnya"}, {"artist": "Jung Park", "borderColor": "black", "colorIdentity": ["U"], "colors": [], "convertedManaCost": 0.0, "foreignData": [], "frameVersion": "2015", "hasFoil": true, "hasNonFoil": false, "isPaper": true, "isPromo": true, "isReprint": true, "isStarter": true, "layout": "normal", "legalities": {"brawl": "Legal", "commander": "Legal", "duel": "Legal", "future": "Legal", "legacy": "Legal", "modern": "Legal", "pauper": "Legal", "penny": "Legal", "standard": "Legal", "vintage": "Legal"}, "mtgstocksId": 47183, "name": "Island", "number": "A01", "prices": {"paper": {}, "paperFoil": {"2019-06-02": 5.99, "2019-06-09": 6.19, "2019-06-16": 5.94, "2019-06-23": 5.99, "2019-06-30": 6.15, "2019-07-07": 6.44, "2019-07-14": 6.45, "2019-07-21": 6.37, "2019-07-28": 6.08, "2019-08-04": 6.16, "2019-08-11": 5.77, "2019-08-18": 5.65, "2019-08-25": 5.51}}, "printings": ["10E", "2ED", "3ED", "4BB", "4ED", "5ED", "6ED", "7ED", "8ED", "9ED", "AKH", "ALA", "ANA", "ARC", "AVR", "BBD", "BFZ", "BRB", "BTD", "C13", "C14", "C15", "C16", "C17", "C18", "C19", "CED", "CEI", "CHK", "CM2", "CMA", "CMD", "CST", "DD2", "DDE", "DDF", "DDH", "DDI", "DDJ", "DDM", "DDN", "DDO", "DDQ", "DDS", "DDT", "DDU", "DOM", "DPA", "DTK", "E01", "FBB", "FRF", "G17", "GK1", "GK2", "GNT", "GRN", "GS1", "H09", "HOP", "HOU", "ICE", "INV", "ISD", "ITP", "J14", "JVC", "KLD", "KTK", "LEA", "LEB", "LRW", "M10", "M11", "M12", "M13", "M14", "M15", "M19", "M20", "MBS", "ME1", "ME3", "MIR", "MMQ", "MRD", "NPH", "ODY", "ONS", "ORI", "P02", "PAL00", "PAL01", "PAL02", "PAL03", "PAL04", "PAL05", "PAL06", "PAL99", "PALP", "PARL", "PC2", "PCA", "PELP", "PF19", "PGPX", "PGRU", "PMPS", "PMPS06", "PMPS07", "PMPS08", "PMPS09", "PMPS10", "PMPS11", "POR", "PPP1", "PRM", "PRW2", "PRWK", "PS11", "PSAL", "PSS2", "PSS3", "PTC", "PTK", "PZ2", "RAV", "RIX", "RNA", "ROE", "RQS", "RTR", "S99", "SHM", "SOI", "SOM", "SUM", "TD0", "TD2", "THS", "TMP", "TPR", "TSP", "UGL", "UNH", "USG", "UST", "WAR", "WC00", "WC01", "WC02", "WC03", "WC04", "WC97", "WC98", "XLN", "ZEN"], "rarity": "common", "rulings": [], "scryfallId": "17481825-61f1-4b0f-90f7-9a9393b0ef25", "scryfallIllustrationId": "1fe21ee8-6c12-4d5a-98ea-8bbd46a7983e", "scryfallOracleId": "b2c6aa39-2d2a-459c-a555-fb48ba993373", "subtypes": ["Island"], "supertypes": ["Basic"], "tcgplayerProductId": 175224, "text": "({T}: Add {U}.)", "type": "Basic Land — Island", "types": ["Land"], "uuid": "32f7145e-53de-52b7-993e-8c0c6cef94fb", "variations": ["eeebc5eb-3e30-52c8-baaa-716d7d13751c"], "watermark": "dimir"}, {"artist": "Adam Paquette", "borderColor": "black", "colorIdentity": ["U"], "colors": [], "convertedManaCost": 0.0, "foreignData": [], "frameVersion": "2015", "hasFoil": true, "hasNonFoil": false, "isPaper": true, "isPromo": true, "isReprint": true, "isStarter": true, "layout": "normal", "legalities": {"brawl": "Legal", "commander": "Legal", "duel": "Legal", "future": "Legal", "legacy": "Legal", "modern": "Legal", "pauper": "Legal", "penny": "Legal", "standard": "Legal", "vintage": "Legal"}, "mtgstocksId": 47184, "name": "Island", "number": "A03", "prices": {"paper": {}, "paperFoil": {"2019-06-02": 7.8, "2019-06-09": 7.99, "2019-06-16": 8.04, "2019-06-23": 7.99, "2019-06-30": 7.99, "2019-07-07": 7.46, "2019-07-14": 7.46, "2019-07-21": 7.06, "2019-07-28": 7.86, "2019-08-04": 7.95, "2019-08-11": 7.78, "2019-08-18": 7.46, "2019-08-25": 7.11}}, "printings": ["10E", "2ED", "3ED", "4BB", "4ED", "5ED", "6ED", "7ED", "8ED", "9ED", "AKH", "ALA", "ANA", "ARC", "AVR", "BBD", "BFZ", "BRB", "BTD", "C13", "C14", "C15", "C16", "C17", "C18", "C19", "CED", "CEI", "CHK", "CM2", "CMA", "CMD", "CST", "DD2", "DDE", "DDF", "DDH", "DDI", "DDJ", "DDM", "DDN", "DDO", "DDQ", "DDS", "DDT", "DDU", "DOM", "DPA", "DTK", "E01", "FBB", "FRF", "G17", "GK1", "GK2", "GNT", "GRN", "GS1", "H09", "HOP", "HOU", "ICE", "INV", "ISD", "ITP", "J14", "JVC", "KLD", "KTK", "LEA", "LEB", "LRW", "M10", "M11", "M12", "M13", "M14", "M15", "M19", "M20", "MBS", "ME1", "ME3", "MIR", "MMQ", "MRD", "NPH", "ODY", "ONS", "ORI", "P02", "PAL00", "PAL01", "PAL02", "PAL03", "PAL04", "PAL05", "PAL06", "PAL99", "PALP", "PARL", "PC2", "PCA", "PELP", "PF19", "PGPX", "PGRU", "PMPS", "PMPS06", "PMPS07", "PMPS08", "PMPS09", "PMPS10", "PMPS11", "POR", "PPP1", "PRM", "PRW2", "PRWK", "PS11", "PSAL", "PSS2", "PSS3", "PTC", "PTK", "PZ2", "RAV", "RIX", "RNA", "ROE", "RQS", "RTR", "S99", "SHM", "SOI", "SOM", "SUM", "TD0", "TD2", "THS", "TMP", "TPR", "TSP", "UGL", "UNH", "USG", "UST", "WAR", "WC00", "WC01", "WC02", "WC03", "WC04", "WC97", "WC98", "XLN", "ZEN"], "rarity": "common", "rulings": [], "scryfallId": "0291245a-d0c6-48d3-af72-f2ad8e47f9cf", "scryfallIllustrationId": "13a99345-a15d-4b65-b9db-d330203d95ce", "scryfallOracleId": "b2c6aa39-2d2a-459c-a555-fb48ba993373", "subtypes": ["Island"], "supertypes": ["Basic"], "tcgplayerProductId": 175225, "text": "({T}: Add {U}.)", "type": "Basic Land — Island", "types": ["Land"], "uuid": "eeebc5eb-3e30-52c8-baaa-716d7d13751c", "variations": ["32f7145e-53de-52b7-993e-8c0c6cef94fb"], "watermark": "izzet"}, {"artist": "Svetlin Velinov", "borderColor": "black", "colorIdentity": ["R"], "colors": [], "convertedManaCost": 0.0, "foreignData": [], "frameVersion": "2015", "hasFoil": true, "hasNonFoil": false, "isPaper": true, "isPromo": true, "isReprint": true, "isStarter": true, "layout": "normal", "legalities": {"brawl": "Legal", "commander": "Legal", "duel": "Legal", "future": "Legal", "legacy": "Legal", "modern": "Legal", "pauper": "Legal", "penny": "Legal", "standard": "Legal", "vintage": "Legal"}, "mtgstocksId": 47190, "name": "Mountain", "number": "A04", "prices": {"paper": {}, "paperFoil": {"2019-06-02": 5.9, "2019-06-09": 5.98, "2019-06-16": 5.9, "2019-06-23": 5.76, "2019-06-30": 5.5, "2019-07-07": 5.5, "2019-07-14": 5.2, "2019-07-21": 5.0, "2019-07-28": 5.16, "2019-08-04": 5.2, "2019-08-11": 5.45, "2019-08-18": 5.27, "2019-08-25": 5.02}}, "printings": ["10E", "2ED", "3ED", "4BB", "4ED", "5ED", "6ED", "7ED", "8ED", "9ED", "AKH", "ALA", "ANA", "ARC", "ARN", "ATH", "AVR", "BBD", "BFZ", "BRB", "BTD", "C13", "C14", "C15", "C16", "C17", "C18", "C19", "CED", "CEI", "CHK", "CM2", "CMA", "CMD", "CST", "DD1", "DD2", "DDE", "DDG", "DDH", "DDI", "DDJ", "DDK", "DDL", "DDN", "DDP", "DDS", "DDT", "DDU", "DKM", "DOM", "DPA", "DTK", "E01", "EVG", "FBB", "FRF", "G17", "GK1", "GK2", "GNT", "GRN", "GS1", "H09", "HOP", "HOU", "ICE", "INV", "ISD", "ITP", "J14", "JVC", "KLD", "KTK", "LEA", "LEB", "LRW", "M10", "M11", "M12", "M13", "M14", "M15", "M19", "M20", "MBS", "ME1", "ME3", "MIR", "MMQ", "MRD", "NPH", "ODY", "ONS", "ORI", "P02", "PAL00", "PAL01", "PAL03", "PAL04", "PAL05", "PAL06", "PAL99", "PALP", "PARL", "PC2", "PCA", "PD2", "PELP", "PF19", "PGPX", "PGRU", "PMPS", "PMPS06", "PMPS07", "PMPS08", "PMPS09", "PMPS10", "PMPS11", "POR", "PPP1", "PRM", "PRW2", "PRWK", "PS11", "PSAL", "PSS2", "PSS3", "PTC", "PTK", "PZ2", "RAV", "RIX", "RNA", "ROE", "RQS", "RTR", "S99", "SHM", "SOI", "SOM", "SUM", "TD0", "THS", "TMP", "TPR", "TSP", "UGL", "UNH", "USG", "UST", "WAR", "WC00", "WC01", "WC02", "WC03", "WC97", "WC98", "WC99", "XLN", "ZEN"], "rarity": "common", "rulings": [], "scryfallId": "ae56dace-544c-4fb9-9442-5daca6f4a1ff", "scryfallIllustrationId": "bdb9d57c-e45d-4020-ad81-cac30b565a2a", "scryfallOracleId": "a3fb7228-e76b-4e96-a40e-20b5fed75685", "subtypes": ["Mountain"], "supertypes": ["Basic"], "tcgplayerProductId": 175227, "text": "({T}: Add {R}.)", "type": "Basic Land — Mountain", "types": ["Land"], "uuid": "bc993a07-b820-5858-a750-d33f8c513b5b", "variations": ["9a08b2f2-6a1e-5c03-9c09-cf3ffe709585"], "watermark": "izzet"}, {"artist": "Noah Bradley", "borderColor": "black", "colorIdentity": ["R"], "colors": [], "convertedManaCost": 0.0, "foreignData": [], "frameVersion": "2015", "hasFoil": true, "hasNonFoil": false, "isPaper": true, "isPromo": true, "isReprint": true, "isStarter": true, "layout": "normal", "legalities": {"brawl": "Legal", "commander": "Legal", "duel": "Legal", "future": "Legal", "legacy": "Legal", "modern": "Legal", "pauper": "Legal", "penny": "Legal", "standard": "Legal", "vintage": "Legal"}, "mtgstocksId": 47191, "name": "Mountain", "number": "A07", "prices": {"paper": {}, "paperFoil": {"2019-06-02": 4.0, "2019-06-09": 3.49, "2019-06-16": 3.34, "2019-06-23": 3.88, "2019-06-30": 3.49, "2019-07-07": 3.4, "2019-07-14": 3.34, "2019-07-21": 3.25, "2019-07-28": 3.14, "2019-08-04": 3.28, "2019-08-11": 3.39, "2019-08-18": 3.28, "2019-08-25": 3.21}}, "printings": ["10E", "2ED", "3ED", "4BB", "4ED", "5ED", "6ED", "7ED", "8ED", "9ED", "AKH", "ALA", "ANA", "ARC", "ARN", "ATH", "AVR", "BBD", "BFZ", "BRB", "BTD", "C13", "C14", "C15", "C16", "C17", "C18", "C19", "CED", "CEI", "CHK", "CM2", "CMA", "CMD", "CST", "DD1", "DD2", "DDE", "DDG", "DDH", "DDI", "DDJ", "DDK", "DDL", "DDN", "DDP", "DDS", "DDT", "DDU", "DKM", "DOM", "DPA", "DTK", "E01", "EVG", "FBB", "FRF", "G17", "GK1", "GK2", "GNT", "GRN", "GS1", "H09", "HOP", "HOU", "ICE", "INV", "ISD", "ITP", "J14", "JVC", "KLD", "KTK", "LEA", "LEB", "LRW", "M10", "M11", "M12", "M13", "M14", "M15", "M19", "M20", "MBS", "ME1", "ME3", "MIR", "MMQ", "MRD", "NPH", "ODY", "ONS", "ORI", "P02", "PAL00", "PAL01", "PAL03", "PAL04", "PAL05", "PAL06", "PAL99", "PALP", "PARL", "PC2", "PCA", "PD2", "PELP", "PF19", "PGPX", "PGRU", "PMPS", "PMPS06", "PMPS07", "PMPS08", "PMPS09", "PMPS10", "PMPS11", "POR", "PPP1", "PRM", "PRW2", "PRWK", "PS11", "PSAL", "PSS2", "PSS3", "PTC", "PTK", "PZ2", "RAV", "RIX", "RNA", "ROE", "RQS", "RTR", "S99", "SHM", "SOI", "SOM", "SUM", "TD0", "THS", "TMP", "TPR", "TSP", "UGL", "UNH", "USG", "UST", "WAR", "WC00", "WC01", "WC02", "WC03", "WC97", "WC98", "WC99", "XLN", "ZEN"], "rarity": "common", "rulings": [], "scryfallId": "f1503c89-9139-448e-ab95-53281c4217dd", "scryfallIllustrationId": "3d77eb81-87e3-47be-b924-b46d075c6c38", "scryfallOracleId": "a3fb7228-e76b-4e96-a40e-20b5fed75685", "subtypes": ["Mountain"], "supertypes": ["Basic"], "tcgplayerProductId": 175226, "text": "({T}: Add {R}.)", "type": "Basic Land — Mountain", "types": ["Land"], "uuid": "9a08b2f2-6a1e-5c03-9c09-cf3ffe709585", "variations": ["bc993a07-b820-5858-a750-d33f8c513b5b"], "watermark": "boros"}, {"artist": "Yeong-Hao Han", "borderColor": "black", "colorIdentity": ["W"], "colors": [], "convertedManaCost": 0.0, "foreignData": [], "frameVersion": "2015", "hasFoil": true, "hasNonFoil": false, "isPaper": true, "isPromo": true, "isReprint": true, "isStarter": true, "layout": "normal", "legalities": {"brawl": "Legal", "commander": "Legal", "duel": "Legal", "future": "Legal", "legacy": "Legal", "modern": "Legal", "pauper": "Legal", "penny": "Legal", "standard": "Legal", "vintage": "Legal"}, "mtgstocksId": 47187, "name": "Plains", "number": "A08", "prices": {"paper": {}, "paperFoil": {"2019-06-02": 4.65, "2019-06-09": 4.5, "2019-06-16": 4.07, "2019-06-23": 5.0, "2019-06-30": 4.99, "2019-07-07": 4.44, "2019-07-14": 4.97, "2019-07-21": 4.97, "2019-07-28": 4.03, "2019-08-04": 4.74, "2019-08-11": 4.74, "2019-08-18": 4.24, "2019-08-25": 4.21}}, "printings": ["10E", "2ED", "3ED", "4BB", "4ED", "5ED", "6ED", "7ED", "8ED", "9ED", "AKH", "ALA", "ANA", "ARC", "ATH", "AVR", "BBD", "BFZ", "BRB", "C13", "C14", "C15", "C16", "C17", "C18", "C19", "CED", "CEI", "CHK", "CM2", "CMA", "CMD", "CST", "DDC", "DDE", "DDF", "DDG", "DDH", "DDI", "DDK", "DDL", "DDN", "DDO", "DDP", "DDQ", "DOM", "DTK", "DVD", "E01", "FBB", "FRF", "G17", "GK1", "GK2", "GNT", "GRN", "GS1", "H09", "HOP", "HOU", "ICE", "INV", "ISD", "ITP", "J14", "KLD", "KTK", "LEA", "LEB", "LRW", "M10", "M11", "M12", "M13", "M14", "M15", "M19", "M20", "MBS", "MD1", "ME1", "ME3", "MIR", "MMQ", "MRD", "NPH", "ODY", "ONS", "ORI", "P02", "PAL00", "PAL01", "PAL03", "PAL04", "PAL05", "PAL06", "PAL99", "PALP", "PARL", "PC2", "PCA", "PDGM", "PELP", "PF19", "PGPX", "PGRU", "PMPS", "PMPS06", "PMPS07", "PMPS08", "PMPS09", "PMPS10", "PMPS11", "POR", "PPP1", "PRM", "PRW2", "PRWK", "PS11", "PSAL", "PSS2", "PSS3", "PTC", "PTK", "PZ2", "RAV", "RIX", "RNA", "ROE", "RQS", "RTR", "S99", "SHM", "SOI", "SOM", "SUM", "TD0", "TD2", "THS", "TMP", "TPR", "TSP", "UGL", "UNH", "USG", "UST", "WAR", "WC00", "WC02", "WC03", "WC04", "WC97", "WC98", "XLN", "ZEN"], "rarity": "common", "rulings": [], "scryfallId": "0095225d-ba7d-4ccc-b730-1bed46c840eb", "scryfallIllustrationId": "8f7df8a6-718d-4b3a-b907-4e0ed2be2e8c", "scryfallOracleId": "bc71ebf6-2056-41f7-be35-b2e5c34afa99", "subtypes": ["Plains"], "supertypes": ["Basic"], "tcgplayerProductId": 175220, "text": "({T}: Add {W}.)", "type": "Basic Land — Plains", "types": ["Land"], "uuid": "056b3e98-1cc1-5df5-b6c3-63c5873de5d2", "variations": ["b7e8da02-7c8b-596a-a505-ac302d2eacb5"], "watermark": "boros"}, {"artist": "James Paick", "borderColor": "black", "colorIdentity": ["W"], "colors": [], "convertedManaCost": 0.0, "foreignData": [], "frameVersion": "2015", "hasFoil": true, "hasNonFoil": false, "isPaper": true, "isPromo": true, "isReprint": true, "isStarter": true, "layout": "normal", "legalities": {"brawl": "Legal", "commander": "Legal", "duel": "Legal", "future": "Legal", "legacy": "Legal", "modern": "Legal", "pauper": "Legal", "penny": "Legal", "standard": "Legal", "vintage": "Legal"}, "mtgstocksId": 47188, "name": "Plains", "number": "A10", "prices": {"paper": {}, "paperFoil": {"2019-06-02": 4.37, "2019-06-09": 4.0, "2019-06-16": 4.0, "2019-06-23": 4.72, "2019-06-30": 4.99, "2019-07-07": 4.72, "2019-07-14": 4.72, "2019-07-21": 4.86, "2019-07-28": 5.1, "2019-08-04": 5.63, "2019-08-11": 5.61, "2019-08-18": 5.36, "2019-08-25": 5.18}}, "printings": ["10E", "2ED", "3ED", "4BB", "4ED", "5ED", "6ED", "7ED", "8ED", "9ED", "AKH", "ALA", "ANA", "ARC", "ATH", "AVR", "BBD", "BFZ", "BRB", "C13", "C14", "C15", "C16", "C17", "C18", "C19", "CED", "CEI", "CHK", "CM2", "CMA", "CMD", "CST", "DDC", "DDE", "DDF", "DDG", "DDH", "DDI", "DDK", "DDL", "DDN", "DDO", "DDP", "DDQ", "DOM", "DTK", "DVD", "E01", "FBB", "FRF", "G17", "GK1", "GK2", "GNT", "GRN", "GS1", "H09", "HOP", "HOU", "ICE", "INV", "ISD", "ITP", "J14", "KLD", "KTK", "LEA", "LEB", "LRW", "M10", "M11", "M12", "M13", "M14", "M15", "M19", "M20", "MBS", "MD1", "ME1", "ME3", "MIR", "MMQ", "MRD", "NPH", "ODY", "ONS", "ORI", "P02", "PAL00", "PAL01", "PAL03", "PAL04", "PAL05", "PAL06", "PAL99", "PALP", "PARL", "PC2", "PCA", "PDGM", "PELP", "PF19", "PGPX", "PGRU", "PMPS", "PMPS06", "PMPS07", "PMPS08", "PMPS09", "PMPS10", "PMPS11", "POR", "PPP1", "PRM", "PRW2", "PRWK", "PS11", "PSAL", "PSS2", "PSS3", "PTC", "PTK", "PZ2", "RAV", "RIX", "RNA", "ROE", "RQS", "RTR", "S99", "SHM", "SOI", "SOM", "SUM", "TD0", "TD2", "THS", "TMP", "TPR", "TSP", "UGL", "UNH", "USG", "UST", "WAR", "WC00", "WC02", "WC03", "WC04", "WC97", "WC98", "XLN", "ZEN"], "rarity": "common", "rulings": [], "scryfallId": "0a2fcd6c-0303-4983-bceb-e6dcfc2d6a63", "scryfallIllustrationId": "ac90f456-b468-431f-b0dc-604f4e007386", "scryfallOracleId": "bc71ebf6-2056-41f7-be35-b2e5c34afa99", "subtypes": ["Plains"], "supertypes": ["Basic"], "tcgplayerProductId": 175219, "text": "({T}: Add {W}.)", "type": "Basic Land — Plains", "types": ["Land"], "uuid": "b7e8da02-7c8b-596a-a505-ac302d2eacb5", "variations": ["056b3e98-1cc1-5df5-b6c3-63c5873de5d2"], "watermark": "selesnya"}, {"artist": "Noah Bradley", "borderColor": "black", "colorIdentity": ["B"], "colors": [], "convertedManaCost": 0.0, "foreignData": [], "frameVersion": "2015", "hasFoil": true, "hasNonFoil": false, "isPaper": true, "isPromo": true, "isReprint": true, "isStarter": true, "layout": "normal", "legalities": {"brawl": "Legal", "commander": "Legal", "duel": "Legal", "future": "Legal", "legacy": "Legal", "modern": "Legal", "pauper": "Legal", "penny": "Legal", "standard": "Legal", "vintage": "Legal"}, "mtgstocksId": 47182, "name": "Swamp", "number": "A02", "prices": {"paper": {}, "paperFoil": {"2019-06-02": 4.0, "2019-06-09": 3.99, "2019-06-16": 3.91, "2019-06-23": 4.28, "2019-06-30": 4.49, "2019-07-07": 4.38, "2019-07-14": 4.0, "2019-07-21": 4.0, "2019-07-28": 4.49, "2019-08-04": 4.31, "2019-08-11": 4.16, "2019-08-18": 4.49, "2019-08-25": 4.0}}, "printings": ["10E", "2ED", "3ED", "4BB", "4ED", "5ED", "6ED", "7ED", "8ED", "9ED", "AKH", "ALA", "ANA", "ARC", "ATH", "AVR", "BBD", "BFZ", "BRB", "BTD", "C13", "C14", "C15", "C16", "C17", "C18", "C19", "CED", "CEI", "CHK", "CM2", "CMA", "CMD", "CST", "DDC", "DDD", "DDE", "DDH", "DDJ", "DDK", "DDM", "DDN", "DDP", "DDQ", "DDR", "DKM", "DOM", "DPA", "DTK", "DVD", "E01", "FBB", "FRF", "G17", "GK1", "GK2", "GNT", "GRN", "GVL", "H09", "HOP", "HOU", "ICE", "INV", "ISD", "ITP", "J14", "KLD", "KTK", "LEA", "LEB", "LRW", "M10", "M11", "M12", "M13", "M14", "M15", "M19", "M20", "MBS", "MD1", "ME1", "ME3", "MIR", "MMQ", "MRD", "NPH", "ODY", "ONS", "ORI", "P02", "PAL00", "PAL01", "PAL03", "PAL04", "PAL05", "PAL06", "PAL99", "PALP", "PARL", "PC2", "PCA", "PD3", "PELP", "PF19", "PGPX", "PGRU", "PHUK", "PMPS", "PMPS06", "PMPS07", "PMPS08", "PMPS09", "PMPS10", "PMPS11", "POR", "PPP1", "PRM", "PRW2", "PRWK", "PS11", "PSAL", "PSS2", "PSS3", "PTC", "PTK", "RAV", "RIX", "RNA", "ROE", "RQS", "RTR", "S99", "SHM", "SOI", "SOM", "SUM", "TD0", "TD2", "THS", "TMP", "TPR", "TSP", "UGL", "UNH", "USG", "UST", "WAR", "WC01", "WC02", "WC03", "WC97", "WC98", "WC99", "XLN", "ZEN"], "rarity": "common", "rulings": [], "scryfallId": "eec94164-0c4e-4be6-984c-2070576aae5c", "scryfallIllustrationId": "e03dc6ff-5af0-4ff8-b4eb-0db1d1649fc5", "scryfallOracleId": "56719f6a-1a6c-4c0a-8d21-18f7d7350b68", "subtypes": ["Swamp"], "supertypes": ["Basic"], "tcgplayerProductId": 175230, "text": "({T}: Add {B}.)", "type": "Basic Land — Swamp", "types": ["Land"], "uuid": "10312e57-2dbe-5ca3-be21-2925cbd7957a", "variations": ["ba1a4a8c-ab21-56b4-9c42-80b3e42144de"], "watermark": "dimir"}, {"artist": "Florian de Gesincourt", "borderColor": "black", "colorIdentity": ["B"], "colors": [], "convertedManaCost": 0.0, "foreignData": [], "frameVersion": "2015", "hasFoil": true, "hasNonFoil": false, "isPaper": true, "isPromo": true, "isReprint": true, "isStarter": true, "layout": "normal", "legalities": {"brawl": "Legal", "commander": "Legal", "duel": "Legal", "future": "Legal", "legacy": "Legal", "modern": "Legal", "pauper": "Legal", "penny": "Legal", "standard": "Legal", "vintage": "Legal"}, "mtgstocksId": 47185, "name": "Swamp", "number": "A05", "prices": {"paper": {}, "paperFoil": {"2019-06-02": 4.2, "2019-06-09": 4.2, "2019-06-16": 4.0, "2019-06-23": 4.4, "2019-06-30": 3.99, "2019-07-07": 3.99, "2019-07-14": 3.59, "2019-07-21": 3.59, "2019-07-28": 3.99, "2019-08-04": 3.99, "2019-08-11": 4.49, "2019-08-18": 4.49, "2019-08-25": 3.99}}, "printings": ["10E", "2ED", "3ED", "4BB", "4ED", "5ED", "6ED", "7ED", "8ED", "9ED", "AKH", "ALA", "ANA", "ARC", "ATH", "AVR", "BBD", "BFZ", "BRB", "BTD", "C13", "C14", "C15", "C16", "C17", "C18", "C19", "CED", "CEI", "CHK", "CM2", "CMA", "CMD", "CST", "DDC", "DDD", "DDE", "DDH", "DDJ", "DDK", "DDM", "DDN", "DDP", "DDQ", "DDR", "DKM", "DOM", "DPA", "DTK", "DVD", "E01", "FBB", "FRF", "G17", "GK1", "GK2", "GNT", "GRN", "GVL", "H09", "HOP", "HOU", "ICE", "INV", "ISD", "ITP", "J14", "KLD", "KTK", "LEA", "LEB", "LRW", "M10", "M11", "M12", "M13", "M14", "M15", "M19", "M20", "MBS", "MD1", "ME1", "ME3", "MIR", "MMQ", "MRD", "NPH", "ODY", "ONS", "ORI", "P02", "PAL00", "PAL01", "PAL03", "PAL04", "PAL05", "PAL06", "PAL99", "PALP", "PARL", "PC2", "PCA", "PD3", "PELP", "PF19", "PGPX", "PGRU", "PHUK", "PMPS", "PMPS06", "PMPS07", "PMPS08", "PMPS09", "PMPS10", "PMPS11", "POR", "PPP1", "PRM", "PRW2", "PRWK", "PS11", "PSAL", "PSS2", "PSS3", "PTC", "PTK", "RAV", "RIX", "RNA", "ROE", "RQS", "RTR", "S99", "SHM", "SOI", "SOM", "SUM", "TD0", "TD2", "THS", "TMP", "TPR", "TSP", "UGL", "UNH", "USG", "UST", "WAR", "WC01", "WC02", "WC03", "WC97", "WC98", "WC99", "XLN", "ZEN"], "rarity": "common", "rulings": [], "scryfallId": "042af11a-6d3f-4e55-b5e4-51a6249e9f9b", "scryfallIllustrationId": "4d85465b-8dc6-4014-8270-172150d6b13d", "scryfallOracleId": "56719f6a-1a6c-4c0a-8d21-18f7d7350b68", "subtypes": ["Swamp"], "supertypes": ["Basic"], "tcgplayerProductId": 175229, "text": "({T}: Add {B}.)", "type": "Basic Land — Swamp", "types": ["Land"], "uuid": "ba1a4a8c-ab21-56b4-9c42-80b3e42144de", "variations": ["10312e57-2dbe-5ca3-be21-2925cbd7957a"], "watermark": "golgari"}], "code": "PRWK", "isFoilOnly": true, "isOnlineOnly": false, "keyruneCode": "GRN", "meta": {"date": "2019-09-01", "pricesDate": "2019-09-01", "version": "4.5.0-rebuild.4"}, "name": "GRN Ravnica Weekend", "parentCode": "GRN", "releaseDate": "2018-10-05", "tokens": [], "totalSetSize": 10, "translations": {}, "type": "promo"}