{"baseSetSize": 0, "cards": [{"artist": "Mark Tedin", "borderColor": "black", "colorIdentity": [], "colors": [], "convertedManaCost": 0.0, "edhrecRank": 88, "flavorText": "\"Enter this palace-gate and ask the news Of greatness fallen into dust and clay.\" —The Arabian Nights, trans. Burton", "foreignData": [], "frameVersion": "1997", "hasFoil": true, "hasNonFoil": false, "isPaper": true, "isPromo": true, "isReprint": true, "isStarter": true, "layout": "normal", "legalities": {"commander": "Legal", "duel": "Legal", "legacy": "Legal", "modern": "Legal", "vintage": "Legal"}, "mtgstocksId": 42342, "name": "City of Brass", "number": "6", "prices": {"paper": {}, "paperFoil": {"2019-06-02": 198.99, "2019-06-09": 242.92, "2019-06-16": 298.25, "2019-06-23": 298.12, "2019-06-30": 264.0, "2019-07-07": 264.0, "2019-07-14": 264.0, "2019-07-21": 229.0, "2019-07-28": 263.63, "2019-08-04": 264.13, "2019-08-11": 219.99, "2019-08-18": 219.99, "2019-08-25": 219.49}}, "printings": ["5ED", "6ED", "7ED", "8ED", "ARN", "CHR", "MD1", "ME4", "MMA", "PRM", "PSUS", "PTC", "RIN", "WC00", "WC01", "WC02", "WC03", "WC97", "WC98"], "purchaseUrls": {"mtgstocks": "https://mtgjson.com/links/45d760649dc81816", "tcgplayer": "https://mtgjson.com/links/95b51cbc74ed27d3"}, "rarity": "rare", "rulings": [{"date": "2004-10-04", "text": "The first ability triggers no matter how the land becomes tapped."}, {"date": "2004-10-04", "text": "If you tap City of Brass while you are casting a spell or activating an ability, its ability will trigger and wait. When you finish casting that spell or activating that ability, City of Brass’s triggered ability is put on the stack on top of it. City of Brass’s ability will resolve first."}, {"date": "2004-10-04", "text": "On the other hand, you can tap City of Brass, put its triggered ability on the stack, and then respond to that ability by casting an instant or activating an ability using that mana. In that case, the instant spell or activated ability will resolve first."}], "scryfallId": "32b525ab-5454-44e2-8dc7-ef5ef210f892", "scryfallIllustrationId": "a5d6c290-9ca1-44e4-ac8f-5693aa19bbda", "scryfallOracleId": "f25351e3-539b-4bbc-b92d-6480acf4d722", "subtypes": [], "supertypes": [], "tcgplayerProductId": 38215, "text": "Whenever City of Brass becomes tapped, it deals 1 damage to you.\n{T}: Add one mana of any color.", "type": "Land", "types": ["Land"], "uuid": "5cc28b36-376a-521a-89d4-9e3ba1917aa7"}, {"artist": "Mark Poole", "borderColor": "black", "colorIdentity": ["W"], "colors": ["W"], "convertedManaCost": 2.0, "edhrecRank": 4428, "foreignData": [], "frameVersion": "1997", "hasFoil": true, "hasNonFoil": false, "isPaper": true, "isPromo": true, "isReprint": true, "isStarter": true, "layout": "normal", "legalities": {"commander": "Legal", "duel": "Legal", "legacy": "Legal", "vintage": "Legal"}, "manaCost": "{W}{W}", "mtgstocksId": 42344, "name": "Crusade", "number": "4", "prices": {"paper": {}, "paperFoil": {"2019-06-02": 19.35, "2019-06-09": 18.85, "2019-06-16": 18.7, "2019-06-23": 18.85, "2019-06-30": 16.0, "2019-07-07": 14.94, "2019-07-14": 14.94, "2019-07-21": 15.25, "2019-07-28": 15.25, "2019-08-04": 14.99, "2019-08-11": 14.99, "2019-08-18": 14.89, "2019-08-25": 14.89}}, "printings": ["2ED", "3ED", "4BB", "4ED", "5ED", "6ED", "CED", "CEI", "DDF", "FBB", "LEA", "LEB", "ME1", "PRM", "PSUS", "SUM"], "purchaseUrls": {"mtgstocks": "https://mtgjson.com/links/b47446773797f63a", "tcgplayer": "https://mtgjson.com/links/db285233df57f605"}, "rarity": "rare", "rulings": [], "scryfallId": "c84ed73b-3c01-4658-b6fe-6eb98c0aad4c", "scryfallIllustrationId": "c2406cb0-b3f9-4ba8-88a1-2b5db19b952f", "scryfallOracleId": "4692740f-be90-459f-8d90-c4ae71771595", "subtypes": [], "supertypes": [], "tcgplayerProductId": 38216, "text": "White creatures get +1/+1.", "type": "Enchantment", "types": ["Enchantment"], "uuid": "182f188e-ae2e-5fa1-81e5-e38661a3d8f5"}, {"artist": "Matt Cavotta", "borderColor": "black", "colorIdentity": ["G"], "colors": ["G"], "convertedManaCost": 3.0, "edhrecRank": 2330, "flavorText": "\"We've endured your slights to Gaea with the grace of tolerance. Now behold the grace of our ferocity.\"", "foreignData": [], "frameVersion": "2003", "hasFoil": true, "hasNonFoil": false, "isPaper": true, "isPromo": true, "isReprint": true, "isStarter": true, "layout": "normal", "legalities": {"commander": "Legal", "duel": "Legal", "legacy": "Legal", "modern": "Legal", "vintage": "Legal"}, "manaCost": "{1}{G}{G}", "mtgstocksId": 42357, "name": "Elvish Champion", "number": "17", "power": "2", "prices": {"paper": {}, "paperFoil": {"2019-06-02": 197.99, "2019-06-09": 189.93, "2019-06-16": 189.86, "2019-06-23": 181.99, "2019-06-30": 170.0, "2019-07-07": 156.49, "2019-07-14": 156.49, "2019-07-21": 187.99, "2019-07-28": 185.49, "2019-08-04": 189.99, "2019-08-11": 185.49, "2019-08-18": 182.49, "2019-08-25": 199.99}}, "printings": ["10E", "7ED", "8ED", "9ED", "DPA", "INV", "PJAS", "PJJT", "PJSE", "PRM", "PS11", "PSAL", "PSUS"], "purchaseUrls": {"mtgstocks": "https://mtgjson.com/links/d1a0a116c7f2facc", "tcgplayer": "https://mtgjson.com/links/7735c946f0240af4"}, "rarity": "rare", "rulings": [{"date": "2004-10-04", "text": "It affects Elves controlled by all players, not just yours."}, {"date": "2005-08-01", "text": "This card is now an Elf but has been reworded so that it does not give itself the bonus."}], "scryfallId": "31ab2c47-f9b9-4023-aa55-6657767a828a", "scryfallIllustrationId": "83479d83-f0ff-4b8e-947e-5c00b2a9c690", "scryfallOracleId": "7e40f37c-9a0c-40e0-b195-7ea94b12f798", "subtypes": ["Elf"], "supertypes": [], "tcgplayerProductId": 92308, "text": "Other Elf creatures get +1/+1 and have forestwalk. (They can't be blocked as long as defending player controls a Forest.)", "toughness": "2", "type": "Creature — Elf", "types": ["Creature"], "uuid": "47d81279-f61a-5056-86b5-0c9ea830c69b", "watermark": "scholarship"}, {"artist": "Rebecca Guay", "borderColor": "black", "colorIdentity": ["G"], "colors": ["G"], "convertedManaCost": 1.0, "edhrecRank": 9252, "flavorText": "\"Make me thy lyre, even as the forest is: What if my leaves are falling like its own!\" - Percy Bysshe Shelley, \"Ode to the West Wind\"", "foreignData": [], "frameVersion": "1997", "hasFoil": true, "hasNonFoil": false, "isPaper": true, "isPromo": true, "isReprint": true, "isStarter": true, "layout": "normal", "legalities": {"commander": "Legal", "duel": "Legal", "legacy": "Legal", "modern": "Legal", "pauper": "Legal", "penny": "Legal", "vintage": "Legal"}, "manaCost": "{G}", "mtgstocksId": 42346, "name": "Elvish Lyrist", "number": "5", "power": "1", "prices": {"paper": {}, "paperFoil": {"2019-06-02": 1.24, "2019-06-09": 1.24, "2019-06-16": 1.28, "2019-06-23": 1.28, "2019-06-30": 1.25, "2019-07-07": 1.25, "2019-07-14": 1.23, "2019-07-21": 1.27, "2019-07-28": 1.28, "2019-08-04": 1.28, "2019-08-11": 1.27, "2019-08-18": 1.26, "2019-08-25": 1.28}}, "printings": ["7ED", "8ED", "BRB", "PRM", "PSUS", "USG", "WC99"], "purchaseUrls": {"mtgstocks": "https://mtgjson.com/links/7170d2de7f6a2a5f", "tcgplayer": "https://mtgjson.com/links/79f3f5447e634797"}, "rarity": "rare", "rulings": [], "scryfallId": "92932329-ae39-42b4-820e-2ba2b0fdd417", "scryfallIllustrationId": "fb32b0a5-44c5-4f1e-afd7-f5fd09ad53a2", "scryfallOracleId": "e0de1c9b-f71f-4498-a968-d3c635cb4c5c", "subtypes": ["Elf"], "supertypes": [], "tcgplayerProductId": 38217, "text": "{G}, {T}, Sacrifice Elvish Lyrist: Destroy target enchantment.", "toughness": "1", "type": "Creature — Elf", "types": ["Creature"], "uuid": "71c10403-f5c4-5a62-a3ce-a1603ce9ac08"}, {"artist": "Terese Nielsen", "borderColor": "black", "colorIdentity": ["G"], "colors": ["G"], "convertedManaCost": 1.0, "edhrecRank": 4327, "foreignData": [], "frameVersion": "2003", "hasFoil": true, "hasNonFoil": false, "isPaper": true, "isPromo": true, "isReprint": true, "isStarter": true, "layout": "normal", "legalities": {"brawl": "Legal", "commander": "Legal", "duel": "Legal", "future": "Legal", "legacy": "Legal", "modern": "Legal", "pauper": "Legal", "penny": "Legal", "standard": "Legal", "vintage": "Legal"}, "manaCost": "{G}", "mtgstocksId": 42348, "name": "Giant Growth", "number": "8", "prices": {"paper": {}, "paperFoil": {"2019-06-02": 1.8, "2019-06-09": 1.8, "2019-06-16": 1.79, "2019-06-23": 1.79, "2019-06-30": 1.89, "2019-07-07": 1.89, "2019-07-14": 1.89, "2019-07-21": 1.89, "2019-07-28": 1.89, "2019-08-04": 1.84, "2019-08-11": 1.89, "2019-08-18": 1.89, "2019-08-25": 1.89}}, "printings": ["10E", "2ED", "3ED", "4BB", "4ED", "5ED", "6ED", "7ED", "8ED", "9ED", "A25", "ATH", "BBD", "BRB", "BTD", "CED", "CEI", "DD1", "DDD", "DKM", "DPA", "E02", "EVG", "FBB", "FNM", "GVL", "ICE", "LEA", "LEB", "M10", "M11", "M14", "ME2", "ME3", "ME4", "P06", "PJJT", "PRM", "PS11", "PSUS", "RTR", "SUM", "WAR", "WC97", "WC99"], "purchaseUrls": {"mtgstocks": "https://mtgjson.com/links/8f4e7db127cfd3e1", "tcgplayer": "https://mtgjson.com/links/3a15aad40583d84f"}, "rarity": "rare", "rulings": [], "scryfallId": "7faa4674-c4fa-4395-ad6b-d80989e05ec5", "scryfallIllustrationId": "66a8c21b-7b1b-4288-9af1-8a96e7f12b40", "scryfallOracleId": "5748ebf1-24e3-499d-ab7c-c2cebd462a24", "subtypes": [], "supertypes": [], "tcgplayerProductId": 38218, "text": "Target creature gets +3/+3 until end of turn.", "type": "Instant", "types": ["Instant"], "uuid": "e7d31b72-b87b-57f3-90b0-6128f2362edf", "watermark": "junior"}, {"artist": "Raymond Swanland", "borderColor": "black", "colorIdentity": ["W"], "colors": ["W"], "convertedManaCost": 3.0, "edhrecRank": 2991, "flavorText": "The songs of angels are perceived not as words in the ears but as stirrings in the soul.", "foreignData": [], "frameVersion": "2003", "hasFoil": true, "hasNonFoil": false, "isPaper": true, "isPromo": true, "isReprint": true, "isStarter": true, "layout": "normal", "legalities": {"commander": "Legal", "duel": "Legal", "legacy": "Legal", "modern": "Legal", "penny": "Legal", "vintage": "Legal"}, "manaCost": "{1}{W}{W}", "mtgstocksId": 30310, "name": "Glorious Anthem", "number": "16", "prices": {"paper": {}, "paperFoil": {"2019-06-02": 201.49, "2019-06-09": 201.49, "2019-06-16": 201.49, "2019-06-23": 201.49, "2019-06-30": 201.49, "2019-07-07": 201.49, "2019-07-14": 201.49, "2019-07-21": 201.0, "2019-07-28": 201.0, "2019-08-04": 200.0, "2019-08-11": 194.99, "2019-08-18": 195.98, "2019-08-25": 195.98}}, "printings": ["10E", "7ED", "8ED", "9ED", "PJAS", "PJJT", "PJSE", "PRM", "PS11", "PSUS", "USG"], "purchaseUrls": {"mtgstocks": "https://mtgjson.com/links/63baa707a8444b15", "tcgplayer": "https://mtgjson.com/links/01dfdc5555240559"}, "rarity": "rare", "rulings": [], "scryfallId": "38b3d0dc-aca3-484d-a7fa-e188bb217cad", "scryfallIllustrationId": "8f05bbfe-383a-454a-b8d3-94d7234797ba", "scryfallOracleId": "e3886fe8-9b76-4613-8891-4ec74657c087", "subtypes": [], "supertypes": [], "tcgplayerProductId": 95438, "text": "Creatures you control get +1/+1.", "type": "Enchantment", "types": ["Enchantment"], "uuid": "3a8c8aa2-4efe-5999-a1f8-acb6ebad79ce", "watermark": "scholarship"}, {"artist": "Melissa A. Benson", "borderColor": "black", "colorIdentity": ["U"], "colors": ["U"], "convertedManaCost": 2.0, "edhrecRank": 3476, "flavorText": "A master of tactics, the Lord of Atlantis makes his people bold in battle merely by arriving to lead them.", "foreignData": [], "frameVersion": "1997", "hasFoil": true, "hasNonFoil": false, "isPaper": true, "isPromo": true, "isReprint": true, "isStarter": true, "layout": "normal", "legalities": {"commander": "Legal", "duel": "Legal", "legacy": "Legal", "modern": "Legal", "vintage": "Legal"}, "manaCost": "{U}{U}", "mtgstocksId": 42350, "name": "Lord of Atlantis", "number": "3", "power": "2", "prices": {"paper": {}, "paperFoil": {"2019-06-02": 31.3, "2019-06-09": 30.54, "2019-06-16": 31.65, "2019-06-23": 30.11, "2019-06-30": 31.3, "2019-07-07": 30.7, "2019-07-14": 30.78, "2019-07-21": 30.54, "2019-07-28": 29.99, "2019-08-04": 28.94, "2019-08-11": 29.74, "2019-08-18": 28.99, "2019-08-25": 28.88}}, "printings": ["2ED", "3ED", "4BB", "4ED", "5ED", "6ED", "7ED", "CED", "CEI", "FBB", "J18", "LEA", "LEB", "PRM", "PSUS", "SUM", "TSB", "WC01"], "purchaseUrls": {"mtgstocks": "https://mtgjson.com/links/116f282d605134c0", "tcgplayer": "https://mtgjson.com/links/994c2c708525193c"}, "rarity": "rare", "rulings": [], "scryfallId": "53bc792d-a9ad-4a20-930d-5a526382463c", "scryfallIllustrationId": "f42364ed-5cc3-443c-8388-d161717d6e92", "scryfallOracleId": "cc7f290f-ca00-4285-9bdb-4b4402444f30", "subtypes": ["Merfolk"], "supertypes": [], "tcgplayerProductId": 38219, "text": "Other Merfolk get +1/+1 and have islandwalk. (They can't be blocked as long as defending player controls an Island.)", "toughness": "2", "type": "Creature — Merfolk", "types": ["Creature"], "uuid": "f11d801d-bc99-5c56-a418-8f5bfffc825f"}, {"artist": "Wayne Reynolds", "borderColor": "black", "colorIdentity": ["B"], "colors": ["B"], "convertedManaCost": 3.0, "edhrecRank": 5476, "flavorText": "One part cunning, one part wise, and many, many parts demented.", "foreignData": [], "frameVersion": "2003", "hasFoil": true, "hasNonFoil": false, "isPaper": true, "isPromo": true, "isReprint": true, "isStarter": true, "layout": "normal", "legalities": {"commander": "Legal", "duel": "Legal", "legacy": "Legal", "modern": "Legal", "penny": "Legal", "vintage": "Legal"}, "manaCost": "{2}{B}", "mtgstocksId": 42356, "name": "Mad Auntie", "number": "18", "power": "2", "prices": {"paper": {}, "paperFoil": {"2019-06-02": 49.99, "2019-06-09": 49.97, "2019-06-16": 50.0, "2019-06-23": 50.0, "2019-06-30": 50.0, "2019-07-07": 50.0, "2019-07-14": 50.0, "2019-07-21": 50.0, "2019-07-28": 50.0, "2019-08-04": 69.99, "2019-08-11": 50.0, "2019-08-18": 49.99, "2019-08-25": 50.0}}, "printings": ["LRW", "MMA", "PJJT", "PRM", "PSUS"], "purchaseUrls": {"mtgstocks": "https://mtgjson.com/links/be143ae59d482494", "tcgplayer": "https://mtgjson.com/links/1772cc051f0c1a59"}, "rarity": "rare", "rulings": [{"date": "2007-10-01", "text": "The second ability can target any Goblin permanent except the Mad Auntie whose ability is being activated. It can target a different Mad Auntie."}], "scryfallId": "c7d83313-ca4d-441b-b540-d305e470fe7b", "scryfallIllustrationId": "3f52598a-c0b5-4355-baef-5d2ccfed13c5", "scryfallOracleId": "b582b696-17fa-4eea-8124-293f9bd3a208", "subtypes": ["Goblin", "Shaman"], "supertypes": [], "tcgplayerProductId": 92497, "text": "Other Goblin creatures you control get +1/+1.\n{T}: Regenerate another target Goblin.", "toughness": "2", "type": "Creature — Goblin Shaman", "types": ["Creature"], "uuid": "91c60086-030a-5b73-af1f-0b5ae7970447", "watermark": "mtg"}, {"artist": "Tom Wänerstrand", "borderColor": "black", "colorIdentity": ["B"], "colors": ["B"], "convertedManaCost": 3.0, "edhrecRank": 2263, "flavorText": "Trained in the arts of stealth, royal assassins choose their victims carefully, relying on timing and precision rather than brute force.", "foreignData": [], "frameVersion": "2003", "hasFoil": true, "hasNonFoil": false, "isPaper": true, "isPromo": true, "isReprint": true, "isStarter": true, "layout": "normal", "legalities": {"commander": "Legal", "duel": "Legal", "legacy": "Legal", "modern": "Legal", "penny": "Legal", "vintage": "Legal"}, "manaCost": "{1}{B}{B}", "mtgstocksId": 42345, "name": "Royal Assassin", "number": "11", "power": "1", "prices": {"paper": {}, "paperFoil": {"2019-06-02": 10.13, "2019-06-09": 10.4, "2019-06-16": 9.77, "2019-06-23": 10.15, "2019-06-30": 10.4, "2019-07-07": 10.4, "2019-07-14": 10.39, "2019-07-21": 9.85, "2019-07-28": 10.28, "2019-08-04": 10.18, "2019-08-11": 10.35, "2019-08-18": 10.35, "2019-08-25": 10.38}}, "printings": ["10E", "2ED", "3ED", "4BB", "4ED", "8ED", "9ED", "CED", "CEI", "FBB", "LEA", "LEB", "M10", "M11", "M12", "PJJT", "PJSE", "PRM", "PSUS", "SUM"], "purchaseUrls": {"mtgstocks": "https://mtgjson.com/links/d31745ecd3816d2c", "tcgplayer": "https://mtgjson.com/links/bcc2c05de045455c"}, "rarity": "rare", "rulings": [{"date": "2004-10-04", "text": "Can’t target itself because you choose the target before you tap him. At that time he is not yet a legal target."}, {"date": "2004-10-04", "text": "If the creature is no longer tapped when the Assassin’s ability resolves, then the ability doesn’t resolve."}], "scryfallId": "230281e4-1cee-4cf8-a73c-63a21c5eb60b", "scryfallIllustrationId": "42c3632d-5a5a-4d74-bf9f-5af479d3b657", "scryfallOracleId": "9ed6f28f-a3db-48c5-9ab0-b90a7fba5f57", "subtypes": ["Human", "Assassin"], "supertypes": [], "tcgplayerProductId": 38220, "text": "{T}: Destroy target tapped creature.", "toughness": "1", "type": "Creature — Human Assassin", "types": ["Creature"], "uuid": "60a35ce0-1287-52cf-9b81-0dc20abfcd5a", "watermark": "junior"}, {"artist": "Carl Critchlow", "borderColor": "black", "colorIdentity": ["G"], "colors": ["G"], "convertedManaCost": 2.0, "edhrecRank": 29, "flavorText": "There were no tombstones in orochi territory. Slain warriors were buried with a tree sapling, so they would become part of the forest after death.", "foreignData": [], "frameVersion": "2003", "hasFoil": true, "hasNonFoil": false, "isPaper": true, "isPromo": true, "isReprint": true, "isStarter": true, "layout": "normal", "legalities": {"commander": "Legal", "duel": "Legal", "legacy": "Legal", "modern": "Legal", "pauper": "Legal", "vintage": "Legal"}, "manaCost": "{1}{G}", "mtgstocksId": 42354, "name": "Sakura-Tribe Elder", "number": "12", "power": "1", "prices": {"paper": {}, "paperFoil": {"2019-06-02": 21.3, "2019-06-09": 21.57, "2019-06-16": 21.3, "2019-06-23": 21.57, "2019-06-30": 21.3, "2019-07-07": 21.3, "2019-07-14": 21.57, "2019-07-21": 21.84, "2019-07-28": 20.14, "2019-08-04": 19.1, "2019-08-11": 17.43, "2019-08-18": 17.43, "2019-08-25": 20.74}}, "printings": ["ARC", "C13", "C15", "C16", "C18", "C19", "CHK", "CMA", "CMD", "CNS", "F09", "PJAS", "PJJT", "PJSE", "PRM", "PSUS", "PZ1", "TD0"], "purchaseUrls": {"mtgstocks": "https://mtgjson.com/links/5619480ed77585ea", "tcgplayer": "https://mtgjson.com/links/3ead4c0123673072"}, "rarity": "rare", "rulings": [], "scryfallId": "f630b943-4ca2-4168-8522-3fd2cfacab5a", "scryfallIllustrationId": "6c8e4e05-f8f2-4026-8752-a5a3534e0c8d", "scryfallOracleId": "e3afc704-220f-498f-9eaa-0821b17dc24c", "subtypes": ["Snake", "Shaman"], "supertypes": [], "tcgplayerProductId": 38221, "text": "Sacrifice Sakura-Tribe Elder: Search your library for a basic land card, put that card onto the battlefield tapped, then shuffle your library.", "toughness": "1", "type": "Creature — Snake Shaman", "types": ["Creature"], "uuid": "64cf6078-16a2-57a0-85ec-9fc7d933436f", "watermark": "junior"}, {"artist": "Dermot Power", "borderColor": "black", "colorIdentity": ["W"], "colors": ["W"], "convertedManaCost": 7.0, "edhrecRank": 1529, "foreignData": [], "frameVersion": "1997", "hasFoil": true, "hasNonFoil": false, "isPaper": true, "isPromo": true, "isReprint": true, "isStarter": true, "layout": "normal", "legalities": {"commander": "Legal", "duel": "Legal", "legacy": "Legal", "modern": "Legal", "penny": "Legal", "vintage": "Legal"}, "manaCost": "{4}{W}{W}{W}", "mtgstocksId": 42355, "name": "Serra Avatar", "number": "2", "power": "*", "prices": {"paper": {}, "paperFoil": {"2019-06-02": 12.12, "2019-06-09": 12.3, "2019-06-16": 12.75, "2019-06-23": 12.98, "2019-06-30": 12.42, "2019-07-07": 12.34, "2019-07-14": 12.34, "2019-07-21": 12.3, "2019-07-28": 12.0, "2019-08-04": 12.12, "2019-08-11": 12.17, "2019-08-18": 12.12, "2019-08-25": 11.99}}, "printings": ["C13", "C14", "C18", "M13", "PDP12", "PRM", "PSUS", "USG", "WC00"], "purchaseUrls": {"mtgstocks": "https://mtgjson.com/links/3c67fcd7d9b53e03", "tcgplayer": "https://mtgjson.com/links/20eb96d8bc0ed30a"}, "rarity": "rare", "rulings": [{"date": "2008-10-01", "text": "Whether or not the ability triggers depends on if the Avatar has the ability while in the graveyard. If it doesn’t (thanks to Yixlid Jailer, for instance), then the ability won’t trigger. It doesn’t matter whether the Avatar had the ability in its previous zone (it will trigger even if it had been on the battlefield with Humility)."}, {"date": "2012-07-01", "text": "Serra Avatar’s power and toughness are constantly updated as your life total changes."}, {"date": "2012-07-01", "text": "The ability that defines Serra Avatar’s power and toughness works in all zones, not just the battlefield."}, {"date": "2012-07-01", "text": "If Serra Avatar is no longer in your graveyard when its triggered ability resolves, you won’t shuffle your library."}], "scryfallId": "f842e304-a488-401c-8762-005a8b3f7d94", "scryfallIllustrationId": "0f95c471-ffa7-4605-9dae-c4e346d45f23", "scryfallOracleId": "c363725f-15cf-4955-aaf1-536b1f8daaed", "subtypes": ["Avatar"], "supertypes": [], "tcgplayerProductId": 38222, "text": "Serra Avatar's power and toughness are each equal to your life total.\nWhen Serra Avatar is put into a graveyard from anywhere, shuffle it into its owner's library.", "toughness": "*", "type": "Creature — Avatar", "types": ["Creature"], "uuid": "9e7c6ff8-0354-542b-8de6-83c2f0a33b10"}, {"artist": "Ron Spencer", "borderColor": "black", "colorIdentity": ["R"], "colors": ["R"], "convertedManaCost": 5.0, "edhrecRank": 9051, "foreignData": [], "frameVersion": "2003", "hasFoil": true, "hasNonFoil": false, "isPaper": true, "isPromo": true, "isReprint": true, "isStarter": true, "layout": "normal", "legalities": {"commander": "Legal", "duel": "Legal", "legacy": "Legal", "modern": "Legal", "penny": "Legal", "vintage": "Legal"}, "manaCost": "{4}{R}", "mtgstocksId": 42347, "name": "Shard Phoenix", "number": "13", "power": "2", "prices": {"paper": {}, "paperFoil": {"2019-06-02": 1.81, "2019-06-09": 1.84, "2019-06-16": 1.83, "2019-06-23": 1.85, "2019-06-30": 1.87, "2019-07-07": 1.89, "2019-07-14": 1.89, "2019-07-21": 1.79, "2019-07-28": 1.82, "2019-08-04": 1.82, "2019-08-11": 1.83, "2019-08-18": 1.81, "2019-08-25": 1.81}}, "printings": ["9ED", "PJAS", "PJJT", "PJSE", "PRM", "PSUS", "STH", "TPR"], "purchaseUrls": {"mtgstocks": "https://mtgjson.com/links/78dccc42be51663a", "tcgplayer": "https://mtgjson.com/links/ea4be809f8d3cf7b"}, "rarity": "rare", "rulings": [{"date": "2005-08-01", "text": "You can return Shard Phoenix any time during your upkeep; this is not a beginning of upkeep triggered ability."}, {"date": "2005-08-01", "text": "Shard Phoenix uses Last Known Information. If, for example, it was blue when it was sacrificed, the damage will come from a blue source."}], "scryfallId": "d6e922f4-46e9-4a9a-ac3d-8dd2e7fc9527", "scryfallIllustrationId": "5e9919da-0246-40b7-b9d5-91cd0da6a9b7", "scryfallOracleId": "3b629793-0efb-4d60-9d82-38b7b400abfd", "subtypes": ["Phoenix"], "supertypes": [], "tcgplayerProductId": 38223, "text": "Flying (This creature can't be blocked except by creatures with flying or reach.)\nSacrifice Shard Phoenix: It deals 2 damage to each creature without flying.\n{R}{R}{R}: Return Shard Phoenix from your graveyard to your hand. Activate this ability only during your upkeep.", "toughness": "2", "type": "Creature — Phoenix", "types": ["Creature"], "uuid": "9d141b7d-7c44-5226-a791-986a06675de3", "watermark": "junior"}, {"artist": "Justin Sweet", "borderColor": "black", "colorIdentity": ["R"], "colors": ["R"], "convertedManaCost": 2.0, "edhrecRank": 12107, "flavorText": "The slith incubate in the Great Furnace's heat, emerging on Mirrodin's surface only when the four suns have aligned overhead.", "foreignData": [], "frameVersion": "2003", "hasFoil": true, "hasNonFoil": false, "isPaper": true, "isPromo": true, "isReprint": true, "isStarter": true, "layout": "normal", "legalities": {"commander": "Legal", "duel": "Legal", "legacy": "Legal", "modern": "Legal", "vintage": "Legal"}, "manaCost": "{R}{R}", "mtgstocksId": 42349, "name": "Slith Firewalker", "number": "10", "power": "1", "prices": {"paper": {}, "paperFoil": {"2019-06-02": 0.93, "2019-06-09": 0.93, "2019-06-16": 0.93, "2019-06-23": 0.93, "2019-06-30": 0.93, "2019-07-07": 0.93, "2019-07-14": 0.93, "2019-07-21": 0.93, "2019-07-28": 0.93, "2019-08-04": 0.93, "2019-08-11": 0.93, "2019-08-18": 0.93, "2019-08-25": 0.93}}, "printings": ["DD2", "JVC", "MRD", "PJJT", "PJSE", "PRM", "PSUS"], "purchaseUrls": {"mtgstocks": "https://mtgjson.com/links/702c64ec857729fb", "tcgplayer": "https://mtgjson.com/links/6f4b4a2e418c2e6e"}, "rarity": "rare", "rulings": [], "scryfallId": "72e6a305-8dee-4aeb-808e-2847bce44133", "scryfallIllustrationId": "a0d1b033-43ee-45b1-a3da-2809d8b68002", "scryfallOracleId": "ea1af948-686d-4b40-ad4e-cb48a0258269", "subtypes": ["Slith"], "supertypes": [], "tcgplayerProductId": 38224, "text": "Haste\nWhenever Slith Firewalker deals combat damage to a player, put a +1/+1 counter on it.", "toughness": "1", "type": "Creature — Slith", "types": ["Creature"], "uuid": "da64e47b-3b2d-51d5-8152-ec9604517b78", "watermark": "junior"}, {"artist": "Dany Orizio", "borderColor": "black", "colorIdentity": ["W"], "colors": ["W"], "convertedManaCost": 2.0, "edhrecRank": 11269, "flavorText": "\"In Rath,\" the priest said, \"there is even greater need for prayer.\"", "foreignData": [], "frameVersion": "2003", "hasFoil": true, "hasNonFoil": false, "isPaper": true, "isPromo": true, "isReprint": true, "isStarter": true, "layout": "normal", "legalities": {"commander": "Legal", "duel": "Legal", "legacy": "Legal", "modern": "Legal", "penny": "Legal", "vintage": "Legal"}, "manaCost": "{W}{W}", "mtgstocksId": 42361, "name": "Soltari Priest", "number": "14", "power": "2", "prices": {"paper": {}, "paperFoil": {"2019-06-02": 2.49, "2019-06-09": 2.49, "2019-06-16": 2.49, "2019-06-23": 2.49, "2019-06-30": 2.49, "2019-07-07": 2.49, "2019-07-14": 2.49, "2019-07-21": 2.49, "2019-07-28": 2.49, "2019-08-04": 2.43, "2019-08-11": 2.49, "2019-08-18": 2.49, "2019-08-25": 2.49}}, "printings": ["F02", "PJAS", "PJJT", "PJSE", "PRM", "PSUS", "TMP", "TPR", "TSB", "WC98"], "purchaseUrls": {"mtgstocks": "https://mtgjson.com/links/59ff484dbb29df70", "tcgplayer": "https://mtgjson.com/links/f97f3bdfd50b8912"}, "rarity": "rare", "rulings": [], "scryfallId": "6b622228-4ffe-4d05-ba2b-67c79bd34056", "scryfallIllustrationId": "45ad8540-149f-4e9c-b7eb-6595f01f3622", "scryfallOracleId": "f8c9cb9f-3a37-4004-9cde-f51ca5579e1a", "subtypes": ["Soltari", "Cleric"], "supertypes": [], "tcgplayerProductId": 110933, "text": "Protection from red\nShadow (This creature can block or be blocked by only creatures with shadow.)", "toughness": "1", "type": "Creature — Soltari Cleric", "types": ["Creature"], "uuid": "8e157f27-86d3-5ccd-8571-d5af0299d828"}, {"artist": "Michael Sutfin", "borderColor": "black", "colorIdentity": [], "colors": [], "convertedManaCost": 0.0, "edhrecRank": 6033, "foreignData": [], "frameVersion": "1997", "hasFoil": true, "hasNonFoil": false, "isPaper": true, "isPromo": true, "isReprint": true, "isStarter": true, "layout": "normal", "legalities": {"commander": "Legal", "duel": "Legal", "legacy": "Legal", "vintage": "Legal"}, "mtgstocksId": 42353, "name": "Thran Quarry", "number": "1", "prices": {"paper": {}, "paperFoil": {"2019-06-02": 20.5, "2019-06-09": 21.0, "2019-06-16": 20.0, "2019-06-23": 20.5, "2019-06-30": 20.5, "2019-07-07": 20.98, "2019-07-14": 19.5, "2019-07-21": 19.0, "2019-07-28": 19.0, "2019-08-04": 16.98, "2019-08-11": 19.0, "2019-08-18": 19.0, "2019-08-25": 19.0}}, "printings": ["PRM", "PSUS", "USG", "WC00"], "purchaseUrls": {"mtgstocks": "https://mtgjson.com/links/4afd0205fe448628", "tcgplayer": "https://mtgjson.com/links/1b6da5910378b443"}, "rarity": "rare", "rulings": [{"date": "2004-10-04", "text": "Triggers at the end of every player’s turn."}], "scryfallId": "15425ce4-0541-460b-9d50-8de388837a34", "scryfallIllustrationId": "b37d4262-9bcb-43ef-b9d2-c992f9355c66", "scryfallOracleId": "57b4da3f-361a-4cbe-b77f-190ec33eefd8", "subtypes": [], "supertypes": [], "tcgplayerProductId": 38226, "text": "At the beginning of the end step, if you control no creatures, sacrifice Thran Quarry.\n{T}: Add one mana of any color.", "type": "Land", "types": ["Land"], "uuid": "7bde7126-5cc7-523b-83f7-aec0bc6b7e48"}, {"artist": "Sam Wood", "borderColor": "black", "colorIdentity": ["R"], "colors": ["R"], "convertedManaCost": 6.0, "edhrecRank": 9149, "foreignData": [], "frameVersion": "2003", "hasFoil": true, "hasNonFoil": false, "isPaper": true, "isPromo": true, "isReprint": true, "isStarter": true, "layout": "normal", "legalities": {"commander": "Legal", "duel": "Legal", "legacy": "Legal", "modern": "Legal", "vintage": "Legal"}, "manaCost": "{4}{R}{R}", "mtgstocksId": 42352, "name": "Two-Headed Dragon", "number": "9", "power": "4", "prices": {"paper": {}, "paperFoil": {"2019-06-02": 9.49, "2019-06-09": 9.39, "2019-06-16": 8.97, "2019-06-23": 9.66, "2019-06-30": 9.49, "2019-07-07": 9.99, "2019-07-14": 10.48, "2019-07-21": 9.59, "2019-07-28": 9.67, "2019-08-04": 9.84, "2019-08-11": 9.92, "2019-08-18": 9.71, "2019-08-25": 9.31}}, "printings": ["8ED", "ARC", "DRB", "MMQ", "PJJT", "PRM", "PSUS"], "purchaseUrls": {"mtgstocks": "https://mtgjson.com/links/dcec293330414951", "tcgplayer": "https://mtgjson.com/links/bc047f0130d828f4"}, "rarity": "rare", "rulings": [], "scryfallId": "98e6db52-3bf1-44e6-ba97-e0ed4e9a646c", "scryfallIllustrationId": "3fde1b23-c633-4a47-abfc-8d5dce315d5d", "scryfallOracleId": "a4fa3052-d1ec-4442-a832-15ba36c500ee", "subtypes": ["Dragon"], "supertypes": [], "tcgplayerProductId": 38227, "text": "Flying\nMenace (This creature can't be blocked except by two or more creatures.)\nTwo-Headed Dragon can block an additional creature each combat.\n{1}{R}: Two-Headed Dragon gets +2/+0 until end of turn.", "toughness": "4", "type": "Creature — Dragon", "types": ["Creature"], "uuid": "ace92358-663f-5d7d-93f1-c9f0c127f43b", "watermark": "junior"}, {"artist": "Christopher Rush", "borderColor": "black", "colorIdentity": ["R"], "colors": ["R"], "convertedManaCost": 2.0, "edhrecRank": 8806, "flavorText": "Cast the weight as though it were a die, to see a rival's fate.", "foreignData": [], "frameVersion": "1997", "hasFoil": true, "hasNonFoil": false, "isPaper": true, "isPromo": true, "isReprint": true, "isStarter": true, "layout": "normal", "legalities": {"commander": "Legal", "duel": "Legal", "legacy": "Legal", "modern": "Legal", "pauper": "Legal", "penny": "Legal", "vintage": "Legal"}, "manaCost": "{1}{R}", "mtgstocksId": 42343, "name": "Volcanic Hammer", "number": "7", "prices": {"paper": {}, "paperFoil": {"2019-06-02": 1.57, "2019-06-09": 1.72, "2019-06-16": 1.5, "2019-06-23": 1.49, "2019-06-30": 1.5, "2019-07-07": 1.5, "2019-07-14": 1.61, "2019-07-21": 1.69, "2019-07-28": 1.51, "2019-08-04": 1.54, "2019-08-11": 1.52, "2019-08-18": 1.67, "2019-08-25": 1.9}}, "printings": ["7ED", "8ED", "9ED", "P02", "PJJT", "POR", "PRM", "PSAL", "PSUS", "S99"], "purchaseUrls": {"mtgstocks": "https://mtgjson.com/links/004c517f90f0db9a", "tcgplayer": "https://mtgjson.com/links/c1bb88ac748e5245"}, "rarity": "rare", "rulings": [], "scryfallId": "90344750-1db7-4f9b-91ab-00117033ce38", "scryfallIllustrationId": "835ac678-cf10-42f3-956c-8281b3723644", "scryfallOracleId": "98fa5a06-0553-40fd-999c-bc31c9b3f4db", "subtypes": [], "supertypes": [], "tcgplayerProductId": 38228, "text": "Volcanic Hammer deals 3 damage to any target.", "type": "Sorcery", "types": ["Sorcery"], "uuid": "9ec69337-8a27-56d1-bd64-add29c2028ff", "watermark": "junior"}, {"artist": "Alex Horley-Orlandelli", "borderColor": "black", "colorIdentity": ["G"], "colors": ["G"], "convertedManaCost": 2.0, "edhrecRank": 16109, "flavorText": "Amid this whirling hurricane of blades, there is no calm eye in which the hapless can find shelter.", "foreignData": [], "frameVersion": "2003", "hasFoil": true, "hasNonFoil": false, "isPaper": true, "isPromo": true, "isReprint": true, "isStarter": true, "layout": "normal", "legalities": {"commander": "Legal", "duel": "Legal", "legacy": "Legal", "modern": "Legal", "penny": "Legal", "vintage": "Legal"}, "manaCost": "{G}{G}", "mtgstocksId": 42359, "name": "Whirling Dervish", "number": "15", "power": "1", "prices": {"paper": {}, "paperFoil": {"2019-06-02": 0.95, "2019-06-09": 0.95, "2019-06-16": 0.95, "2019-06-23": 0.95, "2019-06-30": 0.95, "2019-07-07": 0.97, "2019-07-14": 0.95, "2019-07-21": 0.95, "2019-07-28": 0.94, "2019-08-04": 0.95, "2019-08-11": 0.95, "2019-08-18": 0.96, "2019-08-25": 0.95}}, "printings": ["4BB", "4ED", "5ED", "ITP", "LEG", "PJAS", "PJJT", "PJSE", "PRM", "PSUS", "PTC", "REN", "RQS", "TSB", "WC97"], "purchaseUrls": {"mtgstocks": "https://mtgjson.com/links/7b03e289189cb40f", "tcgplayer": "https://mtgjson.com/links/db1968895a47108d"}, "rarity": "rare", "rulings": [{"date": "2004-10-04", "text": "If it damages the opponent multiple times in a turn, it gets only one +1/+1 counter at end of turn."}], "scryfallId": "a77cdaf1-b1a1-44a8-bfae-609143e46e7e", "scryfallIllustrationId": "6ac30395-e829-4c6a-ad9c-190b36e2a563", "scryfallOracleId": "43f89524-4b22-4707-9aba-6eb4c01d75dc", "subtypes": ["Human", "Monk"], "supertypes": [], "tcgplayerProductId": 38229, "text": "Protection from black\nAt the beginning of each end step, if Whirling Dervish dealt damage to an opponent this turn, put a +1/+1 counter on it.", "toughness": "1", "type": "Creature — Human Monk", "types": ["Creature"], "uuid": "e0699f0a-269e-5b06-9e66-07fc1a664d80"}], "code": "PSUS", "isFoilOnly": true, "isOnlineOnly": false, "keyruneCode": "DCI", "meta": {"date": "2019-09-01", "pricesDate": "2019-09-01", "version": "4.5.0-rebuild.4"}, "name": "Junior Super Series", "releaseDate": "1999-12-01", "tcgplayerGroupId": 61, "tokens": [], "totalSetSize": 18, "translations": {}, "type": "promo"}