{"baseSetSize": 0, "cards": [{"artist": "Matt Cavotta", "borderColor": "silver", "colorIdentity": ["G"], "colors": ["G"], "convertedManaCost": 6.0, "foreignData": [], "frameVersion": "2015", "hasFoil": true, "hasNonFoil": false, "isPaper": true, "isPromo": true, "isReprint": true, "isStarter": true, "layout": "normal", "legalities": {}, "manaCost": "{4}{G}{G}", "mtgstocksId": 38784, "name": "Earl of Squirrel", "number": "108", "power": "4", "prices": {"paper": {}, "paperFoil": {"2019-06-02": 0.91, "2019-06-09": 0.94, "2019-06-16": 0.95, "2019-06-23": 0.95, "2019-06-30": 0.94, "2019-07-07": 0.92, "2019-07-14": 0.92, "2019-07-21": 0.94, "2019-07-28": 0.96, "2019-08-04": 0.96, "2019-08-11": 0.95, "2019-08-18": 0.94, "2019-08-25": 0.94}}, "printings": ["PUST", "UST"], "rarity": "rare", "rulings": [{"date": "2018-01-19", "text": "If Earl of Squirrel deals damage, you’ll create 1/1 green Squirrel creature tokens at the same time the damage is dealt."}, {"date": "2018-01-19", "text": "If you control two Earls of Squirrel (Earl of Squirrels? Earl ofs Squirrel?), each will get +1/+1 from the other. Other Squirrels you control will get +2/+2."}], "scryfallId": "c7188d0f-0329-4ecc-ab2e-dea7c5f39852", "scryfallIllustrationId": "0d67656e-60f2-4663-b54d-98f686e129ef", "scryfallOracleId": "edc4d1fb-f482-4f2b-985e-1e4d5941e574", "subtypes": ["Squirrel", "Advisor"], "supertypes": [], "tcgplayerProductId": 154762, "text": "Squirrellink (Damage dealt by this creature also causes you to create that many 1/1 green Squirrel creature tokens.)\nCreature tokens you control are Squirrels in addition to their other creature types.\nOther Squirrels you control get +1/+1.", "toughness": "4", "type": "Creature — Squirrel Advisor", "types": ["Creature"], "uuid": "4cd5e8ad-8b1a-55db-9ab9-3d625cec7c1d"}], "code": "PUST", "isFoilOnly": false, "isOnlineOnly": false, "keyruneCode": "UST", "meta": {"date": "2019-09-01", "pricesDate": "2019-09-01", "version": "4.5.0-rebuild.4"}, "name": "Unstable Promos", "parentCode": "UST", "releaseDate": "2017-11-13", "tokens": [], "totalSetSize": 1, "translations": {}, "type": "promo"}