{"baseSetSize": 0, "cards": [{"artist": "Brian Snõddy", "borderColor": "black", "colorIdentity": ["R"], "colors": ["R"], "convertedManaCost": 4.0, "edhrecRank": 14057, "foreignData": [], "frameVersion": "1997", "hasFoil": true, "hasNonFoil": false, "isPaper": true, "isPromo": true, "isReprint": true, "isStarter": true, "layout": "normal", "legalities": {"commander": "Legal", "duel": "Legal", "legacy": "Legal", "pauper": "Legal", "penny": "Legal", "vintage": "Legal"}, "manaCost": "{2}{R}{R}", "mtgstocksId": 20649, "name": "Balduvian Horde", "number": "1", "power": "5", "prices": {"paper": {}, "paperFoil": {"2019-06-02": 2.84, "2019-06-09": 3.28, "2019-06-16": 3.42, "2019-06-23": 2.8, "2019-06-30": 2.75, "2019-07-07": 2.57, "2019-07-14": 2.57, "2019-07-21": 2.61, "2019-07-28": 2.75, "2019-08-04": 2.75, "2019-08-11": 2.75, "2019-08-18": 2.75, "2019-08-25": 2.75}}, "printings": ["6ED", "A25", "ALL", "BTD", "DKM", "ME1", "PRM", "PWOR"], "rarity": "rare", "rulings": [{"date": "2004-10-04", "text": "You choose whether to discard or not on resolution. If not, then you sacrifice this card. You can choose to not discard even if you no longer control this card on resolution."}], "scryfallId": "98531409-da0e-47cc-8727-5e0ca5734887", "scryfallIllustrationId": "5469249e-6377-4736-911d-f63567a81d83", "scryfallOracleId": "fd2a94d3-901d-4b46-aa9b-a30ed6dea6bd", "subtypes": ["Human", "Barbarian"], "supertypes": [], "tcgplayerProductId": 38231, "text": "When Balduvian Horde enters the battlefield, sacrifice it unless you discard a card at random.", "toughness": "5", "type": "Creature — Human Barbarian", "types": ["Creature"], "uuid": "a55c8cf3-48e4-5eae-8541-775299dc6450"}], "code": "PWOR", "isFoilOnly": true, "isOnlineOnly": false, "keyruneCode": "DEFAULT", "meta": {"date": "2019-09-01", "pricesDate": "2019-09-01", "version": "4.5.0-rebuild.4"}, "name": "Worlds", "releaseDate": "1999-08-04", "tokens": [], "totalSetSize": 1, "translations": {}, "type": "promo"}