{"baseSetSize": 0, "cards": [{"artist": "Nils Hamm", "borderColor": "black", "colorIdentity": ["R"], "colors": ["R"], "convertedManaCost": 2.0, "edhrecRank": 7016, "foreignData": [], "frameVersion": "2003", "hasFoil": true, "hasNonFoil": false, "isPaper": true, "isPromo": true, "isReprint": true, "isStarter": true, "layout": "normal", "legalities": {"commander": "Legal", "duel": "Legal", "legacy": "Legal", "modern": "Legal", "penny": "Legal", "vintage": "Legal"}, "manaCost": "{1}{R}", "mtgstocksId": 27318, "name": "Hellspark Elemental", "number": "25", "power": "3", "prices": {"paper": {}, "paperFoil": {"2019-06-02": 1.27, "2019-06-09": 1.35, "2019-06-16": 1.28, "2019-06-23": 1.32, "2019-06-30": 1.34, "2019-07-07": 1.35, "2019-07-14": 1.42, "2019-07-21": 1.41, "2019-07-28": 1.41, "2019-08-04": 1.42, "2019-08-11": 1.35, "2019-08-18": 1.34, "2019-08-25": 1.37}}, "printings": ["CON", "DDK", "PD2", "PRM", "PWP09", "TD0"], "rarity": "rare", "rulings": [], "scryfallId": "a485fc8d-a7a0-444f-b4b3-aa0c9964ec53", "scryfallIllustrationId": "3966cf9e-9554-44e0-ad9a-366905fd680b", "scryfallOracleId": "a7ba88c6-81e7-4ab7-9c9b-308831e56833", "subtypes": ["Elemental"], "supertypes": [], "tcgplayerProductId": 38431, "text": "Trample, haste\nAt the beginning of the end step, sacrifice Hellspark Elemental.\nUnearth {1}{R} ({1}{R}: Return this card from your graveyard to the battlefield. It gains haste. Exile it at the beginning of the next end step or if it would leave the battlefield. Unearth only as a sorcery.)", "toughness": "1", "type": "Creature — Elemental", "types": ["Creature"], "uuid": "22901e71-19ff-5cc0-93dd-a5fb8747788d", "watermark": "dci"}, {"artist": "Kekai Kotaki", "borderColor": "black", "colorIdentity": ["W"], "colors": ["W"], "convertedManaCost": 1.0, "edhrecRank": 6246, "flavorText": "\"Swords cannot reach far enough. Chains cannot strike hard enough. An eternal dilemma, but a simple one.\"", "foreignData": [], "frameVersion": "2003", "hasFoil": true, "hasNonFoil": false, "isPaper": true, "isPromo": true, "isReprint": true, "isStarter": true, "layout": "normal", "legalities": {"commander": "Legal", "duel": "Legal", "legacy": "Legal", "modern": "Legal", "penny": "Legal", "vintage": "Legal"}, "manaCost": "{W}", "mtgstocksId": 26953, "name": "Kor Duelist", "number": "32", "power": "1", "prices": {"paper": {}, "paperFoil": {"2019-06-02": 0.5, "2019-06-09": 0.5, "2019-06-16": 0.5, "2019-06-23": 0.5, "2019-06-30": 0.62, "2019-07-07": 0.64, "2019-07-14": 0.63, "2019-07-21": 0.65, "2019-07-28": 0.67, "2019-08-04": 0.7, "2019-08-11": 0.71, "2019-08-18": 0.75, "2019-08-25": 0.75}}, "printings": ["MM2", "PRM", "PWP09", "ZEN"], "rarity": "rare", "rulings": [], "scryfallId": "e826b53c-5a6d-452f-bb57-2c4fd798f06d", "scryfallIllustrationId": "157e405a-f1bc-4bda-8069-5b30b539160e", "scryfallOracleId": "758dd2fd-d3ec-4782-9a60-12b0d79719da", "subtypes": ["Kor", "Soldier"], "supertypes": [], "tcgplayerProductId": 38197, "text": "As long as Kor Duelist is equipped, it has double strike. (It deals both first-strike and regular combat damage.)", "toughness": "1", "type": "Creature — Kor Soldier", "types": ["Creature"], "uuid": "f5c7aeb2-d3fe-532a-a782-c454f9169b77", "watermark": "dci"}, {"artist": "Dominick Domingo", "borderColor": "black", "colorIdentity": ["G", "R", "W"], "colors": ["G", "R", "W"], "convertedManaCost": 4.0, "edhrecRank": 12545, "flavorText": "\"Looks like we're completely outnumbered.\" \"Lucky for us. I thought we'd be bored.\"", "foreignData": [], "frameVersion": "2003", "hasFoil": true, "hasNonFoil": false, "isPaper": true, "isPromo": true, "isReprint": true, "isStarter": true, "layout": "normal", "legalities": {"commander": "Legal", "duel": "Legal", "legacy": "Legal", "modern": "Legal", "penny": "Legal", "vintage": "Legal"}, "manaCost": "{2}{R/W}{G}", "mtgstocksId": 27319, "name": "Marisi's Twinclaws", "number": "26", "power": "2", "prices": {"paper": {}, "paperFoil": {"2019-06-02": 0.41, "2019-06-09": 0.42, "2019-06-16": 0.41, "2019-06-23": 0.41, "2019-06-30": 0.41, "2019-07-07": 0.4, "2019-07-14": 0.39, "2019-07-21": 0.4, "2019-07-28": 0.39, "2019-08-04": 0.39, "2019-08-11": 0.37, "2019-08-18": 0.38, "2019-08-25": 0.37}}, "printings": ["ARB", "DDH", "PRM", "PWP09"], "rarity": "rare", "rulings": [], "scryfallId": "eba9449b-d1f2-4322-a5d4-b8935f270fff", "scryfallIllustrationId": "81d1ebee-0319-46d8-8f08-741e1fd33183", "scryfallOracleId": "1fa3839a-127e-4740-bd2e-97b18fdddedc", "subtypes": ["Cat", "Warrior"], "supertypes": [], "tcgplayerProductId": 38433, "text": "Double strike", "toughness": "4", "type": "Creature — Cat Warrior", "types": ["Creature"], "uuid": "79619867-6ac9-5290-bfd7-976ee3caf441", "watermark": "dci"}, {"artist": "Keith Garletts", "borderColor": "black", "colorIdentity": ["U"], "colors": ["U"], "convertedManaCost": 5.0, "edhrecRank": 3744, "flavorText": "\"Why fight the body when you can dominate the mind that rules it?\" —Jace Beleren", "foreignData": [], "frameVersion": "2003", "hasFoil": true, "hasNonFoil": false, "isPaper": true, "isPromo": true, "isReprint": true, "isStarter": true, "layout": "normal", "legalities": {"commander": "Legal", "duel": "Legal", "legacy": "Legal", "modern": "Legal", "penny": "Legal", "vintage": "Legal"}, "manaCost": "{3}{U}{U}", "mtgstocksId": 27321, "name": "Mind Control", "number": "30", "prices": {"paper": {}, "paperFoil": {"2019-06-02": 0.56, "2019-06-09": 0.52, "2019-06-16": 0.55, "2019-06-23": 0.55, "2019-06-30": 0.55, "2019-07-07": 0.56, "2019-07-14": 0.52, "2019-07-21": 0.55, "2019-07-28": 0.52, "2019-08-04": 0.53, "2019-08-11": 0.52, "2019-08-18": 0.52, "2019-08-25": 0.52}}, "printings": ["DPA", "M10", "M11", "M12", "PRM", "PS11", "PWP09"], "rarity": "rare", "rulings": [{"date": "2010-08-15", "text": "Gaining control of a creature doesn’t cause you gain control of any Auras or Equipment attached to it."}], "scryfallId": "2c1468fc-52ba-4d21-bb39-d2d42f6cd50c", "scryfallIllustrationId": "bb7b9d88-f82e-4aca-a73c-0533e4830781", "scryfallOracleId": "5912546a-acc2-448c-b042-64bdac5ec129", "subtypes": ["Aura"], "supertypes": [], "tcgplayerProductId": 38434, "text": "Enchant creature\nYou control enchanted creature.", "type": "Enchantment — Aura", "types": ["Enchantment"], "uuid": "d85cff8a-ae0d-5346-a118-fdd37bb87472", "watermark": "dci"}, {"artist": "Rebecca Guay", "borderColor": "black", "colorIdentity": ["W"], "colors": ["W"], "convertedManaCost": 1.0, "edhrecRank": 38, "foreignData": [], "frameVersion": "2003", "hasFoil": true, "hasNonFoil": false, "isPaper": true, "isPromo": true, "isReprint": true, "isStarter": true, "layout": "normal", "legalities": {"commander": "Legal", "duel": "Legal", "legacy": "Legal", "modern": "Legal", "vintage": "Legal"}, "manaCost": "{W}", "mtgstocksId": 27324, "name": "Path to Exile", "number": "24", "prices": {"paper": {}, "paperFoil": {"2019-06-02": 29.16, "2019-06-09": 29.06, "2019-06-16": 27.96, "2019-06-23": 27.89, "2019-06-30": 27.88, "2019-07-07": 26.91, "2019-07-14": 26.45, "2019-07-21": 26.45, "2019-07-28": 26.12, "2019-08-04": 25.89, "2019-08-11": 24.45, "2019-08-18": 24.99, "2019-08-25": 23.99}}, "printings": ["ARC", "CMA", "CMD", "CON", "DDI", "E02", "F15", "MD1", "MM3", "MMA", "PRM", "PWP09", "SS2"], "rarity": "rare", "rulings": [{"date": "2017-03-14", "text": "If the targeted creature becomes an illegal target by the time Path to Exile would resolve, the entire spell doesn’t resolve. The creature’s controller won’t search for a basic land card."}, {"date": "2017-03-14", "text": "The controller of the exiled creature isn’t required to search their library for a basic land. If that player doesn’t, the player won’t shuffle their library."}], "scryfallId": "30233158-01b4-4f14-b7d2-d0377273f6c3", "scryfallIllustrationId": "fd6e3515-906e-4f9b-a918-643bb3ffa97c", "scryfallOracleId": "d683d985-9888-4d21-8b5f-69e69ce4a03b", "subtypes": [], "supertypes": [], "tcgplayerProductId": 38436, "text": "Exile target creature. Its controller may search their library for a basic land card, put that card onto the battlefield tapped, then shuffle their library.", "type": "Instant", "types": ["Instant"], "uuid": "f8a6a04d-17ce-585e-866e-205da22f1e7e", "watermark": "dci"}, {"artist": "Thomas M. Baxa", "borderColor": "black", "colorIdentity": ["B"], "colors": ["B"], "convertedManaCost": 5.0, "edhrecRank": 2099, "flavorText": "\"Death is no excuse for disobedience.\" —Liliana Vess", "foreignData": [], "frameVersion": "2003", "hasFoil": true, "hasNonFoil": false, "isPaper": true, "isPromo": true, "isReprint": true, "isStarter": true, "layout": "normal", "legalities": {"brawl": "Legal", "commander": "Legal", "duel": "Legal", "legacy": "Legal", "modern": "Legal", "penny": "Legal", "standard": "Legal", "vintage": "Legal"}, "manaCost": "{4}{B}", "mtgstocksId": 26965, "name": "Rise from the Grave", "number": "31", "prices": {"paper": {}, "paperFoil": {"2019-06-02": 0.41, "2019-06-09": 0.42, "2019-06-16": 0.42, "2019-06-23": 0.43, "2019-06-30": 0.43, "2019-07-07": 0.42, "2019-07-14": 0.42, "2019-07-21": 0.42, "2019-07-28": 0.42, "2019-08-04": 0.41, "2019-08-11": 0.41, "2019-08-18": 0.4, "2019-08-25": 0.42}}, "printings": ["ANA", "C15", "CM2", "CMA", "CMD", "DDD", "EMN", "GVL", "M10", "M11", "M13", "M19", "PRM", "PWP09"], "rarity": "rare", "rulings": [{"date": "2018-07-13", "text": "Rise from the Grave doesn’t overwrite any previous colors or types. Rather, it adds another color and another subtype."}, {"date": "2018-07-13", "text": "If the creature is normally colorless, it will simply become black. It can’t be both black and colorless."}, {"date": "2018-07-13", "text": "A later effect that changes the affected creature’s colors will overwrite that part of Rise from the Grave’s effect; the creature will be only the new color. The same is true about an effect that changes the affected creature’s types or subtypes."}], "scryfallId": "2482d1ef-29f4-42ad-b384-07072cd3f71e", "scryfallIllustrationId": "46f3104e-12ec-43ce-a9a8-9b83e052ffc9", "scryfallOracleId": "4e769107-0f32-4181-9e57-ffebc2228d3a", "subtypes": [], "supertypes": [], "tcgplayerProductId": 38207, "text": "Put target creature card from a graveyard onto the battlefield under your control. That creature is a black Zombie in addition to its other colors and types.", "type": "Sorcery", "types": ["Sorcery"], "uuid": "e1783c8c-b7b8-5bae-b3fc-7824184862a6", "watermark": "dci"}, {"artist": "Karl Kopinski", "borderColor": "black", "colorIdentity": ["B", "R", "U"], "colors": ["B", "R", "U"], "convertedManaCost": 5.0, "edhrecRank": 3209, "flavorText": "Nicol Bolas doesn't distinguish between servants and victims.", "foreignData": [], "frameVersion": "2003", "hasFoil": true, "hasNonFoil": false, "isPaper": true, "isPromo": true, "isReprint": true, "isStarter": true, "layout": "normal", "legalities": {"commander": "Legal", "duel": "Legal", "legacy": "Legal", "modern": "Legal", "penny": "Legal", "vintage": "Legal"}, "manaCost": "{3}{U/R}{B}", "mtgstocksId": 27328, "name": "Slave of Bolas", "number": "27", "prices": {"paper": {}, "paperFoil": {"2019-06-02": 0.55, "2019-06-09": 0.53, "2019-06-16": 0.55, "2019-06-23": 0.51, "2019-06-30": 0.5, "2019-07-07": 0.55, "2019-07-14": 0.5, "2019-07-21": 0.55, "2019-07-28": 0.53, "2019-08-04": 0.5, "2019-08-11": 0.5, "2019-08-18": 0.5, "2019-08-25": 0.5}}, "printings": ["ARB", "DDH", "E01", "PRM", "PWP09"], "rarity": "rare", "rulings": [{"date": "2009-05-01", "text": "You may target a creature you already control."}, {"date": "2009-05-01", "text": "If you don’t control the targeted creature when the “at end of turn” ability resolves, it won’t be sacrificed. If it’s still on the battlefield but under another player’s control, the ability won’t try to have you sacrifice it again at the end of the turn after that."}], "scryfallId": "cc4c8807-77e1-4519-9281-5a312af88ad8", "scryfallIllustrationId": "055d5e96-6d55-40d9-b434-748bf894c1e4", "scryfallOracleId": "07190a8b-2a59-45b3-9fbf-505161698a9c", "subtypes": [], "supertypes": [], "tcgplayerProductId": 38437, "text": "Gain control of target creature. Untap that creature. It gains haste until end of turn. Sacrifice it at the beginning of the next end step.", "type": "Sorcery", "types": ["Sorcery"], "uuid": "89646976-4470-55dc-9268-04212c517fe6", "watermark": "dci"}, {"artist": "Karl Kopinski", "borderColor": "black", "colorIdentity": ["B"], "colors": ["B"], "convertedManaCost": 3.0, "edhrecRank": 581, "foreignData": [], "frameVersion": "2003", "hasFoil": true, "hasNonFoil": false, "isPaper": true, "isPromo": true, "isReprint": true, "isStarter": true, "layout": "normal", "legalities": {"commander": "Legal", "duel": "Legal", "legacy": "Legal", "modern": "Legal", "penny": "Legal", "vintage": "Legal"}, "manaCost": "{1}{B}{B}", "mtgstocksId": 26970, "name": "Vampire Nighthawk", "number": "33", "power": "2", "prices": {"paper": {}, "paperFoil": {"2019-06-02": 2.34, "2019-06-09": 2.34, "2019-06-16": 2.25, "2019-06-23": 2.31, "2019-06-30": 2.29, "2019-07-07": 2.25, "2019-07-14": 2.27, "2019-07-21": 2.25, "2019-07-28": 2.25, "2019-08-04": 2.35, "2019-08-11": 2.16, "2019-08-18": 2.25, "2019-08-25": 2.25}}, "printings": ["C13", "C17", "CMD", "DDK", "DDP", "E01", "E02", "M13", "MM3", "PRM", "PWP09", "ZEN"], "rarity": "rare", "rulings": [], "scryfallId": "600c7386-dad1-43d0-9862-5e6750a5bb92", "scryfallIllustrationId": "7e5f4c17-3863-47cd-86da-13ab27ad0823", "scryfallOracleId": "feb244f8-bcb1-44cf-9940-2719221a7309", "subtypes": ["Vampire", "Shaman"], "supertypes": [], "tcgplayerProductId": 38210, "text": "Flying, deathtouch, lifelink", "toughness": "3", "type": "Creature — Vampire Shaman", "types": ["Creature"], "uuid": "d80e81e1-09b2-5259-b660-670548413c3e", "watermark": "dci"}], "code": "PWP09", "isFoilOnly": false, "isOnlineOnly": false, "keyruneCode": "DCI", "meta": {"date": "2019-09-01", "pricesDate": "2019-09-01", "version": "4.5.0-rebuild.4"}, "name": "Wizards Play Network 2009", "releaseDate": "2009-01-01", "tokens": [], "totalSetSize": 8, "translations": {}, "type": "promo"}