{"baseSetSize": 0, "cards": [{"artist": "Wayne Reynolds", "borderColor": "black", "colorIdentity": ["W"], "colors": ["W"], "convertedManaCost": 3.0, "edhrecRank": 1339, "flavorText": "\"In memories, we can find our deepest reserves of strength.\"", "foreignData": [], "frameVersion": "2003", "hasFoil": true, "hasNonFoil": false, "isPaper": true, "isPromo": true, "isReprint": true, "isStarter": true, "layout": "normal", "legalities": {"commander": "Legal", "duel": "Legal", "legacy": "Legal", "modern": "Legal", "pauper": "Legal", "penny": "Legal", "vintage": "Legal"}, "manaCost": "{2}{W}", "mtgstocksId": 27308, "name": "Auramancer", "number": "77", "power": "2", "prices": {"paper": {}, "paperFoil": {"2019-06-02": 0.43, "2019-06-09": 0.44, "2019-06-16": 0.43, "2019-06-23": 0.42, "2019-06-30": 0.42, "2019-07-07": 0.43, "2019-07-14": 0.43, "2019-07-21": 0.44, "2019-07-28": 0.44, "2019-08-04": 0.44, "2019-08-11": 0.44, "2019-08-18": 0.45, "2019-08-25": 0.44}}, "printings": ["A25", "DDL", "M12", "M14", "ODY", "ORI", "PC2", "PCA", "PRM", "PWP11", "TD0"], "rarity": "rare", "rulings": [], "scryfallId": "c568b80e-8c1b-416f-b47d-100086549fd8", "scryfallIllustrationId": "a46125f0-046b-4ff4-ac51-40b35423ba54", "scryfallOracleId": "bd5eb181-6a69-4dc2-93a0-fa000291bc3d", "subtypes": ["Human", "Wizard"], "supertypes": [], "tcgplayerProductId": 71273, "text": "When Auramancer enters the battlefield, you may return target enchantment card from your graveyard to your hand.", "toughness": "2", "type": "Creature — Human Wizard", "types": ["Creature"], "uuid": "23dc3cbc-ead7-590c-bd95-a8338bb9fd15", "watermark": "wotc"}, {"artist": "Dave Kendall", "borderColor": "black", "colorIdentity": ["R"], "colors": ["R"], "convertedManaCost": 2.0, "edhrecRank": 8792, "flavorText": "While elder vampires select their meals with care, the newly sired frenzy at the first whiff.", "foreignData": [], "frameVersion": "2003", "hasFoil": true, "hasNonFoil": false, "isPaper": true, "isPromo": true, "isReprint": true, "isStarter": true, "layout": "normal", "legalities": {"commander": "Legal", "duel": "Legal", "legacy": "Legal", "modern": "Legal", "pauper": "Legal", "penny": "Legal", "vintage": "Legal"}, "manaCost": "{1}{R}", "mtgstocksId": 27309, "name": "Bloodcrazed Neonate", "number": "83", "power": "2", "prices": {"paper": {}, "paperFoil": {"2019-06-02": 0.42, "2019-06-09": 0.4, "2019-06-16": 0.42, "2019-06-23": 0.42, "2019-06-30": 0.42, "2019-07-07": 0.42, "2019-07-14": 0.42, "2019-07-21": 0.43, "2019-07-28": 0.41, "2019-08-04": 0.42, "2019-08-11": 0.42, "2019-08-18": 0.43, "2019-08-25": 0.43}}, "printings": ["ISD", "PRM", "PWP11"], "rarity": "rare", "rulings": [], "scryfallId": "2488aa06-1c79-49ed-aeb9-0c9374c28c10", "scryfallIllustrationId": "89c64539-5bb2-4069-af79-8326dec421c5", "scryfallOracleId": "7319eec8-48ba-4238-bce1-450abcae73a6", "subtypes": ["Vampire"], "supertypes": [], "tcgplayerProductId": 71287, "text": "Bloodcrazed Neonate attacks each combat if able.\nWhenever Bloodcrazed Neonate deals combat damage to a player, put a +1/+1 counter on it.", "toughness": "1", "type": "Creature — Vampire", "types": ["Creature"], "uuid": "747aee94-1c63-560b-9dfc-99d6a5baf288", "watermark": "wotc"}, {"artist": "Austin Hsu", "borderColor": "black", "colorIdentity": ["G"], "colors": ["G"], "convertedManaCost": 2.0, "edhrecRank": 6098, "flavorText": "The only thing it likes more than discovering a pit of bones is adding to it.", "foreignData": [], "frameVersion": "2003", "hasFoil": true, "hasNonFoil": false, "isPaper": true, "isPromo": true, "isReprint": true, "isStarter": true, "layout": "normal", "legalities": {"commander": "Legal", "duel": "Legal", "legacy": "Legal", "modern": "Legal", "penny": "Legal", "vintage": "Legal"}, "manaCost": "{1}{G}", "mtgstocksId": 26941, "name": "Boneyard Wurm", "number": "84", "power": "*", "prices": {"paper": {}, "paperFoil": {"2019-06-02": 1.45, "2019-06-09": 1.43, "2019-06-16": 1.45, "2019-06-23": 1.43, "2019-06-30": 1.43, "2019-07-07": 1.45, "2019-07-14": 1.46, "2019-07-21": 1.46, "2019-07-28": 1.49, "2019-08-04": 1.48, "2019-08-11": 1.46, "2019-08-18": 1.46, "2019-08-25": 1.46}}, "printings": ["DDJ", "ISD", "PRM", "PWP11", "UMA"], "rarity": "rare", "rulings": [{"date": "2018-12-07", "text": "The ability that defines Boneyard Wurm’s power and toughness works in all zones, not just the battlefield. If Boneyard Wurm is in your graveyard, it will count itself."}], "scryfallId": "3342096a-24bf-4f66-911e-d8a0c856f722", "scryfallIllustrationId": "d883a3b0-1a3b-461a-a2d2-c2f8a225e119", "scryfallOracleId": "6e5f908a-f4f1-4718-ac39-34176e401756", "subtypes": ["Wurm"], "supertypes": [], "tcgplayerProductId": 57638, "text": "Boneyard Wurm's power and toughness are each equal to the number of creature cards in your graveyard.", "toughness": "*", "type": "Creature — Wurm", "types": ["Creature"], "uuid": "e62f0f1c-3563-5179-bbf1-a95b8a6badfa", "watermark": "wotc"}, {"artist": "James Paick", "borderColor": "black", "colorIdentity": ["R"], "colors": ["R"], "convertedManaCost": 2.0, "edhrecRank": 7626, "flavorText": "\"Which do you think is a better deterrent: a moat of water or one of fire?\" —Chandra Nalaar", "foreignData": [], "frameVersion": "2003", "hasFoil": true, "hasNonFoil": false, "isPaper": true, "isPromo": true, "isReprint": true, "isStarter": true, "layout": "normal", "legalities": {"commander": "Legal", "duel": "Legal", "legacy": "Legal", "modern": "Legal", "pauper": "Banned", "penny": "Legal", "vintage": "Legal"}, "manaCost": "{1}{R}", "mtgstocksId": 27310, "name": "Circle of Flame", "number": "78", "prices": {"paper": {}, "paperFoil": {"2019-06-02": 0.94, "2019-06-09": 0.94, "2019-06-16": 0.94, "2019-06-23": 0.94, "2019-06-30": 0.94, "2019-07-07": 0.94, "2019-07-14": 0.92, "2019-07-21": 0.94, "2019-07-28": 0.94, "2019-08-04": 0.92, "2019-08-11": 0.89, "2019-08-18": 0.91, "2019-08-25": 0.94}}, "printings": ["M12", "M15", "PRM", "PWP11"], "rarity": "rare", "rulings": [{"date": "2014-07-18", "text": "Circle of Flame’s ability triggers only if a creature without flying is declared as an attacker during the declare attackers step. If a creature with flying attacks you or a planeswalker you control and then loses flying, or if a creature without flying is put onto the battlefield attacking you or a planeswalker you control, the ability won’t trigger."}], "scryfallId": "a2de620b-1358-483e-8b59-53206b1d3936", "scryfallIllustrationId": "e0113c93-3214-4934-953a-3f22cdacc335", "scryfallOracleId": "c31801e6-2444-4158-8e19-2afe751d7cff", "subtypes": [], "supertypes": [], "tcgplayerProductId": 71897, "text": "Whenever a creature without flying attacks you or a planeswalker you control, Circle of Flame deals 1 damage to that creature.", "type": "Enchantment", "types": ["Enchantment"], "uuid": "530149bd-bf0d-5002-90d0-fcb4669d9520", "watermark": "wotc"}, {"artist": "John Stanko", "borderColor": "black", "colorIdentity": ["U"], "colors": ["U"], "convertedManaCost": 3.0, "edhrecRank": 5775, "flavorText": "After seeing his life's work drip away, the mage decided it was a good time to go crazy.", "foreignData": [], "frameVersion": "2003", "hasFoil": true, "hasNonFoil": false, "isPaper": true, "isPromo": true, "isReprint": true, "isStarter": true, "layout": "normal", "legalities": {"commander": "Legal", "duel": "Legal", "legacy": "Legal", "modern": "Legal", "pauper": "Legal", "penny": "Legal", "vintage": "Legal"}, "manaCost": "{2}{U}", "mtgstocksId": 26945, "name": "Curse of the Bloody Tome", "number": "80", "prices": {"paper": {}, "paperFoil": {"2019-06-02": 0.52, "2019-06-09": 0.52, "2019-06-16": 0.52, "2019-06-23": 0.52, "2019-06-30": 0.53, "2019-07-07": 0.52, "2019-07-14": 0.52, "2019-07-21": 0.52, "2019-07-28": 0.52, "2019-08-04": 0.54, "2019-08-11": 0.55, "2019-08-18": 0.56, "2019-08-25": 0.56}}, "printings": ["ISD", "PRM", "PWP11"], "rarity": "rare", "rulings": [{"date": "2011-09-22", "text": "If the enchanted player has only one card in their library, they put that card into their graveyard."}], "scryfallId": "bb4b500e-2616-4135-ae04-ca14a33fce59", "scryfallIllustrationId": "e7c9ef68-20d0-4aa2-8b7f-8b3074312359", "scryfallOracleId": "5480f855-80b7-45c7-94a9-071c7b5d5ccf", "subtypes": ["Aura", "Curse"], "supertypes": [], "tcgplayerProductId": 57637, "text": "Enchant player\nAt the beginning of enchanted player's upkeep, that player puts the top two cards of their library into their graveyard.", "type": "Enchantment — Aura Curse", "types": ["Enchantment"], "uuid": "6b4e4add-8418-5748-8651-0e801c04216e", "watermark": "wotc"}, {"artist": "Daren Bader", "borderColor": "black", "colorIdentity": ["R"], "colors": ["R"], "convertedManaCost": 2.0, "edhrecRank": 2310, "flavorText": "Sometimes the cannoneer must become the cannonball.", "foreignData": [], "frameVersion": "2003", "hasFoil": true, "hasNonFoil": false, "isPaper": true, "isPromo": true, "isReprint": true, "isStarter": true, "layout": "normal", "legalities": {"commander": "Legal", "duel": "Legal", "legacy": "Legal", "modern": "Legal", "pauper": "Legal", "penny": "Legal", "vintage": "Legal"}, "manaCost": "{1}{R}", "mtgstocksId": 26950, "name": "Fling", "number": "69", "prices": {"paper": {}, "paperFoil": {"2019-06-02": 3.74, "2019-06-09": 3.82, "2019-06-16": 3.49, "2019-06-23": 3.53, "2019-06-30": 3.04, "2019-07-07": 4.05, "2019-07-14": 3.32, "2019-07-21": 4.75, "2019-07-28": 3.34, "2019-08-04": 3.34, "2019-08-11": 3.34, "2019-08-18": 4.87, "2019-08-25": 4.75}}, "printings": ["AKH", "DKA", "M11", "M12", "PAL01", "PC2", "PCA", "PRM", "PWP10", "PWP11", "STH"], "rarity": "rare", "rulings": [{"date": "2010-08-15", "text": "The sacrificed creature’s last known existence on the battlefield is checked to determine its power."}, {"date": "2010-08-15", "text": "If you sacrifice an attacking or blocking creature during the declare blockers step, it won’t deal combat damage. If you wait until the combat damage step, but that creature is dealt lethal damage, it’ll be destroyed before you get a chance to sacrifice it."}, {"date": "2013-04-15", "text": "You must sacrifice exactly one creature to cast this spell; you cannot cast it without sacrificing a creature, and you cannot sacrifice additional creatures."}, {"date": "2013-04-15", "text": "Players can only respond once this spell has been cast and all its costs have been paid. No one can try to destroy the creature you sacrificed to prevent you from casting this spell."}], "scryfallId": "ca9d200b-1384-4eb9-8efb-94dc5fa106ed", "scryfallIllustrationId": "bf086b83-238b-4650-ba0f-ebc3896b3ee7", "scryfallOracleId": "24227761-b50e-4b9e-93a2-e82d053b3e3d", "subtypes": [], "supertypes": [], "tcgplayerProductId": 117559, "text": "As an additional cost to cast this spell, sacrifice a creature.\nFling deals damage equal to the sacrificed creature's power to any target.", "type": "Instant", "types": ["Instant"], "uuid": "ed172fe9-cfc9-5429-abe8-616cccd74949", "watermark": "wotc"}, {"artist": "Erica Yang", "borderColor": "black", "colorIdentity": ["W"], "colors": ["W"], "convertedManaCost": 3.0, "edhrecRank": 10116, "flavorText": "The need to obey was inscribed on every plate in their bodies.", "foreignData": [], "frameVersion": "2003", "hasFoil": true, "hasNonFoil": false, "isPaper": true, "isPromo": true, "isReprint": true, "isStarter": true, "layout": "normal", "legalities": {"commander": "Legal", "duel": "Legal", "legacy": "Legal", "modern": "Legal", "pauper": "Legal", "penny": "Legal", "vintage": "Legal"}, "manaCost": "{2}{W}", "mtgstocksId": 27320, "name": "Master's Call", "number": "64", "prices": {"paper": {}, "paperFoil": {"2019-06-02": 0.35, "2019-06-09": 0.35, "2019-06-16": 0.35, "2019-06-23": 0.35, "2019-06-30": 0.35, "2019-07-07": 0.35, "2019-07-14": 0.35, "2019-07-21": 0.35, "2019-07-28": 0.35, "2019-08-04": 0.35, "2019-08-11": 0.35, "2019-08-18": 0.35, "2019-08-25": 0.35}}, "printings": ["MBS", "PRM", "PWP11"], "rarity": "rare", "rulings": [], "scryfallId": "8a4c6e74-bb8d-406d-9fb0-ac879108db81", "scryfallIllustrationId": "3a67daf7-126f-4111-b6fa-53825d4b13ee", "scryfallOracleId": "d6c9c1f0-050f-40e2-ab6c-6566d0af418c", "subtypes": [], "supertypes": [], "tcgplayerProductId": 57641, "text": "Create two 1/1 colorless Myr artifact creature tokens.", "type": "Instant", "types": ["Instant"], "uuid": "50902ddb-9b80-5c4e-913e-c69834f3e428", "watermark": "mirran"}, {"artist": "Erica Yang", "borderColor": "black", "colorIdentity": ["G"], "colors": ["G"], "convertedManaCost": 7.0, "edhrecRank": 10336, "foreignData": [], "frameVersion": "2003", "hasFoil": true, "hasNonFoil": false, "isPaper": true, "isPromo": true, "isReprint": true, "isStarter": true, "layout": "normal", "legalities": {"commander": "Legal", "duel": "Legal", "legacy": "Legal", "modern": "Legal", "pauper": "Legal", "penny": "Legal", "vintage": "Legal"}, "manaCost": "{6}{G}", "mtgstocksId": 26958, "name": "Maul Splicer", "number": "72", "power": "1", "prices": {"paper": {}, "paperFoil": {"2019-06-02": 0.47, "2019-06-09": 0.47, "2019-06-16": 0.49, "2019-06-23": 0.49, "2019-06-30": 0.48, "2019-07-07": 0.49, "2019-07-14": 0.47, "2019-07-21": 0.49, "2019-07-28": 0.49, "2019-08-04": 0.47, "2019-08-11": 0.47, "2019-08-18": 0.47, "2019-08-25": 0.47}}, "printings": ["NPH", "PRM", "PWP11"], "rarity": "rare", "rulings": [], "scryfallId": "69f66142-fda7-461b-a876-d055c9d4febf", "scryfallIllustrationId": "86931ff5-0641-4067-bd5b-af5f8388dd90", "scryfallOracleId": "b0d0c534-8bd2-4801-aadd-dcc9c92d6ec3", "subtypes": ["Human", "Artificer"], "supertypes": [], "tcgplayerProductId": 57655, "text": "When Maul Splicer enters the battlefield, create two 3/3 colorless Golem artifact creature tokens.\nGolem creatures you control have trample.", "toughness": "1", "type": "Creature — Human Artificer", "types": ["Creature"], "uuid": "338b0bd5-6ae6-5eff-a491-a2e3c0b36e0b", "watermark": "phyrexian"}, {"artist": "Ryan Pancoast", "borderColor": "black", "colorIdentity": [], "colors": [], "convertedManaCost": 2.0, "edhrecRank": 1280, "flavorText": "They watch for a new master, one more sinister than the last.", "foreignData": [], "frameVersion": "2003", "hasFoil": true, "hasNonFoil": false, "isPaper": true, "isPromo": true, "isReprint": true, "isStarter": true, "layout": "normal", "legalities": {"commander": "Legal", "duel": "Legal", "legacy": "Legal", "modern": "Legal", "penny": "Legal", "vintage": "Legal"}, "manaCost": "{2}", "mtgstocksId": 27325, "name": "Plague Myr", "number": "65", "power": "1", "prices": {"paper": {}, "paperFoil": {"2019-06-02": 3.0, "2019-06-09": 3.06, "2019-06-16": 2.99, "2019-06-23": 3.11, "2019-06-30": 2.99, "2019-07-07": 3.97, "2019-07-14": 3.57, "2019-07-21": 2.99, "2019-07-28": 3.18, "2019-08-04": 3.05, "2019-08-11": 3.25, "2019-08-18": 3.11, "2019-08-25": 2.55}}, "printings": ["MBS", "PRM", "PWP11", "TD2"], "rarity": "rare", "rulings": [], "scryfallId": "e068a398-74f3-4e41-b077-aa1963a5986b", "scryfallIllustrationId": "92d329ba-5358-4702-b5da-7b6c01375da1", "scryfallOracleId": "2f328e05-5edf-4b21-9c2a-50dcf1e7b3ec", "subtypes": ["Myr"], "supertypes": [], "tcgplayerProductId": 57642, "text": "Infect (This creature deals damage to creatures in the form of -1/-1 counters and to players in the form of poison counters.)\n{T}: Add {C}.", "toughness": "1", "type": "Artifact Creature — Myr", "types": ["Artifact", "Creature"], "uuid": "0d31bc14-1f3b-542f-a21c-d574eb2d612a", "watermark": "phyrexian"}, {"artist": "Nils Hamm", "borderColor": "black", "colorIdentity": [], "colors": [], "convertedManaCost": 2.0, "edhrecRank": 6853, "foreignData": [], "frameVersion": "2003", "hasFoil": true, "hasNonFoil": false, "isPaper": true, "isPromo": true, "isReprint": true, "isStarter": true, "layout": "normal", "legalities": {"commander": "Legal", "duel": "Legal", "legacy": "Legal", "modern": "Legal", "vintage": "Legal"}, "manaCost": "{2}", "mtgstocksId": 27326, "name": "Shrine of Burning Rage", "number": "73", "prices": {"paper": {}, "paperFoil": {"2019-06-02": 6.87, "2019-06-09": 6.75, "2019-06-16": 6.65, "2019-06-23": 6.5, "2019-06-30": 6.38, "2019-07-07": 6.5, "2019-07-14": 6.75, "2019-07-21": 6.88, "2019-07-28": 6.99, "2019-08-04": 7.0, "2019-08-11": 6.87, "2019-08-18": 7.0, "2019-08-25": 6.99}}, "printings": ["NPH", "PRM", "PWP11"], "rarity": "rare", "rulings": [], "scryfallId": "d9185aa3-e0af-477f-951d-be4f9d3b0c9c", "scryfallIllustrationId": "c7cfb107-32b2-4618-99d8-f997095f1b06", "scryfallOracleId": "e2535383-79f5-4900-8dce-227b0b3650c4", "subtypes": [], "supertypes": [], "tcgplayerProductId": 81773, "text": "At the beginning of your upkeep or whenever you cast a red spell, put a charge counter on Shrine of Burning Rage.\n{3}, {T}, Sacrifice Shrine of Burning Rage: It deals damage equal to the number of charge counters on it to any target.", "type": "Artifact", "types": ["Artifact"], "uuid": "53b9298e-41e5-5f5e-a5e3-0b9d61e0273c", "watermark": "phyrexian"}, {"artist": "Chippy", "borderColor": "black", "colorIdentity": [], "colors": [], "convertedManaCost": 1.0, "edhrecRank": 5074, "flavorText": "It leaps from tree to tree, revealing the enemy's positions.", "foreignData": [], "frameVersion": "2003", "hasFoil": true, "hasNonFoil": false, "isPaper": true, "isPromo": true, "isReprint": true, "isStarter": true, "layout": "normal", "legalities": {"commander": "Legal", "duel": "Legal", "legacy": "Legal", "modern": "Legal", "vintage": "Legal"}, "manaCost": "{1}", "mtgstocksId": 27327, "name": "Signal Pest", "number": "66", "power": "0", "prices": {"paper": {}, "paperFoil": {"2019-06-02": 11.38, "2019-06-09": 11.01, "2019-06-16": 11.01, "2019-06-23": 11.0, "2019-06-30": 11.01, "2019-07-07": 10.99, "2019-07-14": 11.0, "2019-07-21": 10.96, "2019-07-28": 10.88, "2019-08-04": 10.88, "2019-08-11": 10.8, "2019-08-18": 10.61, "2019-08-25": 10.08}}, "printings": ["MBS", "PRM", "PWP11"], "rarity": "rare", "rulings": [], "scryfallId": "5312358c-128f-4bcb-b121-1f7441ae7bc7", "scryfallIllustrationId": "112d7017-aa12-44b5-bfbf-605e5a7202c2", "scryfallOracleId": "724f3d2f-0513-4efd-961f-56a7ea7b5731", "subtypes": ["Pest"], "supertypes": [], "tcgplayerProductId": 57639, "text": "Battle cry (Whenever this creature attacks, each other attacking creature gets +1/+0 until end of turn.)\nSignal Pest can't be blocked except by creatures with flying or reach.", "toughness": "1", "type": "Artifact Creature — Pest", "types": ["Artifact", "Creature"], "uuid": "71e8c4d4-bfbd-5bb0-b753-0b1eabc9f3d8", "watermark": "mirran"}, {"artist": "Ciruelo", "borderColor": "black", "colorIdentity": ["G"], "colors": ["G"], "convertedManaCost": 2.0, "edhrecRank": 1667, "flavorText": "\"Not all paths are found on the forest floor.\"", "foreignData": [], "frameVersion": "2003", "hasFoil": true, "hasNonFoil": false, "isPaper": true, "isPromo": true, "isReprint": true, "isStarter": true, "layout": "normal", "legalities": {"commander": "Legal", "duel": "Legal", "legacy": "Legal", "modern": "Legal", "pauper": "Legal", "penny": "Legal", "vintage": "Legal"}, "manaCost": "{1}{G}", "mtgstocksId": 32155, "name": "Sylvan Ranger", "number": "70", "power": "1", "prices": {"paper": {}, "paperFoil": {"2019-06-02": 2.77, "2019-06-09": 2.72, "2019-06-16": 2.58, "2019-06-23": 2.64, "2019-06-30": 2.58, "2019-07-07": 2.71, "2019-07-14": 2.77, "2019-07-21": 2.82, "2019-07-28": 2.77, "2019-08-04": 2.7, "2019-08-11": 2.66, "2019-08-18": 2.68, "2019-08-25": 2.66}}, "printings": ["C14", "CMA", "DDH", "M11", "MM3", "PRM", "PWP10", "PWP11"], "rarity": "rare", "rulings": [], "scryfallId": "0ddeb538-f706-44a8-8f36-0c73a8870f35", "scryfallIllustrationId": "a59e46c4-0b6f-4d63-898a-89a7951cbbf6", "scryfallOracleId": "29a90fda-541e-4923-b3ed-e2b35d02c74b", "subtypes": ["Elf", "Scout"], "supertypes": [], "tcgplayerProductId": 123635, "text": "When Sylvan Ranger enters the battlefield, you may search your library for a basic land card, reveal it, put it into your hand, then shuffle your library.", "toughness": "1", "type": "Creature — Elf Scout", "types": ["Creature"], "uuid": "4891f267-3b6c-593a-b9f4-28995510cfe3", "watermark": "wotc"}, {"artist": "John Stanko", "borderColor": "black", "colorIdentity": ["B"], "colors": ["B"], "convertedManaCost": 1.0, "edhrecRank": 3636, "flavorText": "Those who raged most bitterly at the world in life are cursed to roam the nether realms in death.", "foreignData": [], "frameVersion": "2003", "hasFoil": true, "hasNonFoil": false, "isPaper": true, "isPromo": true, "isReprint": true, "isStarter": true, "layout": "normal", "legalities": {"commander": "Legal", "duel": "Legal", "legacy": "Legal", "modern": "Legal", "pauper": "Legal", "penny": "Legal", "vintage": "Legal"}, "manaCost": "{B}", "mtgstocksId": 27332, "name": "Tormented Soul", "number": "76", "power": "1", "prices": {"paper": {}, "paperFoil": {"2019-06-02": 0.5, "2019-06-09": 0.5, "2019-06-16": 0.5, "2019-06-23": 0.51, "2019-06-30": 0.51, "2019-07-07": 0.51, "2019-07-14": 0.5, "2019-07-21": 0.5, "2019-07-28": 0.5, "2019-08-04": 0.5, "2019-08-11": 0.5, "2019-08-18": 0.5, "2019-08-25": 0.5}}, "printings": ["M12", "M13", "PC2", "PCA", "PRM", "PWP11"], "rarity": "rare", "rulings": [], "scryfallId": "ceb5d4c4-d6b5-4d28-8ed7-e367c6201f24", "scryfallIllustrationId": "71317b5a-a94b-494d-9f80-95a50e6e4d61", "scryfallOracleId": "ee334bd7-d344-4684-85c8-d0464bbaf2b4", "subtypes": ["Spirit"], "supertypes": [], "tcgplayerProductId": 71282, "text": "Tormented Soul can't block and can't be blocked.", "toughness": "1", "type": "Creature — Spirit", "types": ["Creature"], "uuid": "b4d3b7a6-ed20-5ec5-921d-f931f5789f68", "watermark": "wotc"}, {"artist": "Lars Grant-West", "borderColor": "black", "colorIdentity": ["B"], "colors": ["B"], "convertedManaCost": 2.0, "edhrecRank": 7248, "flavorText": "From the remnants of the dead, Geth forged a swarm to safeguard his throne.", "foreignData": [], "frameVersion": "2003", "hasFoil": true, "hasNonFoil": false, "isPaper": true, "isPromo": true, "isReprint": true, "isStarter": true, "layout": "normal", "legalities": {"commander": "Legal", "duel": "Legal", "legacy": "Legal", "modern": "Legal", "pauper": "Legal", "vintage": "Legal"}, "manaCost": "{1}{B/P}", "mtgstocksId": 26971, "name": "Vault Skirge", "number": "71", "power": "1", "prices": {"paper": {}, "paperFoil": {"2019-06-02": 3.51, "2019-06-09": 3.51, "2019-06-16": 3.49, "2019-06-23": 3.5, "2019-06-30": 3.49, "2019-07-07": 3.38, "2019-07-14": 3.38, "2019-07-21": 3.32, "2019-07-28": 3.34, "2019-08-04": 3.32, "2019-08-11": 3.33, "2019-08-18": 3.27, "2019-08-25": 3.28}}, "printings": ["NPH", "PRM", "PWP11"], "rarity": "rare", "rulings": [{"date": "2011-06-01", "text": "A card with Phyrexian mana symbols in its mana cost is each color that appears in that mana cost, regardless of how that cost may have been paid."}, {"date": "2011-06-01", "text": "To calculate the converted mana cost of a card with Phyrexian mana symbols in its cost, count each Phyrexian mana symbol as 1."}, {"date": "2011-06-01", "text": "As you cast a spell or activate an activated ability with one or more Phyrexian mana symbols in its cost, you choose how to pay for each Phyrexian mana symbol at the same time you would choose modes or choose a value for X."}, {"date": "2011-06-01", "text": "If you’re at 1 life or less, you can’t pay 2 life."}, {"date": "2011-06-01", "text": "Phyrexian mana is not a new color. Players can’t add Phyrexian mana to their mana pools."}], "scryfallId": "19dbd2db-ab33-4171-ae51-aa66c79b97b2", "scryfallIllustrationId": "53325483-909d-49cc-a333-b18c775e06b1", "scryfallOracleId": "64cf5d59-7bcd-4b0b-a160-c8468d4c0f60", "subtypes": ["Imp"], "supertypes": [], "tcgplayerProductId": 57654, "text": "({B/P} can be paid with either {B} or 2 life.)\nFlying\nLifelink (Damage dealt by this creature also causes you to gain that much life.)", "toughness": "1", "type": "Artifact Creature — Imp", "types": ["Artifact", "Creature"], "uuid": "2b69d6c0-dd59-5fde-a408-62f41f6cad5a", "watermark": "phyrexian"}], "code": "PWP11", "isFoilOnly": false, "isOnlineOnly": false, "keyruneCode": "STAR", "meta": {"date": "2019-09-01", "pricesDate": "2019-09-01", "version": "4.5.0-rebuild.4"}, "name": "Wizards Play Network 2011", "releaseDate": "2011-01-01", "tokens": [], "totalSetSize": 14, "translations": {}, "type": "promo"}