{"baseSetSize": 0, "block": "Zendikar", "cards": [{"artist": "Kev Walker", "borderColor": "black", "colorIdentity": ["W"], "colors": ["W"], "convertedManaCost": 4.0, "edhrecRank": 306, "flavorText": "\"I have seen planes leveled and all life rendered to dust. It brought no pleasure, even to a heart as dark as mine.\" —Sorin Markov", "foreignData": [], "frameVersion": "2003", "hasFoil": true, "hasNonFoil": false, "isPaper": true, "isPromo": true, "isReprint": true, "isStarter": true, "layout": "normal", "legalities": {"commander": "Legal", "duel": "Legal", "legacy": "Legal", "modern": "Legal", "penny": "Legal", "vintage": "Legal"}, "manaCost": "{2}{W}{W}", "mtgstocksId": 20813, "name": "Day of Judgment", "number": "*9", "prices": {"paper": {}, "paperFoil": {"2019-06-02": 4.6, "2019-06-09": 4.75, "2019-06-16": 4.39, "2019-06-23": 4.6, "2019-06-30": 4.74, "2019-07-07": 4.75, "2019-07-14": 4.69, "2019-07-21": 4.97, "2019-07-28": 4.69, "2019-08-04": 4.56, "2019-08-11": 4.72, "2019-08-18": 4.95, "2019-08-25": 4.91}}, "printings": ["E02", "M11", "M12", "P11", "PRM", "PZEN", "ZEN"], "rarity": "rare", "rulings": [], "scryfallId": "6ba873f7-a7a4-44aa-84a6-44501424dc7a", "scryfallIllustrationId": "9d7946f1-7301-4bca-a85e-b53d112516a2", "scryfallOracleId": "d057289d-5e28-43d5-8ff3-4a1bc723477d", "subtypes": [], "supertypes": [], "tcgplayerProductId": 38352, "text": "Destroy all creatures.", "type": "Sorcery", "types": ["Sorcery"], "uuid": "cde8b43b-7f97-5aae-8fe0-af53bba52bb8", "watermark": "colorpie"}, {"artist": "Steve Argyle", "borderColor": "black", "colorIdentity": ["W"], "colors": ["W"], "convertedManaCost": 4.0, "edhrecRank": 1888, "foreignData": [], "frameVersion": "2003", "hasFoil": true, "hasNonFoil": false, "isFullArt": true, "isPaper": true, "isPromo": true, "isReprint": true, "isStarter": true, "layout": "normal", "legalities": {"commander": "Legal", "duel": "Legal", "legacy": "Legal", "modern": "Legal", "penny": "Legal", "vintage": "Legal"}, "manaCost": "{2}{W}{W}", "mtgstocksId": 35288, "name": "Emeria Angel", "number": "35", "power": "3", "prices": {"paper": {}, "paperFoil": {"2019-06-02": 21.87, "2019-06-09": 21.75, "2019-06-16": 21.75, "2019-06-23": 21.74, "2019-06-30": 21.74, "2019-07-07": 20.87, "2019-07-14": 20.88, "2019-07-21": 20.88, "2019-07-28": 21.38, "2019-08-04": 19.99, "2019-08-11": 20.5, "2019-08-18": 21.49, "2019-08-25": 20.48}}, "printings": ["IMA", "PRM", "PZEN", "ZEN"], "rarity": "rare", "rulings": [{"date": "2009-10-01", "text": "The landfall ability triggers whenever a land enters the battlefield under your control for any reason. It triggers whenever you play a land, as well as whenever a spell or ability (such as Rampant Growth) causes you to put a land onto the battlefield under your control. It will even trigger when a spell or ability causes another player to put a land onto the battlefield under your control (as can happen with Yavimaya Dryad’s ability, for example)."}, {"date": "2009-10-01", "text": "When a land enters the battlefield under your control, each landfall ability of the permanents you control will trigger. You can put them on the stack in any order. The last ability you put on the stack will be the first one that resolves."}], "scryfallId": "01967a0c-bd2c-4dba-9c62-e6f955c017e3", "scryfallIllustrationId": "dd0abbb4-109b-4bb0-95e6-3d8dd9d64abc", "scryfallOracleId": "ea6616e4-db8d-4905-80f8-cb0162906850", "subtypes": ["Angel"], "supertypes": [], "tcgplayerProductId": 38429, "text": "Flying\nLandfall — Whenever a land enters the battlefield under your control, you may create a 1/1 white Bird creature token with flying.", "toughness": "3", "type": "Creature — Angel", "types": ["Creature"], "uuid": "edc55da9-ad35-5a18-8607-1cffae17e4e5"}, {"artist": "Sam Wood", "borderColor": "black", "colorIdentity": ["G"], "colors": ["G"], "convertedManaCost": 2.0, "edhrecRank": 6269, "foreignData": [], "frameVersion": "2003", "hasFoil": false, "hasNonFoil": true, "isFullArt": true, "isPaper": true, "isPromo": true, "isReprint": true, "isStarter": true, "layout": "normal", "legalities": {"commander": "Legal", "duel": "Legal", "legacy": "Legal", "modern": "Legal", "pauper": "Legal", "penny": "Legal", "vintage": "Legal"}, "manaCost": "{G}{G}", "mtgstocksId": 35289, "name": "Nissa's Chosen", "number": "34", "power": "2", "prices": {"paper": {"2019-06-02": 1.95, "2019-06-09": 1.92, "2019-06-16": 1.88, "2019-06-23": 1.89, "2019-06-30": 1.86, "2019-07-07": 1.86, "2019-07-14": 1.86, "2019-07-21": 1.86, "2019-07-28": 1.85, "2019-08-04": 1.84, "2019-08-11": 1.86, "2019-08-18": 1.87, "2019-08-25": 1.88}, "paperFoil": {}}, "printings": ["DDR", "PRM", "PZEN", "ZEN"], "rarity": "rare", "rulings": [], "scryfallId": "e45e4c8f-bb6c-471d-b14f-cc90869f341a", "scryfallIllustrationId": "2b210ffe-80a2-48db-aa18-8d689da6b222", "scryfallOracleId": "d14c9d2b-41c7-4c9a-a66a-cda34d29c7ba", "subtypes": ["Elf", "Warrior"], "supertypes": [], "tcgplayerProductId": 38435, "text": "If Nissa's Chosen would die, put it on the bottom of its owner's library instead.", "toughness": "3", "type": "Creature — Elf Warrior", "types": ["Creature"], "uuid": "4938a636-680d-5611-8d2e-dfc5d74aa21f"}, {"artist": "Eric Deschamps", "borderColor": "black", "colorIdentity": ["G"], "colors": ["G"], "convertedManaCost": 6.0, "edhrecRank": 285, "flavorText": "\"When the land is angry, so are they.\" —Nissa Revane", "foreignData": [], "frameVersion": "2003", "hasFoil": true, "hasNonFoil": false, "isPaper": true, "isPromo": true, "isReprint": true, "isStarter": true, "layout": "normal", "legalities": {"commander": "Legal", "duel": "Legal", "legacy": "Legal", "modern": "Legal", "vintage": "Legal"}, "manaCost": "{4}{G}{G}", "mtgstocksId": 20766, "name": "Rampaging Baloths", "number": "178★", "power": "6", "prices": {"paper": {}, "paperFoil": {"2019-06-02": 1.56, "2019-06-09": 1.59, "2019-06-16": 1.6, "2019-06-23": 1.57, "2019-06-30": 1.56, "2019-07-07": 1.5, "2019-07-14": 1.5, "2019-07-21": 1.5, "2019-07-28": 1.51, "2019-08-04": 1.52, "2019-08-11": 1.52, "2019-08-18": 1.51, "2019-08-25": 1.52}}, "printings": ["C13", "C14", "C18", "C19", "CMA", "E01", "IMA", "PRM", "PZEN", "ZEN"], "rarity": "mythic", "rulings": [{"date": "2009-10-01", "text": "The landfall ability triggers whenever a land enters the battlefield under your control for any reason. It triggers whenever you play a land, as well as whenever a spell or ability (such as Rampant Growth) causes you to put a land onto the battlefield under your control. It will even trigger when a spell or ability causes another player to put a land onto the battlefield under your control (as can happen with Yavimaya Dryad’s ability, for example)."}, {"date": "2009-10-01", "text": "When a land enters the battlefield under your control, each landfall ability of the permanents you control will trigger. You can put them on the stack in any order. The last ability you put on the stack will be the first one that resolves."}], "scryfallId": "aac9448c-c802-476a-87ef-e1d745fd862a", "scryfallIllustrationId": "df3a979e-adde-4bd3-a2d2-b8d3228ea477", "scryfallOracleId": "2d3e6549-6cc6-434f-a189-ba3b55e64c34", "subtypes": ["Beast"], "supertypes": [], "tcgplayerProductId": 38395, "text": "Trample\nLandfall — Whenever a land enters the battlefield under your control, you may create a 4/4 green Beast creature token.", "toughness": "6", "type": "Creature — Beast", "types": ["Creature"], "uuid": "830382d3-8c7b-5bd1-80c9-b68b4cc69838", "watermark": "set (ZEN)"}, {"artist": "James Paick", "borderColor": "black", "colorIdentity": ["R"], "colors": [], "convertedManaCost": 0.0, "edhrecRank": 774, "foreignData": [], "frameVersion": "2003", "hasFoil": true, "hasNonFoil": false, "isPaper": true, "isPromo": true, "isReprint": true, "isStarter": true, "layout": "normal", "legalities": {"commander": "Legal", "duel": "Legal", "legacy": "Legal", "modern": "Legal", "vintage": "Legal"}, "mtgstocksId": 22133, "name": "Valakut, the Molten Pinnacle", "number": "228★", "prices": {"paper": {}, "paperFoil": {"2019-06-02": 17.99, "2019-06-09": 18.41, "2019-06-16": 18.75, "2019-06-23": 19.0, "2019-06-30": 19.0, "2019-07-07": 18.61, "2019-07-14": 18.05, "2019-07-21": 18.05, "2019-07-28": 17.99, "2019-08-04": 17.99, "2019-08-11": 17.68, "2019-08-18": 17.48, "2019-08-25": 17.46}}, "printings": ["PRM", "PZEN", "ZEN"], "rarity": "rare", "rulings": [{"date": "2009-10-01", "text": "Valakut, the Molten Pinnacle’s triggered ability has an “intervening ‘if’ clause.” That means (1) the ability won’t trigger at all unless, at the time a Mountain enters the battlefield under your control, you control five or more Mountains other than that new one, and (2) the ability will do nothing if you control fewer than five Mountains other than that new one by the time it resolves."}, {"date": "2009-10-01", "text": "If a Mountain you control leaves the battlefield between the time Valakut’s second ability triggers and the time it resolves, be aware if that was the Mountain that caused Valakut’s ability to trigger or not. If it was, Valakut’s count isn’t affected; if it wasn’t, Valakut’s count goes down by one."}, {"date": "2009-10-01", "text": "If multiple Mountains enter the battlefield under your control at the same time, Valakut’s second ability could trigger that many times. Each ability takes into consideration the other Mountains that entered the battlefield at the same time as the one that caused it to trigger."}, {"date": "2009-10-01", "text": "You target a permanent or player when the ability triggers. You decide whether to have Valakut deal damage to that permanent or player as the ability resolves."}], "scryfallId": "61859afa-9578-4179-8c2b-9c54e880f339", "scryfallIllustrationId": "e66e51c0-4b6d-4d59-931c-b1936038577f", "scryfallOracleId": "1bc44216-4e06-4f66-89b7-5c327004604e", "subtypes": [], "supertypes": [], "tcgplayerProductId": 38292, "text": "Valakut, the Molten Pinnacle enters the battlefield tapped.\nWhenever a Mountain enters the battlefield under your control, if you control at least five other Mountains, you may have Valakut, the Molten Pinnacle deal 3 damage to any target.\n{T}: Add {R}.", "type": "Land", "types": ["Land"], "uuid": "68d6d809-9707-5064-acdf-1b0219f620ed", "watermark": "set (ZEN)"}], "code": "PZEN", "isFoilOnly": false, "isOnlineOnly": false, "keyruneCode": "ZEN", "meta": {"date": "2019-09-01", "pricesDate": "2019-09-01", "version": "4.5.0-rebuild.4"}, "name": "Zendikar Promos", "parentCode": "ZEN", "releaseDate": "2009-10-02", "tokens": [], "totalSetSize": 5, "translations": {}, "type": "promo"}