{"baseSetSize": 69, "cards": [{"artist": "Ken Meyer, Jr.", "borderColor": "white", "colorIdentity": ["W"], "colors": ["W"], "convertedManaCost": 1.0, "edhrecRank": 12259, "foreignData": [{"language": "Italian", "name": "Abu Ja'far"}], "frameVersion": "1993", "hasFoil": false, "hasNonFoil": true, "isPaper": true, "isReprint": true, "layout": "normal", "legalities": {"commander": "Legal", "duel": "Legal", "legacy": "Legal", "oldschool": "Legal", "vintage": "Legal"}, "manaCost": "{W}", "mcmId": 19346, "mcmMetaId": 17, "name": "Abu Ja'far", "number": "1", "power": "0", "printings": ["ARN", "CHR", "PRM", "RIN"], "rarity": "uncommon", "rulings": [], "scryfallId": "66259d00-52f3-45d6-af95-7a1d2233edfb", "scryfallIllustrationId": "949634bd-2f5a-4be7-ad24-d7039a57b6d6", "scryfallOracleId": "a2404d88-0621-49ae-9908-052c23a96ac6", "subtypes": ["Human"], "supertypes": [], "text": "When Abu Ja'far dies, destroy all creatures blocking or blocked by it. They can't be regenerated.", "toughness": "1", "type": "Creature — Human", "types": ["Creature"], "uuid": "86d6fcd0-332f-5c1e-81db-c5d7cee5d8ff"}, {"artist": "Julie Baroh", "borderColor": "white", "colorIdentity": ["R"], "colors": ["R"], "convertedManaCost": 4.0, "edhrecRank": 10467, "foreignData": [{"language": "Italian", "name": "Aladino"}], "frameVersion": "1993", "hasFoil": false, "hasNonFoil": true, "isPaper": true, "isReprint": true, "layout": "normal", "legalities": {"commander": "Legal", "duel": "Legal", "legacy": "Legal", "oldschool": "Legal", "penny": "Legal", "vintage": "Legal"}, "manaCost": "{2}{R}{R}", "mcmId": 19347, "mcmMetaId": 102, "name": "Aladdin", "number": "70", "power": "1", "printings": ["ARN", "CHR", "ME4", "RIN"], "rarity": "uncommon", "rulings": [{"date": "2004-10-04", "text": "Aladdin’s ability can take control of more than one artifact, although only one each time the ability is used."}, {"date": "2008-08-01", "text": "You do not lose control of the permanent if it stops being an artifact. The validity of the target is checked only on announcement and resolution of the ability."}], "scryfallId": "a17cef18-0a3b-4f41-a467-cddb659ab076", "scryfallIllustrationId": "1c098a55-7956-4342-83fc-d46e43a88348", "scryfallOracleId": "9a410f83-ed92-4b55-834a-c7cec8f5d1e2", "subtypes": ["Human", "Rogue"], "supertypes": [], "text": "{1}{R}{R}, {T}: Gain control of target artifact for as long as you control Aladdin.", "toughness": "1", "type": "Creature — Human Rogue", "types": ["Creature"], "uuid": "dbeed27b-4d4c-5c78-b2dd-a14377a5270c"}, {"artist": "Julie Baroh", "borderColor": "white", "colorIdentity": ["R"], "colors": ["R"], "convertedManaCost": 1.0, "edhrecRank": 17817, "foreignData": [{"language": "Italian", "name": "Ali Babà"}], "frameVersion": "1993", "hasFoil": false, "hasNonFoil": true, "isPaper": true, "isReprint": true, "layout": "normal", "legalities": {"commander": "Legal", "duel": "Legal", "legacy": "Legal", "oldschool": "Legal", "vintage": "Legal"}, "manaCost": "{R}", "mcmId": 19348, "mcmMetaId": 112, "name": "Ali Baba", "number": "71", "power": "1", "printings": ["4BB", "4ED", "ARN", "REN", "RIN"], "rarity": "uncommon", "rulings": [{"date": "2004-10-04", "text": "This ability may be used to tap more than one Wall per turn if you have enough mana, since tapping isn’t part of the activation cost."}, {"date": "2004-10-04", "text": "The ability may tap walls even when Ali Baba is tapped or just entered the battlefield, since the activation cost doesn’t include {T}."}], "scryfallId": "5e2bcd90-1d34-4ef6-a5eb-e0e790ca44e0", "scryfallIllustrationId": "ce17d1b3-cd55-48a5-aee4-3c0a6ffea81b", "scryfallOracleId": "ef3fdfea-330d-4948-94ec-67e344b48086", "subtypes": ["Human", "Rogue"], "supertypes": [], "text": "{R}: Tap target Wall.", "toughness": "1", "type": "Creature — Human Rogue", "types": ["Creature"], "uuid": "2fbab103-9175-5870-86d4-634753d99837"}, {"artist": "Margaret Organ-Kean", "borderColor": "white", "colorIdentity": [], "colors": [], "convertedManaCost": 2.0, "edhrecRank": 17096, "foreignData": [{"language": "Italian", "name": "Amuleto di Kroog"}], "frameVersion": "1993", "hasFoil": false, "hasNonFoil": true, "isPaper": true, "isReprint": true, "layout": "normal", "legalities": {"commander": "Legal", "duel": "Legal", "legacy": "Legal", "oldschool": "Legal", "pauper": "Legal", "penny": "Legal", "vintage": "Legal"}, "manaCost": "{2}", "mcmId": 19349, "mcmMetaId": 143, "name": "Amulet of Kroog", "number": "99", "printings": ["4BB", "4ED", "5ED", "ATQ", "ME4", "REN", "RIN"], "rarity": "common", "rulings": [], "scryfallId": "7b464e4a-8cc9-4c6a-9692-eb7d202617a5", "scryfallIllustrationId": "08b31408-4d65-4bf3-804f-7c652ad537f3", "scryfallOracleId": "8eca999e-f7f8-4354-b419-2df4249c4361", "subtypes": [], "supertypes": [], "text": "{2}, {T}: Prevent the next 1 damage that would be dealt to any target this turn.", "type": "Artifact", "types": ["Artifact"], "uuid": "5b98e6a3-67da-57d9-b9ef-ab07216141c0"}, {"artist": "Amy Weber", "borderColor": "white", "colorIdentity": ["G"], "colors": ["G"], "convertedManaCost": 2.0, "edhrecRank": 17099, "foreignData": [{"language": "Italian", "name": "Fate Argothiane"}], "frameVersion": "1993", "hasFoil": false, "hasNonFoil": true, "isPaper": true, "isReprint": true, "layout": "normal", "legalities": {"commander": "Legal", "duel": "Legal", "legacy": "Legal", "oldschool": "Legal", "pauper": "Legal", "vintage": "Legal"}, "manaCost": "{1}{G}", "mcmId": 19350, "mcmMetaId": 277, "name": "Argothian Pixies", "number": "100", "power": "2", "printings": ["ATQ", "CHR", "ME4", "RIN"], "rarity": "common", "rulings": [], "scryfallId": "5173186b-ab9b-4d58-b645-5c26bcd7dfdd", "scryfallIllustrationId": "bac16c40-48dc-40e3-ba07-b9f3c3ef6193", "scryfallOracleId": "bbf183bc-d502-4432-8202-f29f60c08396", "subtypes": ["Faerie"], "supertypes": [], "text": "Argothian Pixies can't be blocked by artifact creatures.\nPrevent all damage that would be dealt to Argothian Pixies by artifact creatures.", "toughness": "1", "type": "Creature — Faerie", "types": ["Creature"], "uuid": "af818be8-e6ab-5956-b657-7e5ae6f0ae09"}, {"artist": "Anson Maddocks", "borderColor": "white", "colorIdentity": [], "colors": [], "convertedManaCost": 3.0, "edhrecRank": 51, "foreignData": [{"language": "Italian", "name": "Altare di Ashnod"}], "frameVersion": "1993", "hasFoil": false, "hasNonFoil": true, "isPaper": true, "isReprint": true, "layout": "normal", "legalities": {"commander": "Legal", "duel": "Legal", "legacy": "Legal", "oldschool": "Legal", "pauper": "Legal", "vintage": "Legal"}, "manaCost": "{3}", "mcmId": 19351, "mcmMetaId": 315, "name": "Ashnod's Altar", "number": "101", "printings": ["5ED", "6ED", "ATQ", "CHR", "EMA", "ME4", "RIN", "WC00"], "rarity": "uncommon", "rulings": [], "scryfallId": "99ea166b-01f3-44f2-8e93-da829ea8b5ed", "scryfallIllustrationId": "18ad1104-51e7-41a8-ab39-3a0cde3b170f", "scryfallOracleId": "4d18bcba-a346-445e-a182-6cc30b7e066d", "subtypes": [], "supertypes": [], "text": "Sacrifice a creature: Add {C}{C}.", "type": "Artifact", "types": ["Artifact"], "uuid": "95c4f6e9-90ae-5b25-b24f-e7438cc6e6c5"}, {"artist": "Mark Poole", "borderColor": "white", "colorIdentity": [], "colors": [], "convertedManaCost": 2.0, "edhrecRank": 17449, "foreignData": [{"language": "Italian", "name": "Armatura da Battaglia di Ashnod"}], "frameVersion": "1993", "hasFoil": false, "hasNonFoil": true, "isPaper": true, "isReprint": true, "layout": "normal", "legalities": {"commander": "Legal", "duel": "Legal", "legacy": "Legal", "oldschool": "Legal", "vintage": "Legal"}, "manaCost": "{2}", "mcmId": 19352, "mcmMetaId": 316, "name": "Ashnod's Battle Gear", "number": "102", "printings": ["4BB", "4ED", "ATQ", "REN", "RIN"], "rarity": "uncommon", "rulings": [], "scryfallId": "2d71186c-812c-4148-8fb6-7f5f309ba905", "scryfallIllustrationId": "4d13d888-3e85-47cb-b266-746c26eab5d1", "scryfallOracleId": "b5a390fd-2864-4481-84b4-41e8fac91a80", "subtypes": [], "supertypes": [], "text": "You may choose not to untap Ashnod's Battle Gear during your untap step.\n{2}, {T}: Target creature you control gets +2/-2 for as long as Ashnod's Battle Gear remains tapped.", "type": "Artifact", "types": ["Artifact"], "uuid": "798c7c10-1e54-5e8b-8b1e-7d1c62c57e45"}, {"artist": "Mark Tedin", "borderColor": "white", "colorIdentity": [], "colors": [], "convertedManaCost": 1.0, "edhrecRank": 10533, "foreignData": [{"language": "Italian", "name": "Trasmutatore di Ashnod"}], "frameVersion": "1993", "hasFoil": false, "hasNonFoil": true, "isPaper": true, "isReprint": true, "layout": "normal", "legalities": {"commander": "Legal", "duel": "Legal", "legacy": "Legal", "oldschool": "Legal", "pauper": "Legal", "vintage": "Legal"}, "manaCost": "{1}", "mcmId": 19353, "mcmMetaId": 318, "name": "Ashnod's Transmogrant", "number": "103", "printings": ["5ED", "ATQ", "CHR", "ME1", "RIN"], "rarity": "uncommon", "rulings": [{"date": "2007-09-16", "text": "It’s the ability, not the counter that makes the creature an artifact. The creature remains an artifact even if the +1/+1 counter is removed."}], "scryfallId": "f790fd2d-a325-43a5-a46a-86e3b91ec8db", "scryfallIllustrationId": "188a30c9-48c6-4f43-9067-bb4652205290", "scryfallOracleId": "1a8072c9-e2b8-4173-af88-ed0dd64d10fe", "subtypes": [], "supertypes": [], "text": "{T}, Sacrifice Ashnod's Transmogrant: Put a +1/+1 counter on target nonartifact creature. That creature becomes an artifact in addition to its other types.", "type": "Artifact", "types": ["Artifact"], "uuid": "abe8244b-b72d-57b4-9ae7-ffe91b1000a5"}, {"artist": "Jeff A. Menges", "borderColor": "white", "colorIdentity": [], "colors": [], "convertedManaCost": 2.0, "edhrecRank": 14934, "foreignData": [{"language": "Italian", "name": "Ariete da Assedio"}], "frameVersion": "1993", "hasFoil": false, "hasNonFoil": true, "isPaper": true, "isReprint": true, "layout": "normal", "legalities": {"commander": "Legal", "duel": "Legal", "legacy": "Legal", "oldschool": "Legal", "pauper": "Legal", "vintage": "Legal"}, "manaCost": "{2}", "mcmId": 19354, "mcmMetaId": 477, "name": "Battering Ram", "number": "105", "power": "1", "printings": ["4BB", "4ED", "5ED", "ATQ", "ITP", "REN", "RIN", "RQS"], "rarity": "common", "rulings": [{"date": "2008-10-01", "text": "If a creature with banding attacks, it can team up with any number of other attacking creatures with banding (and up to one nonbanding creature) and attack as a unit called a “band.” The band can be blocked by any creature that could block a single creature in the band. Blocking any creature in a band blocks the entire band. If a creature with banding is blocked, the attacking player chooses how the blockers’ damage is assigned."}, {"date": "2008-10-01", "text": "A maximum of one nonbanding creature can join an attacking band no matter how many creatures with banding are in it."}, {"date": "2008-10-01", "text": "Creatures in the same band must all attack the same player or planeswalker."}, {"date": "2009-10-01", "text": "If a creature in combat has banding, its controller assigns damage for creatures blocking or blocked by it. That player can ignore the damage assignment order when making this assignment."}], "scryfallId": "f4e309c1-8b0d-400a-a289-4752a996773b", "scryfallIllustrationId": "ffa92365-85b9-49ed-9751-51bcee52b4ce", "scryfallOracleId": "e7b91fba-8d96-4040-95e8-f0023b65c497", "subtypes": ["Construct"], "supertypes": [], "text": "At the beginning of combat on your turn, Battering Ram gains banding until end of combat. (Any creatures with banding, and up to one without, can attack in a band. Bands are blocked as a group. If any creatures with banding you control are being blocked by a creature, you divide that creature's combat damage, not its controller, among any of the creatures it's blocking.)\nWhenever Battering Ram becomes blocked by a Wall, destroy that Wall at end of combat.", "toughness": "1", "type": "Artifact Creature — Construct", "types": ["Artifact", "Creature"], "uuid": "64a4d550-522e-5171-8164-a5d857bbec5b"}, {"artist": "Kaja Foglio", "borderColor": "white", "colorIdentity": ["R"], "colors": ["R"], "convertedManaCost": 3.0, "edhrecRank": 18241, "foreignData": [{"language": "Italian", "name": "Fanciulla Alata"}], "frameVersion": "1993", "hasFoil": false, "hasNonFoil": true, "isPaper": true, "isReprint": true, "layout": "normal", "legalities": {"commander": "Legal", "duel": "Legal", "legacy": "Legal", "oldschool": "Legal", "pauper": "Legal", "penny": "Legal", "vintage": "Legal"}, "manaCost": "{2}{R}", "mcmId": 19355, "mcmMetaId": 544, "name": "Bird Maiden", "number": "72", "power": "1", "printings": ["4BB", "4ED", "5ED", "ARN", "ME4", "REN", "RIN"], "rarity": "common", "rulings": [], "scryfallId": "ad8dfe2f-ca4e-463d-ad04-44f11aa3d933", "scryfallIllustrationId": "b00e5e44-ce54-4542-b855-6146fa60bd26", "scryfallOracleId": "bddd6b93-7c69-427a-97ee-0c1f9f950f09", "subtypes": ["Human", "Bird"], "supertypes": [], "text": "Flying", "toughness": "2", "type": "Creature — Human Bird", "types": ["Creature"], "uuid": "c9c13208-9fd8-5e0e-ae2b-ca70c74f80c6"}, {"artist": "Tom Wänerstrand", "borderColor": "white", "colorIdentity": [], "colors": [], "convertedManaCost": 6.0, "foreignData": [{"language": "Italian", "name": "Tavoletta di Bronzo"}], "frameVersion": "1993", "hasFoil": false, "hasNonFoil": true, "isPaper": true, "isReprint": true, "layout": "normal", "legalities": {"commander": "Banned", "duel": "Banned", "legacy": "Banned", "oldschool": "Banned", "vintage": "Banned"}, "manaCost": "{6}", "mcmId": 19356, "mcmMetaId": 725, "name": "Bronze Tablet", "number": "106", "printings": ["4BB", "4ED", "ATQ", "REN", "RIN"], "rarity": "uncommon", "rulings": [{"date": "2004-10-04", "text": "If using a copy of the Tablet, you must trade the copy card to your opponent just like you would have traded the Tablet."}, {"date": "2004-10-04", "text": "You can’t choose to pay 10 life if you have less than 10 life, but you may choose to give up the game immediately. This has roughly the same effect."}, {"date": "2004-10-04", "text": "You can take control of your opponent’s Tablet and in the trade you only have to give them back their Tablet."}, {"date": "2004-10-04", "text": "If the card being targeted by the Bronze Tablet is removed before Tablet takes effect, then the Tablet ability doesn’t resolve and it remains tapped."}, {"date": "2008-08-01", "text": "If the tablet is not still on the battlefield when the ability resolves, it is not exiled. The other player still has the choice to pay 10 life, and you still become the owner of their card if they choose not to do so."}], "scryfallId": "565d6e4f-57a2-465a-a9ce-9a55c2b118ad", "scryfallIllustrationId": "e7f6f56e-eac0-4ed1-a14c-d1d7f3e87189", "scryfallOracleId": "a1ab033f-9605-4ca2-a98b-c0b2e1599609", "subtypes": [], "supertypes": [], "text": "Remove Bronze Tablet from your deck before playing if you're not playing for ante.\nBronze Tablet enters the battlefield tapped.\n{4}, {T}: Exile Bronze Tablet and target nontoken permanent an opponent owns. That player may pay 10 life. If they do, put Bronze Tablet into its owner's graveyard. Otherwise, that player owns Bronze Tablet and you own the other exiled card.", "type": "Artifact", "types": ["Artifact"], "uuid": "de777895-dcfd-5dd3-9617-9af4d0223950"}, {"artist": "Pete Venters", "borderColor": "white", "colorIdentity": ["W"], "colors": ["W"], "convertedManaCost": 2.0, "edhrecRank": 13120, "foreignData": [{"language": "Italian", "name": "Circolo di Protezione: Artefatti"}], "frameVersion": "1993", "hasFoil": false, "hasNonFoil": true, "isPaper": true, "isReprint": true, "layout": "normal", "legalities": {"commander": "Legal", "duel": "Legal", "legacy": "Legal", "modern": "Legal", "oldschool": "Legal", "penny": "Legal", "vintage": "Legal"}, "manaCost": "{1}{W}", "mcmId": 19357, "mcmMetaId": 993, "name": "Circle of Protection: Artifacts", "number": "5", "printings": ["4BB", "4ED", "5DN", "5ED", "ATQ", "REN", "RIN"], "rarity": "uncommon", "rulings": [], "scryfallId": "87f890cf-1ee2-49aa-b650-51c69df51e62", "scryfallIllustrationId": "b77a0066-5fa2-406c-a4c8-2de74b2dbd32", "scryfallOracleId": "2e61e9c0-a2b9-4a24-8cb0-5160accce183", "subtypes": [], "supertypes": [], "text": "{2}: The next time an artifact source of your choice would deal damage to you this turn, prevent that damage.", "type": "Enchantment", "types": ["Enchantment"], "uuid": "2b847efd-235c-566d-811a-2b13d08a8394"}, {"artist": "Ron Walotsky", "borderColor": "white", "colorIdentity": [], "colors": [], "convertedManaCost": 0.0, "edhrecRank": 88, "foreignData": [{"language": "Italian", "name": "Città d'Ottone"}], "frameVersion": "1993", "hasFoil": false, "hasNonFoil": true, "isPaper": true, "isReprint": true, "layout": "normal", "legalities": {"commander": "Legal", "duel": "Legal", "legacy": "Legal", "modern": "Legal", "vintage": "Legal"}, "mcmId": 19358, "mcmMetaId": 1009, "name": "City of Brass", "number": "171", "printings": ["5ED", "6ED", "7ED", "8ED", "ARN", "CHR", "MD1", "ME4", "MMA", "PRM", "PSUS", "PTC", "RIN", "WC00", "WC01", "WC02", "WC03", "WC97", "WC98"], "rarity": "uncommon", "rulings": [{"date": "2004-10-04", "text": "The first ability triggers no matter how the land becomes tapped."}, {"date": "2004-10-04", "text": "If you tap City of Brass while you are casting a spell or activating an ability, its ability will trigger and wait. When you finish casting that spell or activating that ability, City of Brass’s triggered ability is put on the stack on top of it. City of Brass’s ability will resolve first."}, {"date": "2004-10-04", "text": "On the other hand, you can tap City of Brass, put its triggered ability on the stack, and then respond to that ability by casting an instant or activating an ability using that mana. In that case, the instant spell or activated ability will resolve first."}], "scryfallId": "ea5dc646-fb05-4d2d-92db-5c2d7931dcc3", "scryfallIllustrationId": "1600a60f-380e-48d0-b411-0e33685ff6ba", "scryfallOracleId": "f25351e3-539b-4bbc-b92d-6480acf4d722", "subtypes": [], "supertypes": [], "text": "Whenever City of Brass becomes tapped, it deals 1 damage to you.\n{T}: Add one mana of any color.", "type": "Land", "types": ["Land"], "uuid": "d0bcdd31-5698-5317-867f-0745c4188696"}, {"artist": "Jesper Myrfors", "borderColor": "white", "colorIdentity": [], "colors": [], "convertedManaCost": 4.0, "edhrecRank": 16750, "foreignData": [{"language": "Italian", "name": "Statua di Argilla"}], "frameVersion": "1993", "hasFoil": false, "hasNonFoil": true, "isPaper": true, "isReprint": true, "layout": "normal", "legalities": {"commander": "Legal", "duel": "Legal", "legacy": "Legal", "oldschool": "Legal", "pauper": "Legal", "vintage": "Legal"}, "manaCost": "{4}", "mcmId": 19359, "mcmMetaId": 1017, "name": "Clay Statue", "number": "109", "power": "3", "printings": ["4BB", "4ED", "5ED", "ATQ", "ME4", "REN", "RIN"], "rarity": "common", "rulings": [], "scryfallId": "3f8d4232-0fde-4e69-823f-5fdf60d8ad96", "scryfallIllustrationId": "15cc0203-d9b4-41db-a7a1-28a0cdcc90bb", "scryfallOracleId": "cc1ba59c-bb70-4da9-bbd0-a466075f9053", "subtypes": ["Golem"], "supertypes": [], "text": "{2}: Regenerate Clay Statue.", "toughness": "1", "type": "Artifact Creature — Golem", "types": ["Artifact", "Creature"], "uuid": "8e5d4e7e-9624-571d-a1d3-4474a88cb9ee"}, {"artist": "Randy Asplund-Faith", "borderColor": "white", "colorIdentity": [], "colors": [], "convertedManaCost": 5.0, "edhrecRank": 16752, "foreignData": [{"language": "Italian", "name": "Creatura Alata Meccanica"}], "frameVersion": "1993", "hasFoil": false, "hasNonFoil": true, "isPaper": true, "isReprint": true, "layout": "normal", "legalities": {"commander": "Legal", "duel": "Legal", "legacy": "Legal", "oldschool": "Legal", "vintage": "Legal"}, "manaCost": "{5}", "mcmId": 19360, "mcmMetaId": 1032, "name": "Clockwork Avian", "number": "110", "power": "0", "printings": ["4BB", "4ED", "ATQ", "BTD", "ME4", "REN", "RIN"], "rarity": "uncommon", "rulings": [{"date": "2004-10-04", "text": "Loses a counter even if it is affected by a Fog-like effect which prevents it from dealing damage."}, {"date": "2004-10-04", "text": "Can attack or block even if it has no counters."}, {"date": "2004-10-04", "text": "If the ability to add counters resolves when there are already the maximum number of counters on it, any counters over the maximum are simply not added."}], "scryfallId": "e4c7eb6b-98d2-4b3c-b93d-0317e593a94e", "scryfallIllustrationId": "2d5d50cb-bca4-448e-b9b4-d566ecfcd74a", "scryfallOracleId": "3d5b71d4-ed5e-4c6d-be70-bebbb1475257", "subtypes": ["Bird"], "supertypes": [], "text": "Flying\nClockwork Avian enters the battlefield with four +1/+0 counters on it.\nAt end of combat, if Clockwork Avian attacked or blocked this combat, remove a +1/+0 counter from it.\n{X}, {T}: Put up to X +1/+0 counters on Clockwork Avian. This ability can't cause the total number of +1/+0 counters on Clockwork Avian to be greater than four. Activate this ability only during your upkeep.", "toughness": "4", "type": "Artifact Creature — Bird", "types": ["Artifact", "Creature"], "uuid": "486b50c8-87a8-5108-b1a4-f9d55b1e1f82"}, {"artist": "Jesper Myrfors", "borderColor": "white", "colorIdentity": [], "colors": [], "convertedManaCost": 9.0, "edhrecRank": 13744, "foreignData": [{"language": "Italian", "name": "Colosso di Sardia"}], "frameVersion": "1993", "hasFoil": false, "hasNonFoil": true, "isPaper": true, "isReprint": true, "layout": "normal", "legalities": {"commander": "Legal", "duel": "Legal", "legacy": "Legal", "modern": "Legal", "oldschool": "Legal", "penny": "Legal", "vintage": "Legal"}, "manaCost": "{9}", "mcmId": 19361, "mcmMetaId": 1084, "name": "Colossus of Sardia", "number": "111", "power": "9", "printings": ["10E", "4BB", "4ED", "5ED", "ATQ", "ME4", "REN", "RIN"], "rarity": "uncommon", "rulings": [{"date": "2008-05-01", "text": "The ability that untaps it during your upkeep has been returned to an activated ability. There is no restriction on how many times it can be untapped during your upkeep with this ability."}], "scryfallId": "c4b384c8-1aad-4b17-a7e6-e8e616f2542b", "scryfallIllustrationId": "e5c3ff00-a575-4605-9602-a7a62c836217", "scryfallOracleId": "9be9625e-b98b-416b-aac4-9f7b2dfbd39d", "subtypes": ["Golem"], "supertypes": [], "text": "Trample (This creature can deal excess combat damage to the player or planeswalker it's attacking.)\nColossus of Sardia doesn't untap during your untap step.\n{9}: Untap Colossus of Sardia. Activate this ability only during your upkeep.", "toughness": "9", "type": "Artifact Creature — Golem", "types": ["Artifact", "Creature"], "uuid": "9a61ceb4-2bbd-5660-bb5a-9f3aa848897d"}, {"artist": "Amy Weber", "borderColor": "white", "colorIdentity": [], "colors": [], "convertedManaCost": 3.0, "edhrecRank": 18495, "foreignData": [{"language": "Italian", "name": "Elmo di Corallo"}], "frameVersion": "1993", "hasFoil": false, "hasNonFoil": true, "isPaper": true, "isReprint": true, "layout": "normal", "legalities": {"commander": "Legal", "duel": "Legal", "legacy": "Legal", "oldschool": "Legal", "vintage": "Legal"}, "manaCost": "{3}", "mcmId": 19362, "mcmMetaId": 1140, "name": "Coral Helm", "number": "113", "printings": ["4BB", "4ED", "5ED", "ATQ", "ME4", "REN", "RIN"], "rarity": "uncommon", "rulings": [], "scryfallId": "7bab6468-32d4-4b0f-87fe-dcc644d0fe98", "scryfallIllustrationId": "826d7ff7-0fc2-4a99-b634-0cfb347541b5", "scryfallOracleId": "aa2970c8-f2ea-4e06-8b8f-ec89af0012a0", "subtypes": [], "supertypes": [], "text": "{3}, Discard a card at random: Target creature gets +2/+2 until end of turn.", "type": "Artifact", "types": ["Artifact"], "uuid": "e294c2d4-762c-5848-a212-397e8134bc11"}, {"artist": "Kaja Foglio", "borderColor": "white", "colorIdentity": ["B"], "colors": ["B"], "convertedManaCost": 2.0, "edhrecRank": 11873, "foreignData": [{"language": "Italian", "name": "Streghe Cuombajj"}], "frameVersion": "1993", "hasFoil": false, "hasNonFoil": true, "isPaper": true, "isReprint": true, "layout": "normal", "legalities": {"commander": "Legal", "duel": "Legal", "legacy": "Legal", "oldschool": "Legal", "pauper": "Legal", "vintage": "Legal"}, "manaCost": "{B}{B}", "mcmId": 19363, "mcmMetaId": 1250, "name": "Cuombajj Witches", "number": "50", "power": "1", "printings": ["ARN", "ATH", "CHR", "ME1", "PRM", "RIN"], "rarity": "common", "rulings": [{"date": "2004-10-04", "text": "In multiplayer games you can choose a different opposing player each time it is used. You also don’t have to choose the same player that you targeted with the effect (or whose creature you targeted)."}, {"date": "2004-10-04", "text": "If either target becomes invalid, the other one is still affected."}, {"date": "2004-10-04", "text": "Both targets are chosen on activation, but you choose your target before the opponent chooses."}, {"date": "2005-10-01", "text": "The two targets can be the same."}], "scryfallId": "47145a44-35ce-411e-86c2-438daff534b3", "scryfallIllustrationId": "5e933236-27bd-4c3f-8b16-cac36a229d42", "scryfallOracleId": "638eeb16-9e0e-4cc6-b97e-8ff0df81ca58", "subtypes": ["Human", "Wizard"], "supertypes": [], "text": "{T}: Cuombajj Witches deals 1 damage to any target and 1 damage to any target of an opponent's choice.", "toughness": "3", "type": "Creature — Human Wizard", "types": ["Creature"], "uuid": "aa569b22-e519-5d9d-a663-ff6ff48c01cf"}, {"artist": "Richard Thomas", "borderColor": "white", "colorIdentity": [], "colors": [], "convertedManaCost": 4.0, "edhrecRank": 11067, "foreignData": [{"language": "Italian", "name": "Griglia Maledetta"}], "frameVersion": "1993", "hasFoil": false, "hasNonFoil": true, "isPaper": true, "isReprint": true, "layout": "normal", "legalities": {"commander": "Legal", "duel": "Legal", "legacy": "Legal", "oldschool": "Legal", "vintage": "Legal"}, "manaCost": "{4}", "mcmId": 19364, "mcmMetaId": 1258, "name": "Cursed Rack", "number": "114", "printings": ["4BB", "4ED", "ATQ", "ME1", "REN", "RIN"], "rarity": "common", "rulings": [{"date": "2004-10-04", "text": "The effect of lowering the maximum hand size makes it so the player discards down to 4 cards (instead of the usual 7) during the cleanup step."}, {"date": "2004-10-04", "text": "You choose one opposing player just as this card is entering the battlefield and it only affects that one player. This choice is not changed even if this card changes controllers. It becomes useless but stays on the battlefield if the chosen player leaves the game."}, {"date": "2009-10-01", "text": "If multiple effects modify your hand size, apply them in timestamp order. For example, if you put Null Profusion (an enchantment that says your maximum hand size is two) onto the battlefield and then a player puts Cursed Rack onto the battlefield choosing you, your maximum hand size will be four. However, if those permanents entered the battlefield in the opposite order, your maximum hand size would be two."}], "scryfallId": "cac00b69-e889-4f1a-b9cd-f0670bf7e60c", "scryfallIllustrationId": "9ac01382-661a-409b-a180-387bde612d2f", "scryfallOracleId": "4f04603f-8f91-405b-b6ac-d2b66f05e32f", "subtypes": [], "supertypes": [], "text": "As Cursed Rack enters the battlefield, choose an opponent.\nThe chosen player's maximum hand size is four.", "type": "Artifact", "types": ["Artifact"], "uuid": "156e25d0-1255-5162-aa16-42d92d162949"}, {"artist": "Mark Tedin", "borderColor": "white", "colorIdentity": ["G"], "colors": ["G"], "convertedManaCost": 4.0, "edhrecRank": 13124, "foreignData": [{"language": "Italian", "name": "Ciclone"}], "frameVersion": "1993", "hasFoil": false, "hasNonFoil": true, "isPaper": true, "isReprint": true, "layout": "normal", "legalities": {"commander": "Legal", "duel": "Legal", "legacy": "Legal", "oldschool": "Legal", "penny": "Legal", "vintage": "Legal"}, "manaCost": "{2}{G}{G}", "mcmId": 19365, "mcmMetaId": 1264, "name": "Cyclone", "number": "116", "printings": ["ARN", "CHR", "ME4", "RIN"], "rarity": "uncommon", "rulings": [], "scryfallId": "45b467e2-9cb7-4fb4-9ecc-e68bea2df130", "scryfallIllustrationId": "14232b8b-0569-45bb-bb8d-ac8ce0b81c35", "scryfallOracleId": "fc9e82b2-f148-431b-9312-97b7101cffe4", "subtypes": [], "supertypes": [], "text": "At the beginning of your upkeep, put a wind counter on Cyclone, then sacrifice Cyclone unless you pay {G} for each wind counter on it. If you pay, Cyclone deals damage equal to the number of wind counters on it to each creature and each player.", "type": "Enchantment", "types": ["Enchantment"], "uuid": "f4316baf-651f-5b9a-83c4-85eeec223b73"}, {"artist": "Drew Tucker", "borderColor": "white", "colorIdentity": ["U"], "colors": ["U"], "convertedManaCost": 2.0, "edhrecRank": 14837, "foreignData": [{"language": "Italian", "name": "Dandân"}], "frameVersion": "1993", "hasFoil": false, "hasNonFoil": true, "isPaper": true, "isReprint": true, "layout": "normal", "legalities": {"commander": "Legal", "duel": "Legal", "legacy": "Legal", "modern": "Legal", "oldschool": "Legal", "pauper": "Legal", "vintage": "Legal"}, "manaCost": "{U}{U}", "mcmId": 19366, "mcmMetaId": 8585, "name": "Dandân", "number": "25", "power": "4", "printings": ["5ED", "ARN", "CHR", "RIN", "TSB"], "rarity": "common", "rulings": [], "scryfallId": "7715d930-6d75-4b28-9e83-ebd0a1d792b8", "scryfallIllustrationId": "513fe9d5-9d6e-465a-aff2-04f0dfbf207a", "scryfallOracleId": "88929373-b2c8-4a81-a809-fed87fd5b0d7", "subtypes": ["Fish"], "supertypes": [], "text": "Dandân can't attack unless defending player controls an Island.\nWhen you control no Islands, sacrifice Dandân.", "toughness": "1", "type": "Creature — Fish", "types": ["Creature"], "uuid": "b3747b2d-169b-5416-85ad-d2a5fe3639f0"}, {"artist": "Randy Asplund-Faith", "borderColor": "white", "colorIdentity": ["R"], "colors": ["R"], "convertedManaCost": 1.0, "edhrecRank": 13324, "foreignData": [{"language": "Italian", "name": "Detonazione"}], "frameVersion": "1993", "hasFoil": false, "hasNonFoil": true, "isPaper": true, "isReprint": true, "layout": "normal", "legalities": {"commander": "Legal", "duel": "Legal", "legacy": "Legal", "modern": "Legal", "oldschool": "Legal", "penny": "Legal", "vintage": "Legal"}, "manaCost": "{X}{R}", "mcmId": 19367, "mcmMetaId": 1465, "name": "Detonate", "number": "77", "printings": ["4BB", "4ED", "5ED", "ATQ", "ITP", "ME4", "MRD", "PTC", "REN", "RIN", "RQS"], "rarity": "uncommon", "rulings": [{"date": "2004-10-04", "text": "If the artifact becomes an illegal target before resolution, then no damage is done."}], "scryfallId": "b01c0d5a-25e3-4e5a-baea-2dd3a3693118", "scryfallIllustrationId": "d3fe8be5-1227-4440-b042-5922f4c9c199", "scryfallOracleId": "daa90a75-c600-41bd-9311-ec21cf51480b", "subtypes": [], "supertypes": [], "text": "Destroy target artifact with converted mana cost X. It can't be regenerated. Detonate deals X damage to that artifact's controller.", "type": "Sorcery", "types": ["Sorcery"], "uuid": "a8412066-b9b3-5522-961a-b90513423dae"}, {"artist": "Ken Meyer, Jr.", "borderColor": "white", "colorIdentity": ["G"], "colors": ["G"], "convertedManaCost": 4.0, "edhrecRank": 16294, "foreignData": [{"language": "Italian", "name": "Genio di Erhnam"}], "frameVersion": "1993", "hasFoil": false, "hasNonFoil": true, "isPaper": true, "isReprint": true, "layout": "normal", "legalities": {"commander": "Legal", "duel": "Legal", "legacy": "Legal", "oldschool": "Legal", "penny": "Legal", "vintage": "Legal"}, "manaCost": "{3}{G}", "mcmId": 19368, "mcmMetaId": 1847, "name": "Erhnam Djinn", "number": "118", "power": "4", "printings": ["ARN", "ATH", "BTD", "CHR", "JUD", "PTC", "RIN", "VMA"], "rarity": "uncommon", "rulings": [{"date": "2004-10-04", "text": "In multiplayer games you can choose a different player’s creature each upkeep. You are forced to pick a creature that some opponent controls if there is at least one creature on the battlefield that is a legal target."}, {"date": "2004-10-04", "text": "If you have more than one Djinn, you can have all of them target the same creature with their ability."}, {"date": "2004-10-04", "text": "If there are no creatures your opponent controls to target at the beginning of your upkeep, ignore this ability."}], "scryfallId": "8129cda8-ed12-44f2-b110-aab04ab7bea3", "scryfallIllustrationId": "ba86103d-8ef5-4095-bcdf-558f53a1a98e", "scryfallOracleId": "d48a38c9-3dcd-4c18-8840-1b057ede3ff0", "subtypes": ["Djinn"], "supertypes": [], "text": "At the beginning of your upkeep, target non-Wall creature an opponent controls gains forestwalk until your next upkeep. (It can't be blocked as long as defending player controls a Forest.)", "toughness": "5", "type": "Creature — Djinn", "types": ["Creature"], "uuid": "a8503c9b-b4c2-5465-9c7a-7828fdfd77b5"}, {"artist": "Mark Tedin", "borderColor": "white", "colorIdentity": [], "colors": [], "convertedManaCost": 1.0, "edhrecRank": 4484, "foreignData": [{"language": "Italian", "name": "Bastone di Feldon"}], "frameVersion": "1993", "hasFoil": false, "hasNonFoil": true, "isPaper": true, "isReprint": true, "layout": "normal", "legalities": {"commander": "Legal", "duel": "Legal", "legacy": "Legal", "modern": "Legal", "oldschool": "Legal", "pauper": "Legal", "vintage": "Legal"}, "manaCost": "{1}", "mcmId": 19369, "mcmMetaId": 1987, "name": "Feldon's Cane", "number": "119", "printings": ["5ED", "ATQ", "CHR", "PTC", "RIN", "TSB"], "rarity": "common", "rulings": [], "scryfallId": "435acd51-6996-495a-9246-54f590e0471f", "scryfallIllustrationId": "9923a4a0-b159-4b89-a237-da8792442319", "scryfallOracleId": "9b884dfd-59f4-45c0-bf1e-6ad9f5b58895", "subtypes": [], "supertypes": [], "text": "{T}, Exile Feldon's Cane: Shuffle your graveyard into your library.", "type": "Artifact", "types": ["Artifact"], "uuid": "af6ff0e1-bc80-5f58-8b00-2c43e8521c6f"}, {"artist": "Anson Maddocks", "borderColor": "white", "colorIdentity": ["U"], "colors": ["U"], "convertedManaCost": 2.0, "edhrecRank": 14651, "foreignData": [{"language": "Italian", "name": "Unguento di Fegato di Pesce"}], "frameVersion": "1993", "hasFoil": false, "hasNonFoil": true, "isPaper": true, "isReprint": true, "layout": "normal", "legalities": {"commander": "Legal", "duel": "Legal", "legacy": "Legal", "modern": "Legal", "oldschool": "Legal", "pauper": "Legal", "penny": "Legal", "vintage": "Legal"}, "manaCost": "{1}{U}", "mcmId": 19370, "mcmMetaId": 2064, "name": "Fishliver Oil", "number": "26", "printings": ["9ED", "ARN", "CHR", "RIN"], "rarity": "common", "rulings": [], "scryfallId": "a73933f7-6b81-471c-824e-657a86031393", "scryfallIllustrationId": "fae11bb7-dec3-49e2-a952-1e927aceaa88", "scryfallOracleId": "75457fe5-4ab6-42c4-98e5-8ed6e8bf122c", "subtypes": ["Aura"], "supertypes": [], "text": "Enchant creature (Target a creature as you cast this. This card enters the battlefield attached to that creature.)\nEnchanted creature has islandwalk. (It can't be blocked as long as defending player controls an Island.)", "type": "Enchantment — Aura", "types": ["Enchantment"], "uuid": "d8f0a73c-4b75-514b-a8ca-c8c990e04626"}, {"artist": "Jesper Myrfors", "borderColor": "white", "colorIdentity": ["G"], "colors": ["G"], "convertedManaCost": 1.0, "edhrecRank": 17496, "foreignData": [{"language": "Italian", "name": "Ogre di Ghazbán"}], "frameVersion": "1993", "hasFoil": false, "hasNonFoil": true, "isPaper": true, "isReprint": true, "layout": "normal", "legalities": {"commander": "Legal", "duel": "Legal", "legacy": "Legal", "pauper": "Legal", "vintage": "Legal"}, "manaCost": "{G}", "mcmId": 19371, "mcmMetaId": 2305, "name": "Ghazbán Ogre", "number": "121", "power": "2", "printings": ["5ED", "ARN", "CHR", "ME1", "RIN", "WC97"], "rarity": "common", "rulings": [], "scryfallId": "da50d893-1d0e-4ba2-9de1-1db2b6fd1c33", "scryfallIllustrationId": "e60785d6-0cda-4820-8ebd-3046d3179238", "scryfallOracleId": "d361bdd4-afb8-493d-9091-ebe22f215834", "subtypes": ["Ogre"], "supertypes": [], "text": "At the beginning of your upkeep, if a player has more life than each other player, the player with the most life gains control of Ghazbán Ogre.", "toughness": "2", "type": "Creature — Ogre", "types": ["Creature"], "uuid": "622564a9-67b1-5f40-8258-678a2c91a290"}, {"artist": "Kaja Foglio", "borderColor": "white", "colorIdentity": ["U"], "colors": ["U"], "convertedManaCost": 2.0, "edhrecRank": 16305, "foreignData": [{"language": "Italian", "name": "Testuggine Gigante"}], "frameVersion": "1993", "hasFoil": false, "hasNonFoil": true, "isPaper": true, "isReprint": true, "layout": "normal", "legalities": {"commander": "Legal", "duel": "Legal", "legacy": "Legal", "oldschool": "Legal", "pauper": "Legal", "penny": "Legal", "vintage": "Legal"}, "manaCost": "{1}{U}", "mcmId": 19372, "mcmMetaId": 2333, "name": "Giant Tortoise", "number": "27", "power": "1", "printings": ["4BB", "4ED", "ARN", "EMA", "ME1", "ME4", "REN", "RIN"], "rarity": "common", "rulings": [], "scryfallId": "78ecdc6d-52e7-4a41-be96-623c11e314ea", "scryfallIllustrationId": "d6c804d8-b0bb-4d5e-aa7c-99aa4e85ae6e", "scryfallOracleId": "2dd50d7f-941f-4deb-a15c-ee2357844c35", "subtypes": ["Turtle"], "supertypes": [], "text": "Giant Tortoise gets +0/+3 as long as it's untapped.", "toughness": "1", "type": "Creature — Turtle", "types": ["Creature"], "uuid": "ef29ae18-315c-58ee-86c1-7d939de790a3"}, {"artist": "Julie Baroh", "borderColor": "white", "colorIdentity": ["R"], "colors": ["R"], "convertedManaCost": 1.0, "edhrecRank": 12926, "foreignData": [{"language": "Italian", "name": "Artigiani dei Goblin"}], "frameVersion": "1993", "hasFoil": false, "hasNonFoil": true, "isPaper": true, "isReprint": true, "layout": "normal", "legalities": {"commander": "Legal", "duel": "Legal", "legacy": "Legal", "oldschool": "Legal", "vintage": "Legal"}, "manaCost": "{R}", "mcmId": 19373, "mcmMetaId": 2374, "name": "Goblin Artisans", "number": "79", "power": "1", "printings": ["ATQ", "CHR", "RIN"], "rarity": "uncommon", "rulings": [], "scryfallId": "f6cf2517-a7fa-4444-bfa7-abe5941c50bb", "scryfallIllustrationId": "593c5e80-71d1-4243-8621-1dade9cedc72", "scryfallOracleId": "ec85a375-fe38-4b11-af0e-f2b466181dd7", "subtypes": ["Goblin", "Artificer"], "supertypes": [], "text": "{T}: Flip a coin. If you win the flip, draw a card. If you lose the flip, counter target artifact spell you control that isn't the target of an ability from another creature named Goblin Artisans.", "toughness": "1", "type": "Creature — Goblin Artificer", "types": ["Creature"], "uuid": "83dd4b71-46c1-5f6f-9dd9-cec0852a4b8e"}, {"artist": "Dan Frazier", "borderColor": "white", "colorIdentity": [], "colors": [], "convertedManaCost": 4.0, "edhrecRank": 18734, "foreignData": [{"language": "Italian", "name": "Catapulta a Mitraglia"}], "frameVersion": "1993", "hasFoil": false, "hasNonFoil": true, "isPaper": true, "isReprint": true, "layout": "normal", "legalities": {"commander": "Legal", "duel": "Legal", "legacy": "Legal", "oldschool": "Legal", "pauper": "Legal", "penny": "Legal", "vintage": "Legal"}, "manaCost": "{4}", "mcmId": 19374, "mcmMetaId": 2493, "name": "Grapeshot Catapult", "number": "125", "power": "2", "printings": ["4BB", "4ED", "5ED", "7ED", "ATQ", "ME4", "REN", "RIN"], "rarity": "common", "rulings": [], "scryfallId": "2b6a8ad3-103d-4d53-b8b7-3fc8ec0ad972", "scryfallIllustrationId": "d88f59f9-5889-4de5-8d44-a3c1f8d6bc6e", "scryfallOracleId": "23f73983-0337-4464-8817-5f7596d65b38", "subtypes": ["Construct"], "supertypes": [], "text": "{T}: Grapeshot Catapult deals 1 damage to target creature with flying.", "toughness": "3", "type": "Artifact Creature — Construct", "types": ["Artifact", "Creature"], "uuid": "c064e3ca-d17a-52dc-8f11-f681e17a57f5"}, {"artist": "Dan Frazier", "borderColor": "white", "colorIdentity": ["B"], "colors": ["B"], "convertedManaCost": 2.0, "edhrecRank": 18547, "foreignData": [{"language": "Italian", "name": "Orchessa di Hasran"}], "frameVersion": "1993", "hasFoil": false, "hasNonFoil": true, "isPaper": true, "isReprint": true, "layout": "normal", "legalities": {"commander": "Legal", "duel": "Legal", "legacy": "Legal", "oldschool": "Legal", "pauper": "Legal", "vintage": "Legal"}, "manaCost": "{B}{B}", "mcmId": 19375, "mcmMetaId": 2605, "name": "Hasran Ogress", "number": "53", "power": "3", "printings": ["ARN", "CHR", "ME4", "RIN"], "rarity": "common", "rulings": [{"date": "2004-10-04", "text": "You either take damage or pay the 2 mana during resolution."}], "scryfallId": "feba4ad9-3d6d-4676-862a-c2cc9ad35350", "scryfallIllustrationId": "28f7f4ce-5099-4d09-8568-b1220625cb6a", "scryfallOracleId": "a57d4a9d-4ac5-4a68-adb9-a73754034d7c", "subtypes": ["Ogre"], "supertypes": [], "text": "Whenever Hasran Ogress attacks, it deals 3 damage to you unless you pay {2}.", "toughness": "2", "type": "Creature — Ogre", "types": ["Creature"], "uuid": "89ef684c-b3ff-5bca-a27e-c6d2f65e7849"}, {"artist": "Drew Tucker", "borderColor": "white", "colorIdentity": ["R"], "colors": ["R"], "convertedManaCost": 1.0, "edhrecRank": 17893, "foreignData": [{"language": "Italian", "name": "Sciacallo di Hurr"}], "frameVersion": "1993", "hasFoil": false, "hasNonFoil": true, "isPaper": true, "isReprint": true, "layout": "normal", "legalities": {"commander": "Legal", "duel": "Legal", "legacy": "Legal", "oldschool": "Legal", "pauper": "Legal", "vintage": "Legal"}, "manaCost": "{R}", "mcmId": 19376, "mcmMetaId": 2773, "name": "Hurr Jackal", "number": "81", "power": "1", "printings": ["4BB", "4ED", "ARN", "REN", "RIN"], "rarity": "common", "rulings": [], "scryfallId": "dfd87dd3-4505-4a51-8972-dd9457789f6f", "scryfallIllustrationId": "bfb17653-5d44-420c-843e-870b534b05ef", "scryfallOracleId": "d17f5afa-a884-4b99-aa9e-89ddb3d43b22", "subtypes": ["Jackal"], "supertypes": [], "text": "{T}: Target creature can't be regenerated this turn.", "toughness": "1", "type": "Creature — Jackal", "types": ["Creature"], "uuid": "891337a9-a156-5ae6-9f97-9346190bae56"}, {"artist": "Anson Maddocks", "borderColor": "white", "colorIdentity": ["R"], "colors": ["R"], "convertedManaCost": 2.0, "edhrecRank": 17521, "foreignData": [{"language": "Italian", "name": "Orchi dell'Artiglio di Ferro"}], "frameVersion": "1993", "hasFoil": false, "hasNonFoil": true, "isPaper": true, "isReprint": true, "layout": "normal", "legalities": {"commander": "Legal", "duel": "Legal", "legacy": "Legal", "oldschool": "Legal", "pauper": "Legal", "penny": "Legal", "vintage": "Legal"}, "manaCost": "{1}{R}", "mcmId": 19377, "mcmMetaId": 2915, "name": "Ironclaw Orcs", "number": "82", "power": "2", "printings": ["2ED", "4BB", "4ED", "5ED", "CED", "CEI", "ITP", "LEA", "LEB", "ME2", "REN", "RIN", "RQS", "WC98"], "rarity": "common", "rulings": [], "scryfallId": "840da7c6-3494-41c6-9d12-3207b586303c", "scryfallIllustrationId": "2897389a-f6b1-4fa2-97da-97250fc8a5d0", "scryfallOracleId": "c645a616-0d7d-416c-b5f3-057b3a1666a0", "subtypes": ["Orc"], "supertypes": [], "text": "Ironclaw Orcs can't block creatures with power 2 or greater.", "toughness": "2", "type": "Creature — Orc", "types": ["Creature"], "uuid": "4d703399-9c16-57d9-a65b-a0cc9735a812"}, {"artist": "Tom Wänerstrand", "borderColor": "white", "colorIdentity": [], "colors": [], "convertedManaCost": 3.0, "edhrecRank": 7157, "foreignData": [{"language": "Italian", "name": "Tomo di Jalum"}], "frameVersion": "1993", "hasFoil": false, "hasNonFoil": true, "isPaper": true, "isReprint": true, "layout": "normal", "legalities": {"commander": "Legal", "duel": "Legal", "legacy": "Legal", "penny": "Legal", "vintage": "Legal"}, "manaCost": "{3}", "mcmId": 19378, "mcmMetaId": 2948, "name": "Jalum Tome", "number": "127", "printings": ["5ED", "6ED", "7ED", "ATH", "ATQ", "C14", "CHR", "CM2", "PTC", "RIN"], "rarity": "uncommon", "rulings": [], "scryfallId": "e6c5e1a0-1ac9-415a-befa-a1bfe8825bb0", "scryfallIllustrationId": "c0ec7697-2913-4788-8791-296f5e4dc1c4", "scryfallOracleId": "32d9fd98-142b-41d2-b8f0-40ae1d4cb991", "subtypes": [], "supertypes": [], "text": "{2}, {T}: Draw a card, then discard a card.", "type": "Artifact", "types": ["Artifact"], "uuid": "95a91194-e652-55f6-9f6a-11f96ae722bf"}, {"artist": "Amy Weber", "borderColor": "white", "colorIdentity": [], "colors": [], "convertedManaCost": 1.0, "foreignData": [{"language": "Italian", "name": "Pavone Ingioiellato"}], "frameVersion": "1993", "hasFoil": false, "hasNonFoil": true, "isPaper": true, "isReprint": true, "layout": "normal", "legalities": {"commander": "Banned", "duel": "Banned", "legacy": "Banned", "oldschool": "Banned", "vintage": "Banned"}, "manaCost": "{1}", "mcmId": 19379, "mcmMetaId": 2964, "name": "Jeweled Bird", "number": "128", "printings": ["ARN", "CHR", "RIN"], "rarity": "uncommon", "rulings": [{"date": "2004-10-04", "text": "The card is exchanged for your entire contribution to the ante. This means that it replaces all the cards if you have more than one already contributed."}], "scryfallId": "6778733f-b5c2-4803-8f7b-8ff95cc7d8b8", "scryfallIllustrationId": "9eff127f-d334-4642-aba4-c83b577a72cc", "scryfallOracleId": "89f5b21c-18da-4071-bc42-9cdc433734bf", "subtypes": [], "supertypes": [], "text": "Remove Jeweled Bird from your deck before playing if you're not playing for ante.\n{T}: Ante Jeweled Bird. If you do, put all other cards you own from the ante into your graveyard, then draw a card.", "type": "Artifact", "types": ["Artifact"], "uuid": "5f588043-1a09-5338-bd99-7a4aee8918c4"}, {"artist": "Christopher Rush", "borderColor": "white", "colorIdentity": ["B"], "colors": ["B"], "convertedManaCost": 3.0, "edhrecRank": 18955, "foreignData": [{"language": "Italian", "name": "Efreet di Junún"}], "frameVersion": "1993", "hasFoil": false, "hasNonFoil": true, "isPaper": true, "isReprint": true, "layout": "normal", "legalities": {"commander": "Legal", "duel": "Legal", "legacy": "Legal", "oldschool": "Legal", "vintage": "Legal"}, "manaCost": "{1}{B}{B}", "mcmId": 19380, "mcmMetaId": 3004, "name": "Junún Efreet", "number": "55", "power": "3", "printings": ["4BB", "4ED", "ARN", "ME4", "REN", "RIN"], "rarity": "uncommon", "rulings": [], "scryfallId": "9f5ef111-fa5a-4b10-872e-d74728b62f1f", "scryfallIllustrationId": "056d0182-da52-430e-bab0-0698964a82f1", "scryfallOracleId": "afda663e-c5f7-4182-86f7-d95d71793717", "subtypes": ["Efreet"], "supertypes": [], "text": "Flying\nAt the beginning of your upkeep, sacrifice Junún Efreet unless you pay {B}{B}.", "toughness": "3", "type": "Creature — Efreet", "types": ["Creature"], "uuid": "68401d19-bf08-572f-bf5b-8eb9db5c634e"}, {"artist": "Christopher Rush", "borderColor": "white", "colorIdentity": ["G"], "colors": ["G"], "convertedManaCost": 1.0, "edhrecRank": 13636, "foreignData": [{"language": "Italian", "name": "Metamorfosi"}], "frameVersion": "1993", "hasFoil": false, "hasNonFoil": true, "isPaper": true, "isReprint": true, "layout": "normal", "legalities": {"commander": "Legal", "duel": "Legal", "legacy": "Legal", "oldschool": "Legal", "pauper": "Legal", "vintage": "Legal"}, "manaCost": "{G}", "mcmId": 19381, "mcmMetaId": 3568, "name": "Metamorphosis", "number": "130", "printings": ["ARN", "CHR", "PZ2", "RIN"], "rarity": "common", "rulings": [{"date": "2004-10-04", "text": "This mana may be used on additional costs to cast the spell, such as Kicker."}, {"date": "2013-04-15", "text": "You must sacrifice exactly one creature to cast this spell; you cannot cast it without sacrificing a creature, and you cannot sacrifice additional creatures."}, {"date": "2013-04-15", "text": "Players can only respond once this spell has been cast and all its costs have been paid. No one can try to destroy the creature you sacrificed to prevent you from casting this spell."}], "scryfallId": "56360456-1bb7-4461-98a0-b63c30caf28b", "scryfallIllustrationId": "622de1d0-e3a7-46ec-8b22-3decd2e27530", "scryfallOracleId": "7140d726-0136-43af-84b5-85005a66a186", "subtypes": [], "supertypes": [], "text": "As an additional cost to cast this spell, sacrifice a creature.\nAdd X mana of any one color, where X is 1 plus the sacrificed creature's converted mana cost. Spend this mana only to cast creature spells.", "type": "Sorcery", "types": ["Sorcery"], "uuid": "c9c333a9-bfbf-58fc-b10d-b9538e7eb304"}, {"artist": "Kaja Foglio & Phil Foglio", "borderColor": "white", "colorIdentity": [], "colors": [], "convertedManaCost": 0.0, "edhrecRank": 1828, "foreignData": [{"language": "Italian", "name": "Fabbrica di Mishra"}], "frameVersion": "1993", "hasFoil": false, "hasNonFoil": true, "isPaper": true, "isReprint": true, "layout": "normal", "legalities": {"commander": "Legal", "duel": "Legal", "legacy": "Legal", "oldschool": "Legal", "vintage": "Legal"}, "mcmId": 19382, "mcmMetaId": 3649, "name": "Mishra's Factory", "number": "172", "printings": ["4BB", "4ED", "A25", "ATQ", "DDF", "EMA", "G05", "ME1", "PRM", "PTC", "REN", "RIN", "TD0"], "rarity": "uncommon", "rulings": [{"date": "2005-08-01", "text": "If another player takes control of the Factory while it is animated, that player keeps control until the control effect ends. They do not lose control just because the card stops being an Assembly-Worker. Note that Auras which steal cards will go to the graveyard if the permanent they enchant is no longer valid."}, {"date": "2008-08-01", "text": "A noncreature permanent that turns into a creature can attack, and its {T} abilities can be activated, only if its controller has continuously controlled that permanent since the beginning of their most recent turn. It doesn’t matter how long the permanent has been a creature."}, {"date": "2009-10-01", "text": "Activating the ability that turns it into a creature while it’s already a creature will override any effects that set its power and/or toughness to a specific number. However, any effect that raises or lowers power and/or toughness (such as the effect created by Giant Growth, Glorious Anthem, or a +1/+1 counter) will continue to apply."}, {"date": "2016-06-08", "text": "Once turned into a creature, Mishra’s Factory’s last ability can target itself. If it’s already blocking, this won’t remove it from combat."}, {"date": "2016-06-08", "text": "If you turn Mishra’s Factory into a creature but haven’t controlled it continuously since your most recent turn began, you won’t be able to activate its first or last ability."}], "scryfallId": "747eb1be-7303-4ecb-bc93-81761a2f0c5c", "scryfallIllustrationId": "94a6f349-9fc7-472e-8713-a78eb95c8713", "scryfallOracleId": "5963e0ef-e0bc-4611-ad4f-813a4c0eacfb", "subtypes": [], "supertypes": [], "text": "{T}: Add {C}.\n{1}: Mishra's Factory becomes a 2/2 Assembly-Worker artifact creature until end of turn. It's still a land.\n{T}: Target Assembly-Worker creature gets +1/+1 until end of turn.", "type": "Land", "types": ["Land"], "uuid": "44357cb9-bdf5-58ad-98c3-d1f86aadc585"}, {"artist": "Christopher Rush", "borderColor": "white", "colorIdentity": ["G"], "colors": ["G"], "convertedManaCost": 1.0, "edhrecRank": 14561, "foreignData": [{"language": "Italian", "name": "Aspide di Nafs"}], "frameVersion": "1993", "hasFoil": false, "hasNonFoil": true, "isPaper": true, "isReprint": true, "layout": "normal", "legalities": {"commander": "Legal", "duel": "Legal", "legacy": "Legal", "oldschool": "Legal", "pauper": "Legal", "vintage": "Legal"}, "manaCost": "{G}", "mcmId": 19383, "mcmMetaId": 3812, "name": "Nafs Asp", "number": "132", "power": "1", "printings": ["4BB", "4ED", "ARN", "REN", "RIN"], "rarity": "common", "rulings": [{"date": "2004-10-04", "text": "If its damage gets redirected to its controller, it will still trigger the ability."}, {"date": "2004-10-04", "text": "The player can pay the {1} mana at any time after damage is done before the draw step of that player’s turn. People commonly pay during upkeep."}, {"date": "2004-10-04", "text": "If it damages a player twice, they get to pay or take damage twice during their next draw step."}, {"date": "2004-10-04", "text": "The ability does not cause itself to trigger again. It cause loss of life, and not damage."}], "scryfallId": "4fa4e9f0-6520-473e-837f-5669f0ca98ff", "scryfallIllustrationId": "aeba2cc0-c786-4af0-a4ee-29bbe4436fb3", "scryfallOracleId": "da7bc9d6-a0cc-407a-bed9-d677c2dd74f2", "subtypes": ["Snake"], "supertypes": [], "text": "Whenever Nafs Asp deals damage to a player, that player loses 1 life at the beginning of their next draw step unless they pay {1} before that draw step.", "toughness": "1", "type": "Creature — Snake", "types": ["Creature"], "uuid": "2551ae19-4835-55e6-842d-f84dfad198ba"}, {"artist": "Brian Snõddy", "borderColor": "white", "colorIdentity": [], "colors": [], "convertedManaCost": 0.0, "edhrecRank": 10308, "foreignData": [{"language": "Italian", "name": "Oasi"}], "frameVersion": "1993", "hasFoil": false, "hasNonFoil": true, "isPaper": true, "isReprint": true, "layout": "normal", "legalities": {"commander": "Legal", "duel": "Legal", "legacy": "Legal", "oldschool": "Legal", "pauper": "Legal", "penny": "Legal", "vintage": "Legal"}, "mcmId": 19384, "mcmMetaId": 3950, "name": "Oasis", "number": "173", "printings": ["4BB", "4ED", "ARN", "ME4", "REN", "RIN"], "rarity": "uncommon", "rulings": [], "scryfallId": "6dad7659-aea2-466c-80a7-58b36d86048b", "scryfallIllustrationId": "e93cd666-4173-442d-bbc8-978a2aed0c66", "scryfallOracleId": "4533ce78-0594-4195-96fb-46cbadd0db69", "subtypes": [], "supertypes": [], "text": "{T}: Prevent the next 1 damage that would be dealt to target creature this turn.", "type": "Land", "types": ["Land"], "uuid": "d988bfd9-39ca-5179-bd3a-74d40f772674"}, {"artist": "Tom Wänerstrand", "borderColor": "white", "colorIdentity": [], "colors": [], "convertedManaCost": 1.0, "edhrecRank": 14988, "foreignData": [{"language": "Italian", "name": "Obelisco dell'Annullamento"}], "frameVersion": "1993", "hasFoil": false, "hasNonFoil": true, "isPaper": true, "isReprint": true, "layout": "normal", "legalities": {"commander": "Legal", "duel": "Legal", "legacy": "Legal", "oldschool": "Legal", "vintage": "Legal"}, "manaCost": "{1}", "mcmId": 19385, "mcmMetaId": 3957, "name": "Obelisk of Undoing", "number": "134", "printings": ["5ED", "ATQ", "CHR", "ME4", "RIN"], "rarity": "uncommon", "rulings": [], "scryfallId": "ab4e3d43-563d-4566-95e5-43adc38f14d1", "scryfallIllustrationId": "ae007ee5-61e1-49f4-b14a-0542a97dc374", "scryfallOracleId": "299ea6dd-79eb-4c25-a05d-ff6fcad663cf", "subtypes": [], "supertypes": [], "text": "{6}, {T}: Return target permanent you both own and control to your hand.", "type": "Artifact", "types": ["Artifact"], "uuid": "4b178ca4-1761-52d5-b9d7-12d603b266fb"}, {"artist": "Christopher Rush", "borderColor": "white", "colorIdentity": [], "colors": [], "convertedManaCost": 6.0, "edhrecRank": 15579, "foreignData": [{"language": "Italian", "name": "Rakalite"}], "frameVersion": "1993", "hasFoil": false, "hasNonFoil": true, "isPaper": true, "isReprint": true, "layout": "normal", "legalities": {"commander": "Legal", "duel": "Legal", "legacy": "Legal", "oldschool": "Legal", "vintage": "Legal"}, "manaCost": "{6}", "mcmId": 19386, "mcmMetaId": 4488, "name": "Rakalite", "number": "135", "printings": ["ATQ", "CHR", "ME4", "RIN"], "rarity": "uncommon", "rulings": [{"date": "2004-10-04", "text": "Only returns to your hand if it is still on the battlefield at the end of the turn. If it leaves the battlefield, it does not return."}, {"date": "2004-10-04", "text": "Can be used any number of times during the turn before it leaves the battlefield."}], "scryfallId": "57d25355-b699-4dd4-8241-9543f659182e", "scryfallIllustrationId": "1de3b774-7396-4be2-b215-8770cca8178c", "scryfallOracleId": "193c1671-328e-4f9c-836e-055f46c3aab0", "subtypes": [], "supertypes": [], "text": "{2}: Prevent the next 1 damage that would be dealt to any target this turn. Return Rakalite to its owner's hand at the beginning of the next end step.", "type": "Artifact", "types": ["Artifact"], "uuid": "823a8264-cba7-57be-b125-9b55a0f304cb"}, {"artist": "Drew Tucker", "borderColor": "white", "colorIdentity": ["W"], "colors": ["W"], "convertedManaCost": 2.0, "edhrecRank": 18803, "foreignData": [{"language": "Italian", "name": "Fabbro Penitente"}], "frameVersion": "1993", "hasFoil": false, "hasNonFoil": true, "isPaper": true, "isReprint": true, "layout": "normal", "legalities": {"commander": "Legal", "duel": "Legal", "legacy": "Legal", "oldschool": "Legal", "pauper": "Legal", "vintage": "Legal"}, "manaCost": "{1}{W}", "mcmId": 19387, "mcmMetaId": 4637, "name": "Repentant Blacksmith", "number": "10", "power": "1", "printings": ["5ED", "ARN", "CHR", "RIN"], "rarity": "uncommon", "rulings": [], "scryfallId": "211635a6-ce21-409c-a5f7-7e7e39fbbd99", "scryfallIllustrationId": "cc949aa2-62b3-4b39-8e92-664c2d789fe8", "scryfallOracleId": "a83073a2-e63d-4105-8bad-9612e411fc85", "subtypes": ["Human"], "supertypes": [], "text": "Protection from red", "toughness": "2", "type": "Creature — Human", "types": ["Creature"], "uuid": "71e7e322-485a-562d-906b-c97bf5c5c422"}, {"artist": "Brian Snõddy", "borderColor": "white", "colorIdentity": ["G"], "colors": ["G"], "convertedManaCost": 1.0, "edhrecRank": 17381, "foreignData": [{"language": "Italian", "name": "Tempesta di Sabbia"}], "frameVersion": "1993", "hasFoil": false, "hasNonFoil": true, "isPaper": true, "isReprint": true, "layout": "normal", "legalities": {"commander": "Legal", "duel": "Legal", "legacy": "Legal", "oldschool": "Legal", "pauper": "Legal", "penny": "Legal", "vintage": "Legal"}, "manaCost": "{G}", "mcmId": 19388, "mcmMetaId": 4899, "name": "Sandstorm", "number": "137", "printings": ["4BB", "4ED", "ARN", "BRB", "ME4", "MIR", "REN", "RIN"], "rarity": "common", "rulings": [], "scryfallId": "1bc0400e-af61-4922-ba7d-7b9a99688262", "scryfallIllustrationId": "bf469ded-1797-4702-a2cb-692ae37a4a79", "scryfallOracleId": "7bb41690-f8ec-462a-ba29-be453eb86fca", "subtypes": [], "supertypes": [], "text": "Sandstorm deals 1 damage to each attacking creature.", "type": "Instant", "types": ["Instant"], "uuid": "870f6980-506b-5c8b-8954-939723ea9013"}, {"artist": "Dan Frazier", "borderColor": "white", "colorIdentity": [], "colors": [], "convertedManaCost": 6.0, "edhrecRank": 15814, "foreignData": [{"language": "Italian", "name": "Polimorfo"}], "frameVersion": "1993", "hasFoil": false, "hasNonFoil": true, "isPaper": true, "isReprint": true, "layout": "normal", "legalities": {"commander": "Legal", "duel": "Legal", "legacy": "Legal", "oldschool": "Legal", "vintage": "Legal"}, "manaCost": "{6}", "mcmId": 19389, "mcmMetaId": 5112, "name": "Shapeshifter", "number": "138", "power": "*", "printings": ["4BB", "4ED", "5ED", "ATQ", "ME4", "REN", "RIN"], "rarity": "uncommon", "rulings": [{"date": "2008-08-01", "text": "The ability that sets its power and toughness is a characteristic-defining ability. This means it applies before any other effects that modify power and/or toughness."}, {"date": "2008-08-01", "text": "The ability that lets you choose a new number is a triggered ability that triggers only once each upkeep."}], "scryfallId": "8d3974c2-cdb4-4d5d-868c-a2f0aaf381c4", "scryfallIllustrationId": "fe1fc222-e31d-4432-8656-f6cdc9bfb16e", "scryfallOracleId": "82a6d89d-9215-4540-b7d5-26cdd6afb05b", "subtypes": ["Shapeshifter"], "supertypes": [], "text": "As Shapeshifter enters the battlefield, choose a number between 0 and 7.\nAt the beginning of your upkeep, you may choose a number between 0 and 7.\nShapeshifter's power is equal to the last chosen number and its toughness is equal to 7 minus that number.", "toughness": "7-*", "type": "Artifact Creature — Shapeshifter", "types": ["Artifact", "Creature"], "uuid": "d10bb5fd-86db-51b8-9fe1-826fdde47735"}, {"artist": "Julie Baroh", "borderColor": "white", "colorIdentity": ["U"], "colors": ["U"], "convertedManaCost": 2.0, "edhrecRank": 15465, "foreignData": [{"language": "Italian", "name": "Sindbad"}], "frameVersion": "1993", "hasFoil": false, "hasNonFoil": true, "isPaper": true, "isReprint": true, "layout": "normal", "legalities": {"commander": "Legal", "duel": "Legal", "legacy": "Legal", "modern": "Legal", "oldschool": "Legal", "penny": "Legal", "vintage": "Legal"}, "manaCost": "{1}{U}", "mcmId": 19390, "mcmMetaId": 5220, "name": "Sindbad", "number": "31", "power": "1", "printings": ["4BB", "4ED", "ARN", "REN", "RIN", "TSB"], "rarity": "uncommon", "rulings": [{"date": "2006-09-25", "text": "If the draw is replaced by another effect, none of the rest of Sindbad’s ability applies, even if the draw is replaced by another draw (such as with Enduring Renewal)."}, {"date": "2006-09-25", "text": "To avoid confusion, reveal the card you draw before putting it with the rest of the cards in your hand."}], "scryfallId": "332f5612-b51c-4bb4-a76d-70148f730fc3", "scryfallIllustrationId": "941b9f9f-cebc-4c22-a89b-23b782e419e2", "scryfallOracleId": "dc81069b-b2cf-44b3-98fc-45bb24b815cb", "subtypes": ["Human"], "supertypes": [], "text": "{T}: Draw a card and reveal it. If it isn't a land card, discard it.", "toughness": "1", "type": "Creature — Human", "types": ["Creature"], "uuid": "38f4f08e-0c26-53e7-b061-f48fd71655ac"}, {"artist": "Daniel Gelon", "borderColor": "white", "colorIdentity": [], "colors": [], "convertedManaCost": 0.0, "edhrecRank": 75, "foreignData": [{"language": "Italian", "name": "Miniera a Cielo Aperto"}], "frameVersion": "1993", "hasFoil": false, "hasNonFoil": true, "isPaper": true, "isReprint": true, "layout": "normal", "legalities": {"commander": "Legal", "duel": "Banned", "legacy": "Banned", "oldschool": "Legal", "vintage": "Restricted"}, "mcmId": 19391, "mcmMetaId": 5661, "name": "Strip Mine", "number": "174", "printings": ["4BB", "4ED", "ATH", "ATQ", "EXP", "ME4", "PTC", "REN", "RIN", "V09", "VMA"], "rarity": "uncommon", "rulings": [], "scryfallId": "0c5060cb-b9ec-482d-a321-533c67805758", "scryfallIllustrationId": "566c834c-6d55-494f-a49e-6ba70d6f58f2", "scryfallOracleId": "d21a89eb-7c5b-459a-acc7-12b20b13bf79", "subtypes": [], "supertypes": [], "text": "{T}: Add {C}.\n{T}, Sacrifice Strip Mine: Destroy target land.", "type": "Land", "types": ["Land"], "uuid": "6f9d609c-9eff-5711-8e5f-23515288a113"}, {"artist": "Douglas Shuler", "borderColor": "white", "colorIdentity": [], "colors": [], "convertedManaCost": 4.0, "edhrecRank": 14407, "foreignData": [{"language": "Italian", "name": "Bacchetta di Tawnos"}], "frameVersion": "1993", "hasFoil": false, "hasNonFoil": true, "isPaper": true, "isReprint": true, "layout": "normal", "legalities": {"commander": "Legal", "duel": "Legal", "legacy": "Legal", "oldschool": "Legal", "pauper": "Legal", "penny": "Legal", "vintage": "Legal"}, "manaCost": "{4}", "mcmId": 19392, "mcmMetaId": 5834, "name": "Tawnos's Wand", "number": "139", "printings": ["4BB", "4ED", "ATQ", "ME4", "REN", "RIN"], "rarity": "uncommon", "rulings": [], "scryfallId": "0d34ad74-fe2c-4b17-be9a-cb63b60b7acb", "scryfallIllustrationId": "390ddcd0-fba5-43e6-a739-60a272a14cf0", "scryfallOracleId": "2138533a-d33c-477a-9765-7369d1ec30b0", "subtypes": [], "supertypes": [], "text": "{2}, {T}: Target creature with power 2 or less can't be blocked this turn.", "type": "Artifact", "types": ["Artifact"], "uuid": "03d104ef-ec9d-5352-98fb-9f7399c5cee6"}, {"artist": "Dan Frazier", "borderColor": "white", "colorIdentity": [], "colors": [], "convertedManaCost": 2.0, "edhrecRank": 18635, "foreignData": [{"language": "Italian", "name": "Arsenale di Tawnos"}], "frameVersion": "1993", "hasFoil": false, "hasNonFoil": true, "isPaper": true, "isReprint": true, "layout": "normal", "legalities": {"commander": "Legal", "duel": "Legal", "legacy": "Legal", "oldschool": "Legal", "vintage": "Legal"}, "manaCost": "{2}", "mcmId": 19393, "mcmMetaId": 5835, "name": "Tawnos's Weaponry", "number": "140", "printings": ["4BB", "4ED", "5ED", "ATQ", "ME4", "REN", "RIN"], "rarity": "uncommon", "rulings": [], "scryfallId": "65a87d70-f6f1-41ea-a406-65c2c42b8a1c", "scryfallIllustrationId": "f258e36b-79ea-46ba-81fc-22a2ef196836", "scryfallOracleId": "f07f98bb-4190-4643-aeb9-c5eaf358c97c", "subtypes": [], "supertypes": [], "text": "You may choose not to untap Tawnos's Weaponry during your untap step.\n{2}, {T}: Target creature gets +1/+1 for as long as Tawnos's Weaponry remains tapped.", "type": "Artifact", "types": ["Artifact"], "uuid": "755f0862-f6e5-56d3-bb88-f95c2b33120a"}, {"artist": "Mark Tedin", "borderColor": "white", "colorIdentity": [], "colors": [], "convertedManaCost": 6.0, "edhrecRank": 12400, "foreignData": [{"language": "Italian", "name": "Tetravus"}], "frameVersion": "1993", "hasFoil": false, "hasNonFoil": true, "isPaper": true, "isReprint": true, "layout": "normal", "legalities": {"commander": "Legal", "duel": "Legal", "legacy": "Legal", "oldschool": "Legal", "penny": "Legal", "vintage": "Legal"}, "manaCost": "{6}", "mcmId": 19394, "mcmMetaId": 5904, "name": "Tetravus", "number": "141", "power": "1", "printings": ["4BB", "4ED", "ATQ", "ME4", "REN", "RIN"], "rarity": "uncommon", "rulings": [{"date": "2004-10-04", "text": "If the Tetravus is destroyed when the Tetravites are off the card, they are not destroyed, they are just orphaned."}, {"date": "2004-10-04", "text": "Any +1/+1 counter which is on this card can be turned into a Tetravite token. It does not care where the +1/+1 counter came from."}, {"date": "2004-10-04", "text": "Only Tetravites from this specific Tetravus may be used for the ability. Ones from a different Tetravus can’t."}, {"date": "2008-08-01", "text": "This card now has two upkeep-triggered abilities. Its controller chooses the order they are put on the stack, and thus the order in which they resolve each upkeep."}], "scryfallId": "b40cb42c-a8d1-4fab-a78e-8f544d867936", "scryfallIllustrationId": "46f9d0c3-7468-4ecf-b86e-efe79a067960", "scryfallOracleId": "85255c26-4e74-4cf0-91a6-78ddba5abdc6", "subtypes": ["Construct"], "supertypes": [], "text": "Flying\nTetravus enters the battlefield with three +1/+1 counters on it.\nAt the beginning of your upkeep, you may remove any number of +1/+1 counters from Tetravus. If you do, create that many 1/1 colorless Tetravite artifact creature tokens. They each have flying and \"This creature can't be enchanted.\"\nAt the beginning of your upkeep, you may exile any number of tokens created with Tetravus. If you do, put that many +1/+1 counters on Tetravus.", "toughness": "1", "type": "Artifact Creature — Construct", "types": ["Artifact", "Creature"], "uuid": "21fe3f93-4210-5773-ba45-9c14d8eee52d"}, {"artist": "Douglas Shuler", "borderColor": "white", "colorIdentity": [], "colors": [], "convertedManaCost": 6.0, "edhrecRank": 1116, "foreignData": [{"language": "Italian", "name": "Triskelion"}], "frameVersion": "1993", "hasFoil": false, "hasNonFoil": true, "isPaper": true, "isReprint": true, "layout": "normal", "legalities": {"commander": "Legal", "duel": "Legal", "legacy": "Legal", "modern": "Legal", "oldschool": "Legal", "penny": "Legal", "vintage": "Legal"}, "manaCost": "{6}", "mcmId": 19395, "mcmMetaId": 6161, "name": "Triskelion", "number": "142", "power": "1", "printings": ["4BB", "4ED", "ATQ", "DDF", "M11", "MRD", "REN", "RIN"], "rarity": "uncommon", "rulings": [{"date": "2010-08-15", "text": "If you activate the ability of an attacking or blocking Triskelion during the declare blockers step, it will deal less combat damage as a result. If you wait until the combat damage step, but Triskelion is dealt lethal damage, it’ll be destroyed before you get a chance to activate its ability."}, {"date": "2010-08-15", "text": "If Triskelion has damage marked on it, activating its ability may cause that damage to become lethal. For example, say a Triskelion with two +1/+1 counters on it has been dealt 2 damage earlier in the turn. If you activate its ability by removing a +1/+1 counter from it, it now has 2 toughness and is destroyed as a state-based action. You won’t be able to remove the other +1/+1 counter from it to activate its ability again. The first activation of the ability will still resolve."}], "scryfallId": "4264a36f-480e-49df-b00c-29aafd15ee41", "scryfallIllustrationId": "44b7c4d9-c90e-4275-aa84-6ba4440f3dd0", "scryfallOracleId": "74f67dcf-5afb-45aa-8d4b-3cdb23f6f2a1", "subtypes": ["Construct"], "supertypes": [], "text": "Triskelion enters the battlefield with three +1/+1 counters on it.\nRemove a +1/+1 counter from Triskelion: It deals 1 damage to any target.", "toughness": "1", "type": "Artifact Creature — Construct", "types": ["Artifact", "Creature"], "uuid": "918fbd3e-fa34-5a92-94d5-6c2386cf4e90"}, {"artist": "Rob Alexander", "borderColor": "white", "colorIdentity": ["U"], "colors": ["U"], "convertedManaCost": 1.0, "edhrecRank": 10394, "foreignData": [{"language": "Italian", "name": "Manipolatore"}], "frameVersion": "1993", "hasFoil": false, "hasNonFoil": true, "isPaper": true, "isReprint": true, "layout": "normal", "legalities": {"commander": "Legal", "duel": "Legal", "legacy": "Legal", "modern": "Legal", "oldschool": "Legal", "pauper": "Legal", "penny": "Legal", "vintage": "Legal"}, "manaCost": "{U}", "mcmId": 319011, "mcmMetaId": 6190, "name": "Twiddle", "number": "35", "printings": ["2ED", "4BB", "4ED", "5ED", "7ED", "8ED", "CED", "CEI", "ITP", "LEA", "LEB", "REN", "RIN", "RQS"], "rarity": "common", "rulings": [{"date": "2004-10-04", "text": "This is not a toggle effect. If you use Twiddle to tap a card and before it takes effect your opponent taps it, Twiddle will not automatically untap the card."}, {"date": "2004-10-04", "text": "The decision whether or not to tap or untap is made on resolution. This is not a modal spell."}], "scryfallId": "bdf047a9-cbac-4057-af5d-01324e2bc926", "scryfallIllustrationId": "4dc03ad8-2a09-49c5-8bdc-661818e9eda1", "scryfallOracleId": "773ad2ef-5acc-49ea-8d85-056330e87039", "subtypes": [], "supertypes": [], "text": "You may tap or untap target artifact, creature, or land.", "type": "Instant", "types": ["Instant"], "uuid": "4c58cdc2-b0d4-50a5-a802-47238f18274d"}, {"artist": "Amy Weber", "borderColor": "white", "colorIdentity": [], "colors": [], "convertedManaCost": 6.0, "edhrecRank": 14913, "foreignData": [{"language": "Italian", "name": "Vendicatore di Urza"}], "frameVersion": "1993", "hasFoil": false, "hasNonFoil": true, "isPaper": true, "isReprint": true, "layout": "normal", "legalities": {"commander": "Legal", "duel": "Legal", "legacy": "Legal", "oldschool": "Legal", "vintage": "Legal"}, "manaCost": "{6}", "mcmId": 19397, "mcmMetaId": 6265, "name": "Urza's Avenger", "number": "144", "power": "4", "printings": ["4BB", "4ED", "5ED", "ATQ", "REN", "RIN"], "rarity": "uncommon", "rulings": [{"date": "2004-10-04", "text": "The -1/-1 is not permanent. It lasts until the end of the turn as do the abilities that are granted."}], "scryfallId": "01f12395-cef5-4d85-9d68-4ae1f3613fb4", "scryfallIllustrationId": "9a845da7-8279-43db-a37a-4a9dc53a02bd", "scryfallOracleId": "1cfeb5c4-a2d0-4872-a907-a6d484be85a5", "subtypes": ["Shapeshifter"], "supertypes": [], "text": "{0}: Urza's Avenger gets -1/-1 and gains your choice of banding, flying, first strike, or trample until end of turn. (Any creatures with banding, and up to one without, can attack in a band. Bands are blocked as a group. If any creatures with banding you control are blocking or being blocked by a creature, you divide that creature's combat damage, not its controller, among any of the creatures it's being blocked by or is blocking.)", "toughness": "4", "type": "Artifact Creature — Shapeshifter", "types": ["Artifact", "Creature"], "uuid": "8105643d-e2a8-5890-b56d-3cad7c0c6787"}, {"artist": "Anson Maddocks", "borderColor": "white", "colorIdentity": [], "colors": [], "convertedManaCost": 0.0, "edhrecRank": 1628, "foreignData": [{"language": "Italian", "name": "Miniera di Urza"}], "frameVersion": "1993", "hasFoil": false, "hasNonFoil": true, "isPaper": true, "isReprint": true, "layout": "normal", "legalities": {"commander": "Legal", "duel": "Legal", "legacy": "Legal", "modern": "Legal", "oldschool": "Legal", "pauper": "Legal", "vintage": "Legal"}, "mcmId": 19398, "mcmMetaId": 6834, "name": "Urza's Mine", "number": "175", "printings": ["5ED", "8ED", "9ED", "ATQ", "CHR", "ME4", "PRM", "RIN"], "rarity": "common", "rulings": [{"date": "2004-10-04", "text": "If you have at least one of each of the three Urza’s lands on the battlefield, you must take the 2 mana instead of just one."}], "scryfallId": "f0b8934e-9ff0-4c3e-987e-9c4fb1445b77", "scryfallIllustrationId": "31e0ae06-6aee-4e62-8994-122d1089fc0c", "scryfallOracleId": "33e85a8a-86df-4cdc-a9cc-8cbabe92c3c0", "subtypes": ["Urza’s", "Mine"], "supertypes": [], "text": "{T}: Add {C}. If you control an Urza's Power-Plant and an Urza's Tower, add {C}{C} instead.", "type": "Land — Urza’s Mine", "types": ["Land"], "uuid": "b9771643-3932-5696-ae5c-259af123081a", "variations": ["efc103e6-6dd6-5a97-88fc-3fb56ee2e8c1", "c7cbdfb1-da50-5b0a-a165-2ef853d6ba10", "eb586cd7-b49a-509e-9166-b10383be903b"]}, {"artist": "Anson Maddocks", "borderColor": "white", "colorIdentity": [], "colors": [], "convertedManaCost": 0.0, "edhrecRank": 1628, "foreignData": [{"language": "Italian", "name": "Miniera di Urza"}], "frameVersion": "1993", "hasFoil": false, "hasNonFoil": true, "isPaper": true, "isReprint": true, "layout": "normal", "legalities": {"commander": "Legal", "duel": "Legal", "legacy": "Legal", "modern": "Legal", "oldschool": "Legal", "pauper": "Legal", "vintage": "Legal"}, "mcmId": 19398, "mcmMetaId": 6834, "name": "Urza's Mine", "number": "176", "printings": ["5ED", "8ED", "9ED", "ATQ", "CHR", "ME4", "PRM", "RIN"], "rarity": "common", "rulings": [{"date": "2004-10-04", "text": "If you have at least one of each of the three Urza’s lands on the battlefield, you must take the 2 mana instead of just one."}], "scryfallId": "d2de2721-7f82-4cef-bca7-ac04dbb3779c", "scryfallIllustrationId": "11c0a190-07b5-445d-bf00-e7984f421356", "scryfallOracleId": "33e85a8a-86df-4cdc-a9cc-8cbabe92c3c0", "subtypes": ["Urza’s", "Mine"], "supertypes": [], "text": "{T}: Add {C}. If you control an Urza's Power-Plant and an Urza's Tower, add {C}{C} instead.", "type": "Land — Urza’s Mine", "types": ["Land"], "uuid": "efc103e6-6dd6-5a97-88fc-3fb56ee2e8c1", "variations": ["b9771643-3932-5696-ae5c-259af123081a", "c7cbdfb1-da50-5b0a-a165-2ef853d6ba10", "eb586cd7-b49a-509e-9166-b10383be903b"]}, {"artist": "Anson Maddocks", "borderColor": "white", "colorIdentity": [], "colors": [], "convertedManaCost": 0.0, "edhrecRank": 1628, "foreignData": [{"language": "Italian", "name": "Miniera di Urza"}], "frameVersion": "1993", "hasFoil": false, "hasNonFoil": true, "isPaper": true, "isReprint": true, "layout": "normal", "legalities": {"commander": "Legal", "duel": "Legal", "legacy": "Legal", "modern": "Legal", "oldschool": "Legal", "pauper": "Legal", "vintage": "Legal"}, "mcmId": 19398, "mcmMetaId": 6834, "name": "Urza's Mine", "number": "177", "printings": ["5ED", "8ED", "9ED", "ATQ", "CHR", "ME4", "PRM", "RIN"], "rarity": "common", "rulings": [{"date": "2004-10-04", "text": "If you have at least one of each of the three Urza’s lands on the battlefield, you must take the 2 mana instead of just one."}], "scryfallId": "5c07c384-8ce9-4be0-a739-699a294fcf47", "scryfallIllustrationId": "e2b73e80-4786-4d60-a8be-55622adca874", "scryfallOracleId": "33e85a8a-86df-4cdc-a9cc-8cbabe92c3c0", "subtypes": ["Urza’s", "Mine"], "supertypes": [], "text": "{T}: Add {C}. If you control an Urza's Power-Plant and an Urza's Tower, add {C}{C} instead.", "type": "Land — Urza’s Mine", "types": ["Land"], "uuid": "c7cbdfb1-da50-5b0a-a165-2ef853d6ba10", "variations": ["b9771643-3932-5696-ae5c-259af123081a", "efc103e6-6dd6-5a97-88fc-3fb56ee2e8c1", "eb586cd7-b49a-509e-9166-b10383be903b"]}, {"artist": "Anson Maddocks", "borderColor": "white", "colorIdentity": [], "colors": [], "convertedManaCost": 0.0, "edhrecRank": 1628, "foreignData": [{"language": "Italian", "name": "Miniera di Urza"}], "frameVersion": "1993", "hasFoil": false, "hasNonFoil": true, "isPaper": true, "isReprint": true, "layout": "normal", "legalities": {"commander": "Legal", "duel": "Legal", "legacy": "Legal", "modern": "Legal", "oldschool": "Legal", "pauper": "Legal", "vintage": "Legal"}, "mcmId": 19398, "mcmMetaId": 6834, "name": "Urza's Mine", "number": "178", "printings": ["5ED", "8ED", "9ED", "ATQ", "CHR", "ME4", "PRM", "RIN"], "rarity": "common", "rulings": [{"date": "2004-10-04", "text": "If you have at least one of each of the three Urza’s lands on the battlefield, you must take the 2 mana instead of just one."}], "scryfallId": "e17d4495-efce-40e3-aa94-27d45b4ce636", "scryfallIllustrationId": "203f4e33-f4c2-479b-a77c-5dc6bde68839", "scryfallOracleId": "33e85a8a-86df-4cdc-a9cc-8cbabe92c3c0", "subtypes": ["Urza’s", "Mine"], "supertypes": [], "text": "{T}: Add {C}. If you control an Urza's Power-Plant and an Urza's Tower, add {C}{C} instead.", "type": "Land — Urza’s Mine", "types": ["Land"], "uuid": "eb586cd7-b49a-509e-9166-b10383be903b", "variations": ["b9771643-3932-5696-ae5c-259af123081a", "efc103e6-6dd6-5a97-88fc-3fb56ee2e8c1", "c7cbdfb1-da50-5b0a-a165-2ef853d6ba10"]}, {"artist": "Mark Tedin", "borderColor": "white", "colorIdentity": [], "colors": [], "convertedManaCost": 0.0, "edhrecRank": 1629, "foreignData": [{"language": "Italian", "name": "Centrale Energetica di Urza"}], "frameVersion": "1993", "hasFoil": false, "hasNonFoil": true, "isPaper": true, "isReprint": true, "layout": "normal", "legalities": {"commander": "Legal", "duel": "Legal", "legacy": "Legal", "modern": "Legal", "oldschool": "Legal", "pauper": "Legal", "vintage": "Legal"}, "mcmId": 19405, "mcmMetaId": 6835, "name": "Urza's Power Plant", "number": "179", "printings": ["5ED", "8ED", "9ED", "ATQ", "CHR", "ME4", "PRM", "RIN"], "rarity": "common", "rulings": [{"date": "2004-10-04", "text": "If you have at least one of each of the three Urza’s lands on the battlefield, you must take the 2 mana instead of just one."}], "scryfallId": "00fe59e8-d1ab-4f74-a7f4-a8feca3705ee", "scryfallIllustrationId": "2638e92a-7b10-4589-8719-7f6f120eb2f2", "scryfallOracleId": "e11966cd-2ee3-4df4-b099-abf42dcdf0db", "subtypes": ["Urza’s", "Power-Plant"], "supertypes": [], "text": "{T}: Add {C}. If you control an Urza's Mine and an Urza's Tower, add {C}{C} instead.", "type": "Land — Urza’s Power-Plant", "types": ["Land"], "uuid": "3eaeea69-3adf-5ef2-b099-3959be4d1a71", "variations": ["fc9cc971-6f13-533b-8422-0f8e78bc1b90", "6f834b16-893c-5ead-95b7-2d31c05ca21f", "02f633a6-7c92-5747-906c-39080ec42590"]}, {"artist": "Mark Tedin", "borderColor": "white", "colorIdentity": [], "colors": [], "convertedManaCost": 0.0, "edhrecRank": 1629, "foreignData": [{"language": "Italian", "name": "Centrale Energetica di Urza"}], "frameVersion": "1993", "hasFoil": false, "hasNonFoil": true, "isPaper": true, "isReprint": true, "layout": "normal", "legalities": {"commander": "Legal", "duel": "Legal", "legacy": "Legal", "modern": "Legal", "oldschool": "Legal", "pauper": "Legal", "vintage": "Legal"}, "mcmId": 19405, "mcmMetaId": 6835, "name": "Urza's Power Plant", "number": "180", "printings": ["5ED", "8ED", "9ED", "ATQ", "CHR", "ME4", "PRM", "RIN"], "rarity": "common", "rulings": [{"date": "2004-10-04", "text": "If you have at least one of each of the three Urza’s lands on the battlefield, you must take the 2 mana instead of just one."}], "scryfallId": "3c933622-1db9-48ce-9d76-fa1bca42d615", "scryfallIllustrationId": "6fc0dbde-329f-41c8-9fef-10eff7e9aea7", "scryfallOracleId": "e11966cd-2ee3-4df4-b099-abf42dcdf0db", "subtypes": ["Urza’s", "Power-Plant"], "supertypes": [], "text": "{T}: Add {C}. If you control an Urza's Mine and an Urza's Tower, add {C}{C} instead.", "type": "Land — Urza’s Power-Plant", "types": ["Land"], "uuid": "fc9cc971-6f13-533b-8422-0f8e78bc1b90", "variations": ["3eaeea69-3adf-5ef2-b099-3959be4d1a71", "6f834b16-893c-5ead-95b7-2d31c05ca21f", "02f633a6-7c92-5747-906c-39080ec42590"]}, {"artist": "Mark Tedin", "borderColor": "white", "colorIdentity": [], "colors": [], "convertedManaCost": 0.0, "edhrecRank": 1629, "foreignData": [{"language": "Italian", "name": "Centrale Energetica di Urza"}], "frameVersion": "1993", "hasFoil": false, "hasNonFoil": true, "isPaper": true, "isReprint": true, "layout": "normal", "legalities": {"commander": "Legal", "duel": "Legal", "legacy": "Legal", "modern": "Legal", "oldschool": "Legal", "pauper": "Legal", "vintage": "Legal"}, "mcmId": 19405, "mcmMetaId": 6835, "name": "Urza's Power Plant", "number": "181", "printings": ["5ED", "8ED", "9ED", "ATQ", "CHR", "ME4", "PRM", "RIN"], "rarity": "common", "rulings": [{"date": "2004-10-04", "text": "If you have at least one of each of the three Urza’s lands on the battlefield, you must take the 2 mana instead of just one."}], "scryfallId": "e3d0ec69-69ba-4185-b268-5f6890ada0d6", "scryfallIllustrationId": "5ac45cfa-392a-475b-92dd-b7588bac5886", "scryfallOracleId": "e11966cd-2ee3-4df4-b099-abf42dcdf0db", "subtypes": ["Urza’s", "Power-Plant"], "supertypes": [], "text": "{T}: Add {C}. If you control an Urza's Mine and an Urza's Tower, add {C}{C} instead.", "type": "Land — Urza’s Power-Plant", "types": ["Land"], "uuid": "6f834b16-893c-5ead-95b7-2d31c05ca21f", "variations": ["3eaeea69-3adf-5ef2-b099-3959be4d1a71", "fc9cc971-6f13-533b-8422-0f8e78bc1b90", "02f633a6-7c92-5747-906c-39080ec42590"]}, {"artist": "Mark Tedin", "borderColor": "white", "colorIdentity": [], "colors": [], "convertedManaCost": 0.0, "edhrecRank": 1629, "foreignData": [{"language": "Italian", "name": "Centrale Energetica di Urza"}], "frameVersion": "1993", "hasFoil": false, "hasNonFoil": true, "isPaper": true, "isReprint": true, "layout": "normal", "legalities": {"commander": "Legal", "duel": "Legal", "legacy": "Legal", "modern": "Legal", "oldschool": "Legal", "pauper": "Legal", "vintage": "Legal"}, "mcmId": 19405, "mcmMetaId": 6835, "name": "Urza's Power Plant", "number": "182", "printings": ["5ED", "8ED", "9ED", "ATQ", "CHR", "ME4", "PRM", "RIN"], "rarity": "common", "rulings": [{"date": "2004-10-04", "text": "If you have at least one of each of the three Urza’s lands on the battlefield, you must take the 2 mana instead of just one."}], "scryfallId": "4a86d6b5-946e-41e4-9c78-edec3f5bb981", "scryfallIllustrationId": "bf059a32-b1d9-4495-b60a-05a8f5e9317d", "scryfallOracleId": "e11966cd-2ee3-4df4-b099-abf42dcdf0db", "subtypes": ["Urza’s", "Power-Plant"], "supertypes": [], "text": "{T}: Add {C}. If you control an Urza's Mine and an Urza's Tower, add {C}{C} instead.", "type": "Land — Urza’s Power-Plant", "types": ["Land"], "uuid": "02f633a6-7c92-5747-906c-39080ec42590", "variations": ["3eaeea69-3adf-5ef2-b099-3959be4d1a71", "fc9cc971-6f13-533b-8422-0f8e78bc1b90", "6f834b16-893c-5ead-95b7-2d31c05ca21f"]}, {"artist": "Mark Poole", "borderColor": "white", "colorIdentity": [], "colors": [], "convertedManaCost": 0.0, "edhrecRank": 1626, "foreignData": [{"language": "Italian", "name": "Torre di Urza"}], "frameVersion": "1993", "hasFoil": false, "hasNonFoil": true, "isPaper": true, "isReprint": true, "layout": "normal", "legalities": {"commander": "Legal", "duel": "Legal", "legacy": "Legal", "modern": "Legal", "oldschool": "Legal", "pauper": "Legal", "vintage": "Legal"}, "mcmId": 19408, "mcmMetaId": 6836, "name": "Urza's Tower", "number": "183", "printings": ["5ED", "8ED", "9ED", "ATQ", "CHR", "ME4", "PRM", "RIN"], "rarity": "common", "rulings": [], "scryfallId": "a0240c3c-7219-4d5d-ac85-c369e4b180eb", "scryfallIllustrationId": "90123421-37ef-406d-ad5d-a54f14657d60", "scryfallOracleId": "32fbb638-ab14-4e8b-a07a-d4c44e3496f2", "subtypes": ["Urza’s", "Tower"], "supertypes": [], "text": "{T}: Add {C}. If you control an Urza's Mine and an Urza's Power-Plant, add {C}{C}{C} instead.", "type": "Land — Urza’s Tower", "types": ["Land"], "uuid": "d7304e63-1dba-593a-8599-e0562b4a7967", "variations": ["b1e2ee71-eae1-5fa2-9310-659157d35797", "c7ce6bd4-c23c-53aa-a977-dde6ca4fa877", "4cbd8b0e-6380-5187-8d9d-f1f9741aa2c3"]}, {"artist": "Mark Poole", "borderColor": "white", "colorIdentity": [], "colors": [], "convertedManaCost": 0.0, "edhrecRank": 1626, "foreignData": [{"language": "Italian", "name": "Torre di Urza"}], "frameVersion": "1993", "hasFoil": false, "hasNonFoil": true, "isPaper": true, "isReprint": true, "layout": "normal", "legalities": {"commander": "Legal", "duel": "Legal", "legacy": "Legal", "modern": "Legal", "oldschool": "Legal", "pauper": "Legal", "vintage": "Legal"}, "mcmId": 19408, "mcmMetaId": 6836, "name": "Urza's Tower", "number": "184", "printings": ["5ED", "8ED", "9ED", "ATQ", "CHR", "ME4", "PRM", "RIN"], "rarity": "common", "rulings": [], "scryfallId": "f6ecf34e-7642-43d4-855b-36e125e4c69e", "scryfallIllustrationId": "a02ca84a-2fe5-423e-b5a9-cb849eaa5efb", "scryfallOracleId": "32fbb638-ab14-4e8b-a07a-d4c44e3496f2", "subtypes": ["Urza’s", "Tower"], "supertypes": [], "text": "{T}: Add {C}. If you control an Urza's Mine and an Urza's Power-Plant, add {C}{C}{C} instead.", "type": "Land — Urza’s Tower", "types": ["Land"], "uuid": "b1e2ee71-eae1-5fa2-9310-659157d35797", "variations": ["d7304e63-1dba-593a-8599-e0562b4a7967", "c7ce6bd4-c23c-53aa-a977-dde6ca4fa877", "4cbd8b0e-6380-5187-8d9d-f1f9741aa2c3"]}, {"artist": "Mark Poole", "borderColor": "white", "colorIdentity": [], "colors": [], "convertedManaCost": 0.0, "edhrecRank": 1626, "foreignData": [{"language": "Italian", "name": "Torre di Urza"}], "frameVersion": "1993", "hasFoil": false, "hasNonFoil": true, "isPaper": true, "isReprint": true, "layout": "normal", "legalities": {"commander": "Legal", "duel": "Legal", "legacy": "Legal", "modern": "Legal", "oldschool": "Legal", "pauper": "Legal", "vintage": "Legal"}, "mcmId": 19408, "mcmMetaId": 6836, "name": "Urza's Tower", "number": "185", "printings": ["5ED", "8ED", "9ED", "ATQ", "CHR", "ME4", "PRM", "RIN"], "rarity": "common", "rulings": [], "scryfallId": "139f0169-80b1-4c9b-9e0f-370cedd0022c", "scryfallIllustrationId": "6d41a604-984e-44bb-973e-7165986a3c23", "scryfallOracleId": "32fbb638-ab14-4e8b-a07a-d4c44e3496f2", "subtypes": ["Urza’s", "Tower"], "supertypes": [], "text": "{T}: Add {C}. If you control an Urza's Mine and an Urza's Power-Plant, add {C}{C}{C} instead.", "type": "Land — Urza’s Tower", "types": ["Land"], "uuid": "c7ce6bd4-c23c-53aa-a977-dde6ca4fa877", "variations": ["d7304e63-1dba-593a-8599-e0562b4a7967", "b1e2ee71-eae1-5fa2-9310-659157d35797", "4cbd8b0e-6380-5187-8d9d-f1f9741aa2c3"]}, {"artist": "Mark Poole", "borderColor": "white", "colorIdentity": [], "colors": [], "convertedManaCost": 0.0, "edhrecRank": 1626, "foreignData": [{"language": "Italian", "name": "Torre di Urza"}], "frameVersion": "1993", "hasFoil": false, "hasNonFoil": true, "isPaper": true, "isReprint": true, "layout": "normal", "legalities": {"commander": "Legal", "duel": "Legal", "legacy": "Legal", "modern": "Legal", "oldschool": "Legal", "pauper": "Legal", "vintage": "Legal"}, "mcmId": 19408, "mcmMetaId": 6836, "name": "Urza's Tower", "number": "186", "printings": ["5ED", "8ED", "9ED", "ATQ", "CHR", "ME4", "PRM", "RIN"], "rarity": "common", "rulings": [], "scryfallId": "dc2c039e-fbf9-4e45-874d-b0ab0d923e52", "scryfallIllustrationId": "11f98430-512b-41cd-b607-de233afe468f", "scryfallOracleId": "32fbb638-ab14-4e8b-a07a-d4c44e3496f2", "subtypes": ["Urza’s", "Tower"], "supertypes": [], "text": "{T}: Add {C}. If you control an Urza's Mine and an Urza's Power-Plant, add {C}{C}{C} instead.", "type": "Land — Urza’s Tower", "types": ["Land"], "uuid": "4cbd8b0e-6380-5187-8d9d-f1f9741aa2c3", "variations": ["d7304e63-1dba-593a-8599-e0562b4a7967", "b1e2ee71-eae1-5fa2-9310-659157d35797", "c7ce6bd4-c23c-53aa-a977-dde6ca4fa877"]}, {"artist": "Sandra Everingham", "borderColor": "white", "colorIdentity": [], "colors": [], "convertedManaCost": 3.0, "edhrecRank": 12304, "foreignData": [{"language": "Italian", "name": "Muro di Lance"}], "frameVersion": "1993", "hasFoil": false, "hasNonFoil": true, "isPaper": true, "isReprint": true, "layout": "normal", "legalities": {"commander": "Legal", "duel": "Legal", "legacy": "Legal", "modern": "Legal", "oldschool": "Legal", "pauper": "Legal", "penny": "Legal", "vintage": "Legal"}, "manaCost": "{3}", "mcmId": 19410, "mcmMetaId": 6491, "name": "Wall of Spears", "number": "148", "power": "2", "printings": ["4BB", "4ED", "5ED", "7ED", "8ED", "ATQ", "DPA", "PS11", "REN", "RIN"], "rarity": "uncommon", "rulings": [], "scryfallId": "98d2a851-c48f-4012-a871-76d616404e34", "scryfallIllustrationId": "da8deec2-c60d-4ddb-ad4b-1bce0f900037", "scryfallOracleId": "ed836d84-ff1e-4af8-b4b8-314569b3faec", "subtypes": ["Wall"], "supertypes": [], "text": "Defender (This creature can't attack.)\nFirst strike", "toughness": "3", "type": "Artifact Creature — Wall", "types": ["Artifact", "Creature"], "uuid": "be291a10-5d25-56ae-9ee7-65d7ef27d841"}, {"artist": "Kristen Bishop", "borderColor": "white", "colorIdentity": ["W"], "colors": ["W"], "convertedManaCost": 4.0, "edhrecRank": 13961, "foreignData": [{"language": "Italian", "name": "Elefante da Guerra"}], "frameVersion": "1993", "hasFoil": false, "hasNonFoil": true, "isPaper": true, "isReprint": true, "layout": "normal", "legalities": {"commander": "Legal", "duel": "Legal", "legacy": "Legal", "oldschool": "Legal", "pauper": "Legal", "vintage": "Legal"}, "manaCost": "{3}{W}", "mcmId": 19411, "mcmMetaId": 6515, "name": "War Elephant", "number": "14", "power": "2", "printings": ["ARN", "CHR", "RIN"], "rarity": "common", "rulings": [{"date": "2008-10-01", "text": "If a creature with banding attacks, it can team up with any number of other attacking creatures with banding (and up to one nonbanding creature) and attack as a unit called a “band.” The band can be blocked by any creature that could block a single creature in the band. Blocking any creature in a band blocks the entire band. If a creature with banding is blocked, the attacking player chooses how the blockers’ damage is assigned."}, {"date": "2008-10-01", "text": "A maximum of one nonbanding creature can join an attacking band no matter how many creatures with banding are in it."}, {"date": "2008-10-01", "text": "Creatures in the same band must all attack the same player or planeswalker."}, {"date": "2009-10-01", "text": "If a creature in combat has banding, its controller assigns damage for creatures blocking or blocked by it. That player can ignore the damage assignment order when making this assignment."}], "scryfallId": "0c1f31c9-64d0-4a0b-9804-c4a3e6398639", "scryfallIllustrationId": "a020cd62-1412-467e-b158-7e0f86605a1e", "scryfallOracleId": "2b7c9fe0-5a23-4172-b31f-b0d85cd465f6", "subtypes": ["Elephant"], "supertypes": [], "text": "Trample; banding (Any creatures with banding, and up to one without, can attack in a band. Bands are blocked as a group. If any creatures with banding you control are blocking or being blocked by a creature, you divide that creature's combat damage, not its controller, among any of the creatures it's being blocked by or is blocking.)", "toughness": "2", "type": "Creature — Elephant", "types": ["Creature"], "uuid": "32476691-cd6b-583a-aab9-b92c56a616b8"}, {"artist": "Dan Frazier", "borderColor": "white", "colorIdentity": ["B"], "colors": ["B"], "convertedManaCost": 3.0, "edhrecRank": 10247, "foreignData": [{"language": "Italian", "name": "Poltergeist di Xenic"}], "frameVersion": "1993", "hasFoil": false, "hasNonFoil": true, "isPaper": true, "isReprint": true, "layout": "normal", "legalities": {"commander": "Legal", "duel": "Legal", "legacy": "Legal", "oldschool": "Legal", "vintage": "Legal"}, "manaCost": "{1}{B}{B}", "mcmId": 19412, "mcmMetaId": 6751, "name": "Xenic Poltergeist", "number": "60", "power": "1", "printings": ["4BB", "4ED", "5ED", "ATQ", "ME4", "REN", "RIN"], "rarity": "uncommon", "rulings": [{"date": "2004-10-04", "text": "Wears off at the beginning of the upkeep, not during upkeep."}, {"date": "2008-08-01", "text": "A noncreature permanent that turns into a creature can attack, and its {T} abilities can be activated, only if its controller has continuously controlled that permanent since the beginning of their most recent turn. It doesn’t matter how long the permanent has been a creature."}], "scryfallId": "69918c6d-519d-49d5-8abb-9fa397db8e0a", "scryfallIllustrationId": "f3a466ab-6a4e-4b42-a670-5fa20eca991e", "scryfallOracleId": "fb8f80cc-6214-4ab9-a9a9-1873ab9feb0c", "subtypes": ["Spirit"], "supertypes": [], "text": "{T}: Until your next upkeep, target noncreature artifact becomes an artifact creature with power and toughness each equal to its converted mana cost.", "toughness": "1", "type": "Creature — Spirit", "types": ["Creature"], "uuid": "67ab4d9f-8f22-5ae1-a2df-b64f9fd31d5d"}, {"artist": "Sandra Everingham", "borderColor": "white", "colorIdentity": ["B"], "colors": ["B"], "convertedManaCost": 6.0, "edhrecRank": 17439, "foreignData": [{"language": "Italian", "name": "Demone di Yawgmoth"}], "frameVersion": "1993", "hasFoil": false, "hasNonFoil": true, "isPaper": true, "isReprint": true, "layout": "normal", "legalities": {"commander": "Legal", "duel": "Legal", "legacy": "Legal", "modern": "Legal", "oldschool": "Legal", "vintage": "Legal"}, "manaCost": "{4}{B}{B}", "mcmId": 19413, "mcmMetaId": 6769, "name": "Yawgmoth Demon", "number": "61", "power": "6", "printings": ["9ED", "ATQ", "CHR", "RIN"], "rarity": "uncommon", "rulings": [{"date": "2004-10-04", "text": "The sacrificing of an artifact is not mandatory. You can choose not to sacrifice an artifact but will pay the consequences."}], "scryfallId": "eb274109-9402-4ce5-90d5-d71189970b92", "scryfallIllustrationId": "dea503c9-d482-45da-b605-a2655b5b5c8f", "scryfallOracleId": "6c54fc14-2af8-46e8-a4dc-b2a0a88ef2e1", "subtypes": ["Demon"], "supertypes": [], "text": "Flying (This creature can't be blocked except by creatures with flying or reach.)\nFirst strike (This creature deals combat damage before creatures without first strike.)\nAt the beginning of your upkeep, you may sacrifice an artifact. If you don't, tap Yawgmoth Demon and it deals 2 damage to you.", "toughness": "6", "type": "Creature — Demon", "types": ["Creature"], "uuid": "5e58f802-68a6-51be-b87a-988f065c263c"}, {"artist": "Christopher Rush", "borderColor": "white", "colorIdentity": [], "colors": [], "convertedManaCost": 3.0, "edhrecRank": 14813, "foreignData": [{"language": "Italian", "name": "Soldato di Yotian"}], "frameVersion": "1993", "hasFoil": false, "hasNonFoil": true, "isPaper": true, "isReprint": true, "layout": "normal", "legalities": {"commander": "Legal", "duel": "Legal", "legacy": "Legal", "modern": "Legal", "oldschool": "Legal", "pauper": "Legal", "penny": "Legal", "vintage": "Legal"}, "manaCost": "{3}", "mcmId": 19414, "mcmMetaId": 6778, "name": "Yotian Soldier", "number": "150", "power": "1", "printings": ["4BB", "4ED", "ATQ", "BBD", "ME4", "MRD", "REN", "RIN"], "rarity": "common", "rulings": [], "scryfallId": "d00c5f98-9a7d-41e2-9f76-faedca958153", "scryfallIllustrationId": "523f27a8-e593-4308-bf79-5e3cf4d1a021", "scryfallOracleId": "645571f1-a775-4834-8b79-8852d38c9587", "subtypes": ["Soldier"], "supertypes": [], "text": "Vigilance", "toughness": "4", "type": "Artifact Creature — Soldier", "types": ["Artifact", "Creature"], "uuid": "bcc53254-41e2-5384-a169-beba08f69346"}], "code": "RIN", "isFoilOnly": false, "isForeignOnly": true, "isOnlineOnly": false, "keyruneCode": "RIN", "mcmId": 96, "mcmName": "Rinascimento", "meta": {"date": "2019-09-01", "pricesDate": "2019-09-01", "version": "4.5.0-rebuild.4"}, "name": "Rinascimento", "releaseDate": "1995-08-01", "tokens": [], "totalSetSize": 69, "translations": {}, "type": "masters"}