{"baseSetSize": 0, "cards": [{"artist": "Slawomir Maniak", "borderColor": "black", "colorIdentity": ["U"], "colors": ["U"], "convertedManaCost": 1.0, "edhrecRank": 6825, "flavorText": "\"Contrary to popular wisdom, I find it's best to fight fire with its opposite.\"", "foreignData": [], "frameVersion": "2015", "hasFoil": true, "hasNonFoil": true, "isPaper": true, "isReprint": true, "isStarter": true, "layout": "normal", "legalities": {"commander": "Legal", "duel": "Legal", "legacy": "Legal", "pauper": "Legal", "vintage": "Legal"}, "manaCost": "{U}", "mcmId": 320581, "mcmMetaId": 618, "mtgstocksId": 37978, "multiverseId": 447130, "name": "Blue Elemental Blast", "number": "2", "originalText": "Choose one —\n• Counter target red spell.\n• Destroy target red permanent.", "originalType": "Instant", "prices": {"paper": {"2019-06-02": 0.69, "2019-06-09": 0.68, "2019-06-16": 0.65, "2019-06-23": 0.65, "2019-06-30": 0.69, "2019-07-07": 0.65, "2019-07-14": 0.59, "2019-07-21": 0.65, "2019-07-28": 0.58, "2019-08-04": 0.57, "2019-08-11": 0.55, "2019-08-18": 0.54, "2019-08-25": 0.57}, "paperFoil": {"2019-06-02": 2.58, "2019-06-09": 2.64, "2019-06-16": 2.58, "2019-06-23": 2.84, "2019-06-30": 2.99, "2019-07-07": 3.01, "2019-07-14": 3.04, "2019-07-21": 3.13, "2019-07-28": 3.09, "2019-08-04": 3.09, "2019-08-11": 3.14, "2019-08-18": 3.23, "2019-08-25": 3.08}}, "printings": ["2ED", "3ED", "4BB", "4ED", "A25", "CED", "CEI", "FBB", "LEA", "LEB", "ME4", "PMEI", "PRM", "SS1", "SUM"], "purchaseUrls": {"cardmarket": "https://mtgjson.com/links/cee9d026f589e4c5", "mtgstocks": "https://mtgjson.com/links/f620f52517d5003b", "tcgplayer": "https://mtgjson.com/links/e27c53c0f1816964"}, "rarity": "rare", "rulings": [{"date": "2004-10-04", "text": "The decision to counter a spell or destroy a permanent is a decision made on announcement before the target is selected. If the spell is redirected, this mode can’t be changed, so only targets of the selected type are valid."}], "scryfallId": "6582b980-3e4b-422a-9a6c-1927ae966d7e", "scryfallIllustrationId": "514496b6-8f15-46c5-a621-75f48168f2ef", "scryfallOracleId": "65e1558c-6b09-4ddc-b520-f19f4fb972af", "subtypes": [], "supertypes": [], "tcgplayerProductId": 162748, "text": "Choose one —\n• Counter target red spell.\n• Destroy target red permanent.", "type": "Instant", "types": ["Instant"], "uuid": "9f4b79c5-d0e4-52bb-9dae-0f121207261e"}, {"artist": "Daarken", "borderColor": "black", "colorIdentity": ["U"], "colors": ["U"], "convertedManaCost": 1.0, "edhrecRank": 27, "flavorText": "\"I have a plan. Actually, I have three.\"", "foreignData": [], "frameVersion": "2015", "hasFoil": true, "hasNonFoil": true, "isPaper": true, "isReprint": true, "isStarter": true, "layout": "normal", "legalities": {"commander": "Legal", "duel": "Legal", "legacy": "Legal", "pauper": "Legal", "vintage": "Restricted"}, "manaCost": "{U}", "mcmId": 320580, "mcmMetaId": 677, "mtgstocksId": 37977, "multiverseId": 447131, "name": "Brainstorm", "number": "3", "originalText": "Draw three cards, then put two cards from your hand on top of your library in any order.", "originalType": "Instant", "prices": {"paper": {"2019-06-02": 2.22, "2019-06-09": 2.21, "2019-06-16": 2.21, "2019-06-23": 2.19, "2019-06-30": 2.23, "2019-07-07": 2.27, "2019-07-14": 2.27, "2019-07-21": 2.27, "2019-07-28": 2.28, "2019-08-04": 2.27, "2019-08-11": 2.25, "2019-08-18": 2.2, "2019-08-25": 2.19}, "paperFoil": {"2019-06-02": 17.99, "2019-06-09": 17.95, "2019-06-16": 15.15, "2019-06-23": 15.99, "2019-06-30": 15.99, "2019-07-07": 15.99, "2019-07-14": 17.79, "2019-07-21": 17.91, "2019-07-28": 17.84, "2019-08-04": 15.0, "2019-08-11": 17.1, "2019-08-18": 17.79, "2019-08-25": 15.99}}, "printings": ["5ED", "A25", "BTD", "C15", "C18", "CMD", "CNS", "CST", "DDJ", "EMA", "F04", "ICE", "ME2", "MMQ", "OLGC", "PRM", "PZ1", "SS1", "VMA", "WC00"], "purchaseUrls": {"cardmarket": "https://mtgjson.com/links/88dc1e42ed71104e", "mtgstocks": "https://mtgjson.com/links/d4de07121e43dd12", "tcgplayer": "https://mtgjson.com/links/482760b11fa8a65b"}, "rarity": "rare", "rulings": [{"date": "2018-03-16", "text": "You draw three cards and put two cards back all while Brainstorm is resolving. Nothing can happen between the two, and no player may choose to take actions."}], "scryfallId": "3cd19bdf-64f1-4c59-920b-1165f3551928", "scryfallIllustrationId": "b4b1a9ef-bf1c-45c6-a5eb-0f2d7d467697", "scryfallOracleId": "36cd2364-d113-47d1-b2c4-b088d9eb88dd", "subtypes": [], "supertypes": [], "tcgplayerProductId": 162749, "text": "Draw three cards, then put two cards from your hand on top of your library in any order.", "type": "Instant", "types": ["Instant"], "uuid": "61a5f868-7563-5090-a009-29f2259d9422"}, {"artist": "Jason Chan", "borderColor": "black", "colorIdentity": ["U"], "colors": ["U"], "convertedManaCost": 2.0, "edhrecRank": 16, "foreignData": [], "frameVersion": "2015", "hasFoil": true, "hasNonFoil": true, "isPaper": true, "isReprint": true, "isStarter": true, "layout": "normal", "legalities": {"commander": "Legal", "duel": "Legal", "legacy": "Legal", "pauper": "Legal", "vintage": "Legal"}, "manaCost": "{U}{U}", "mcmId": 320579, "mcmMetaId": 1158, "mtgstocksId": 37982, "multiverseId": 447132, "name": "Counterspell", "number": "4", "originalText": "Counter target spell.", "originalType": "Instant", "prices": {"paper": {"2019-06-02": 5.0, "2019-06-09": 4.94, "2019-06-16": 4.79, "2019-06-23": 4.94, "2019-06-30": 4.95, "2019-07-07": 4.67, "2019-07-14": 4.5, "2019-07-21": 4.44, "2019-07-28": 4.26, "2019-08-04": 4.24, "2019-08-11": 4.19, "2019-08-18": 4.09, "2019-08-25": 3.99}, "paperFoil": {"2019-06-02": 23.49, "2019-06-09": 22.48, "2019-06-16": 20.69, "2019-06-23": 19.0, "2019-06-30": 19.49, "2019-07-07": 19.56, "2019-07-14": 18.99, "2019-07-21": 18.94, "2019-07-28": 17.07, "2019-08-04": 16.89, "2019-08-11": 16.99, "2019-08-18": 16.99, "2019-08-25": 16.99}}, "printings": ["2ED", "3ED", "4BB", "4ED", "5ED", "6ED", "7ED", "A25", "BRB", "BTD", "CED", "CEI", "DD2", "EMA", "F05", "FBB", "G00", "ICE", "JVC", "LEA", "LEB", "ME2", "ME4", "MMQ", "MP2", "PLGM", "PRM", "PTC", "S99", "SS1", "SUM", "TMP", "TPR", "VMA", "WC00", "WC01", "WC02", "WC97", "WC98"], "purchaseUrls": {"cardmarket": "https://mtgjson.com/links/ffed4fa029dbe6da", "mtgstocks": "https://mtgjson.com/links/9e3aa6083851dd2a", "tcgplayer": "https://mtgjson.com/links/1cc9ba30b66b67e0"}, "rarity": "rare", "rulings": [], "scryfallId": "16b0b5e6-ac30-417b-938a-31cda2f697f8", "scryfallIllustrationId": "32026e72-0882-4ce4-a3a7-ef58d43804e7", "scryfallOracleId": "cc187110-1148-4090-bbb8-e205694a39f5", "subtypes": [], "supertypes": [], "tcgplayerProductId": 162750, "text": "Counter target spell.", "type": "Instant", "types": ["Instant"], "uuid": "0a3aaf41-2ed1-5c9f-9855-59e92110673c"}, {"artist": "Chris Rallis", "borderColor": "black", "colorIdentity": ["U"], "colors": ["U"], "convertedManaCost": 4.0, "edhrecRank": 18731, "foreignData": [], "frameVersion": "2015", "hasFoil": true, "hasNonFoil": true, "isPaper": true, "isReprint": true, "isStarter": true, "layout": "normal", "legalities": {"commander": "Banned", "duel": "Banned", "legacy": "Legal", "modern": "Legal", "vintage": "Legal"}, "manaCost": "{3}{U}", "mcmId": 320578, "mcmMetaId": 6991, "mtgstocksId": 37981, "multiverseId": 447133, "name": "Gifts Ungiven", "number": "5", "originalText": "Search your library for up to four cards with different names and reveal them. Target opponent chooses two of those cards. Put the chosen cards into your graveyard and the rest into your hand. Then shuffle your library.", "originalType": "Instant", "prices": {"paper": {"2019-06-02": 2.85, "2019-06-09": 2.82, "2019-06-16": 2.74, "2019-06-23": 2.69, "2019-06-30": 2.85, "2019-07-07": 2.74, "2019-07-14": 2.67, "2019-07-21": 2.74, "2019-07-28": 2.71, "2019-08-04": 2.64, "2019-08-11": 2.58, "2019-08-18": 2.4, "2019-08-25": 2.39}, "paperFoil": {"2019-06-02": 6.97, "2019-06-09": 6.5, "2019-06-16": 6.49, "2019-06-23": 6.55, "2019-06-30": 6.5, "2019-07-07": 6.25, "2019-07-14": 6.39, "2019-07-21": 6.39, "2019-07-28": 5.94, "2019-08-04": 5.49, "2019-08-11": 5.94, "2019-08-18": 5.94, "2019-08-25": 4.99}}, "printings": ["CHK", "MM3", "MMA", "PRM", "SS1", "V09"], "purchaseUrls": {"cardmarket": "https://mtgjson.com/links/ba68181f8d4dc8c3", "mtgstocks": "https://mtgjson.com/links/3b35874d76f8afd8", "tcgplayer": "https://mtgjson.com/links/f6c2942cc97fcafa"}, "rarity": "rare", "rulings": [{"date": "2017-03-14", "text": "You can choose to find fewer than four cards if you want. If you find one or two cards, your opponent must choose for them to be put into your graveyard, even if they don’t want to."}], "scryfallId": "024f73a3-4a01-4cfc-957a-8023ba642f21", "scryfallIllustrationId": "b08ef0f7-9bb7-4fdd-9d99-ac7f4c46a02d", "scryfallOracleId": "58aec411-167d-4709-8560-793eaaed62c5", "subtypes": [], "supertypes": [], "tcgplayerProductId": 162751, "text": "Search your library for up to four cards with different names and reveal them. Target opponent chooses two of those cards. Put the chosen cards into your graveyard and the rest into your hand. Then shuffle your library.", "type": "Instant", "types": ["Instant"], "uuid": "772d4f69-9d1a-5972-8c88-31072686deb5"}, {"artist": "Aleksi Briclot", "borderColor": "black", "colorIdentity": ["U"], "colors": ["U"], "convertedManaCost": 3.0, "edhrecRank": 753, "foreignData": [], "frameVersion": "2015", "hasFoil": true, "hasNonFoil": true, "isPaper": true, "isReprint": true, "isStarter": true, "layout": "normal", "legalities": {"commander": "Legal", "duel": "Legal", "legacy": "Legal", "modern": "Legal", "vintage": "Legal"}, "loyalty": "3", "manaCost": "{1}{U}{U}", "mcmId": 320582, "mcmMetaId": 9183, "mtgstocksId": 37976, "multiverseId": 447129, "name": "Jace Beleren", "number": "1", "originalText": "+2: Each player draws a card.\n−1: Target player draws a card.\n−10: Target player puts the top twenty cards of their library into their graveyard.", "originalType": "Legendary Planeswalker — Jace", "prices": {"paper": {"2019-06-02": 3.42, "2019-06-09": 3.38, "2019-06-16": 3.36, "2019-06-23": 3.38, "2019-06-30": 3.42, "2019-07-07": 3.47, "2019-07-14": 3.44, "2019-07-21": 3.42, "2019-07-28": 3.35, "2019-08-04": 3.34, "2019-08-11": 3.32, "2019-08-18": 3.29, "2019-08-25": 3.27}, "paperFoil": {"2019-06-02": 7.28, "2019-06-09": 7.32, "2019-06-16": 7.32, "2019-06-23": 7.55, "2019-06-30": 7.55, "2019-07-07": 7.57, "2019-07-14": 7.57, "2019-07-21": 7.35, "2019-07-28": 7.32, "2019-08-04": 7.47, "2019-08-11": 7.25, "2019-08-18": 7.02, "2019-08-25": 7.05}}, "printings": ["DD2", "JVC", "LRW", "M10", "M11", "PBOK", "PRM", "SS1"], "purchaseUrls": {"cardmarket": "https://mtgjson.com/links/52368f6c6b646c55", "mtgstocks": "https://mtgjson.com/links/05096fbb2529d7e7", "tcgplayer": "https://mtgjson.com/links/732b65c1da94f3a3"}, "rarity": "mythic", "rulings": [{"date": "2009-10-01", "text": "If there are fewer than twenty cards in the targeted player’s library, that player puts all the cards from their library into their graveyard."}], "scryfallId": "de8a1c0e-23fc-4d27-925f-cc560548ccba", "scryfallIllustrationId": "95158c22-59c7-4832-a5e2-e2263f98133a", "scryfallOracleId": "cc2b6e58-2d6f-495e-95f3-9496105c4cba", "subtypes": ["Jace"], "supertypes": ["Legendary"], "tcgplayerProductId": 162747, "text": "[+2]: Each player draws a card.\n[−1]: Target player draws a card.\n[−10]: Target player puts the top twenty cards of their library into their graveyard.", "type": "Legendary Planeswalker — Jace", "types": ["Planeswalker"], "uuid": "9ec38bb9-0a73-5a9a-bd41-cded23b328b9"}, {"artist": "Yongjae Choi", "borderColor": "black", "colorIdentity": ["U"], "colors": ["U"], "convertedManaCost": 1.0, "edhrecRank": 45, "flavorText": "\"It's not just what you know. It's knowing where to find what you don't.\"", "foreignData": [], "frameVersion": "2015", "hasFoil": true, "hasNonFoil": true, "isPaper": true, "isReprint": true, "isStarter": true, "layout": "normal", "legalities": {"commander": "Legal", "duel": "Banned", "legacy": "Banned", "vintage": "Restricted"}, "manaCost": "{U}", "mcmId": 320577, "mcmMetaId": 3809, "mtgstocksId": 37980, "multiverseId": 447134, "name": "Mystical Tutor", "number": "6", "originalText": "Search your library for an instant or sorcery card and reveal that card. Shuffle your library, then put the card on top of it.", "originalType": "Instant", "prices": {"paper": {"2019-06-02": 6.99, "2019-06-09": 7.22, "2019-06-16": 7.27, "2019-06-23": 7.51, "2019-06-30": 7.5, "2019-07-07": 7.78, "2019-07-14": 8.0, "2019-07-21": 8.2, "2019-07-28": 8.14, "2019-08-04": 8.14, "2019-08-11": 8.15, "2019-08-18": 8.25, "2019-08-25": 8.52}, "paperFoil": {"2019-06-02": 14.24, "2019-06-09": 14.24, "2019-06-16": 14.37, "2019-06-23": 14.55, "2019-06-30": 14.62, "2019-07-07": 14.99, "2019-07-14": 14.58, "2019-07-21": 14.5, "2019-07-28": 14.64, "2019-08-04": 14.93, "2019-08-11": 14.5, "2019-08-18": 14.75, "2019-08-25": 14.75}}, "printings": ["6ED", "EMA", "MIR", "PRM", "SS1", "V09", "WC00"], "purchaseUrls": {"cardmarket": "https://mtgjson.com/links/554a9e53aa14c8bf", "mtgstocks": "https://mtgjson.com/links/c316fb07fde00626", "tcgplayer": "https://mtgjson.com/links/ed95420fa83265f8"}, "rarity": "rare", "rulings": [{"date": "2016-06-08", "text": "The “shuffle and put the card on top” is a single action. If an effect causes the top card of the library to be face up, the second card down is not revealed."}], "scryfallId": "7dd7dd7c-872d-44b6-8ce6-0b05c6f98e69", "scryfallIllustrationId": "714e5c34-6bd1-4876-b2e7-5b1693f3d748", "scryfallOracleId": "fb81f95c-70f8-4eb7-8d15-15d0ae23ec03", "subtypes": [], "supertypes": [], "tcgplayerProductId": 162752, "text": "Search your library for an instant or sorcery card and reveal that card. Shuffle your library, then put the card on top of it.", "type": "Instant", "types": ["Instant"], "uuid": "f4debe7d-e39d-5b06-9a2e-7780fc59f8a5"}, {"artist": "Jason Rainville", "borderColor": "black", "colorIdentity": ["U"], "colors": ["U"], "convertedManaCost": 2.0, "edhrecRank": 80, "foreignData": [], "frameVersion": "2015", "hasFoil": true, "hasNonFoil": true, "isPaper": true, "isReprint": true, "isStarter": true, "layout": "normal", "legalities": {"brawl": "Legal", "commander": "Legal", "duel": "Legal", "future": "Legal", "legacy": "Legal", "modern": "Legal", "pauper": "Legal", "penny": "Legal", "standard": "Legal", "vintage": "Legal"}, "manaCost": "{1}{U}", "mcmId": 320576, "mcmMetaId": 9460, "mtgstocksId": 37983, "multiverseId": 447135, "name": "Negate", "number": "7", "originalText": "Counter target noncreature spell.", "originalType": "Instant", "prices": {"paper": {"2019-06-02": 1.89, "2019-06-09": 1.9, "2019-06-16": 1.89, "2019-06-23": 1.95, "2019-06-30": 1.95, "2019-07-07": 1.81, "2019-07-14": 1.72, "2019-07-21": 1.71, "2019-07-28": 1.63, "2019-08-04": 1.72, "2019-08-11": 1.72, "2019-08-18": 1.62, "2019-08-25": 1.62}, "paperFoil": {"2019-06-02": 9.99, "2019-06-09": 9.77, "2019-06-16": 9.55, "2019-06-23": 9.13, "2019-06-30": 9.5, "2019-07-07": 9.02, "2019-07-14": 9.02, "2019-07-21": 9.04, "2019-07-28": 8.99, "2019-08-04": 8.99, "2019-08-11": 8.99, "2019-08-18": 8.75, "2019-08-25": 8.63}}, "printings": ["AER", "BBD", "CN2", "DPA", "DTK", "M10", "M11", "M12", "M13", "M14", "M15", "M20", "MOR", "OGW", "ORI", "P09", "PM20", "PRM", "PS11", "RIX", "SS1"], "purchaseUrls": {"cardmarket": "https://mtgjson.com/links/a5afb860935dc75a", "mtgstocks": "https://mtgjson.com/links/ad3a59bb50b35e2d", "tcgplayer": "https://mtgjson.com/links/aab2eee017a3578c"}, "rarity": "rare", "rulings": [{"date": "2009-10-01", "text": "A “creature spell” is any spell with the type creature, even if it has other types such as artifact or enchantment. Older cards of type summon are also creature spells."}], "scryfallId": "9850fbe9-68d2-4952-b48d-4737cef34f4a", "scryfallIllustrationId": "bb559c35-a901-4625-849e-d3514e876e0a", "scryfallOracleId": "3407fe41-fdd3-4119-8f70-4bc4590a379f", "subtypes": [], "supertypes": [], "tcgplayerProductId": 162753, "text": "Counter target noncreature spell.", "type": "Instant", "types": ["Instant"], "uuid": "7d3625ad-b736-5fc7-a3f0-be587a2953dd"}, {"artist": "Tyler Jacobson", "borderColor": "black", "colorIdentity": ["U"], "colors": ["U"], "convertedManaCost": 3.0, "edhrecRank": 10204, "flavorText": "\"Every thought is a string. You just have to find the right ones to pull.\"", "foreignData": [], "frameVersion": "2015", "hasFoil": true, "hasNonFoil": true, "isPaper": true, "isReprint": true, "isStarter": true, "layout": "normal", "legalities": {"commander": "Legal", "duel": "Legal", "legacy": "Legal", "modern": "Legal", "vintage": "Legal"}, "manaCost": "{1}{U}{U}", "mcmId": 320575, "mcmMetaId": 7516, "mtgstocksId": 37979, "multiverseId": 447136, "name": "Threads of Disloyalty", "number": "8", "originalText": "Enchant creature with converted mana cost 2 or less\nYou control enchanted creature.", "originalType": "Enchantment — Aura", "prices": {"paper": {"2019-06-02": 0.5, "2019-06-09": 0.54, "2019-06-16": 0.59, "2019-06-23": 0.57, "2019-06-30": 0.69, "2019-07-07": 0.69, "2019-07-14": 0.64, "2019-07-21": 0.7, "2019-07-28": 0.65, "2019-08-04": 0.63, "2019-08-11": 0.69, "2019-08-18": 0.61, "2019-08-25": 0.55}, "paperFoil": {"2019-06-02": 2.95, "2019-06-09": 2.9, "2019-06-16": 2.8, "2019-06-23": 2.84, "2019-06-30": 2.87, "2019-07-07": 2.86, "2019-07-14": 2.84, "2019-07-21": 2.95, "2019-07-28": 2.78, "2019-08-04": 2.63, "2019-08-11": 2.58, "2019-08-18": 2.59, "2019-08-25": 2.57}}, "printings": ["BOK", "E02", "MP2", "PRM", "SS1"], "purchaseUrls": {"cardmarket": "https://mtgjson.com/links/c194e42a0c513e9c", "mtgstocks": "https://mtgjson.com/links/9ef5aaa14ddd9346", "tcgplayer": "https://mtgjson.com/links/04ac960b5340092d"}, "rarity": "rare", "rulings": [{"date": "2005-02-01", "text": "Threads of Disloyalty can’t target a creature with converted mana cost 3 or greater. If it somehow enchants a creature with converted mana cost 3 or greater, Threads of Disloyalty is put into the graveyard the next time state-based actions are checked."}, {"date": "2005-02-01", "text": "Creatures on the battlefield treat {X} in their mana cost as 0 for the purposes of calculating converted mana costs."}, {"date": "2005-02-01", "text": "Tokens usually have a converted mana cost of 0."}], "scryfallId": "e207a353-bf66-41c3-ab52-b858e57776f0", "scryfallIllustrationId": "d5461326-3801-4282-8bcd-9b0640eb77b7", "scryfallOracleId": "9d86735c-12e5-457a-beb4-057ab220d18b", "subtypes": ["Aura"], "supertypes": [], "tcgplayerProductId": 162754, "text": "Enchant creature with converted mana cost 2 or less\nYou control enchanted creature.", "type": "Enchantment — Aura", "types": ["Enchantment"], "uuid": "832e90a6-c6c3-5bd9-8ff6-f1a9625ca0f7"}], "code": "SS1", "isFoilOnly": false, "isOnlineOnly": false, "keyruneCode": "SS1", "mcmId": 2103, "mcmName": "Signature Spellbook: Jace", "meta": {"date": "2019-09-01", "pricesDate": "2019-09-01", "version": "4.5.0-rebuild.4"}, "name": "Signature Spellbook: Jace", "releaseDate": "2018-06-15", "tcgplayerGroupId": 2220, "tokens": [], "totalSetSize": 8, "translations": {}, "type": "spellbook"}