{"baseSetSize": 0, "block": "Theros", "cards": [{"artist": "Chuck Lukacs", "borderColor": "black", "colorIdentity": [], "colors": [], "convertedManaCost": 0.0, "foreignData": [], "frameVersion": "2003", "hasFoil": false, "hasNonFoil": true, "isPaper": true, "isStarter": true, "layout": "normal", "legalities": {}, "name": "The Avenger", "number": "1c", "printings": ["THP1"], "rarity": "common", "rulings": [], "scryfallId": "d0f83818-2c47-435c-ade3-302e4eabc2bf", "scryfallIllustrationId": "55d9a6e2-5d63-4c69-be09-8f84e10ddc06", "scryfallOracleId": "73bf5475-78ed-4b10-9580-3c396865c206", "subtypes": [], "supertypes": [], "tcgplayerProductId": 96919, "text": "{3}, {T}: Target creature you control gains deathtouch until end of turn.", "type": "Hero", "types": ["Hero"], "uuid": "442da38d-8b63-5226-8f8e-d7bf7999b8be", "watermark": "herospath"}, {"artist": "Chuck Lukacs", "borderColor": "black", "colorIdentity": [], "colors": [], "convertedManaCost": 0.0, "foreignData": [], "frameVersion": "2003", "hasFoil": false, "hasNonFoil": true, "isPaper": true, "isStarter": true, "layout": "normal", "legalities": {}, "name": "The Harvester", "number": "2", "printings": ["THP1"], "rarity": "common", "rulings": [], "scryfallId": "6c17db56-68ee-44c5-82c5-9ed9f03c5899", "scryfallIllustrationId": "1612fca1-d7a0-4449-bbd5-3d3577015c05", "scryfallOracleId": "0429a8c5-1b27-4a08-aa92-3282916a461d", "subtypes": [], "supertypes": [], "tcgplayerProductId": 96922, "text": "{T}: Draw a card, then discard a card.", "type": "Hero", "types": ["Hero"], "uuid": "c18896d7-fdde-578e-945b-c5fed903f2db", "watermark": "herospath"}, {"artist": "Chuck Lukacs", "borderColor": "black", "colorIdentity": [], "colors": [], "convertedManaCost": 0.0, "foreignData": [], "frameVersion": "2003", "hasFoil": false, "hasNonFoil": true, "isPaper": true, "isStarter": true, "layout": "normal", "legalities": {}, "name": "The Hunter", "number": "1e", "printings": ["THP1"], "rarity": "common", "rulings": [], "scryfallId": "4ef068ff-934c-4e4d-a4ae-e44f194b8dca", "scryfallIllustrationId": "f6d668f1-7819-4193-926c-90739c5b9a31", "scryfallOracleId": "76b3985d-a9b5-4506-9007-c64a89cff8d5", "subtypes": [], "supertypes": [], "tcgplayerProductId": 96921, "text": "{T}: Target creature you control gets +1/+1 until end of turn.", "type": "Hero", "types": ["Hero"], "uuid": "d30c9d96-3ac9-51c5-a0e8-4be7f8f0d516", "watermark": "herospath"}, {"artist": "Chuck Lukacs", "borderColor": "black", "colorIdentity": [], "colors": [], "convertedManaCost": 0.0, "foreignData": [], "frameVersion": "2003", "hasFoil": false, "hasNonFoil": true, "isPaper": true, "isStarter": true, "layout": "normal", "legalities": {}, "name": "The Philosopher", "number": "1b", "printings": ["THP1"], "rarity": "common", "rulings": [], "scryfallId": "efbffd56-92a1-4b17-8d53-e9f28b1872e1", "scryfallIllustrationId": "3e060890-c74c-46f1-9391-2981a8e2e713", "scryfallOracleId": "9c4d82e9-c3bb-46f0-b1d1-74992d0d8180", "subtypes": [], "supertypes": [], "tcgplayerProductId": 96918, "text": "{2}, {T}: Tap target creature.", "type": "Hero", "types": ["Hero"], "uuid": "631fb5d4-efd7-5d21-9bff-df804267cdf4", "watermark": "herospath"}, {"artist": "Chuck Lukacs", "borderColor": "black", "colorIdentity": [], "colors": [], "convertedManaCost": 0.0, "foreignData": [], "frameVersion": "2003", "hasFoil": false, "hasNonFoil": true, "isPaper": true, "isStarter": true, "layout": "normal", "legalities": {}, "name": "The Protector", "number": "1a", "printings": ["THP1"], "rarity": "common", "rulings": [], "scryfallId": "ca66cd86-1574-4e6e-94de-a19d8d26836f", "scryfallIllustrationId": "a72db2e4-e063-4ef4-802e-9488cce4b142", "scryfallOracleId": "9048bb17-46ad-44a3-a828-deaafd4c5f21", "subtypes": [], "supertypes": [], "tcgplayerProductId": 96917, "text": "{T}: Prevent the next 1 damage that would be dealt to any target this turn.", "type": "Hero", "types": ["Hero"], "uuid": "dea3a422-913e-518c-9eeb-4103bd0f8c7e", "watermark": "herospath"}, {"artist": "Chuck Lukacs", "borderColor": "black", "colorIdentity": [], "colors": [], "convertedManaCost": 0.0, "foreignData": [], "frameVersion": "2003", "hasFoil": false, "hasNonFoil": true, "isPaper": true, "isStarter": true, "layout": "normal", "legalities": {}, "name": "The Slayer", "number": "3", "printings": ["THP1"], "rarity": "common", "rulings": [], "scryfallId": "5a12f3e3-5708-4d14-a1ed-600232002266", "scryfallIllustrationId": "2005f16e-3441-478b-92c4-37eb81801c62", "scryfallOracleId": "10bca1c1-de28-4fbb-8439-31bfed5d52d7", "subtypes": [], "supertypes": [], "tcgplayerProductId": 96912, "text": "You start the game with an additional 7 life.", "type": "Hero", "types": ["Hero"], "uuid": "b9b073c8-64eb-5c55-add4-fcd5e1f444fc", "watermark": "herospath"}, {"artist": "Chuck Lukacs", "borderColor": "black", "colorIdentity": [], "colors": [], "convertedManaCost": 0.0, "foreignData": [], "frameVersion": "2003", "hasFoil": false, "hasNonFoil": true, "isPaper": true, "isStarter": true, "layout": "normal", "legalities": {}, "name": "The Warrior", "number": "1d", "printings": ["THP1"], "rarity": "common", "rulings": [], "scryfallId": "dd60768a-c47f-4af5-bb33-c17777c7dd66", "scryfallIllustrationId": "28cac15a-c0e5-4370-be0b-73f829968781", "scryfallOracleId": "7a6b3559-9a10-4f95-b912-e890a069dc96", "subtypes": [], "supertypes": [], "tcgplayerProductId": 96920, "text": "{T}: Target creature you control gains haste until end of turn.", "type": "Hero", "types": ["Hero"], "uuid": "5b5e176c-ead9-5b73-b52f-121bef4cba08", "watermark": "herospath"}], "code": "THP1", "isFoilOnly": false, "isOnlineOnly": false, "keyruneCode": "THS", "meta": {"date": "2019-09-01", "pricesDate": "2019-09-01", "version": "4.5.0-rebuild.4"}, "name": "Theros Hero's Path", "parentCode": "THS", "releaseDate": "2013-09-27", "tokens": [], "totalSetSize": 7, "translations": {}, "type": "token"}