{"baseSetSize": 0, "block": "Theros", "cards": [{"artist": "Chuck Lukacs", "borderColor": "black", "colorIdentity": [], "colors": [], "convertedManaCost": 0.0, "foreignData": [], "frameVersion": "2003", "hasFoil": false, "hasNonFoil": true, "isPaper": true, "isStarter": true, "layout": "normal", "legalities": {}, "name": "Axe of the Warmonger", "number": "7d", "printings": ["THP3"], "rarity": "common", "rulings": [], "scryfallId": "e6ba72d5-b57e-4c79-a868-e114c07288c9", "scryfallIllustrationId": "e156be80-9363-46dc-8762-64ea25348a93", "scryfallOracleId": "daf52760-f6e8-4706-bc24-c350a26c48cb", "subtypes": ["Equipment"], "supertypes": [], "tcgplayerProductId": 82216, "text": "Equipped creature gets +2/+1 and has haste.\nEquip {2}", "type": "Hero Artifact — Equipment", "types": ["Hero", "Artifact"], "uuid": "58e34e95-4383-551c-a44f-a349d75b5f6c", "watermark": "herospath"}, {"artist": "Chuck Lukacs", "borderColor": "black", "colorIdentity": [], "colors": [], "convertedManaCost": 0.0, "foreignData": [], "frameVersion": "2003", "hasFoil": false, "hasNonFoil": true, "isPaper": true, "isStarter": true, "layout": "normal", "legalities": {}, "name": "Bow of the Hunter", "number": "7e", "printings": ["THP3"], "rarity": "common", "rulings": [], "scryfallId": "249f009a-07da-41e6-909c-64e17208ed2e", "scryfallIllustrationId": "954138ea-7816-4420-b408-643f1770f071", "scryfallOracleId": "3bd81f98-a93e-4b35-bdc5-4cc30649130c", "subtypes": ["Equipment"], "supertypes": [], "tcgplayerProductId": 82217, "text": "Equipped creature has \"{T}: This creature deals 2 damage to any target.\"\nEquip {2}", "type": "Hero Artifact — Equipment", "types": ["Hero", "Artifact"], "uuid": "af8ee6d3-652b-5b12-a3df-e4bc052f42e3", "watermark": "herospath"}, {"artist": "Chuck Lukacs", "borderColor": "black", "colorIdentity": [], "colors": [], "convertedManaCost": 0.0, "foreignData": [], "frameVersion": "2003", "hasFoil": false, "hasNonFoil": true, "isPaper": true, "isStarter": true, "layout": "normal", "legalities": {}, "name": "Cloak of the Philosopher", "number": "7b", "printings": ["THP3"], "rarity": "common", "rulings": [], "scryfallId": "cb470a9e-ec5c-42f4-a128-9a813d883f14", "scryfallIllustrationId": "9c7c2b6f-7f0a-494d-8e7f-2dd24151dede", "scryfallOracleId": "509eb51f-7813-465f-bb73-110861a2c141", "subtypes": ["Equipment"], "supertypes": [], "tcgplayerProductId": 82214, "text": "Equipped creature gets +1/+1.\n{2}: Untap equipped creature.\nEquip {2}", "type": "Hero Artifact — Equipment", "types": ["Hero", "Artifact"], "uuid": "c103ea35-0b34-5373-ab1e-b8c45d97a690", "watermark": "herospath"}, {"artist": "Chuck Lukacs", "borderColor": "black", "colorIdentity": [], "colors": [], "convertedManaCost": 3.0, "edhrecRank": 2784, "flavorText": "Heroes act without thought of glory or reward. Accolades are a consequence, not a goal.", "foreignData": [], "frameVersion": "2003", "hasFoil": true, "hasNonFoil": false, "isPaper": true, "isReprint": true, "isStarter": true, "layout": "normal", "legalities": {"commander": "Legal", "duel": "Legal", "legacy": "Legal", "modern": "Legal", "penny": "Legal", "vintage": "Legal"}, "manaCost": "{3}", "mtgstocksId": 25565, "name": "Hall of Triumph", "number": "162", "prices": {"paper": {}, "paperFoil": {"2019-06-02": 0.56, "2019-06-09": 0.55, "2019-06-16": 0.57, "2019-06-23": 0.56, "2019-06-30": 0.54, "2019-07-07": 0.56, "2019-07-14": 0.55, "2019-07-21": 0.55, "2019-07-28": 0.54, "2019-08-04": 0.54, "2019-08-11": 0.55, "2019-08-18": 0.56, "2019-08-25": 0.55}}, "printings": ["JOU", "PRM", "THP3"], "rarity": "rare", "rulings": [], "scryfallId": "2e60397c-5d21-4b8c-be4e-38554b8b405c", "scryfallIllustrationId": "911ea371-148d-425c-8eb7-8cbb23ea77de", "scryfallOracleId": "716632dd-2947-4641-a1db-50e0a2b0b4e8", "subtypes": [], "supertypes": ["Legendary"], "tcgplayerProductId": 92418, "text": "As Hall of Triumph enters the battlefield, choose a color.\nCreatures you control of the chosen color get +1/+1.", "type": "Legendary Artifact", "types": ["Artifact"], "uuid": "70829c91-d56b-561b-b2d4-1a9a384516ce", "watermark": "herospath"}, {"artist": "Chuck Lukacs", "borderColor": "black", "colorIdentity": [], "colors": [], "convertedManaCost": 0.0, "foreignData": [], "frameVersion": "2003", "hasFoil": false, "hasNonFoil": true, "isPaper": true, "isStarter": true, "layout": "normal", "legalities": {}, "name": "Lash of the Tyrant", "number": "7c", "printings": ["THP3"], "rarity": "common", "rulings": [], "scryfallId": "26326918-56f7-4dd1-90cc-3e3230672637", "scryfallIllustrationId": "2fe9f01b-9ef1-42d9-a9ad-22bf4aa27a50", "scryfallOracleId": "0e4054d7-6e28-4936-8e4a-3761d74d6b15", "subtypes": ["Equipment"], "supertypes": [], "tcgplayerProductId": 82215, "text": "Equipped creature gets +1/+2 and has deathtouch.\nEquip {2}", "type": "Hero Artifact — Equipment", "types": ["Hero", "Artifact"], "uuid": "28d8c7f2-c109-5e7f-8632-f46e4386d54e", "watermark": "herospath"}, {"artist": "Chuck Lukacs", "borderColor": "black", "colorIdentity": [], "colors": [], "convertedManaCost": 0.0, "foreignData": [], "frameVersion": "2003", "hasFoil": false, "hasNonFoil": true, "isPaper": true, "isStarter": true, "layout": "normal", "legalities": {}, "name": "Spear of the General", "number": "7a", "printings": ["THP3"], "rarity": "common", "rulings": [], "scryfallId": "8d10db7e-e680-496a-8845-3bdfb176a989", "scryfallIllustrationId": "85d16e50-aef4-4731-b934-d94997669b93", "scryfallOracleId": "8069ed10-2ee0-46df-9a69-4f4da65ba8d4", "subtypes": ["Equipment"], "supertypes": [], "tcgplayerProductId": 82213, "text": "Equipped creature gets +2/+0 and has first strike.\nEquip {2}", "type": "Hero Artifact — Equipment", "types": ["Hero", "Artifact"], "uuid": "d04fc2cf-da45-5a84-a958-0b0a200839ec", "watermark": "herospath"}, {"artist": "Chuck Lukacs", "borderColor": "black", "colorIdentity": [], "colors": [], "convertedManaCost": 0.0, "foreignData": [], "frameVersion": "2003", "hasFoil": false, "hasNonFoil": true, "isPaper": true, "isStarter": true, "layout": "normal", "legalities": {}, "name": "The Champion", "number": "9", "printings": ["THP3"], "rarity": "common", "rulings": [], "scryfallId": "9a6eba2c-a980-4a2b-b103-bd91bc5889d2", "scryfallIllustrationId": "e2b33144-72b3-4a87-92bc-6d0882f687d8", "scryfallOracleId": "6d748b95-035c-468b-a271-f668afdb48f9", "subtypes": [], "supertypes": [], "tcgplayerProductId": 96915, "text": "{2}, {T}, Exile The Champion: Search your library for a legendary artifact card that isn't a creature, reveal it, and put it onto the battlefield. Then shuffle your library.", "type": "Hero", "types": ["Hero"], "uuid": "11f0855a-0fd4-535c-a44e-46aed5393cb4", "watermark": "herospath"}, {"artist": "Chuck Lukacs", "borderColor": "black", "colorIdentity": [], "colors": [], "convertedManaCost": 0.0, "foreignData": [], "frameVersion": "2003", "hasFoil": false, "hasNonFoil": true, "isPaper": true, "isStarter": true, "layout": "normal", "legalities": {}, "name": "The Destined", "number": "8", "printings": ["THP3"], "rarity": "common", "rulings": [], "scryfallId": "80c9f81c-a6d7-4ffd-b2c8-01ef025b272f", "scryfallIllustrationId": "1fb66d8f-2bb7-4542-b033-7448cadb04e6", "scryfallOracleId": "c8616b26-b627-488d-a7ba-8cb555f0a59b", "subtypes": [], "supertypes": [], "tcgplayerProductId": 82218, "text": "Spells you control that target a creature you control cost {2} less to cast.", "type": "Hero", "types": ["Hero"], "uuid": "41f26bb8-b922-5d6b-92e6-4cccd3caffa8", "watermark": "herospath"}], "code": "THP3", "isFoilOnly": false, "isOnlineOnly": false, "keyruneCode": "JOU", "meta": {"date": "2019-09-01", "pricesDate": "2019-09-01", "version": "4.5.0-rebuild.4"}, "name": "Journey into Nyx Hero's Path", "parentCode": "JOU", "releaseDate": "2014-05-02", "tokens": [{"borderColor": "black", "colorIdentity": [], "colors": [], "layout": "normal", "name": "Enhancement Stickers", "number": "0", "reverseRelated": [], "scryfallId": "b75073d6-bd99-4d70-b335-72df71636617", "scryfallOracleId": "861c3dd2-1142-4b66-8e9e-aa8a441c6eba", "text": "Equipped creature has vigilance and can block an additional creature each combat.\nWhenever equipped creature deals damage, put a +1/+1 counter on it.\nWhenever equipped creature deals damage, scry 1.\nEquipped creature has protection from enchantments.\nEquipped creature has double strike.\nWhenever equipped creature deals damage, put a 1/1 white Soldier creature token onto the battlefield.\nWhenever equipped creature deals damage, untap two target lands.", "type": "Card", "uuid": "71d9d5fa-d85e-576b-9daf-60258bc20272"}], "totalSetSize": 9, "translations": {}, "type": "token"}