{"baseSetSize": 0, "cards": [{"artist": "Karl Kopinski", "borderColor": "black", "colorIdentity": [], "colors": [], "convertedManaCost": 1.0, "edhrecRank": 4489, "foreignData": [], "frameVersion": "2003", "hasFoil": true, "hasNonFoil": false, "isMtgo": true, "isPaper": true, "isReprint": true, "isStarter": true, "layout": "normal", "legalities": {"commander": "Legal", "duel": "Legal", "legacy": "Legal", "modern": "Legal", "vintage": "Legal"}, "manaCost": "{1}", "mcmId": 242229, "mcmMetaId": 65, "mtgoFoilId": 37636, "mtgoId": 37635, "mtgstocksId": 16717, "multiverseId": 212630, "name": "Aether Vial", "number": "1", "originalText": "At the beginning of your upkeep, you may put a charge counter on Æther Vial.\n{T}: You may put a creature card with converted mana cost equal to the number of charge counters on Æther Vial from your hand onto the battlefield.", "originalType": "Artifact", "prices": {"paper": {}, "paperFoil": {"2019-06-02": 47.07, "2019-06-09": 49.01, "2019-06-16": 49.99, "2019-06-23": 51.22, "2019-06-30": 50.07, "2019-07-07": 49.99, "2019-07-14": 49.99, "2019-07-21": 49.94, "2019-07-28": 49.99, "2019-08-04": 50.0, "2019-08-11": 48.4, "2019-08-18": 48.22, "2019-08-25": 48.05}}, "printings": ["DST", "IMA", "MMA", "MPS", "TD0", "V10"], "purchaseUrls": {"cardmarket": "https://mtgjson.com/links/006a18670b1e72b5", "mtgstocks": "https://mtgjson.com/links/9d41f90cc56400cd", "tcgplayer": "https://mtgjson.com/links/9977e88873441482"}, "rarity": "mythic", "rulings": [{"date": "2017-11-17", "text": "If Aether Vial leaves the battlefield while its second ability is on the stack, use its last known number of charge counters to determine what you may put from your hand onto the battlefield."}, {"date": "2017-11-17", "text": "If a card in a player’s hand has {X} in its mana cost, X is considered to be 0."}], "scryfallId": "d93510d4-7772-4260-b862-6dc096496404", "scryfallIllustrationId": "7b72043b-34c0-4289-b0e8-bb165553dbb7", "scryfallOracleId": "fc148e1e-dff0-448e-9f16-625341754356", "subtypes": [], "supertypes": [], "tcgplayerProductId": 36756, "text": "At the beginning of your upkeep, you may put a charge counter on Aether Vial.\n{T}: You may put a creature card with converted mana cost equal to the number of charge counters on Aether Vial from your hand onto the battlefield.", "type": "Artifact", "types": ["Artifact"], "uuid": "3028ac73-cbce-59cb-b1dc-ee1a88d4b3d3"}, {"artist": "Dan Scott", "borderColor": "black", "colorIdentity": [], "colors": [], "convertedManaCost": 1.0, "edhrecRank": 6450, "foreignData": [], "frameVersion": "2003", "hasFoil": true, "hasNonFoil": false, "isMtgo": true, "isPaper": true, "isReprint": true, "isStarter": true, "layout": "normal", "legalities": {"commander": "Legal", "duel": "Legal", "legacy": "Legal", "vintage": "Legal"}, "manaCost": "{1}", "mcmId": 242230, "mcmMetaId": 552, "mtgoFoilId": 37640, "mtgoId": 37639, "mtgstocksId": 16718, "multiverseId": 212636, "name": "Black Vise", "number": "2", "originalText": "As Black Vise enters the battlefield, choose an opponent.\nAt the beginning of the chosen player's upkeep, Black Vise deals X damage to that player, where X is the number of cards in his or her hand minus 4.", "originalType": "Artifact", "prices": {"paper": {}, "paperFoil": {"2019-06-02": 3.22, "2019-06-09": 3.22, "2019-06-16": 3.14, "2019-06-23": 3.18, "2019-06-30": 3.22, "2019-07-07": 3.14, "2019-07-14": 3.13, "2019-07-21": 3.12, "2019-07-28": 3.14, "2019-08-04": 3.14, "2019-08-11": 3.14, "2019-08-18": 3.13, "2019-08-25": 3.13}}, "printings": ["2ED", "3ED", "4BB", "4ED", "CED", "CEI", "FBB", "LEA", "LEB", "ME3", "MPS", "PTC", "SUM", "V10"], "purchaseUrls": {"cardmarket": "https://mtgjson.com/links/ae113083f1e5d77f", "mtgstocks": "https://mtgjson.com/links/97725a010c8d548b", "tcgplayer": "https://mtgjson.com/links/efe936fc8818a63b"}, "rarity": "mythic", "rulings": [{"date": "2004-10-04", "text": "You choose one opposing player as it enters the battlefield and it only affects that one player. This choice is not changed even if Black Vise changes controllers. It becomes useless but stays on the battlefield if that player leaves the game."}, {"date": "2009-10-01", "text": "If the chosen player has four or fewer cards in their hand as Black Vise’s ability resolves, the ability just won’t do anything that turn."}], "scryfallId": "4bcbfa94-1de7-4770-b18d-c959738011ab", "scryfallIllustrationId": "bece0190-81a2-4999-9ed7-ceb8407f89d4", "scryfallOracleId": "de7839fb-7040-48ab-a6d4-d1952972943d", "subtypes": [], "supertypes": [], "tcgplayerProductId": 36757, "text": "As Black Vise enters the battlefield, choose an opponent.\nAt the beginning of the chosen player's upkeep, Black Vise deals X damage to that player, where X is the number of cards in their hand minus 4.", "type": "Artifact", "types": ["Artifact"], "uuid": "f9192b70-0413-526c-b41d-eb7bfbcfd248"}, {"artist": "Chippy", "borderColor": "black", "colorIdentity": [], "colors": [], "convertedManaCost": 2.0, "edhrecRank": 301, "foreignData": [], "frameVersion": "2003", "hasFoil": true, "hasNonFoil": false, "isMtgo": true, "isPaper": true, "isReprint": true, "isStarter": true, "layout": "normal", "legalities": {"commander": "Legal", "duel": "Legal", "legacy": "Legal", "modern": "Legal", "vintage": "Legal"}, "manaCost": "{2}", "mtgoFoilId": 37648, "mtgoId": 37647, "mtgstocksId": 16719, "multiverseId": 212626, "name": "Isochron Scepter", "number": "3", "originalText": "Imprint — When Isochron Scepter enters the battlefield, you may exile an instant card with converted mana cost 2 or less from your hand.\n{2}, {T}: You may copy the exiled card. If you do, you may cast the copy without paying its mana cost.", "originalType": "Artifact", "prices": {"paper": {}, "paperFoil": {"2019-06-02": 25.0, "2019-06-09": 24.39, "2019-06-16": 25.83, "2019-06-23": 20.5, "2019-06-30": 21.07, "2019-07-07": 20.95, "2019-07-14": 21.77, "2019-07-21": 19.99, "2019-07-28": 20.7, "2019-08-04": 20.18, "2019-08-11": 20.18, "2019-08-18": 20.13, "2019-08-25": 20.25}}, "printings": ["DDJ", "EMA", "F08", "MRD", "PRM", "V10"], "purchaseUrls": {"mtgstocks": "https://mtgjson.com/links/19a858125b5efe73", "tcgplayer": "https://mtgjson.com/links/2a04ab3884eccaa4"}, "rarity": "mythic", "rulings": [{"date": "2016-06-08", "text": "If Isochron Scepter leaves the battlefield while the activated ability is on the stack, the ability can still make a copy."}, {"date": "2016-06-08", "text": "You cast the copy while the ability is resolving and still on the stack."}, {"date": "2016-06-08", "text": "If the imprinted card leaves the exile zone while the activated ability is on the stack, the copy can’t be made."}, {"date": "2016-06-08", "text": "If the exiled card has X in its mana cost, you must choose 0 as the value for X when casting it."}, {"date": "2016-06-08", "text": "If you don’t want to cast the copy, you can choose not to; the copy ceases to exist the next time state-based actions are checked."}, {"date": "2016-06-08", "text": "Because you’re already casting the spell using an alternative cost (by casting it without paying its mana cost), you can’t pay any other alternative costs for the card. You can pay additional costs, such as kicker costs. If the card has any mandatory additional costs, you must pay those."}, {"date": "2017-04-18", "text": "The converted mana cost of a split card is determined by the combined mana cost of its two halves. When you activate the second ability, you may choose to cast either half of the split card, but you may not cast both halves."}], "scryfallId": "c6b7a27e-a275-4af2-84f6-a51f3120bdae", "scryfallIllustrationId": "1a98b746-be24-4b50-9759-cf0cdfe8a19f", "scryfallOracleId": "ddd649f4-dbaf-48ec-8ff7-95581257772d", "subtypes": [], "supertypes": [], "tcgplayerProductId": 36758, "text": "Imprint — When Isochron Scepter enters the battlefield, you may exile an instant card with converted mana cost 2 or less from your hand.\n{2}, {T}: You may copy the exiled card. If you do, you may cast the copy without paying its mana cost.", "type": "Artifact", "types": ["Artifact"], "uuid": "436a5aab-5b95-504f-beae-a73e00758572"}, {"artist": "Jason Chan", "borderColor": "black", "colorIdentity": [], "colors": [], "convertedManaCost": 1.0, "edhrecRank": 5108, "flavorText": "Valuing scholarship above all else, the inhabitants of the Ivory Tower reward those who sacrifice power for knowledge.", "foreignData": [], "frameVersion": "2003", "hasFoil": true, "hasNonFoil": false, "isMtgo": true, "isPaper": true, "isReprint": true, "isStarter": true, "layout": "normal", "legalities": {"commander": "Legal", "duel": "Legal", "legacy": "Legal", "penny": "Legal", "vintage": "Legal"}, "manaCost": "{1}", "mtgoFoilId": 37646, "mtgoId": 37645, "mtgstocksId": 16720, "multiverseId": 212639, "name": "Ivory Tower", "number": "4", "originalText": "At the beginning of your upkeep, you gain X life, where X is the number of cards in your hand minus four.", "originalType": "Artifact", "prices": {"paper": {}, "paperFoil": {"2019-06-02": 3.66, "2019-06-09": 3.75, "2019-06-16": 3.75, "2019-06-23": 3.66, "2019-06-30": 3.62, "2019-07-07": 3.59, "2019-07-14": 3.74, "2019-07-21": 3.64, "2019-07-28": 3.72, "2019-08-04": 3.73, "2019-08-11": 3.78, "2019-08-18": 3.73, "2019-08-25": 3.69}}, "printings": ["3ED", "4BB", "4ED", "ATQ", "FBB", "ME1", "PTC", "SUM", "V10", "VMA"], "purchaseUrls": {"mtgstocks": "https://mtgjson.com/links/adfc777b5c83208d", "tcgplayer": "https://mtgjson.com/links/81e5b819f9511010"}, "rarity": "mythic", "rulings": [{"date": "2004-10-04", "text": "If you have four or fewer cards in your hand when Ivory Tower’s ability resolves, the ability has no effect."}], "scryfallId": "c3d44dad-dbb0-4642-b7dd-5b18bb09f7cc", "scryfallIllustrationId": "e0cacfb3-e779-452d-ab27-b1003273cf08", "scryfallOracleId": "d416a4ed-9f16-4a8b-8aee-03c630e1eb6c", "subtypes": [], "supertypes": [], "tcgplayerProductId": 36759, "text": "At the beginning of your upkeep, you gain X life, where X is the number of cards in your hand minus 4.", "type": "Artifact", "types": ["Artifact"], "uuid": "fda3aae9-3068-57b8-a763-39300b566b86"}, {"artist": "D. Alexander Gregory", "borderColor": "black", "colorIdentity": [], "colors": [], "convertedManaCost": 4.0, "edhrecRank": 5979, "flavorText": "\"Know your foes' strengths as well as their weaknesses.\" —Arcum Dagsson, Soldevi machinist", "foreignData": [], "frameVersion": "2003", "hasFoil": true, "hasNonFoil": false, "isMtgo": true, "isPaper": true, "isReprint": true, "isStarter": true, "layout": "normal", "legalities": {"commander": "Legal", "duel": "Legal", "legacy": "Legal", "modern": "Legal", "penny": "Legal", "vintage": "Legal"}, "manaCost": "{4}", "mtgoFoilId": 37656, "mtgoId": 37655, "mtgstocksId": 16721, "multiverseId": 212627, "name": "Jester's Cap", "number": "5", "originalText": "{2}, {T}, Sacrifice Jester's Cap: Search target player's library for three cards and exile them. Then that player shuffles his or her library.", "originalType": "Artifact", "prices": {"paper": {}, "paperFoil": {"2019-06-02": 4.49, "2019-06-09": 4.5, "2019-06-16": 4.49, "2019-06-23": 4.49, "2019-06-30": 4.4, "2019-07-07": 4.21, "2019-07-14": 4.47, "2019-07-21": 4.47, "2019-07-28": 4.47, "2019-08-04": 4.48, "2019-08-11": 4.48, "2019-08-18": 4.51, "2019-08-25": 4.48}}, "printings": ["5ED", "9ED", "ICE", "PTC", "V10"], "purchaseUrls": {"mtgstocks": "https://mtgjson.com/links/d90ce3059b515d73", "tcgplayer": "https://mtgjson.com/links/fa1da084b60f72d9"}, "rarity": "mythic", "rulings": [{"date": "2004-10-04", "text": "If the player has less than 3 cards in their library, just exile all the cards that are there."}], "scryfallId": "387c94bc-2981-405d-9def-7f8cda7aab40", "scryfallIllustrationId": "a0da1df4-460f-46df-8636-f0a12af6292a", "scryfallOracleId": "8783a94a-d0b2-4291-a550-dbcf8e16bf4b", "subtypes": [], "supertypes": [], "tcgplayerProductId": 36760, "text": "{2}, {T}, Sacrifice Jester's Cap: Search target player's library for three cards and exile them. Then that player shuffles their library.", "type": "Artifact", "types": ["Artifact"], "uuid": "b5d0f2de-976a-56b4-95c2-b3dc0f2b0bff"}, {"artist": "Mark Zug", "borderColor": "black", "colorIdentity": [], "colors": [], "convertedManaCost": 5.0, "edhrecRank": 3127, "foreignData": [], "frameVersion": "2003", "hasFoil": true, "hasNonFoil": false, "isMtgo": true, "isPaper": true, "isReprint": true, "isReserved": true, "isStarter": true, "layout": "normal", "legalities": {"commander": "Legal", "duel": "Legal", "legacy": "Legal", "penny": "Legal", "vintage": "Legal"}, "manaCost": "{5}", "mtgoFoilId": 37628, "mtgoId": 37627, "mtgstocksId": 16722, "multiverseId": 212632, "name": "Karn, Silver Golem", "number": "6", "originalText": "Whenever Karn, Silver Golem blocks or becomes blocked, it gets -4/+4 until end of turn.\n{1}: Target noncreature artifact becomes an artifact creature with power and toughness each equal to its converted mana cost until end of turn.", "originalType": "Legendary Artifact Creature — Golem", "power": "4", "prices": {"paper": {}, "paperFoil": {"2019-06-02": 15.99, "2019-06-09": 15.99, "2019-06-16": 15.5, "2019-06-23": 14.99, "2019-06-30": 14.99, "2019-07-07": 15.03, "2019-07-14": 14.99, "2019-07-21": 14.99, "2019-07-28": 14.89, "2019-08-04": 14.99, "2019-08-11": 14.99, "2019-08-18": 13.84, "2019-08-25": 13.84}}, "printings": ["OCM1", "PAL99", "PRM", "USG", "V10", "VMA", "WC99"], "purchaseUrls": {"mtgstocks": "https://mtgjson.com/links/904ebd2b6901a421", "tcgplayer": "https://mtgjson.com/links/badae13a3629000a"}, "rarity": "mythic", "rulings": [{"date": "2004-10-04", "text": "The blocking ability triggers only once no matter how many blockers are declared."}, {"date": "2008-08-01", "text": "A noncreature permanent that turns into a creature can attack, and its {T} abilities can be activated, only if its controller has continuously controlled that permanent since the beginning of their most recent turn. It doesn’t matter how long the permanent has been a creature."}], "scryfallId": "18fb9c27-0027-4b77-87bf-af0d0bd2278b", "scryfallIllustrationId": "8e1b8e7a-e168-4071-89e4-e4eb51fa285e", "scryfallOracleId": "8a7c6391-020a-4d7a-8abb-702631bbee56", "subtypes": ["Golem"], "supertypes": ["Legendary"], "tcgplayerProductId": 36761, "text": "Whenever Karn, Silver Golem blocks or becomes blocked, it gets -4/+4 until end of turn.\n{1}: Target noncreature artifact becomes an artifact creature with power and toughness each equal to its converted mana cost until end of turn.", "toughness": "4", "type": "Legendary Artifact Creature — Golem", "types": ["Artifact", "Creature"], "uuid": "8cb19a0d-e87b-57f1-8cb3-309871179879"}, {"artist": "Steven Belledin", "borderColor": "black", "colorIdentity": [], "colors": [], "convertedManaCost": 4.0, "edhrecRank": 10685, "foreignData": [], "frameVersion": "2003", "hasFoil": true, "hasNonFoil": false, "isMtgo": true, "isPaper": true, "isReprint": true, "isReserved": true, "isStarter": true, "layout": "normal", "legalities": {"commander": "Legal", "duel": "Legal", "legacy": "Legal", "penny": "Legal", "vintage": "Legal"}, "manaCost": "{4}", "mcmId": 242235, "mcmMetaId": 3511, "mtgoFoilId": 37634, "mtgoId": 37633, "mtgstocksId": 16723, "multiverseId": 212629, "name": "Masticore", "number": "7", "originalText": "At the beginning of your upkeep, sacrifice Masticore unless you discard a card.\n{2}: Masticore deals 1 damage to target creature.\n{2}: Regenerate Masticore.", "originalType": "Artifact Creature — Masticore", "power": "4", "prices": {"paper": {}, "paperFoil": {"2019-06-02": 1.99, "2019-06-09": 1.99, "2019-06-16": 1.99, "2019-06-23": 2.0, "2019-06-30": 1.98, "2019-07-07": 1.98, "2019-07-14": 1.99, "2019-07-21": 1.98, "2019-07-28": 1.99, "2019-08-04": 2.01, "2019-08-11": 2.0, "2019-08-18": 1.99, "2019-08-25": 1.99}}, "printings": ["UDS", "V10", "VMA", "WC00", "WC99"], "purchaseUrls": {"cardmarket": "https://mtgjson.com/links/22c208a6f197378d", "mtgstocks": "https://mtgjson.com/links/b6c22ab81c8ff040", "tcgplayer": "https://mtgjson.com/links/a750708a72df0c96"}, "rarity": "mythic", "rulings": [], "scryfallId": "e65cc594-cfa1-42d8-82a1-a99986b9ebb3", "scryfallIllustrationId": "5477ac8f-ea87-4c2a-9ab6-0f17eba66f8e", "scryfallOracleId": "621476a4-44bf-4f55-adb1-880cdd213f38", "subtypes": ["Masticore"], "supertypes": [], "tcgplayerProductId": 36762, "text": "At the beginning of your upkeep, sacrifice Masticore unless you discard a card.\n{2}: Masticore deals 1 damage to target creature.\n{2}: Regenerate Masticore.", "toughness": "4", "type": "Artifact Creature — Masticore", "types": ["Artifact", "Creature"], "uuid": "8bd544f9-977e-5184-82d5-b6f84c368916"}, {"artist": "Donato Giancola", "borderColor": "black", "colorIdentity": [], "colors": [], "convertedManaCost": 5.0, "edhrecRank": 1485, "foreignData": [], "frameVersion": "2003", "hasFoil": true, "hasNonFoil": false, "isMtgo": true, "isPaper": true, "isReprint": true, "isReserved": true, "isStarter": true, "layout": "normal", "legalities": {"commander": "Legal", "duel": "Legal", "legacy": "Banned", "vintage": "Restricted"}, "manaCost": "{5}", "mcmId": 242236, "mcmMetaId": 3530, "mtgoFoilId": 37630, "mtgoId": 37629, "mtgstocksId": 16724, "multiverseId": 212633, "name": "Memory Jar", "number": "8", "originalText": "{T}, Sacrifice Memory Jar: Each player exiles all cards from his or her hand face down and draws seven cards. At the beginning of the next end step, each player discards his or her hand and returns to his or her hand each card he or she exiled this way.", "originalType": "Artifact", "prices": {"paper": {}, "paperFoil": {"2019-06-02": 29.97, "2019-06-09": 29.98, "2019-06-16": 29.99, "2019-06-23": 29.98, "2019-06-30": 28.79, "2019-07-07": 29.98, "2019-07-14": 29.97, "2019-07-21": 29.99, "2019-07-28": 30.0, "2019-08-04": 30.0, "2019-08-11": 30.0, "2019-08-18": 28.28, "2019-08-25": 28.14}}, "printings": ["ULG", "V10", "VMA"], "purchaseUrls": {"cardmarket": "https://mtgjson.com/links/36685de9a4e1baa3", "mtgstocks": "https://mtgjson.com/links/d3ddf6560cae503d", "tcgplayer": "https://mtgjson.com/links/b378e3dc795c1465"}, "rarity": "mythic", "rulings": [{"date": "2004-10-04", "text": "You can’t look at the cards you exiled until they return to your hand."}], "scryfallId": "37dbe1a3-3c44-452b-9fb9-37f5d793d0b5", "scryfallIllustrationId": "9b955296-fb5a-4d88-837b-d4333d07a35c", "scryfallOracleId": "eb9c9a34-88a8-4afe-a053-806f6b29834f", "subtypes": [], "supertypes": [], "tcgplayerProductId": 36763, "text": "{T}, Sacrifice Memory Jar: Each player exiles all cards from their hand face down and draws seven cards. At the beginning of the next end step, each player discards their hand and returns to their hand each card they exiled this way.", "type": "Artifact", "types": ["Artifact"], "uuid": "fabb18a1-1adc-579f-8fb1-a09423c17006"}, {"artist": "Donato Giancola", "borderColor": "black", "colorIdentity": [], "colors": [], "convertedManaCost": 5.0, "edhrecRank": 2617, "flavorText": "\"It offers you what you want, not what you need.\" —Braids, dementia summoner", "foreignData": [], "frameVersion": "2003", "hasFoil": true, "hasNonFoil": false, "isMtgo": true, "isPaper": true, "isReprint": true, "isStarter": true, "layout": "normal", "legalities": {"commander": "Legal", "duel": "Legal", "legacy": "Legal", "modern": "Legal", "penny": "Legal", "vintage": "Legal"}, "manaCost": "{5}", "mcmId": 242237, "mcmMetaId": 3627, "mtgoFoilId": 37652, "mtgoId": 37651, "mtgstocksId": 16725, "multiverseId": 212635, "name": "Mirari", "number": "9", "originalText": "Whenever you cast an instant or sorcery spell, you may pay {3}. If you do, copy that spell. You may choose new targets for the copy.", "originalType": "Legendary Artifact", "prices": {"paper": {}, "paperFoil": {"2019-06-02": 1.98, "2019-06-09": 1.99, "2019-06-16": 1.99, "2019-06-23": 1.98, "2019-06-30": 1.99, "2019-07-07": 1.99, "2019-07-14": 1.99, "2019-07-21": 1.99, "2019-07-28": 1.99, "2019-08-04": 1.99, "2019-08-11": 1.99, "2019-08-18": 1.98, "2019-08-25": 1.98}}, "printings": ["C13", "ODY", "TSB", "V10", "WC03"], "purchaseUrls": {"cardmarket": "https://mtgjson.com/links/44aa1466e3efa88a", "mtgstocks": "https://mtgjson.com/links/f96250d9732bdfed", "tcgplayer": "https://mtgjson.com/links/81d86e626d3003cf"}, "rarity": "mythic", "rulings": [{"date": "2004-10-04", "text": "Everything about the original spell is copied, including any decisions made on announcement, such as whether it was kicked or its Buyback cost was paid. Effects on the spell, such as Sleight of Mind or Flashback, are not copied."}, {"date": "2004-10-04", "text": "If the copied spell requires a target and there are no legal targets, then the copy has the same target (which should be illegal) as the original."}, {"date": "2004-10-04", "text": "If the spell is countered before the triggered ability resolves, then the ability will make a copy of how the spell looked right before it was countered."}, {"date": "2004-10-04", "text": "It triggers once per spell, so you can’t get multiple copies of a spell using this card. And since this card is legendary, you can’t control more than one."}, {"date": "2004-10-04", "text": "The copy is not “cast” so it will not trigger anything that triggers on a spell being cast."}, {"date": "2004-10-04", "text": "You choose whether or not to pay when the triggered ability resolves."}, {"date": "2004-10-04", "text": "You are not required to choose new targets. If you do choose, then the targets must be legal. If you don’t change them, the spell is placed on the stack whether or not the targets are legal. The legality of the targets is always checked on resolution of the spell, so the spell may be countered at that time if all of its targets are illegal."}], "scryfallId": "3356d686-c2f7-474d-bbdb-01148d086006", "scryfallIllustrationId": "30170493-5f9b-4063-966f-5630f6e407f9", "scryfallOracleId": "8f6a2fce-719e-4745-80d3-aabce5c9bafa", "subtypes": [], "supertypes": ["Legendary"], "tcgplayerProductId": 36764, "text": "Whenever you cast an instant or sorcery spell, you may pay {3}. If you do, copy that spell. You may choose new targets for the copy.", "type": "Legendary Artifact", "types": ["Artifact"], "uuid": "e00b70aa-6276-54c6-9acc-7ce1fa54e8a9"}, {"artist": "Volkan Baǵa", "borderColor": "black", "colorIdentity": [], "colors": [], "convertedManaCost": 0.0, "edhrecRank": 396, "foreignData": [], "frameVersion": "2003", "hasFoil": true, "hasNonFoil": false, "isMtgo": true, "isPaper": true, "isReprint": true, "isReserved": true, "isStarter": true, "layout": "normal", "legalities": {"commander": "Legal", "duel": "Banned", "legacy": "Legal", "vintage": "Legal"}, "manaCost": "{0}", "mcmId": 242238, "mcmMetaId": 3754, "mtgoFoilId": 37638, "mtgoId": 37637, "mtgstocksId": 16726, "multiverseId": 212634, "name": "Mox Diamond", "number": "10", "originalText": "If Mox Diamond would enter the battlefield, you may discard a land card instead. If you do, put Mox Diamond onto the battlefield. If you don't, put it into its owner's graveyard.\n{T}: Add one mana of any color to your mana pool.", "originalType": "Artifact", "prices": {"paper": {}, "paperFoil": {"2019-06-02": 263.13, "2019-06-09": 284.99, "2019-06-16": 288.0, "2019-06-23": 286.5, "2019-06-30": 299.0, "2019-07-07": 284.99, "2019-07-14": 288.5, "2019-07-21": 311.48, "2019-07-28": 287.05, "2019-08-04": 313.97, "2019-08-11": 310.0, "2019-08-18": 310.0, "2019-08-25": 310.0}}, "printings": ["STH", "TPR", "V10"], "purchaseUrls": {"cardmarket": "https://mtgjson.com/links/1f6abb9e64b21fd8", "mtgstocks": "https://mtgjson.com/links/79b9ef7f4a99d6a8", "tcgplayer": "https://mtgjson.com/links/4b1931a2d7b3af7d"}, "rarity": "mythic", "rulings": [{"date": "2008-05-01", "text": "If you don’t discard a land card, Mox Diamond never enters the battlefield. It won’t trigger abilities that look for something entering the battlefield, and you won’t get the opportunity to tap it for mana."}], "scryfallId": "fadb218d-29e2-42d1-a7a1-1066741d63ad", "scryfallIllustrationId": "eefbb064-70d8-40fc-b2c5-aecaf2b9510e", "scryfallOracleId": "f3c5978a-70fa-431f-933b-b954bd0db0ea", "subtypes": [], "supertypes": [], "tcgplayerProductId": 36765, "text": "If Mox Diamond would enter the battlefield, you may discard a land card instead. If you do, put Mox Diamond onto the battlefield. If you don't, put it into its owner's graveyard.\n{T}: Add one mana of any color.", "type": "Artifact", "types": ["Artifact"], "uuid": "e4f016ac-df8b-537a-a53f-f4b049539756"}, {"artist": "Steve Argyle", "borderColor": "black", "colorIdentity": [], "colors": [], "convertedManaCost": 4.0, "edhrecRank": 166, "foreignData": [], "frameVersion": "2003", "hasFoil": true, "hasNonFoil": false, "isMtgo": true, "isPaper": true, "isReprint": true, "isStarter": true, "layout": "normal", "legalities": {"commander": "Legal", "duel": "Legal", "legacy": "Legal", "vintage": "Legal"}, "manaCost": "{4}", "mcmId": 242239, "mcmMetaId": 3884, "mtgoFoilId": 37642, "mtgoId": 37641, "mtgstocksId": 16727, "multiverseId": 212637, "name": "Nevinyrral's Disk", "number": "11", "originalText": "Nevinyrral's Disk enters the battlefield tapped.\n{1}, {T}: Destroy all artifacts, creatures, and enchantments.", "originalType": "Artifact", "prices": {"paper": {}, "paperFoil": {"2019-06-02": 4.27, "2019-06-09": 4.28, "2019-06-16": 4.27, "2019-06-23": 4.2, "2019-06-30": 4.22, "2019-07-07": 4.27, "2019-07-14": 4.27, "2019-07-21": 4.26, "2019-07-28": 4.19, "2019-08-04": 4.23, "2019-08-11": 4.6, "2019-08-18": 4.37, "2019-08-25": 4.6}}, "printings": ["2ED", "3ED", "4BB", "4ED", "5ED", "ATH", "C13", "C14", "C16", "C17", "CED", "CEI", "EMA", "FBB", "LEA", "LEB", "ME1", "PTC", "SUM", "V10", "VMA", "WC97", "WC98"], "purchaseUrls": {"cardmarket": "https://mtgjson.com/links/14bf50c9fbf86953", "mtgstocks": "https://mtgjson.com/links/773b259f2c8dafb8", "tcgplayer": "https://mtgjson.com/links/a556b385ff71f9bb"}, "rarity": "mythic", "rulings": [{"date": "2016-06-08", "text": "You don’t sacrifice Nevinyrral’s Disk to activate its ability. It’s destroyed as part of the ability’s resolution if it’s still on the battlefield. If an effect gives Nevinyrral’s Disk indestructible or regenerates it, it stays on the battlefield."}], "scryfallId": "52cb8c89-d8f3-4879-8ef7-a954b09ddce5", "scryfallIllustrationId": "cf3ba670-e8f7-4f8c-aa1c-3609da50dc4e", "scryfallOracleId": "96230edf-568a-47dd-b877-9d92aa58fac8", "subtypes": [], "supertypes": [], "tcgplayerProductId": 36766, "text": "Nevinyrral's Disk enters the battlefield tapped.\n{1}, {T}: Destroy all artifacts, creatures, and enchantments.", "type": "Artifact", "types": ["Artifact"], "uuid": "6afc1d0f-ad20-582e-8260-335b95d9da3f"}, {"artist": "Mike Bierek", "borderColor": "black", "colorIdentity": [], "colors": [], "convertedManaCost": 1.0, "edhrecRank": 1, "flavorText": "Lost to time is the artificer's art of trapping light from a distant star in a ring of purest gold.", "foreignData": [], "frameVersion": "2003", "hasFoil": true, "hasNonFoil": false, "isMtgo": true, "isPaper": true, "isReprint": true, "isStarter": true, "layout": "normal", "legalities": {"commander": "Legal", "duel": "Banned", "legacy": "Banned", "vintage": "Restricted"}, "manaCost": "{1}", "mcmId": 242240, "mcmMetaId": 5359, "mtgoFoilId": 37644, "mtgoId": 37643, "mtgstocksId": 16728, "multiverseId": 212638, "name": "Sol Ring", "number": "12", "originalText": "{T}: Add {2} to your mana pool.", "originalType": "Artifact", "prices": {"paper": {}, "paperFoil": {"2019-06-02": 75.99, "2019-06-09": 68.85, "2019-06-16": 64.99, "2019-06-23": 64.99, "2019-06-30": 64.55, "2019-07-07": 64.02, "2019-07-14": 62.07, "2019-07-21": 61.94, "2019-07-28": 60.81, "2019-08-04": 62.47, "2019-08-11": 59.99, "2019-08-18": 58.22, "2019-08-25": 58.22}}, "printings": ["2ED", "3ED", "C13", "C14", "C15", "C16", "C17", "C18", "C19", "CED", "CEI", "CM2", "CMA", "CMD", "FBB", "G05", "LEA", "LEB", "ME4", "MPS", "PF19", "PRM", "PZ1", "SUM", "V10", "VMA"], "purchaseUrls": {"cardmarket": "https://mtgjson.com/links/f95fe1db870f5814", "mtgstocks": "https://mtgjson.com/links/ee7d1f325ce16e0a", "tcgplayer": "https://mtgjson.com/links/b87c56fd1ca3fcc2"}, "rarity": "mythic", "rulings": [], "scryfallId": "073bfdca-d7b8-4f4b-93f3-6e7c44bc0b0a", "scryfallIllustrationId": "146aaae4-93f4-409a-be32-010e86d137da", "scryfallOracleId": "6ad8011d-3471-4369-9d68-b264cc027487", "subtypes": [], "supertypes": [], "tcgplayerProductId": 36767, "text": "{T}: Add {C}{C}.", "type": "Artifact", "types": ["Artifact"], "uuid": "d1f49142-f3ee-51e9-9ec2-26ebe7c699cf"}, {"artist": "Jim Murray", "borderColor": "black", "colorIdentity": [], "colors": [], "convertedManaCost": 8.0, "edhrecRank": 11271, "foreignData": [], "frameVersion": "2003", "hasFoil": true, "hasNonFoil": false, "isMtgo": true, "isPaper": true, "isReprint": true, "isStarter": true, "layout": "normal", "legalities": {"commander": "Banned", "duel": "Legal", "legacy": "Legal", "modern": "Legal", "vintage": "Legal"}, "manaCost": "{8}", "mcmId": 242241, "mcmMetaId": 5706, "mtgoFoilId": 37654, "mtgoId": 37653, "mtgstocksId": 16729, "multiverseId": 212631, "name": "Sundering Titan", "number": "13", "originalText": "When Sundering Titan enters the battlefield or leaves the battlefield, choose a land of each basic land type, then destroy those lands.", "originalType": "Artifact Creature — Golem", "power": "7", "prices": {"paper": {}, "paperFoil": {"2019-06-02": 2.58, "2019-06-09": 2.59, "2019-06-16": 2.46, "2019-06-23": 2.67, "2019-06-30": 2.54, "2019-07-07": 2.5, "2019-07-14": 2.48, "2019-07-21": 2.49, "2019-07-28": 2.44, "2019-08-04": 2.46, "2019-08-11": 2.49, "2019-08-18": 2.39, "2019-08-25": 2.37}}, "printings": ["A25", "ARC", "DST", "MPS", "V10"], "purchaseUrls": {"cardmarket": "https://mtgjson.com/links/b491947697f66a1c", "mtgstocks": "https://mtgjson.com/links/3fe2911af184b228", "tcgplayer": "https://mtgjson.com/links/8f9e3d0411d26337"}, "rarity": "mythic", "rulings": [{"date": "2018-03-16", "text": "Sundering Titan’s ability isn’t targeted. When it resolves, Sundering Titan’s controller must choose one land for each basic land type (Plains, Island, Swamp, Mountain, and Forest), and then they are destroyed simultaneously."}, {"date": "2018-03-16", "text": "Players can’t take actions in between the time you choose the lands and the time you destroy them. Notably, they can’t activate mana abilities of those lands."}, {"date": "2018-03-16", "text": "If one of the basic land types isn’t present, it isn’t chosen. If the only land of a certain type is one you control, you must choose it."}, {"date": "2018-03-16", "text": "If a land has more than one basic land type, it can be chosen more than once."}], "scryfallId": "43aaef82-aa0b-499e-a78f-3e11e20e6ff5", "scryfallIllustrationId": "309b7905-8e16-4436-b086-269fd950eebc", "scryfallOracleId": "d17d071d-dbee-4d65-8435-137f35cd89ca", "subtypes": ["Golem"], "supertypes": [], "tcgplayerProductId": 36768, "text": "When Sundering Titan enters the battlefield or leaves the battlefield, choose a land of each basic land type, then destroy those lands.", "toughness": "10", "type": "Artifact Creature — Golem", "types": ["Artifact", "Creature"], "uuid": "6e65b789-3f3d-5cb9-a888-fbdd1f31e33e"}, {"artist": "Chris Rahn", "borderColor": "black", "colorIdentity": [], "colors": [], "convertedManaCost": 3.0, "edhrecRank": 1618, "foreignData": [], "frameVersion": "2003", "hasFoil": true, "hasNonFoil": false, "isMtgo": true, "isPaper": true, "isReprint": true, "isStarter": true, "layout": "normal", "legalities": {"commander": "Legal", "duel": "Legal", "legacy": "Legal", "modern": "Legal", "vintage": "Legal"}, "manaCost": "{3}", "mcmId": 242242, "mcmMetaId": 200560, "mtgoFoilId": 37650, "mtgoId": 37649, "mtgstocksId": 16730, "multiverseId": 212640, "name": "Sword of Body and Mind", "number": "14", "originalText": "Equipped creature gets +2/+2 and has protection from green and from blue.\nWhenever equipped creature deals combat damage to a player, you put a 2/2 green Wolf creature token onto the battlefield and that player puts the top ten cards of his or her library into his or her graveyard.\nEquip {2}", "originalType": "Artifact — Equipment", "prices": {"paper": {}, "paperFoil": {"2019-06-02": 17.39, "2019-06-09": 17.98, "2019-06-16": 15.95, "2019-06-23": 18.45, "2019-06-30": 19.01, "2019-07-07": 19.01, "2019-07-14": 20.55, "2019-07-21": 21.56, "2019-07-28": 22.59, "2019-08-04": 20.81, "2019-08-11": 21.23, "2019-08-18": 20.09, "2019-08-25": 20.12}}, "printings": ["MPS", "SOM", "V10"], "purchaseUrls": {"cardmarket": "https://mtgjson.com/links/4977e6bdf98a94ce", "mtgstocks": "https://mtgjson.com/links/1c9ce585a4978b70", "tcgplayer": "https://mtgjson.com/links/96b60045e761c8e2"}, "rarity": "mythic", "rulings": [{"date": "2011-01-01", "text": "If there are fewer than ten cards in that player’s library, that player puts all the cards from their library into their graveyard."}], "scryfallId": "5bc29686-a89c-46e6-b32c-a70733aba389", "scryfallIllustrationId": "50e53c47-f7be-415d-9f2b-1a10ed183dd1", "scryfallOracleId": "fac42229-4f5f-4d04-85dd-5031d4e435aa", "subtypes": ["Equipment"], "supertypes": [], "tcgplayerProductId": 36769, "text": "Equipped creature gets +2/+2 and has protection from green and from blue.\nWhenever equipped creature deals combat damage to a player, you create a 2/2 green Wolf creature token and that player puts the top ten cards of their library into their graveyard.\nEquip {2}", "type": "Artifact — Equipment", "types": ["Artifact"], "uuid": "403f35d5-06ab-51a3-aa30-1c9561ef2e01"}, {"artist": "Ryan Pancoast", "borderColor": "black", "colorIdentity": [], "colors": [], "convertedManaCost": 0.0, "edhrecRank": 1845, "flavorText": "\"I will go to any length to achieve my goal. Eternal life is worth any sacrifice.\" —Zur the Enchanter", "foreignData": [], "frameVersion": "2003", "hasFoil": true, "hasNonFoil": false, "isMtgo": true, "isPaper": true, "isReprint": true, "isStarter": true, "layout": "normal", "legalities": {"commander": "Legal", "duel": "Legal", "legacy": "Legal", "vintage": "Legal"}, "manaCost": "{0}", "mcmId": 242243, "mcmMetaId": 6830, "mtgoFoilId": 37632, "mtgoId": 37631, "mtgstocksId": 16731, "multiverseId": 212628, "name": "Zuran Orb", "number": "15", "originalText": "Sacrifice a land: You gain 2 life.", "originalType": "Artifact", "prices": {"paper": {}, "paperFoil": {"2019-06-02": 11.3, "2019-06-09": 10.5, "2019-06-16": 10.49, "2019-06-23": 10.25, "2019-06-30": 9.89, "2019-07-07": 10.49, "2019-07-14": 10.49, "2019-07-21": 10.49, "2019-07-28": 10.49, "2019-08-04": 10.36, "2019-08-11": 10.43, "2019-08-18": 10.37, "2019-08-25": 10.52}}, "printings": ["ICE", "ME1", "PRM", "PTC", "V10"], "purchaseUrls": {"cardmarket": "https://mtgjson.com/links/0ca6fbd6e5bbc6a8", "mtgstocks": "https://mtgjson.com/links/2a6059b36adba7be", "tcgplayer": "https://mtgjson.com/links/7f3bdf7276e49009"}, "rarity": "mythic", "rulings": [], "scryfallId": "2ad373f3-c5f9-44a0-bbc4-518f80b08cfd", "scryfallIllustrationId": "12cef50e-5443-410a-b1a6-af7e145cc2d0", "scryfallOracleId": "08cb8a30-9cb4-4517-bee5-8848aa60d1a2", "subtypes": [], "supertypes": [], "tcgplayerProductId": 36770, "text": "Sacrifice a land: You gain 2 life.", "type": "Artifact", "types": ["Artifact"], "uuid": "cc588540-63cf-5e3d-997b-4ce628867437"}], "code": "V10", "isFoilOnly": true, "isOnlineOnly": false, "keyruneCode": "V10", "mcmId": 1202, "mcmName": "From the Vault: Relics", "meta": {"date": "2019-09-01", "pricesDate": "2019-09-01", "version": "4.5.0-rebuild.4"}, "mtgoCode": "V10", "name": "From the Vault: Relics", "releaseDate": "2010-08-27", "tcgplayerGroupId": 50, "tokens": [], "totalSetSize": 15, "translations": {"Chinese Simplified": "From The Vault: Relics", "Chinese Traditional": "From The Vault: Relics", "French": "From The Vault: Relics", "German": "From The Vault: Relics", "Italian": "From The Vault: Relics", "Japanese": "From The Vault: Relics", "Korean": "From The Vault: Relics", "Portuguese (Brazil)": "From The Vault: Relics", "Russian": "From The Vault: Relics", "Spanish": "From The Vault: Relics"}, "type": "from_the_vault"}