{"baseSetSize": 0, "cards": [{"artist": "Terese Nielsen", "borderColor": "black", "colorIdentity": ["R"], "colors": ["R"], "convertedManaCost": 8.0, "edhrecRank": 1912, "foreignData": [], "frameVersion": "2015", "hasFoil": true, "hasNonFoil": false, "isMtgo": true, "isPaper": true, "isReprint": true, "isStarter": true, "layout": "normal", "legalities": {"commander": "Legal", "duel": "Legal", "legacy": "Legal", "modern": "Legal", "penny": "Legal", "vintage": "Legal"}, "manaCost": "{5}{R}{R}{R}", "mcmId": 283959, "mcmMetaId": 8680, "mtgoFoilId": 58920, "mtgoId": 58919, "mtgstocksId": 29030, "multiverseId": 401628, "name": "Akroma, Angel of Fury", "number": "1", "originalText": "Akroma, Angel of Fury can't be countered.\nFlying, trample, protection from white and from blue\n{R}: Akroma, Angel of Fury gets +1/+0 until end of turn.\nMorph {3}{R}{R}{R} (You may cast this card face down as a 2/2 creature for {3}. Turn it face up any time for its morph cost.)", "originalType": "Legendary Creature — Angel", "power": "6", "prices": {"paper": {}, "paperFoil": {"2019-06-02": 3.79, "2019-06-09": 3.76, "2019-06-16": 3.76, "2019-06-23": 3.8, "2019-06-30": 3.8, "2019-07-07": 3.72, "2019-07-14": 3.76, "2019-07-21": 3.99, "2019-07-28": 3.8, "2019-08-04": 3.8, "2019-08-11": 3.8, "2019-08-18": 3.75, "2019-08-25": 3.72}}, "printings": ["A25", "CMA", "CMD", "PLC", "V15"], "purchaseUrls": {"cardmarket": "https://mtgjson.com/links/ad6396902fde6323", "mtgstocks": "https://mtgjson.com/links/7500172f41d162fd", "tcgplayer": "https://mtgjson.com/links/620ffc0224358437"}, "rarity": "mythic", "rulings": [{"date": "2007-02-01", "text": "If Akroma, Angel of Fury is cast face down, it can be countered."}, {"date": "2007-02-01", "text": "Akroma, Angel of Fury and Akroma, Angel of Wrath do not have the same name, so the legend rule does not apply."}, {"date": "2013-07-01", "text": "In a Commander game where this card is your commander, you may cast it face-down from the Command zone by paying {3} plus {2} for each time it has been cast from your command zone. The cost to turn it face-up is unaffected."}, {"date": "2018-03-16", "text": "The “legend rule” cares about legendary permanents with the exact same English name. You can control Akroma, Angel of Fury and Akroma, Angel of Wrath at the same time."}], "scryfallId": "77bd8a6f-895c-4434-9eaf-644650b4e42c", "scryfallIllustrationId": "ecf71241-e375-4d26-b770-85cfa88d610a", "scryfallOracleId": "2b80faaf-92fd-4fa0-a3f6-8bb263e7ff1d", "subtypes": ["Angel"], "supertypes": ["Legendary"], "tcgplayerProductId": 100612, "text": "This spell can't be countered.\nFlying, trample, protection from white and from blue\n{R}: Akroma, Angel of Fury gets +1/+0 until end of turn.\nMorph {3}{R}{R}{R} (You may cast this card face down as a 2/2 creature for {3}. Turn it face up any time for its morph cost.)", "toughness": "6", "type": "Legendary Creature — Angel", "types": ["Creature"], "uuid": "c552db38-09bc-5ecb-8488-8ae7f4e57219"}, {"artist": "Terese Nielsen", "borderColor": "black", "colorIdentity": ["W"], "colors": ["W"], "convertedManaCost": 8.0, "edhrecRank": 1394, "flavorText": "\"Wrath is no vice when inflicted upon the deserving.\"", "foreignData": [], "frameVersion": "2015", "hasFoil": true, "hasNonFoil": false, "isMtgo": true, "isPaper": true, "isReprint": true, "isStarter": true, "layout": "normal", "legalities": {"commander": "Legal", "duel": "Legal", "legacy": "Legal", "modern": "Legal", "vintage": "Legal"}, "manaCost": "{5}{W}{W}{W}", "mcmId": 283945, "mcmMetaId": 85, "mtgoFoilId": 58918, "mtgoId": 58917, "mtgstocksId": 29031, "multiverseId": 401629, "name": "Akroma, Angel of Wrath", "number": "2", "originalText": "Flying, first strike, vigilance, trample, haste, protection from black and from red", "originalType": "Legendary Creature — Angel", "power": "6", "prices": {"paper": {}, "paperFoil": {"2019-06-02": 4.5, "2019-06-09": 4.61, "2019-06-16": 4.5, "2019-06-23": 5.0, "2019-06-30": 4.89, "2019-07-07": 5.0, "2019-07-14": 4.74, "2019-07-21": 4.95, "2019-07-28": 4.99, "2019-08-04": 4.7, "2019-08-11": 4.98, "2019-08-18": 4.62, "2019-08-25": 4.74}}, "printings": ["A25", "DDC", "DVD", "LGN", "TSB", "V15"], "purchaseUrls": {"cardmarket": "https://mtgjson.com/links/cdbfcf531965dc30", "mtgstocks": "https://mtgjson.com/links/5d8b68b8c3c698af", "tcgplayer": "https://mtgjson.com/links/86bb669ca0621cad"}, "rarity": "mythic", "rulings": [{"date": "2018-03-16", "text": "The “legend rule” cares about legendary permanents with the exact same English name. You can control Akroma, Angel of Wrath and Akroma, Angel of Fury at the same time."}], "scryfallId": "8010cc08-7035-4daf-a4c4-e8d8959e1e82", "scryfallIllustrationId": "81e65bd6-af15-4880-9c99-409a543b5f6d", "scryfallOracleId": "107f204c-9fd3-490d-8887-be63d14fc6a4", "subtypes": ["Angel"], "supertypes": ["Legendary"], "tcgplayerProductId": 100611, "text": "Flying, first strike, vigilance, trample, haste, protection from black and from red", "toughness": "6", "type": "Legendary Creature — Angel", "types": ["Creature"], "uuid": "75703f17-9440-5c28-87e6-c2c7d41dbaa1"}, {"artist": "Greg Staples", "borderColor": "black", "colorIdentity": ["W"], "colors": ["W"], "convertedManaCost": 7.0, "edhrecRank": 5120, "foreignData": [], "frameVersion": "2015", "hasFoil": true, "hasNonFoil": false, "isMtgo": true, "isPaper": true, "isReprint": true, "isStarter": true, "layout": "normal", "legalities": {"commander": "Legal", "duel": "Legal", "legacy": "Legal", "vintage": "Legal"}, "manaCost": "{5}{W}{W}", "mcmId": 283960, "mcmMetaId": 203315, "mtgoFoilId": 58906, "mtgoId": 58905, "mtgstocksId": 29032, "multiverseId": 401630, "name": "Archangel of Strife", "number": "3", "originalText": "Flying\nAs Archangel of Strife enters the battlefield, each player chooses war or peace.\nCreatures controlled by players who chose war get +3/+0.\nCreatures controlled by players who chose peace get +0/+3.", "originalType": "Creature — Angel", "power": "6", "prices": {"paper": {}, "paperFoil": {"2019-06-02": 1.08, "2019-06-09": 1.08, "2019-06-16": 1.01, "2019-06-23": 1.07, "2019-06-30": 1.03, "2019-07-07": 1.1, "2019-07-14": 1.06, "2019-07-21": 1.06, "2019-07-28": 1.06, "2019-08-04": 1.04, "2019-08-11": 1.05, "2019-08-18": 1.05, "2019-08-25": 1.03}}, "printings": ["CMA", "CMD", "V15"], "purchaseUrls": {"cardmarket": "https://mtgjson.com/links/eb4f5023fa10695b", "mtgstocks": "https://mtgjson.com/links/e096590b0e4734b8", "tcgplayer": "https://mtgjson.com/links/330eda22774a19e2"}, "rarity": "mythic", "rulings": [{"date": "2011-09-22", "text": "Archangel of Strife’s second and third abilities are linked. Similarly, its second and fourth abilities are linked. The bonus a player’s creatures get depends only on the choice that player made when Archangel of Strife entered the battlefield."}, {"date": "2011-09-22", "text": "The active player chooses war or peace first, followed by each other player in turn order. Each player will know what previous players chose when making their choice."}, {"date": "2011-09-22", "text": "Archangel of Strife’s bonuses apply immediately. Depending on your choice, Archangel of Strife will enter the battlefield as either a 9/6 or 6/9 creature."}, {"date": "2011-09-22", "text": "If there are two Archangels of Strife on the battlefield, and you choose war for one and peace for the other, your creatures get +3/+3."}, {"date": "2011-09-22", "text": "As soon as Archangel of Strife leaves the battlefield, the bonus stops applying. If it returns to the battlefield, players will be able to make new choices."}], "scryfallId": "433c0d70-93ac-4dbc-b963-4a13f2215c4b", "scryfallIllustrationId": "eb03995e-1748-44ca-890b-c36795829fa5", "scryfallOracleId": "19e302f8-6ddb-4a43-98bc-ee71a456ac5a", "subtypes": ["Angel"], "supertypes": [], "tcgplayerProductId": 102777, "text": "Flying\nAs Archangel of Strife enters the battlefield, each player chooses war or peace.\nCreatures controlled by players who chose war get +3/+0.\nCreatures controlled by players who chose peace get +0/+3.", "toughness": "6", "type": "Creature — Angel", "types": ["Creature"], "uuid": "321828f9-756d-5cd4-93f4-e24a6cf7dc5e"}, {"artist": "Slawomir Maniak", "borderColor": "black", "colorIdentity": ["R", "W"], "colors": ["R", "W"], "convertedManaCost": 6.0, "edhrecRank": 592, "flavorText": "Where Razia was aloof and untouchable, Aurelia is on the frontlines, calling for war.", "foreignData": [], "frameVersion": "2015", "hasFoil": true, "hasNonFoil": false, "isMtgo": true, "isPaper": true, "isReprint": true, "isStarter": true, "layout": "normal", "legalities": {"commander": "Legal", "duel": "Legal", "legacy": "Legal", "modern": "Legal", "vintage": "Legal"}, "manaCost": "{2}{R}{R}{W}{W}", "mcmId": 283957, "mcmMetaId": 207077, "mtgoFoilId": 58914, "mtgoId": 58913, "mtgstocksId": 29033, "multiverseId": 401631, "name": "Aurelia, the Warleader", "number": "4", "originalText": "Flying, vigilance, haste\nWhenever Aurelia, the Warleader attacks for the first time each turn, untap all creatures you control. After this phase, there is an additional combat phase.", "originalType": "Legendary Creature — Angel", "power": "3", "prices": {"paper": {}, "paperFoil": {"2019-06-02": 7.42, "2019-06-09": 7.69, "2019-06-16": 7.32, "2019-06-23": 7.48, "2019-06-30": 7.27, "2019-07-07": 7.39, "2019-07-14": 7.62, "2019-07-21": 7.52, "2019-07-28": 7.62, "2019-08-04": 7.59, "2019-08-11": 7.47, "2019-08-18": 7.53, "2019-08-25": 7.57}}, "printings": ["GK1", "GTC", "V15"], "purchaseUrls": {"cardmarket": "https://mtgjson.com/links/a2886687415a3a43", "mtgstocks": "https://mtgjson.com/links/7858cdf80435a463", "tcgplayer": "https://mtgjson.com/links/ccbbbc525668ecaa"}, "rarity": "mythic", "rulings": [{"date": "2013-01-24", "text": "You untap all creatures you control, including ones that aren’t attacking."}, {"date": "2013-01-24", "text": "You don’t have to attack with any creatures during the additional combat phase."}, {"date": "2013-01-24", "text": "If Aurelia is put onto the battlefield attacking, the triggered ability won’t trigger."}], "scryfallId": "fd455e45-8139-41ea-b738-828f89ee72d6", "scryfallIllustrationId": "edc12370-7de5-4bdc-9313-afdbe13c8461", "scryfallOracleId": "0f5a3a09-2f07-4774-9e0f-e99d9a444166", "subtypes": ["Angel"], "supertypes": ["Legendary"], "tcgplayerProductId": 102778, "text": "Flying, vigilance, haste\nWhenever Aurelia, the Warleader attacks for the first time each turn, untap all creatures you control. After this phase, there is an additional combat phase.", "toughness": "4", "type": "Legendary Creature — Angel", "types": ["Creature"], "uuid": "973cfc8a-4977-5230-ad87-71e19d2c617d"}, {"artist": "Jason Chan", "borderColor": "black", "colorIdentity": ["W"], "colors": ["W"], "convertedManaCost": 8.0, "edhrecRank": 354, "flavorText": "A golden helix streaked skyward from the Helvault. A thunderous explosion shattered the silver monolith and Avacyn emerged, free from her prison at last.", "foreignData": [], "frameVersion": "2015", "hasFoil": true, "hasNonFoil": false, "isMtgo": true, "isPaper": true, "isReprint": true, "isStarter": true, "layout": "normal", "legalities": {"commander": "Legal", "duel": "Legal", "legacy": "Legal", "modern": "Legal", "vintage": "Legal"}, "manaCost": "{5}{W}{W}{W}", "mcmId": 283946, "mcmMetaId": 205293, "mtgoFoilId": 58912, "mtgoId": 58911, "mtgstocksId": 29034, "multiverseId": 401632, "name": "Avacyn, Angel of Hope", "number": "5", "originalText": "Flying, vigilance, indestructible\nOther permanents you control have indestructible.", "originalType": "Legendary Creature — Angel", "power": "8", "prices": {"paper": {}, "paperFoil": {"2019-06-02": 34.77, "2019-06-09": 34.47, "2019-06-16": 34.62, "2019-06-23": 34.75, "2019-06-30": 34.58, "2019-07-07": 34.56, "2019-07-14": 33.23, "2019-07-21": 33.21, "2019-07-28": 32.0, "2019-08-04": 31.73, "2019-08-11": 32.62, "2019-08-18": 33.22, "2019-08-25": 32.15}}, "printings": ["AVR", "IMA", "J17", "PHEL", "PRM", "V15"], "purchaseUrls": {"cardmarket": "https://mtgjson.com/links/bfc7c036c90f7512", "mtgstocks": "https://mtgjson.com/links/df84cf12121ec11a", "tcgplayer": "https://mtgjson.com/links/f2ebfb1a86282af5"}, "rarity": "mythic", "rulings": [{"date": "2017-11-17", "text": "A permanent with indestructible can’t be destroyed, but it can still be sacrificed, exiled, put into a graveyard, and so on. Notably, a permanent with indestructible can be put into its owner’s graveyard due to the “legend rule.”"}, {"date": "2017-11-17", "text": "Creatures with indestructible still have damage marked on them, even though that damage won’t destroy them. If Avacyn leaves the battlefield, creatures that lose indestructible and have lethal damage marked on them will be destroyed."}, {"date": "2017-11-17", "text": "A creature with 0 toughness is put into its owner’s graveyard even if it has indestructible."}, {"date": "2017-11-17", "text": "A planeswalker with indestructible still loses loyalty as it’s dealt damage. It is put into its owner’s graveyard if its loyalty becomes 0."}], "scryfallId": "6d2ecaad-2e10-4aef-8d7c-fc9f3f756f40", "scryfallIllustrationId": "e4cb9f8d-fdf1-47ef-a393-a5b3f76d9e00", "scryfallOracleId": "216cb26e-8da9-478b-bfbc-8030f7adee72", "subtypes": ["Angel"], "supertypes": ["Legendary"], "tcgplayerProductId": 101468, "text": "Flying, vigilance, indestructible\nOther permanents you control have indestructible.", "toughness": "8", "type": "Legendary Creature — Angel", "types": ["Creature"], "uuid": "f25821da-134b-5b9a-97f5-38f099c17d34"}, {"artist": "Greg Staples", "borderColor": "black", "colorIdentity": ["W"], "colors": ["W"], "convertedManaCost": 5.0, "edhrecRank": 1772, "flavorText": "Some angels protect the meek and innocent. Others seek out and smite evil wherever it lurks.", "foreignData": [], "frameVersion": "2015", "hasFoil": true, "hasNonFoil": false, "isMtgo": true, "isPaper": true, "isReprint": true, "isStarter": true, "layout": "normal", "legalities": {"commander": "Legal", "duel": "Legal", "legacy": "Legal", "modern": "Legal", "vintage": "Legal"}, "manaCost": "{3}{W}{W}", "mcmId": 283954, "mcmMetaId": 10564, "mtgoFoilId": 58929, "mtgoId": 58928, "mtgstocksId": 29035, "multiverseId": 401633, "name": "Baneslayer Angel", "number": "6", "originalText": "Flying, first strike, lifelink, protection from Demons and from Dragons", "originalType": "Creature — Angel", "power": "5", "prices": {"paper": {}, "paperFoil": {"2019-06-02": 14.2, "2019-06-09": 13.93, "2019-06-16": 14.0, "2019-06-23": 14.2, "2019-06-30": 14.0, "2019-07-07": 13.55, "2019-07-14": 13.62, "2019-07-21": 14.0, "2019-07-28": 14.0, "2019-08-04": 13.94, "2019-08-11": 14.0, "2019-08-18": 13.91, "2019-08-25": 14.0}}, "printings": ["M10", "M11", "V15"], "purchaseUrls": {"cardmarket": "https://mtgjson.com/links/67f1cbac4cffa926", "mtgstocks": "https://mtgjson.com/links/ad2ff29ee135abdb", "tcgplayer": "https://mtgjson.com/links/9ae7b1589ed3c7a3"}, "rarity": "mythic", "rulings": [{"date": "2009-10-01", "text": "“Protection from Demons and from Dragons” means the following: -- Baneslayer Angel can't be blocked by creatures with the creature type Demon or the creature type Dragon. -- Baneslayer Angel can't be targeted abilities from sources with the creature type Demon or the creature type Dragon, or by spells with either of those types. -- All damage that would be dealt to Baneslayer Angel by sources with the creature type Demon or the creature type Dragon is prevented. -- Baneslayer Angel can't be enchanted by Auras or equipped by artifacts that have somehow gotten the creature type Demon or the creature type Dragon."}], "scryfallId": "c24806a1-c3b0-40ba-ac51-dbf0b29b35e7", "scryfallIllustrationId": "3369f63a-8d88-4374-9cdf-e28cf019c219", "scryfallOracleId": "0e11792b-7fe5-4208-aa0b-e5d09b2b65fe", "subtypes": ["Angel"], "supertypes": [], "tcgplayerProductId": 102779, "text": "Flying, first strike, lifelink, protection from Demons and from Dragons", "toughness": "5", "type": "Creature — Angel", "types": ["Creature"], "uuid": "15b2b990-1c87-57a9-8891-6d4aa60bc229"}, {"artist": "Todd Lockwood", "borderColor": "black", "colorIdentity": ["W"], "colors": ["W"], "convertedManaCost": 3.0, "edhrecRank": 1421, "foreignData": [], "frameEffect": "miracle", "frameVersion": "2015", "hasFoil": true, "hasNonFoil": false, "isMtgo": true, "isPaper": true, "isReprint": true, "isStarter": true, "layout": "normal", "legalities": {"commander": "Legal", "duel": "Legal", "legacy": "Legal", "modern": "Legal", "vintage": "Legal"}, "manaCost": "{X}{X}{W}{W}{W}", "mcmId": 283953, "mcmMetaId": 205348, "mtgoFoilId": 58910, "mtgoId": 58909, "mtgstocksId": 29036, "multiverseId": 401634, "name": "Entreat the Angels", "number": "7", "originalText": "Put X 4/4 white Angel creature tokens with flying onto the battlefield.\nMiracle {X}{W}{W} (You may cast this card for its miracle cost when you draw it if it's the first card you drew this turn.)", "originalType": "Sorcery", "prices": {"paper": {}, "paperFoil": {"2019-06-02": 3.49, "2019-06-09": 3.38, "2019-06-16": 3.28, "2019-06-23": 3.3, "2019-06-30": 3.25, "2019-07-07": 3.25, "2019-07-14": 3.17, "2019-07-21": 3.25, "2019-07-28": 3.27, "2019-08-04": 3.26, "2019-08-11": 3.25, "2019-08-18": 3.25, "2019-08-25": 3.25}}, "printings": ["AVR", "C18", "MM3", "V15"], "purchaseUrls": {"cardmarket": "https://mtgjson.com/links/ceb747c0e467c503", "mtgstocks": "https://mtgjson.com/links/c17f4ade8e06d646", "tcgplayer": "https://mtgjson.com/links/c30bdfa020ebcbd2"}, "rarity": "mythic", "rulings": [{"date": "2017-03-14", "text": "Entreat the Angels’s converted mana cost is based on its mana cost of {X}{X}{W}{W}{W}, even if you’re casting it for its miracle cost. For example, if you cast Entreat the Angels for its miracle cost and choose 4 for X, its converted mana cost is 11."}, {"date": "2017-03-14", "text": "A mana cost of {X}{X} means that you pay twice X. If you want X to be 3, you pay {6}{W}{W}{W} to cast Entreat the Angels."}, {"date": "2018-07-13", "text": "You still draw the card, whether you use the miracle ability or not. Any ability that triggers whenever you draw a card, for example, will trigger. If you don’t cast the card using its miracle ability, it will remain in your hand."}, {"date": "2018-07-13", "text": "To determine the total cost of a spell, start with the mana cost or alternative cost (such as a miracle cost) you’re paying, add any cost increases, then apply any cost reductions. The converted mana cost of the spell remains unchanged, no matter what the total cost to cast it was."}, {"date": "2018-07-13", "text": "If the card with miracle leaves your hand before the triggered ability resolves, you won’t be able to cast it using its miracle ability."}, {"date": "2018-07-13", "text": "It’s important to reveal a card with miracle before it is mixed with the other cards in your hand."}, {"date": "2018-07-13", "text": "You can reveal and cast a card with miracle on any turn, not just your own, if it’s the first card you’ve drawn that turn."}, {"date": "2018-07-13", "text": "Multiple card draws are always treated as a sequence of individual card draws. For example, if you haven’t drawn any cards yet during a turn and cast a spell that instructs you to draw three cards, you’ll draw them one at a time. Only the first card drawn this way may be revealed and cast using its miracle ability."}, {"date": "2018-07-13", "text": "If an effect puts a card into your hand without using the word “draw,” the card wasn’t drawn."}, {"date": "2018-07-13", "text": "You don’t have to reveal a drawn card with miracle if you don’t wish to cast it at that time."}, {"date": "2018-07-13", "text": "You can cast a card for its miracle cost only as the miracle triggered ability resolves. If you don’t want to cast it at that time (or you can’t cast it, perhaps because there are no legal targets available), you won’t be able to cast it later for the miracle cost."}, {"date": "2018-07-13", "text": "You cast the card with miracle during the resolution of the triggered ability. Ignore any timing rules based on the card’s type."}, {"date": "2018-07-13", "text": "Miracle is an alternative cost to cast the spell with miracle. It can’t be combined with other alternative costs, such as casting a spell “without paying its mana cost.”"}], "scryfallId": "5ae63280-c39a-4e1a-9407-1b4a82b23135", "scryfallIllustrationId": "96a87a30-6b17-44e9-818a-26c2c4ad9f81", "scryfallOracleId": "b349f018-c20b-48b0-9e65-d5fd56b24b88", "subtypes": [], "supertypes": [], "tcgplayerProductId": 102780, "text": "Create X 4/4 white Angel creature tokens with flying.\nMiracle {X}{W}{W} (You may cast this card for its miracle cost when you draw it if it's the first card you drew this turn.)", "type": "Sorcery", "types": ["Sorcery"], "uuid": "3ac8b237-a0df-50c5-bb82-d148c3323a36"}, {"artist": "Tyler Jacobson", "borderColor": "black", "colorIdentity": ["W"], "colors": ["W"], "convertedManaCost": 6.0, "edhrecRank": 7089, "foreignData": [], "frameVersion": "2015", "hasFoil": true, "hasNonFoil": false, "isMtgo": true, "isPaper": true, "isReprint": true, "isStarter": true, "layout": "normal", "legalities": {"commander": "Legal", "duel": "Legal", "legacy": "Legal", "vintage": "Legal"}, "manaCost": "{4}{W}{W}", "mcmId": 283962, "mcmMetaId": 1891, "mtgoFoilId": 58926, "mtgoId": 58925, "mtgstocksId": 29037, "multiverseId": 401635, "name": "Exalted Angel", "number": "8", "originalText": "Flying\nWhenever Exalted Angel deals damage, you gain that much life.\nMorph {2}{W}{W} (You may cast this card face down as a 2/2 creature for {3}. Turn it face up any time for its morph cost.)", "originalType": "Creature — Angel", "power": "4", "prices": {"paper": {}, "paperFoil": {"2019-06-02": 1.89, "2019-06-09": 1.86, "2019-06-16": 1.75, "2019-06-23": 1.8, "2019-06-30": 1.76, "2019-07-07": 1.78, "2019-07-14": 1.74, "2019-07-21": 1.66, "2019-07-28": 1.69, "2019-08-04": 1.75, "2019-08-11": 1.64, "2019-08-18": 1.75, "2019-08-25": 1.76}}, "printings": ["G06", "ONS", "PRM", "V15", "WC03", "WC04"], "purchaseUrls": {"cardmarket": "https://mtgjson.com/links/c0c8741bf9788286", "mtgstocks": "https://mtgjson.com/links/f04136074f9c0686", "tcgplayer": "https://mtgjson.com/links/3b652521be978f3f"}, "rarity": "mythic", "rulings": [{"date": "2004-10-04", "text": "You only gain the life when the triggered ability resolves. If you are reduced to zero life before the ability resolves, you will lose before gaining the life."}], "scryfallId": "9d2d48db-b206-47cc-9634-6c0f2d6b020c", "scryfallIllustrationId": "8c4da3c3-048d-45b6-9522-f94c93598f31", "scryfallOracleId": "2f6e9ab8-6951-4c5f-bcde-0e96e0fe87f2", "subtypes": ["Angel"], "supertypes": [], "tcgplayerProductId": 102781, "text": "Flying\nWhenever Exalted Angel deals damage, you gain that much life.\nMorph {2}{W}{W} (You may cast this card face down as a 2/2 creature for {3}. Turn it face up any time for its morph cost.)", "toughness": "5", "type": "Creature — Angel", "types": ["Creature"], "uuid": "b5dfa306-d6a2-52fa-a224-87ffe1929814"}, {"artist": "Jason Chan", "borderColor": "black", "colorIdentity": ["W"], "colors": ["W"], "convertedManaCost": 9.0, "edhrecRank": 1106, "flavorText": "No more shall the righteous cower before evil.", "foreignData": [], "frameVersion": "2015", "hasFoil": true, "hasNonFoil": false, "isMtgo": true, "isPaper": true, "isReprint": true, "isStarter": true, "layout": "normal", "legalities": {"commander": "Banned", "duel": "Legal", "legacy": "Legal", "modern": "Legal", "vintage": "Legal"}, "manaCost": "{6}{W}{W}{W}", "mcmId": 283947, "mcmMetaId": 10736, "mtgoFoilId": 58922, "mtgoId": 58921, "mtgstocksId": 29038, "multiverseId": 401636, "name": "Iona, Shield of Emeria", "number": "9", "originalText": "Flying\nAs Iona, Shield of Emeria enters the battlefield, choose a color.\nYour opponents can't cast spells of the chosen color.", "originalType": "Legendary Creature — Angel", "power": "7", "prices": {"paper": {}, "paperFoil": {"2019-06-02": 16.68, "2019-06-09": 16.18, "2019-06-16": 15.96, "2019-06-23": 15.55, "2019-06-30": 15.99, "2019-07-07": 15.99, "2019-07-14": 15.37, "2019-07-21": 14.97, "2019-07-28": 14.45, "2019-08-04": 13.64, "2019-08-11": 13.08, "2019-08-18": 12.38, "2019-08-25": 12.46}}, "printings": ["MM2", "V15", "ZEN"], "purchaseUrls": {"cardmarket": "https://mtgjson.com/links/fbffee9e10783edf", "mtgstocks": "https://mtgjson.com/links/d840e3bc5abe10c1", "tcgplayer": "https://mtgjson.com/links/2213077cd37cec03"}, "rarity": "mythic", "rulings": [{"date": "2009-10-01", "text": "Iona’s third ability includes permanent spells (artifacts, creatures, enchantments, and planeswalkers), not just instant and sorcery spells. It does not include lands or abilities (such as cycling or unearth)."}, {"date": "2009-10-01", "text": "Once the color is chosen, it’s too late for opponents to respond by casting spells of that color. Iona is not yet in the battlefield at the time the color is chosen, so, for example, there’s no way for an opponent to destroy it by casting Doom Blade if the chosen color is black."}], "scryfallId": "08a75fdb-05c0-4095-9eca-f24313571d1e", "scryfallIllustrationId": "0aaadb1d-067d-46cb-8f50-ad6b65bb5ac3", "scryfallOracleId": "5e816472-561d-43d1-ad28-80a829e2a91a", "subtypes": ["Angel"], "supertypes": ["Legendary"], "tcgplayerProductId": 101469, "text": "Flying\nAs Iona, Shield of Emeria enters the battlefield, choose a color.\nYour opponents can't cast spells of the chosen color.", "toughness": "7", "type": "Legendary Creature — Angel", "types": ["Creature"], "uuid": "360f9759-5d99-5b45-aec2-ae4759a8bd02"}, {"artist": "Ryan Alexander Lee", "borderColor": "black", "colorIdentity": ["U", "W"], "colors": ["U", "W"], "convertedManaCost": 7.0, "edhrecRank": 9294, "flavorText": "She enraptures all, encompasses all, endures all.", "foreignData": [], "frameVersion": "2015", "hasFoil": true, "hasNonFoil": false, "isMtgo": true, "isPaper": true, "isReprint": true, "isStarter": true, "layout": "normal", "legalities": {"commander": "Legal", "duel": "Legal", "legacy": "Legal", "vintage": "Legal"}, "manaCost": "{5}{W}{U}", "mcmId": 283961, "mcmMetaId": 2904, "mtgoFoilId": 58924, "mtgoId": 58923, "mtgstocksId": 29039, "multiverseId": 401637, "name": "Iridescent Angel", "number": "10", "originalText": "Flying, protection from all colors", "originalType": "Creature — Angel", "power": "4", "prices": {"paper": {}, "paperFoil": {"2019-06-02": 1.41, "2019-06-09": 1.43, "2019-06-16": 1.38, "2019-06-23": 1.43, "2019-06-30": 1.36, "2019-07-07": 1.37, "2019-07-14": 1.33, "2019-07-21": 1.38, "2019-07-28": 1.29, "2019-08-04": 1.36, "2019-08-11": 1.34, "2019-08-18": 1.34, "2019-08-25": 1.29}}, "printings": ["ODY", "V15"], "purchaseUrls": {"cardmarket": "https://mtgjson.com/links/0cfaac2c808a788b", "mtgstocks": "https://mtgjson.com/links/a33e95429131c343", "tcgplayer": "https://mtgjson.com/links/82d7b78dc1284563"}, "rarity": "mythic", "rulings": [{"date": "2004-10-04", "text": "This card has Protection from Black, from Blue, from Red, from White, and from Green. This is the definition of “All Colors”. This means it is possible to use an effect that removes one color of protection, such as just black, on this card."}], "scryfallId": "b0769d87-62f7-469a-936f-5a4f6b9360b6", "scryfallIllustrationId": "30793815-1037-4c29-952a-45156b334311", "scryfallOracleId": "28fa9211-96bb-4fef-81bf-8f58114a8df7", "subtypes": ["Angel"], "supertypes": [], "tcgplayerProductId": 102782, "text": "Flying, protection from all colors", "toughness": "4", "type": "Creature — Angel", "types": ["Creature"], "uuid": "1af465de-9dcc-5981-b26b-8494f3b1635b"}, {"artist": "Chris Rahn", "borderColor": "black", "colorIdentity": ["G", "U", "W"], "colors": ["G", "U", "W"], "convertedManaCost": 3.0, "edhrecRank": 4981, "flavorText": "Wounded soldiers looked up, grateful for her appearance. But she passed over them, her eyes firmly on their foe.", "foreignData": [], "frameVersion": "2015", "hasFoil": true, "hasNonFoil": false, "isMtgo": true, "isPaper": true, "isReprint": true, "isStarter": true, "layout": "normal", "legalities": {"commander": "Legal", "duel": "Legal", "legacy": "Legal", "modern": "Legal", "vintage": "Legal"}, "manaCost": "{G}{W}{U}", "mcmId": 283958, "mcmMetaId": 10541, "mtgoFoilId": 58900, "mtgoId": 58899, "mtgstocksId": 29040, "multiverseId": 401638, "name": "Jenara, Asura of War", "number": "11", "originalText": "Flying\n{1}{W}: Put a +1/+1 counter on Jenara, Asura of War.", "originalType": "Legendary Creature — Angel", "power": "3", "prices": {"paper": {}, "paperFoil": {"2019-06-02": 2.98, "2019-06-09": 2.98, "2019-06-16": 2.94, "2019-06-23": 2.89, "2019-06-30": 2.9, "2019-07-07": 2.87, "2019-07-14": 2.84, "2019-07-21": 2.77, "2019-07-28": 2.85, "2019-08-04": 2.84, "2019-08-11": 2.85, "2019-08-18": 2.77, "2019-08-25": 2.75}}, "printings": ["ARB", "V15"], "purchaseUrls": {"cardmarket": "https://mtgjson.com/links/c7f2dfae1cc6ab05", "mtgstocks": "https://mtgjson.com/links/a048d60f0269893b", "tcgplayer": "https://mtgjson.com/links/c28cda3ec036ac32"}, "rarity": "mythic", "rulings": [], "scryfallId": "23350274-4df3-4c70-be86-9869e6bcd957", "scryfallIllustrationId": "7c6b7654-0821-4c30-813f-c0a474941426", "scryfallOracleId": "d06cd670-7ffc-4295-97d1-0eff042fb6d5", "subtypes": ["Angel"], "supertypes": ["Legendary"], "tcgplayerProductId": 102783, "text": "Flying\n{1}{W}: Put a +1/+1 counter on Jenara, Asura of War.", "toughness": "3", "type": "Legendary Creature — Angel", "types": ["Creature"], "uuid": "ae7cdbcc-43a4-53c4-8c4f-56e184b93f6c"}, {"artist": "rk post", "borderColor": "black", "colorIdentity": ["R", "U", "W"], "colors": ["R", "U", "W"], "convertedManaCost": 4.0, "edhrecRank": 10480, "flavorText": "Sudden vengeance, echoing fury.", "foreignData": [], "frameVersion": "2015", "hasFoil": true, "hasNonFoil": false, "isMtgo": true, "isPaper": true, "isReprint": true, "isStarter": true, "layout": "normal", "legalities": {"commander": "Legal", "duel": "Legal", "legacy": "Legal", "modern": "Legal", "penny": "Legal", "vintage": "Legal"}, "manaCost": "{1}{U}{R}{W}", "mcmId": 283956, "mcmMetaId": 3288, "mtgoFoilId": 58904, "mtgoId": 58903, "mtgstocksId": 29041, "multiverseId": 401639, "name": "Lightning Angel", "number": "12", "originalText": "Flying, vigilance, haste", "originalType": "Creature — Angel", "power": "3", "prices": {"paper": {}, "paperFoil": {"2019-06-02": 0.92, "2019-06-09": 0.92, "2019-06-16": 0.93, "2019-06-23": 0.94, "2019-06-30": 0.95, "2019-07-07": 0.96, "2019-07-14": 0.97, "2019-07-21": 0.98, "2019-07-28": 0.96, "2019-08-04": 0.96, "2019-08-11": 0.95, "2019-08-18": 0.95, "2019-08-25": 0.95}}, "printings": ["APC", "DDN", "TSB", "V15"], "purchaseUrls": {"cardmarket": "https://mtgjson.com/links/7a73ff65375ad7a2", "mtgstocks": "https://mtgjson.com/links/fa6bc2fe67b7cd53", "tcgplayer": "https://mtgjson.com/links/56cd59315a450888"}, "rarity": "mythic", "rulings": [], "scryfallId": "e3fe3179-c32f-460c-a590-77f193100180", "scryfallIllustrationId": "1b585381-23c4-480c-a52d-c4feac49b91a", "scryfallOracleId": "2be85439-4606-4e1e-8be7-56d9e31f77c4", "subtypes": ["Angel"], "supertypes": [], "tcgplayerProductId": 102784, "text": "Flying, vigilance, haste", "toughness": "4", "type": "Creature — Angel", "types": ["Creature"], "uuid": "6f2d4eed-3e12-57c2-b231-456bbd61fece"}, {"artist": "Brom", "borderColor": "black", "colorIdentity": [], "colors": [], "convertedManaCost": 7.0, "edhrecRank": 795, "flavorText": "She is the apex of the artificer's craft, the spirit of the divine called out of base metal.", "foreignData": [], "frameVersion": "2015", "hasFoil": true, "hasNonFoil": false, "isMtgo": true, "isPaper": true, "isReprint": true, "isStarter": true, "layout": "normal", "legalities": {"commander": "Legal", "duel": "Legal", "legacy": "Legal", "modern": "Legal", "vintage": "Legal"}, "manaCost": "{7}", "mcmId": 283955, "mcmMetaId": 4274, "mtgoFoilId": 58916, "mtgoId": 58915, "mtgstocksId": 29042, "multiverseId": 401640, "name": "Platinum Angel", "number": "13", "originalText": "Flying\nYou can't lose the game and your opponents can't win the game.", "originalType": "Artifact Creature — Angel", "power": "4", "prices": {"paper": {}, "paperFoil": {"2019-06-02": 6.22, "2019-06-09": 6.26, "2019-06-16": 6.08, "2019-06-23": 6.05, "2019-06-30": 6.07, "2019-07-07": 6.45, "2019-07-14": 6.41, "2019-07-21": 6.49, "2019-07-28": 6.37, "2019-08-04": 6.26, "2019-08-11": 6.25, "2019-08-18": 6.25, "2019-08-25": 6.26}}, "printings": ["10E", "CN2", "M10", "M11", "MPS", "MRD", "TD2", "V15"], "purchaseUrls": {"cardmarket": "https://mtgjson.com/links/11559bff5aaa96ec", "mtgstocks": "https://mtgjson.com/links/51b474a4e33238c6", "tcgplayer": "https://mtgjson.com/links/dca42aae8e7bb577"}, "rarity": "mythic", "rulings": [{"date": "2004-12-01", "text": "Effects that say the game is a draw, such as the _Legends_(TM) card Divine Intervention, are not affected by Platinum Angel. They’ll still work."}, {"date": "2004-12-01", "text": "You can concede a game while Platinum Angel on the battlefield. A concession causes you to leave the game, which then causes you to lose the game (Once you concede, you no longer control a Platinum Angel, so its ability can’t prevent you from losing the game)."}, {"date": "2009-10-01", "text": "No game effect can cause you to lose the game or cause any opponent to win the game while you control Platinum Angel. It doesn’t matter whether you have 0 or less life, you’re forced to draw a card while your library is empty, you have ten or more poison counters, you’re dealt combat damage by Phage the Untouchable, your opponent has Mortal Combat with twenty or more creature cards in their graveyard, or so on. You keep playing."}, {"date": "2009-10-01", "text": "Other circumstances can still cause you to lose the game, however. You will lose a game if you concede, if you’re penalized with a Game Loss or a Match Loss during a sanctioned tournament due to a DCI rules infraction, or if your _Magic Online_(R) game clock runs out of time."}, {"date": "2009-10-01", "text": "If you control Platinum Angel in a Two-Headed Giant game, your team can’t lose the game and the opposing team can’t win the game."}], "scryfallId": "4e5780f1-f561-415f-99e3-907447d8280e", "scryfallIllustrationId": "652f445a-1a27-45df-8943-e93eb556ccdd", "scryfallOracleId": "b148578c-c0bf-4785-b97c-4b6f83028008", "subtypes": ["Angel"], "supertypes": [], "tcgplayerProductId": 102785, "text": "Flying\nYou can't lose the game and your opponents can't win the game.", "toughness": "4", "type": "Artifact Creature — Angel", "types": ["Artifact", "Creature"], "uuid": "0b2dc6e4-19ba-57c2-86dc-3a5caa37056a"}, {"artist": "Rebecca Guay", "borderColor": "black", "colorIdentity": ["W"], "colors": ["W"], "convertedManaCost": 5.0, "edhrecRank": 4333, "flavorText": "Born with wings of light and a sword of faith, this heavenly incarnation embodies both fury and purity.", "foreignData": [], "frameVersion": "2015", "hasFoil": true, "hasNonFoil": false, "isMtgo": true, "isPaper": true, "isReprint": true, "isStarter": true, "layout": "normal", "legalities": {"brawl": "Legal", "commander": "Legal", "duel": "Legal", "legacy": "Legal", "modern": "Legal", "penny": "Legal", "standard": "Legal", "vintage": "Legal"}, "manaCost": "{3}{W}{W}", "mcmId": 283951, "mcmMetaId": 5066, "mtgoFoilId": 58902, "mtgoId": 58901, "mtgstocksId": 29043, "multiverseId": 401641, "name": "Serra Angel", "number": "14", "originalText": "Flying, vigilance", "originalType": "Creature — Angel", "power": "4", "prices": {"paper": {}, "paperFoil": {"2019-06-02": 1.83, "2019-06-09": 1.82, "2019-06-16": 1.82, "2019-06-23": 1.88, "2019-06-30": 1.87, "2019-07-07": 1.83, "2019-07-14": 1.84, "2019-07-21": 1.84, "2019-07-28": 1.81, "2019-08-04": 1.81, "2019-08-11": 1.82, "2019-08-18": 1.82, "2019-08-25": 1.81}}, "printings": ["10E", "2ED", "3ED", "4BB", "4ED", "7ED", "8ED", "9ED", "ANA", "ATH", "CED", "CEI", "CMA", "CMD", "DDC", "DOM", "DVD", "EMA", "FBB", "GNT", "IMA", "LEA", "LEB", "M10", "M11", "M12", "M13", "M14", "M15", "ME4", "ORI", "PDOM", "PRM", "PS11", "PTC", "PWOS", "SUM", "V15", "W16", "W17"], "purchaseUrls": {"cardmarket": "https://mtgjson.com/links/121f7074c047c220", "mtgstocks": "https://mtgjson.com/links/847e59208409145e", "tcgplayer": "https://mtgjson.com/links/17a5dad6e975a693"}, "rarity": "mythic", "rulings": [], "scryfallId": "d9d994b6-d043-42af-8e95-f4e856a7f8b4", "scryfallIllustrationId": "b54159ab-b25e-4c31-898b-323233b40459", "scryfallOracleId": "4b7ac066-e5c7-43e6-9e7e-2739b24a905d", "subtypes": ["Angel"], "supertypes": [], "tcgplayerProductId": 102786, "text": "Flying, vigilance", "toughness": "4", "type": "Creature — Angel", "types": ["Creature"], "uuid": "519d9684-c6f3-582e-99bd-92d49cae5632"}, {"artist": "Wayne Reynolds", "borderColor": "black", "colorIdentity": ["B", "R", "W"], "colors": ["B", "R", "W"], "convertedManaCost": 7.0, "edhrecRank": 3048, "flavorText": "\"After death you face paradise, damnation, or Tariel.\" —Priest's teaching", "foreignData": [], "frameVersion": "2015", "hasFoil": true, "hasNonFoil": false, "isMtgo": true, "isPaper": true, "isReprint": true, "isStarter": true, "layout": "normal", "legalities": {"commander": "Legal", "duel": "Legal", "legacy": "Legal", "vintage": "Legal"}, "manaCost": "{4}{R}{W}{B}", "mcmId": 283952, "mcmMetaId": 203326, "mtgoFoilId": 58908, "mtgoId": 58907, "mtgstocksId": 29044, "multiverseId": 401642, "name": "Tariel, Reckoner of Souls", "number": "15", "originalText": "Flying, vigilance\n{T}: Choose a creature card at random from target opponent's graveyard. Put that card onto the battlefield under your control.", "originalType": "Legendary Creature — Angel", "power": "4", "prices": {"paper": {}, "paperFoil": {"2019-06-02": 2.99, "2019-06-09": 3.0, "2019-06-16": 3.06, "2019-06-23": 3.03, "2019-06-30": 3.14, "2019-07-07": 3.21, "2019-07-14": 3.18, "2019-07-21": 3.26, "2019-07-28": 3.17, "2019-08-04": 3.23, "2019-08-11": 3.08, "2019-08-18": 3.09, "2019-08-25": 3.21}}, "printings": ["CMA", "CMD", "OCMD", "V15"], "purchaseUrls": {"cardmarket": "https://mtgjson.com/links/775f41849d55d5b5", "mtgstocks": "https://mtgjson.com/links/11ec9efe02decb39", "tcgplayer": "https://mtgjson.com/links/f53f2e1460f6de41"}, "rarity": "mythic", "rulings": [{"date": "2011-09-22", "text": "The only target of this ability is the opponent."}, {"date": "2011-09-22", "text": "The creature card is chosen at random from among creature cards in the target opponent’s graveyard as the ability resolves. Players can respond to the ability knowing the targeted player, but they won’t know which creature card is about to enter the battlefield."}], "scryfallId": "9b348957-f351-4b93-856a-f67a3fbf616e", "scryfallIllustrationId": "f9b538cb-50fe-4718-a8fb-78a672587f58", "scryfallOracleId": "9c00b503-ae5e-4ce3-ad6a-92b541b2e3cd", "subtypes": ["Angel"], "supertypes": ["Legendary"], "tcgplayerProductId": 102787, "text": "Flying, vigilance\n{T}: Choose a creature card at random from target opponent's graveyard. Put that card onto the battlefield under your control.", "toughness": "7", "type": "Legendary Creature — Angel", "types": ["Creature"], "uuid": "ce192226-f318-5017-a520-595da3898bc9"}], "code": "V15", "isFoilOnly": true, "isOnlineOnly": false, "keyruneCode": "V15", "mcmId": 1661, "mcmName": "From the Vault: Angels", "meta": {"date": "2019-09-01", "pricesDate": "2019-09-01", "version": "4.5.0-rebuild.4"}, "mtgoCode": "V15", "name": "From the Vault: Angels", "releaseDate": "2015-08-21", "tcgplayerGroupId": 1577, "tokens": [], "totalSetSize": 15, "translations": {"Chinese Simplified": "From the Vault: Angels", "Chinese Traditional": "From the Vault: Angels", "French": "From the Vault: Angels", "German": "From the Vault: Angels", "Italian": "From the Vault: Angels", "Japanese": "From the Vault: Angels", "Korean": "From the Vault: Angels", "Portuguese (Brazil)": "From the Vault: Angels", "Russian": "From the Vault: Angels", "Spanish": "From the Vault: Angels"}, "type": "from_the_vault"}