{"baseSetSize": 0, "cards": [{"artist": "Jason Chan", "borderColor": "black", "colorIdentity": ["B"], "colors": ["B"], "convertedManaCost": 6.0, "edhrecRank": 659, "flavorText": "Those who hear her go mad with inspiration.", "foreignData": [], "frameVersion": "2015", "hasFoil": true, "hasNonFoil": false, "isMtgo": true, "isPaper": true, "isReprint": true, "isStarter": true, "layout": "normal", "legalities": {"commander": "Legal", "duel": "Legal", "legacy": "Legal", "modern": "Legal", "vintage": "Legal"}, "manaCost": "{2/B}{2/B}{2/B}", "mcmId": 291595, "mcmMetaId": 9622, "mtgoFoilId": 62110, "mtgoId": 62109, "mtgstocksId": 31501, "multiverseId": 416743, "name": "Beseech the Queen", "number": "1", "originalText": "Search your library for a card with converted mana cost less than or equal to the number of lands you control, reveal it, and put it into your hand. Then shuffle your library.", "originalType": "Sorcery", "prices": {"paper": {}, "paperFoil": {"2019-06-02": 5.47, "2019-06-09": 5.2, "2019-06-16": 5.35, "2019-06-23": 5.2, "2019-06-30": 5.25, "2019-07-07": 5.12, "2019-07-14": 5.19, "2019-07-21": 5.46, "2019-07-28": 5.21, "2019-08-04": 5.2, "2019-08-11": 5.09, "2019-08-18": 5.49, "2019-08-25": 5.49}}, "printings": ["HOP", "SHM", "V16"], "purchaseUrls": {"cardmarket": "https://mtgjson.com/links/34fbaa571934dd20", "mtgstocks": "https://mtgjson.com/links/21eb6a89ed9f1769", "tcgplayer": "https://mtgjson.com/links/275bc4587e0e2bc6"}, "rarity": "mythic", "rulings": [{"date": "2008-05-01", "text": "If an effect reduces the cost to cast a spell by an amount of generic mana, it applies to a monocolored hybrid spell only if you’ve chosen a method of paying for it that includes generic mana."}, {"date": "2008-05-01", "text": "A card with a monocolored hybrid mana symbol in its mana cost is each of the colors that appears in its mana cost, regardless of what mana was spent to cast it. Thus, Beseech the Queen is black even if you spend six red mana to cast it."}, {"date": "2008-05-01", "text": "A card with monocolored hybrid mana symbols in its mana cost has a converted mana cost equal to the highest possible cost it could be cast for. Its converted mana cost never changes. Thus, Beseech the Queen has a converted mana cost of 6, even if you spend {B}{B}{B} to cast it."}, {"date": "2008-05-01", "text": "If a cost includes more than one monocolored hybrid mana symbol, you can choose a different way to pay for each symbol. For example, you can pay for Beseech the Queen by spending {B}{B}{B}, {2}{B}{B}, {4}{B}, or {6}."}], "scryfallId": "8b5ffbfe-4b7c-4927-b2bd-f6c598a0bfeb", "scryfallIllustrationId": "2ee65a7f-3ac0-4214-8c29-37c692d8a202", "scryfallOracleId": "cf94cafc-527e-4b27-8a28-7807435aaccf", "subtypes": [], "supertypes": [], "tcgplayerProductId": 121167, "text": "({2/B} can be paid with any two mana or with {B}. This card's converted mana cost is 6.)\nSearch your library for a card with converted mana cost less than or equal to the number of lands you control, reveal it, and put it into your hand. Then shuffle your library.", "type": "Sorcery", "types": ["Sorcery"], "uuid": "f6e66db5-9d97-5ec3-8ab6-c8896755aa0e"}, {"artist": "Kieran Yanner", "borderColor": "black", "colorIdentity": ["B"], "colors": ["B"], "convertedManaCost": 2.0, "edhrecRank": 958, "flavorText": "The Patriarch is long dead, but his name still stains the lips of cultists.", "foreignData": [], "frameVersion": "2015", "hasFoil": true, "hasNonFoil": false, "isMtgo": true, "isPaper": true, "isReprint": true, "isStarter": true, "layout": "normal", "legalities": {"commander": "Legal", "duel": "Legal", "legacy": "Legal", "pauper": "Legal", "vintage": "Legal"}, "manaCost": "{1}{B}", "mcmId": 291596, "mcmMetaId": 771, "mtgoFoilId": 62124, "mtgoId": 62123, "mtgstocksId": 31502, "multiverseId": 416744, "name": "Cabal Ritual", "number": "2", "originalText": "Add {B}{B}{B} to your mana pool.\nThreshold — Add {B}{B}{B}{B}{B} to your mana pool instead if seven or more cards are in your graveyard.", "originalType": "Instant", "prices": {"paper": {}, "paperFoil": {"2019-06-02": 2.93, "2019-06-09": 2.98, "2019-06-16": 2.98, "2019-06-23": 2.98, "2019-06-30": 2.99, "2019-07-07": 2.99, "2019-07-14": 2.99, "2019-07-21": 2.99, "2019-07-28": 2.99, "2019-08-04": 2.99, "2019-08-11": 2.97, "2019-08-18": 2.99, "2019-08-25": 3.26}}, "printings": ["TOR", "V16", "VMA"], "purchaseUrls": {"cardmarket": "https://mtgjson.com/links/dbe51d053903de80", "mtgstocks": "https://mtgjson.com/links/de7367d2ce02c63b", "tcgplayer": "https://mtgjson.com/links/b5413a1dadebaf03"}, "rarity": "mythic", "rulings": [], "scryfallId": "70d8fd1a-8756-4e11-9235-ca119bd11dab", "scryfallIllustrationId": "bafcb4cd-ab27-4b67-83ed-9ce11c64375c", "scryfallOracleId": "5b5bf1fa-6502-4790-b66b-f0f8504ebc7c", "subtypes": [], "supertypes": [], "tcgplayerProductId": 121168, "text": "Add {B}{B}{B}.\nThreshold — Add {B}{B}{B}{B}{B} instead if seven or more cards are in your graveyard.", "type": "Instant", "types": ["Instant"], "uuid": "e05a2fc0-c899-5026-830c-63a37f9c23bd"}, {"artist": "Karl Kopinski", "borderColor": "black", "colorIdentity": ["B", "G", "R", "U", "W"], "colors": ["B", "G", "R", "U", "W"], "convertedManaCost": 8.0, "edhrecRank": 1722, "flavorText": "\"It's self-indulgent, I admit, but I do like to watch my own symphony play itself out.\" —Nicol Bolas", "foreignData": [], "frameVersion": "2015", "hasFoil": true, "hasNonFoil": false, "isMtgo": true, "isPaper": true, "isReprint": true, "isStarter": true, "layout": "normal", "legalities": {"commander": "Legal", "duel": "Legal", "legacy": "Legal", "modern": "Legal", "vintage": "Legal"}, "manaCost": "{3}{W}{U}{B}{R}{G}", "mcmId": 291597, "mcmMetaId": 10370, "mtgoFoilId": 62112, "mtgoId": 62111, "mtgstocksId": 31503, "multiverseId": 416745, "name": "Conflux", "number": "3", "originalText": "Search your library for a white card, a blue card, a black card, a red card, and a green card. Reveal those cards and put them into your hand. Then shuffle your library.", "originalType": "Sorcery", "prices": {"paper": {}, "paperFoil": {"2019-06-02": 1.49, "2019-06-09": 1.43, "2019-06-16": 1.44, "2019-06-23": 1.49, "2019-06-30": 1.51, "2019-07-07": 1.53, "2019-07-14": 1.52, "2019-07-21": 1.53, "2019-07-28": 1.52, "2019-08-04": 1.51, "2019-08-11": 1.5, "2019-08-18": 1.49, "2019-08-25": 1.42}}, "printings": ["A25", "CON", "V16"], "purchaseUrls": {"cardmarket": "https://mtgjson.com/links/7f08af3703ad2042", "mtgstocks": "https://mtgjson.com/links/9cf0941821be96c8", "tcgplayer": "https://mtgjson.com/links/847de907803491ba"}, "rarity": "mythic", "rulings": [{"date": "2018-03-16", "text": "You don’t have to find all five cards."}, {"date": "2018-03-16", "text": "You may find multicolored cards with Conflux. The white card you find, for example, can be any number of colors, as long as white is one of them. What colors it is won’t impact what other cards you can find. For example, you may find a white-blue card as the white card and another white-blue card as the blue card."}], "scryfallId": "e25e43a7-509b-4cc1-a336-a0229229c2ff", "scryfallIllustrationId": "fab8c55f-e00a-44fd-9624-7a35dd483ccc", "scryfallOracleId": "32ebb029-9f03-49c9-b9bb-cb1954e2a324", "subtypes": [], "supertypes": [], "tcgplayerProductId": 121169, "text": "Search your library for a white card, a blue card, a black card, a red card, and a green card. Reveal those cards and put them into your hand. Then shuffle your library.", "type": "Sorcery", "types": ["Sorcery"], "uuid": "9b53cd9f-daed-5e5d-8098-d5aa7f0f60f6"}, {"artist": "Stephan Martiniere", "borderColor": "black", "colorIdentity": [], "colors": [], "convertedManaCost": 0.0, "edhrecRank": 1237, "foreignData": [], "frameVersion": "2015", "hasFoil": true, "hasNonFoil": false, "isMtgo": true, "isPaper": true, "isReprint": true, "isStarter": true, "layout": "normal", "legalities": {"commander": "Legal", "duel": "Legal", "legacy": "Legal", "modern": "Banned", "vintage": "Legal"}, "mcmId": 291598, "mcmMetaId": 8183, "mtgoFoilId": 62106, "mtgoId": 62105, "mtgstocksId": 31504, "multiverseId": 416746, "name": "Dark Depths", "names": [], "number": "4", "originalText": "Dark Depths enters the battlefield with ten ice counters on it.\n{3}: Remove an ice counter from Dark Depths.\nWhen Dark Depths has no ice counters on it, sacrifice it. If you do, put a legendary 20/20 black Avatar creature token with flying and indestructible named Marit Lage onto the battlefield.", "originalType": "Legendary Snow Land", "prices": {"paper": {}, "paperFoil": {"2019-06-02": 29.11, "2019-06-09": 28.79, "2019-06-16": 28.99, "2019-06-23": 29.0, "2019-06-30": 29.0, "2019-07-07": 29.0, "2019-07-14": 28.99, "2019-07-21": 28.45, "2019-07-28": 28.99, "2019-08-04": 28.79, "2019-08-11": 28.75, "2019-08-18": 27.85, "2019-08-25": 27.9}}, "printings": ["CSP", "PUMA", "UMA", "V16"], "purchaseUrls": {"cardmarket": "https://mtgjson.com/links/8de6558871313aec", "mtgstocks": "https://mtgjson.com/links/906a45e4a5084b96", "tcgplayer": "https://mtgjson.com/links/5e236142ca80d8f7"}, "rarity": "mythic", "rulings": [{"date": "2018-12-07", "text": "Dark Depths really is a land with no mana ability. It doesn’t tap for colorless mana."}, {"date": "2018-12-07", "text": "The last ability of Dark Depths is a state trigger. It won’t trigger again while the ability is on the stack, but if the ability is countered and Dark Depths is still on the battlefield with no ice counters on it, it will trigger again immediately."}, {"date": "2018-12-07", "text": "If Dark Depths leaves the battlefield before its triggered ability resolves, you won’t be able to sacrifice it, so you won’t create Marit Lage."}], "scryfallId": "bbde4755-7fd0-42b3-a0fd-80a7d6edd950", "scryfallIllustrationId": "f41864f3-1975-4e53-a89e-31f2b52f7d3b", "scryfallOracleId": "c9b82110-7dfd-4617-9399-9510be449043", "subtypes": [], "supertypes": ["Legendary", "Snow"], "tcgplayerProductId": 121170, "text": "Dark Depths enters the battlefield with ten ice counters on it.\n{3}: Remove an ice counter from Dark Depths.\nWhen Dark Depths has no ice counters on it, sacrifice it. If you do, create Marit Lage, a legendary 20/20 black Avatar creature token with flying and indestructible.", "type": "Legendary Snow Land", "types": ["Land"], "uuid": "d35fe932-8d69-5d2e-82bf-67602c6b7630"}, {"artist": "Chris Rahn", "borderColor": "black", "colorIdentity": ["B", "G"], "colors": ["B", "G"], "convertedManaCost": 3.0, "edhrecRank": 2783, "flavorText": "Once Mirrodin's brightest hope. Now Phyrexia's dark champion.", "foreignData": [], "frameVersion": "2015", "hasFoil": true, "hasNonFoil": false, "isMtgo": true, "isPaper": true, "isReprint": true, "isStarter": true, "layout": "normal", "legalities": {"commander": "Legal", "duel": "Legal", "legacy": "Legal", "modern": "Legal", "vintage": "Legal"}, "manaCost": "{B}{G}{G}", "mcmId": 291599, "mcmMetaId": 202347, "mtgoFoilId": 62118, "mtgoId": 62117, "mtgstocksId": 31505, "multiverseId": 416747, "name": "Glissa, the Traitor", "number": "5", "originalText": "First strike, deathtouch\nWhenever a creature an opponent controls dies, you may return target artifact card from your graveyard to your hand.", "originalType": "Legendary Creature — Zombie Elf", "power": "3", "prices": {"paper": {}, "paperFoil": {"2019-06-02": 1.8, "2019-06-09": 1.87, "2019-06-16": 1.86, "2019-06-23": 1.91, "2019-06-30": 1.9, "2019-07-07": 1.9, "2019-07-14": 1.92, "2019-07-21": 1.97, "2019-07-28": 1.98, "2019-08-04": 1.98, "2019-08-11": 1.96, "2019-08-18": 1.94, "2019-08-25": 1.89}}, "printings": ["MBS", "OCM1", "PMBS", "PRM", "V16"], "purchaseUrls": {"cardmarket": "https://mtgjson.com/links/78df65e50f630e0c", "mtgstocks": "https://mtgjson.com/links/364ff8ffb7cec9e1", "tcgplayer": "https://mtgjson.com/links/5811850ed15d9a9c"}, "rarity": "mythic", "rulings": [{"date": "2011-06-01", "text": "If an artifact you own and a creature an opponent controls go to the graveyard at the same time, you may choose that artifact card as the target of Glissa, the Traitor’s ability (even if they’re the same card: an artifact creature you own that an opponent controlled)."}], "scryfallId": "ece3bc22-ecf3-49b8-b707-560d02250944", "scryfallIllustrationId": "72e8fda5-6a45-41ab-849c-a86bd643ed67", "scryfallOracleId": "cafacba9-195c-44ea-ba80-3e489274759c", "subtypes": ["Zombie", "Elf"], "supertypes": ["Legendary"], "tcgplayerProductId": 121171, "text": "First strike, deathtouch\nWhenever a creature an opponent controls dies, you may return target artifact card from your graveyard to your hand.", "toughness": "3", "type": "Legendary Creature — Zombie Elf", "types": ["Creature"], "uuid": "1f121073-23fb-5887-b6f3-2afa330f08f0", "watermark": "phyrexian"}, {"artist": "Jaime Jones", "borderColor": "black", "colorIdentity": [], "colors": [], "convertedManaCost": 3.0, "edhrecRank": 7843, "foreignData": [], "frameVersion": "2015", "hasFoil": true, "hasNonFoil": false, "isMtgo": true, "isPaper": true, "isReprint": true, "isStarter": true, "layout": "normal", "legalities": {"commander": "Legal", "duel": "Legal", "legacy": "Legal", "modern": "Legal", "penny": "Legal", "vintage": "Legal"}, "manaCost": "{3}", "mcmId": 291600, "mcmMetaId": 204799, "mtgoFoilId": 62120, "mtgoId": 62119, "mtgstocksId": 31506, "multiverseId": 416748, "name": "Helvault", "number": "6", "originalText": "{1}, {T}: Exile target creature you control.\n{7}, {T}: Exile target creature you don't control.\nWhen Helvault is put into a graveyard from the battlefield, return all cards exiled with it to the battlefield under their owners' control.", "originalType": "Legendary Artifact", "prices": {"paper": {}, "paperFoil": {"2019-06-02": 0.75, "2019-06-09": 0.75, "2019-06-16": 0.75, "2019-06-23": 0.75, "2019-06-30": 0.75, "2019-07-07": 0.75, "2019-07-14": 0.75, "2019-07-21": 0.76, "2019-07-28": 0.75, "2019-08-04": 0.75, "2019-08-11": 0.75, "2019-08-18": 0.74, "2019-08-25": 0.75}}, "printings": ["DKA", "V16"], "purchaseUrls": {"cardmarket": "https://mtgjson.com/links/3002972ade4e3988", "mtgstocks": "https://mtgjson.com/links/50721b62c42afe05", "tcgplayer": "https://mtgjson.com/links/547c010b7110e8cc"}, "rarity": "mythic", "rulings": [{"date": "2011-01-22", "text": "Helvault’s first and third abilities are linked. Similarly, Helvault’s second and third abilities are linked. Only cards exiled as a result of Helvault’s first or second abilities will be returned to the battlefield by its third ability."}], "scryfallId": "5f8e84a0-6303-4af1-9a38-224b2f931570", "scryfallIllustrationId": "71e4065f-b94f-4ad7-aa79-6dd3979b3cb8", "scryfallOracleId": "fa3d8a6f-dc5b-4890-a806-f785a41660c7", "subtypes": [], "supertypes": ["Legendary"], "tcgplayerProductId": 121172, "text": "{1}, {T}: Exile target creature you control.\n{7}, {T}: Exile target creature you don't control.\nWhen Helvault is put into a graveyard from the battlefield, return all cards exiled with it to the battlefield under their owners' control.", "type": "Legendary Artifact", "types": ["Artifact"], "uuid": "98087887-e6b1-5602-94dc-3ebde82c3a17"}, {"artist": "Carl Critchlow", "borderColor": "black", "colorIdentity": ["U"], "colors": [], "convertedManaCost": 7.0, "edhrecRank": 1452, "flavorText": "\"An imperfection in the perfect world? We can't allow that.\"", "foreignData": [], "frameVersion": "2015", "hasFoil": true, "hasNonFoil": false, "isMtgo": true, "isPaper": true, "isReprint": true, "isStarter": true, "layout": "normal", "legalities": {"commander": "Legal", "duel": "Legal", "legacy": "Legal", "modern": "Legal", "vintage": "Legal"}, "manaCost": "{7}", "mcmId": 291601, "mcmMetaId": 3528, "mtgoFoilId": 62102, "mtgoId": 62101, "mtgstocksId": 31508, "multiverseId": 416749, "name": "Memnarch", "number": "7", "originalText": "{1}{U}{U}: Target permanent becomes an artifact in addition to its other types.\n{3}{U}: Gain control of target artifact.", "originalType": "Legendary Artifact Creature — Wizard", "power": "4", "prices": {"paper": {}, "paperFoil": {"2019-06-02": 6.1, "2019-06-09": 6.16, "2019-06-16": 5.59, "2019-06-23": 11.93, "2019-06-30": 9.45, "2019-07-07": 10.5, "2019-07-14": 10.24, "2019-07-21": 9.87, "2019-07-28": 10.11, "2019-08-04": 10.75, "2019-08-11": 9.67, "2019-08-18": 9.5, "2019-08-25": 9.32}}, "printings": ["ARC", "DST", "V16"], "purchaseUrls": {"cardmarket": "https://mtgjson.com/links/b457a94eabb481b1", "mtgstocks": "https://mtgjson.com/links/5e9da6c0b9e4004a", "tcgplayer": "https://mtgjson.com/links/2b08af4f8ad08349"}, "rarity": "mythic", "rulings": [{"date": "2004-12-01", "text": "The effects of Memnarch’s abilities don’t end at end of turn, and they don’t end when Memnarch leaves the battlefield. Both effects last until the affected permanent leaves the battlefield."}, {"date": "2004-12-01", "text": "You can use the first ability on a nonartifact permanent, wait for the ability to resolve, and then use the second ability on that permanent."}], "scryfallId": "9f48defb-888b-4040-9dd2-16a0643c5c30", "scryfallIllustrationId": "915c621d-03d4-4a36-9f60-ba04c78530c7", "scryfallOracleId": "52d8e70b-7e94-4e17-811f-70afe39ff9bd", "subtypes": ["Wizard"], "supertypes": ["Legendary"], "tcgplayerProductId": 121174, "text": "{1}{U}{U}: Target permanent becomes an artifact in addition to its other types. (This effect lasts indefinitely.)\n{3}{U}: Gain control of target artifact. (This effect lasts indefinitely.)", "toughness": "5", "type": "Legendary Artifact Creature — Wizard", "types": ["Artifact", "Creature"], "uuid": "ffa8fbad-def9-58ee-934d-36bb94ab7acf"}, {"artist": "Adam Paquette", "borderColor": "black", "colorIdentity": ["U"], "colors": ["U"], "convertedManaCost": 6.0, "edhrecRank": 1265, "foreignData": [], "frameVersion": "2015", "hasFoil": true, "hasNonFoil": false, "isMtgo": true, "isPaper": true, "isReprint": true, "isStarter": true, "layout": "normal", "legalities": {"commander": "Legal", "duel": "Legal", "legacy": "Banned", "vintage": "Restricted"}, "manaCost": "{4}{U}{U}", "mcmId": 291602, "mcmMetaId": 3608, "mtgoFoilId": 62122, "mtgoId": 62121, "mtgstocksId": 31509, "multiverseId": 416750, "name": "Mind's Desire", "number": "8", "originalText": "Shuffle your library. Then exile the top card of your library. Until end of turn, you may play that card without paying its mana cost.\nStorm (When you cast this spell, copy it for each spell cast before it this turn.)", "originalType": "Sorcery", "prices": {"paper": {}, "paperFoil": {"2019-06-02": 1.09, "2019-06-09": 1.09, "2019-06-16": 1.1, "2019-06-23": 1.09, "2019-06-30": 1.16, "2019-07-07": 1.18, "2019-07-14": 1.18, "2019-07-21": 1.22, "2019-07-28": 1.2, "2019-08-04": 1.24, "2019-08-11": 1.25, "2019-08-18": 1.17, "2019-08-25": 1.09}}, "printings": ["DDS", "G08", "PRM", "SCG", "V16", "VMA"], "purchaseUrls": {"cardmarket": "https://mtgjson.com/links/dafcad48fb6776ed", "mtgstocks": "https://mtgjson.com/links/071c564c8f348f94", "tcgplayer": "https://mtgjson.com/links/e848c17c8a7afb57"}, "rarity": "mythic", "rulings": [{"date": "2004-10-04", "text": "If the card is not played by end of turn, it remains exiled until end of game."}, {"date": "2004-10-04", "text": "The card is face-up when exiled."}, {"date": "2013-06-07", "text": "The copies are put directly onto the stack. They aren’t cast and won’t be counted by other spells with storm cast later in the turn."}, {"date": "2013-06-07", "text": "Spells cast from zones other than a player’s hand and spells that were countered are counted by the storm ability."}, {"date": "2013-06-07", "text": "A copy of a spell can be countered like any other spell, but it must be countered individually. Countering a spell with storm won’t affect the copies."}, {"date": "2013-06-07", "text": "The triggered ability that creates the copies can itself be countered by anything that can counter a triggered ability. If it is countered, no copies will be put onto the stack."}], "scryfallId": "6ae27b75-2719-467b-8410-923e9cec5ac9", "scryfallIllustrationId": "706d36e5-cc10-4ebe-8d00-0c61e431d162", "scryfallOracleId": "b3739b5a-5731-4c64-a244-815a363b0d5c", "subtypes": [], "supertypes": [], "tcgplayerProductId": 121175, "text": "Shuffle your library. Then exile the top card of your library. Until end of turn, you may play that card without paying its mana cost. (If it has X in its mana cost, X is 0.)\nStorm (When you cast this spell, copy it for each spell cast before it this turn.)", "type": "Sorcery", "types": ["Sorcery"], "uuid": "1dc16949-9a9c-5b1a-a962-e9b3a35ae3ee"}, {"artist": "Victor Adame Minguez", "borderColor": "black", "colorIdentity": ["G", "U"], "colors": ["G", "U"], "convertedManaCost": 5.0, "edhrecRank": 2368, "foreignData": [], "frameVersion": "2015", "hasFoil": true, "hasNonFoil": false, "isMtgo": true, "isPaper": true, "isReprint": true, "isStarter": true, "layout": "normal", "legalities": {"commander": "Legal", "duel": "Legal", "legacy": "Legal", "modern": "Legal", "penny": "Legal", "vintage": "Legal"}, "manaCost": "{3}{G}{U}", "mcmId": 291603, "mcmMetaId": 7615, "mtgoFoilId": 62126, "mtgoId": 62125, "mtgstocksId": 31510, "multiverseId": 416751, "name": "Momir Vig, Simic Visionary", "number": "9", "originalText": "Whenever you cast a green creature spell, you may search your library for a creature card and reveal it. If you do, shuffle your library and put that card on top of it.\nWhenever you cast a blue creature spell, reveal the top card of your library. If it's a creature card, put that card into your hand.", "originalType": "Legendary Creature — Elf Wizard", "power": "2", "prices": {"paper": {}, "paperFoil": {"2019-06-02": 2.5, "2019-06-09": 2.53, "2019-06-16": 2.5, "2019-06-23": 2.52, "2019-06-30": 2.5, "2019-07-07": 2.49, "2019-07-14": 2.36, "2019-07-21": 2.33, "2019-07-28": 2.34, "2019-08-04": 2.33, "2019-08-11": 2.21, "2019-08-18": 2.16, "2019-08-25": 2.23}}, "printings": ["DIS", "GK2", "V16"], "purchaseUrls": {"cardmarket": "https://mtgjson.com/links/7d10260eeb9399b8", "mtgstocks": "https://mtgjson.com/links/4c530f32865bccf0", "tcgplayer": "https://mtgjson.com/links/21d3364ea93d1678"}, "rarity": "mythic", "rulings": [{"date": "2006-05-01", "text": "If you cast a green and blue creature spell, both abilities will trigger. The abilities may be stacked so that when they resolve, you search your library for a creature card, put it on top of your library, and then put that card into your hand. The abilities may also be stacked in the other order, of course."}], "scryfallId": "f9c7ed7d-3783-4be1-bd69-1019baf5e264", "scryfallIllustrationId": "9f25da4c-b1ed-49ad-a06c-99637242cc4e", "scryfallOracleId": "6202d1cf-5359-4783-846d-7f35460e42b4", "subtypes": ["Elf", "Wizard"], "supertypes": ["Legendary"], "tcgplayerProductId": 121176, "text": "Whenever you cast a green creature spell, you may search your library for a creature card and reveal it. If you do, shuffle your library and put that card on top of it.\nWhenever you cast a blue creature spell, reveal the top card of your library. If it's a creature card, put that card into your hand.", "toughness": "2", "type": "Legendary Creature — Elf Wizard", "types": ["Creature"], "uuid": "db13c679-a4ee-57d4-9fae-89b2e1d5e702"}, {"artist": "Dan Scott", "borderColor": "black", "colorIdentity": ["W"], "colors": ["W"], "convertedManaCost": 5.0, "edhrecRank": 6192, "flavorText": "Lands ravaged, cities in ruins, so many lives sacrificed, and yet there was no other word for it but victory.", "foreignData": [], "frameVersion": "2015", "hasFoil": true, "hasNonFoil": false, "isMtgo": true, "isPaper": true, "isReprint": true, "isStarter": true, "layout": "normal", "legalities": {"commander": "Legal", "duel": "Legal", "legacy": "Legal", "modern": "Legal", "penny": "Legal", "vintage": "Legal"}, "manaCost": "{2}{W}{W}{W}", "mcmId": 291604, "mcmMetaId": 11146, "mtgoFoilId": 62114, "mtgoId": 62113, "mtgstocksId": 31511, "multiverseId": 416752, "name": "Near-Death Experience", "number": "10", "originalText": "At the beginning of your upkeep, if you have exactly 1 life, you win the game.", "originalType": "Enchantment", "prices": {"paper": {}, "paperFoil": {"2019-06-02": 0.79, "2019-06-09": 0.79, "2019-06-16": 0.79, "2019-06-23": 0.79, "2019-06-30": 0.79, "2019-07-07": 0.78, "2019-07-14": 0.78, "2019-07-21": 0.79, "2019-07-28": 0.78, "2019-08-04": 0.79, "2019-08-11": 0.78, "2019-08-18": 0.77, "2019-08-25": 0.79}}, "printings": ["ROE", "V16"], "purchaseUrls": {"cardmarket": "https://mtgjson.com/links/58866b04d1117aa7", "mtgstocks": "https://mtgjson.com/links/b7712c5ca77f7e6d", "tcgplayer": "https://mtgjson.com/links/a20b2a9fbcf6ec0c"}, "rarity": "mythic", "rulings": [{"date": "2010-06-15", "text": "This ability has an “intervening ‘if’ clause.” That means (1) the ability triggers only if you have exactly 1 life as your upkeep begins, and (2) the ability does nothing if your life total is anything other than 1 by the time it resolves."}, {"date": "2010-06-15", "text": "In a Two-Headed Giant game, anything that cares about your life total checks your team’s life total. You’ll win the game if your team has exactly 1 life."}], "scryfallId": "a3e7f5d8-b266-4c7c-8913-94380217dbd7", "scryfallIllustrationId": "e41e388e-3420-4c70-bea3-67d61fc72c47", "scryfallOracleId": "2afb027f-3c02-46cf-97a1-af0e946ee477", "subtypes": [], "supertypes": [], "tcgplayerProductId": 121177, "text": "At the beginning of your upkeep, if you have exactly 1 life, you win the game.", "type": "Enchantment", "types": ["Enchantment"], "uuid": "6fca1535-5418-55cb-b385-7b963b91afc2"}, {"artist": "Kev Walker", "borderColor": "black", "colorIdentity": ["R"], "colors": ["R"], "convertedManaCost": 8.0, "edhrecRank": 2329, "flavorText": "For his family, Barrin made a funeral pyre of Tolaria.", "foreignData": [], "frameVersion": "2015", "hasFoil": true, "hasNonFoil": false, "isMtgo": true, "isPaper": true, "isReprint": true, "isStarter": true, "layout": "normal", "legalities": {"commander": "Legal", "duel": "Legal", "legacy": "Legal", "modern": "Legal", "penny": "Legal", "vintage": "Legal"}, "manaCost": "{6}{R}{R}", "mcmId": 291605, "mcmMetaId": 3959, "mtgoFoilId": 62100, "mtgoId": 62099, "mtgstocksId": 31512, "multiverseId": 416753, "name": "Obliterate", "number": "11", "originalText": "Obliterate can't be countered.\nDestroy all artifacts, creatures, and lands. They can't be regenerated.", "originalType": "Sorcery", "prices": {"paper": {}, "paperFoil": {"2019-06-02": 2.88, "2019-06-09": 2.95, "2019-06-16": 2.66, "2019-06-23": 2.72, "2019-06-30": 2.89, "2019-07-07": 2.87, "2019-07-14": 2.76, "2019-07-21": 2.8, "2019-07-28": 2.89, "2019-08-04": 2.51, "2019-08-11": 2.49, "2019-08-18": 2.63, "2019-08-25": 2.66}}, "printings": ["8ED", "INV", "V16", "WC01"], "purchaseUrls": {"cardmarket": "https://mtgjson.com/links/405fc83a055d030c", "mtgstocks": "https://mtgjson.com/links/95f01b0968419ced", "tcgplayer": "https://mtgjson.com/links/b24a441ceaab09ee"}, "rarity": "mythic", "rulings": [{"date": "2004-10-04", "text": "Counterspells can be cast that target it, but when they resolve they simply don’t counter it since it can’t be countered."}], "scryfallId": "6d79f044-0434-4dc2-9d92-8975324f6c32", "scryfallIllustrationId": "8c72fdff-a3a4-42a0-a5cb-c39a8716c26f", "scryfallOracleId": "47496941-8007-45a0-a981-76c683cbddc1", "subtypes": [], "supertypes": [], "tcgplayerProductId": 121178, "text": "This spell can't be countered.\nDestroy all artifacts, creatures, and lands. They can't be regenerated.", "type": "Sorcery", "types": ["Sorcery"], "uuid": "a9ca8446-e08f-5515-99df-c000b4c75090"}, {"artist": "Dave Kendall", "borderColor": "black", "colorIdentity": [], "colors": [], "convertedManaCost": 4.0, "edhrecRank": 2518, "foreignData": [], "frameVersion": "2015", "hasFoil": true, "hasNonFoil": false, "isMtgo": true, "isPaper": true, "isReprint": true, "isStarter": true, "layout": "normal", "legalities": {"commander": "Legal", "duel": "Legal", "legacy": "Legal", "vintage": "Legal"}, "manaCost": "{4}", "mcmId": 291613, "mcmMetaId": 4202, "mtgoFoilId": 62116, "mtgoId": 62115, "mtgstocksId": 31513, "multiverseId": 416754, "name": "Phyrexian Processor", "number": "12", "originalText": "As Phyrexian Processor enters the battlefield, pay any amount of life.\n{4}, {T}: Put an X/X black Minion creature token onto the battlefield, where X is the life paid as Phyrexian Processor entered the battlefield.", "originalType": "Artifact", "prices": {"paper": {}, "paperFoil": {"2019-06-02": 1.74, "2019-06-09": 1.77, "2019-06-16": 1.79, "2019-06-23": 1.74, "2019-06-30": 1.74, "2019-07-07": 1.69, "2019-07-14": 1.66, "2019-07-21": 1.66, "2019-07-28": 1.62, "2019-08-04": 1.66, "2019-08-11": 1.77, "2019-08-18": 1.79, "2019-08-25": 1.77}}, "printings": ["DDE", "USG", "V16", "WC00", "WC99"], "purchaseUrls": {"cardmarket": "https://mtgjson.com/links/80e9b502eaf615dc", "mtgstocks": "https://mtgjson.com/links/41e4c8ea87bd6338", "tcgplayer": "https://mtgjson.com/links/6dc9041d14f287da"}, "rarity": "mythic", "rulings": [{"date": "2004-10-04", "text": "You can pay 0 life if you want, but it’s not useful most of the time."}], "scryfallId": "56df1833-4c93-499b-9f40-f8c2d0f29342", "scryfallIllustrationId": "3c8e44d4-953f-459f-85a2-e6a4396cb47b", "scryfallOracleId": "36c800cb-b1ca-4432-ad3c-4d8b90337f4c", "subtypes": [], "supertypes": [], "tcgplayerProductId": 121179, "text": "As Phyrexian Processor enters the battlefield, pay any amount of life.\n{4}, {T}: Create an X/X black Minion creature token, where X is the life paid as Phyrexian Processor entered the battlefield.", "type": "Artifact", "types": ["Artifact"], "uuid": "971b315b-6869-50ef-80ae-2401ad9a2ca6"}, {"artist": "Khang Le", "borderColor": "black", "colorIdentity": ["U"], "colors": [], "convertedManaCost": 0.0, "edhrecRank": 702, "foreignData": [], "frameVersion": "2015", "hasFoil": true, "hasNonFoil": false, "isMtgo": true, "isPaper": true, "isReprint": true, "isStarter": true, "layout": "normal", "legalities": {"commander": "Legal", "duel": "Legal", "legacy": "Legal", "modern": "Legal", "vintage": "Legal"}, "mcmId": 291607, "mcmMetaId": 9094, "mtgoFoilId": 62108, "mtgoId": 62107, "mtgstocksId": 31514, "multiverseId": 416755, "name": "Tolaria West", "number": "13", "originalText": "Tolaria West enters the battlefield tapped.\n{T}: Add {U} to your mana pool.\nTransmute {1}{U}{U} ({1}{U}{U}, Discard this card: Search your library for a card with converted mana cost 0, reveal it, and put it into your hand. Then shuffle your library. Transmute only as a sorcery.)", "originalType": "Land", "prices": {"paper": {}, "paperFoil": {"2019-06-02": 19.97, "2019-06-09": 20.04, "2019-06-16": 19.5, "2019-06-23": 19.0, "2019-06-30": 18.55, "2019-07-07": 17.99, "2019-07-14": 17.99, "2019-07-21": 17.75, "2019-07-28": 17.22, "2019-08-04": 16.29, "2019-08-11": 15.1, "2019-08-18": 16.86, "2019-08-25": 17.0}}, "printings": ["FUT", "V16"], "purchaseUrls": {"cardmarket": "https://mtgjson.com/links/a695360ab3ae731f", "mtgstocks": "https://mtgjson.com/links/f7043a38810bb66d", "tcgplayer": "https://mtgjson.com/links/504c0dfa698b8945"}, "rarity": "mythic", "rulings": [{"date": "2007-05-01", "text": "Cards with mana cost {0} (like Pact of Negation) and cards with no mana cost (like Living End and every land) have converted mana cost 0."}], "scryfallId": "7adede7f-ee9b-48b7-98cb-9672d36e8a0c", "scryfallIllustrationId": "881f08cf-7599-431a-85e4-7d8bb10f34b3", "scryfallOracleId": "46eefc72-2d9e-4389-8ae1-26d9ee472b5c", "subtypes": [], "supertypes": [], "tcgplayerProductId": 121180, "text": "Tolaria West enters the battlefield tapped.\n{T}: Add {U}.\nTransmute {1}{U}{U} ({1}{U}{U}, Discard this card: Search your library for a card with converted mana cost 0, reveal it, and put it into your hand. Then shuffle your library. Transmute only as a sorcery.)", "type": "Land", "types": ["Land"], "uuid": "5b0d01f6-329f-5a61-a490-b09c1c09de92"}, {"artist": "Christopher Moeller", "borderColor": "black", "colorIdentity": [], "colors": [], "convertedManaCost": 2.0, "edhrecRank": 754, "foreignData": [], "frameVersion": "2015", "hasFoil": true, "hasNonFoil": false, "isMtgo": true, "isPaper": true, "isReprint": true, "isStarter": true, "layout": "normal", "legalities": {"commander": "Legal", "duel": "Legal", "legacy": "Legal", "modern": "Banned", "vintage": "Legal"}, "manaCost": "{2}", "mcmId": 291608, "mcmMetaId": 7525, "mtgoFoilId": 62104, "mtgoId": 62103, "mtgstocksId": 31515, "multiverseId": 416756, "name": "Umezawa's Jitte", "number": "14", "originalText": "Whenever equipped creature deals combat damage, put two charge counters on Umezawa's Jitte.\nRemove a charge counter from Umezawa's Jitte: Choose one —\n• Equipped creature gets +2/+2 until end of turn.\n• Target creature gets -1/-1 until end of turn.\n• You gain 2 life.\nEquip {2}", "originalType": "Legendary Artifact — Equipment", "prices": {"paper": {}, "paperFoil": {"2019-06-02": 16.85, "2019-06-09": 16.83, "2019-06-16": 16.99, "2019-06-23": 17.12, "2019-06-30": 17.28, "2019-07-07": 17.48, "2019-07-14": 17.32, "2019-07-21": 17.09, "2019-07-28": 17.0, "2019-08-04": 16.87, "2019-08-11": 16.73, "2019-08-18": 15.99, "2019-08-25": 16.05}}, "printings": ["BOK", "PGPX", "PRM", "TD0", "V16"], "purchaseUrls": {"cardmarket": "https://mtgjson.com/links/85fa5d775eadd429", "mtgstocks": "https://mtgjson.com/links/e790e55e9c91510f", "tcgplayer": "https://mtgjson.com/links/355fe08d7dcd7232"}, "rarity": "mythic", "rulings": [{"date": "2005-02-01", "text": "Umezawa’s Jitte’s activated ability generates a modal choice. The choice is made when the ability is activated."}, {"date": "2005-02-01", "text": "If the “target creature gets -1/-1 until end of turn” mode is chosen, the target creature must also be announced."}, {"date": "2005-02-01", "text": "The ability can be used any time Umezawa’s Jitte’s controller has priority — only the “target creature” choice has additional requirements. Choosing the “Equipped creature gets +2/+2 until end of turn” mode does nothing if the Jitte isn’t equipped to a creature when the ability resolves."}, {"date": "2005-02-01", "text": "If the Jitte is moved after the “+2/+2” mode is announced but before it resolves, the bonus is given to the creature that is equipped when the ability resolves."}, {"date": "2005-02-01", "text": "If the Jitte leaves the battlefield after the “+2/+2” mode is announced but before it resolves, the bonus is given to the creature that was most recently equipped once the ability resolves."}], "scryfallId": "492814c7-dd17-43de-b2e8-cf9de5475604", "scryfallIllustrationId": "01a99fdf-ba6e-4c43-875f-12c1b9c569c8", "scryfallOracleId": "1da10d5c-36a8-473f-a5d4-782ad61d8057", "subtypes": ["Equipment"], "supertypes": ["Legendary"], "tcgplayerProductId": 121181, "text": "Whenever equipped creature deals combat damage, put two charge counters on Umezawa's Jitte.\nRemove a charge counter from Umezawa's Jitte: Choose one —\n• Equipped creature gets +2/+2 until end of turn.\n• Target creature gets -1/-1 until end of turn.\n• You gain 2 life.\nEquip {2}", "type": "Legendary Artifact — Equipment", "types": ["Artifact"], "uuid": "ead2c487-9dc8-5f9b-bad5-88712a7abc04"}, {"artist": "rk post", "borderColor": "black", "colorIdentity": ["B"], "colors": ["B"], "convertedManaCost": 4.0, "edhrecRank": 8916, "foreignData": [], "frameVersion": "2015", "hasFoil": true, "hasNonFoil": false, "isMtgo": true, "isPaper": true, "isReprint": true, "isStarter": true, "layout": "normal", "legalities": {"commander": "Legal", "duel": "Legal", "legacy": "Legal", "vintage": "Legal"}, "manaCost": "{3}{B}", "mcmId": 291609, "mcmMetaId": 6230, "mtgoFoilId": 62098, "mtgoId": 62097, "mtgstocksId": 31516, "multiverseId": 416757, "name": "Unmask", "number": "15", "originalText": "You may exile a black card from your hand rather than pay Unmask's mana cost.\nTarget player reveals his or her hand. You choose a nonland card from it. That player discards that card.", "originalType": "Sorcery", "prices": {"paper": {}, "paperFoil": {"2019-06-02": 7.21, "2019-06-09": 7.24, "2019-06-16": 6.94, "2019-06-23": 6.69, "2019-06-30": 6.74, "2019-07-07": 6.7, "2019-07-14": 6.49, "2019-07-21": 6.55, "2019-07-28": 6.4, "2019-08-04": 6.29, "2019-08-11": 6.29, "2019-08-18": 6.15, "2019-08-25": 6.14}}, "printings": ["MMQ", "V16"], "purchaseUrls": {"cardmarket": "https://mtgjson.com/links/11b19e30704cc238", "mtgstocks": "https://mtgjson.com/links/80a349b2fd5ce8aa", "tcgplayer": "https://mtgjson.com/links/26853a958ac62c5d"}, "rarity": "mythic", "rulings": [{"date": "2014-02-01", "text": "If you target yourself with this spell, you must reveal your entire hand to the other players just as any other player would."}], "scryfallId": "555c6135-5723-44c6-8c29-d5b57a2b3220", "scryfallIllustrationId": "556b7c62-4bc6-4591-baa7-9fbebd77f1bf", "scryfallOracleId": "1a3a274d-41da-47db-ad41-5720f36a7963", "subtypes": [], "supertypes": [], "tcgplayerProductId": 121182, "text": "You may exile a black card from your hand rather than pay this spell's mana cost.\nTarget player reveals their hand. You choose a nonland card from it. That player discards that card.", "type": "Sorcery", "types": ["Sorcery"], "uuid": "6bca1718-3a1b-5fa5-92ba-ec0bab83a56c"}], "code": "V16", "isFoilOnly": true, "isOnlineOnly": false, "keyruneCode": "V16", "mcmId": 1703, "mcmName": "From the Vault: Lore", "meta": {"date": "2019-09-01", "pricesDate": "2019-09-01", "version": "4.5.0-rebuild.4"}, "mtgoCode": "V16", "name": "From the Vault: Lore", "releaseDate": "2016-08-19", "tcgplayerGroupId": 1821, "tokens": [{"artist": "Stephan Martiniere", "borderColor": "black", "colorIdentity": ["B"], "colors": ["B"], "layout": "normal", "name": "Marit Lage", "number": "16", "power": "20", "reverseRelated": ["Dark Depths"], "scryfallId": "53085c6f-b6ef-4846-8d67-40bef9609418", "scryfallIllustrationId": "75f2b602-76dd-448f-82d0-0f42c71830ec", "scryfallOracleId": "48e9147e-59f7-4693-83d7-7f514be871bc", "text": "Flying, indestructible", "toughness": "20", "type": "Token Legendary Creature — Avatar", "uuid": "541cf5fb-2b2d-5beb-8d98-3ad9c021a218"}], "totalSetSize": 16, "translations": {"Chinese Simplified": "From The Vault: Lore", "Chinese Traditional": "From The Vault: Lore", "French": "From The Vault: Lore", "German": "From The Vault: Lore", "Italian": "From The Vault: Lore", "Japanese": "From The Vault: Lore", "Korean": "From The Vault: Lore", "Portuguese (Brazil)": "From The Vault: Lore", "Russian": "From The Vault: Lore", "Spanish": "From The Vault: Lore"}, "type": "from_the_vault"}