{"baseSetSize": 0, "cards": [{"artist": "Aleksi Briclot", "borderColor": "black", "colorIdentity": ["W"], "colors": ["W"], "convertedManaCost": 6.0, "edhrecRank": 2184, "foreignData": [{"language": "German", "multiverseId": 413415, "name": "Behütender Engel", "text": "Fliegend (Diese Kreatur kann außer von fliegenden Kreaturen und Kreaturen mit Reichweite nicht geblockt werden.)\nWenn der Behütende Engel ins Spiel kommt, erhält eine andere bleibende Karte deiner Wahl solange Unzerstörbarkeit, wie du den Behütenden Engel kontrollierst. (Effekte, die „zerstören\", zerstören sie nicht. Eine Kreatur mit Unzerstörbarkeit kann nicht von Schaden zerstört werden.)", "type": "Kreatur — Engel"}, {"language": "Spanish", "multiverseId": 413527, "name": "Ángel de la égida", "text": "Vuela. (Esta criatura no puede ser bloqueada excepto por criaturas que tengan la habilidad de volar o alcance.)\nCuando el Ángel de la égida entre al campo de batalla, otro permanente objetivo gana la habilidad de indestructible mientras controles el Ángel de la égida. (Los efectos que dicen \"destruye\" no lo destruyen. Una criatura con la habilidad de indestructible no puede ser destruida por daño.)", "type": "Criatura — Ángel"}, {"language": "French", "multiverseId": 413431, "name": "Ange de l'égide", "text": "Vol (Cette créature ne peut pas être bloquée excepté par des créatures avec le vol ou la portée.)\nQuand l'Ange de l'égide arrive sur le champ de bataille, un autre permanent ciblé acquiert l'indestructible tant que vous contrôlez l'Ange de l'égide. (Les effets qui disent « détruisez » ne détruisent pas ce permanent. Une créature avec l'indestructible ne peut pas être détruite par des blessures.)", "type": "Créature : ange"}, {"language": "Italian", "multiverseId": 413447, "name": "Angelo dell'Egida", "text": "Volare (Questa creatura non può essere bloccata tranne che da creature con volare o raggiungere.)\nQuando l'Angelo dell'Egida entra nel campo di battaglia, un altro permanente bersaglio ha indistruttibile fintanto che controlli l'Angelo dell'Egida. (Gli effetti che dicono \"distruggi\" non lo distruggono. Una creatura con indistruttibile non può essere distrutta dal danno.)", "type": "Creatura — Angelo"}, {"language": "Japanese", "multiverseId": 413463, "name": "神盾の天使", "text": "飛行（このクリーチャーは飛行や到達を持たないクリーチャーによってはブロックされない。）\n神盾の天使が戦場に出たとき、他のパーマネント１つを対象とする。あなたが神盾の天使をコントロールし続けているかぎり、それは破壊不能を得る。（「破壊する」と書かれた効果では、それは破壊されない。破壊不能を持つクリーチャーはダメージによって破壊されない。）", "type": "クリーチャー — 天使"}, {"language": "Korean", "multiverseId": 413479, "name": "보호의 천사", "text": "비행 (이 생물은 비행이나 대공을 가진 생물에게만 방어될 수 있다.)\n보호의 천사가 전장에 들어올 때, 다른 지속물을 목표로 정한다. 그 지속물은 당신이 보호의 천사를 조종하는 한 무적을 얻는다. (\"파괴\"라고 명시된 효과로 파괴되지 않는다. 무적을 가진 생물은 피해로 파괴될 수 없다.)", "type": "생물 — 천사"}, {"language": "Portuguese (Brazil)", "multiverseId": 413495, "name": "Anjo da Égide", "text": "Voar (Esta criatura só pode ser bloqueada por criaturas com voar ou alcance.)\nQuando Anjo da Égide entrar no campo de batalha, outra permanente alvo ganhará indestrutível enquanto você controlar Anjo da Égide. (Os efeitos que dizem \"destrua\" não a destroem. Uma criatura com indestrutível não pode ser destruída por dano.)", "type": "Criatura — Anjo"}, {"language": "Russian", "multiverseId": 413511, "name": "Ангел Эгиды", "text": "Полет (Это существо может быть заблокировано только существами с Полетом или Захватом.)\nКогда Ангел Эгиды выходит на поле битвы, другой целевой перманент получает Неразрушимость, пока вы контролируете Ангела Эгиды. (Эффекты с указанием «уничтожьте» не уничтожают его. Существо с Неразрушимостью нельзя уничтожить повреждениями.)", "type": "Существо — Ангел"}, {"language": "Chinese Simplified", "multiverseId": 413383, "name": "庇护天使", "text": "飞行（此生物只能被具飞行或延势异能的生物阻挡。）\n当庇护天使进战场时，于你操控庇护天使的时段内，另一个目标永久物获得不灭异能。（注明「消灭」的效应不会消灭它。伤害无法消灭具不灭异能的生物。）", "type": "生物～天使"}, {"language": "Chinese Traditional", "multiverseId": 413399, "name": "庇護天使", "text": "飛行（此生物只能被具飛行或延勢異能的生物阻擋。）\n當庇護天使進戰場時，於你操控庇護天使的時段內，另一個目標永久物獲得不滅異能。（註明「消滅」的效應不會消滅它。傷害無法消滅具不滅異能的生物。）", "type": "生物～天使"}], "frameVersion": "2015", "hasFoil": false, "hasNonFoil": true, "isMtgo": true, "isPaper": true, "isReprint": true, "isStarter": true, "layout": "normal", "legalities": {"commander": "Legal", "duel": "Legal", "legacy": "Legal", "modern": "Legal", "penny": "Legal", "vintage": "Legal"}, "manaCost": "{4}{W}{W}", "mcmId": 289540, "mcmMetaId": 203420, "mtgoFoilId": 60503, "mtgoId": 60502, "mtgstocksId": 37441, "multiverseId": 413367, "name": "Aegis Angel", "number": "1", "originalText": "Flying (This creature can't be blocked except by creatures with flying or reach.)\nWhen Aegis Angel enters the battlefield, another target permanent gains indestructible for as long as you control Aegis Angel. (Effects that say \"destroy\" don't destroy it. A creature with indestructible can't be destroyed by damage.)", "originalType": "Creature — Angel", "power": "5", "prices": {"paper": {"2019-06-02": 0.32, "2019-06-09": 0.33, "2019-06-16": 0.33, "2019-06-23": 0.33, "2019-06-30": 0.32, "2019-07-07": 0.32, "2019-07-14": 0.3, "2019-07-21": 0.33, "2019-07-28": 0.3, "2019-08-04": 0.32, "2019-08-11": 0.33, "2019-08-18": 0.35, "2019-08-25": 0.34}, "paperFoil": {}}, "printings": ["E01", "M12", "M15", "ORI", "W16"], "purchaseUrls": {"cardmarket": "https://mtgjson.com/links/5c62a2d32ea642fd", "mtgstocks": "https://mtgjson.com/links/e7d09fdcd9c71958", "tcgplayer": "https://mtgjson.com/links/1c940e3e3ed81fce"}, "rarity": "rare", "rulings": [{"date": "2011-09-22", "text": "If Aegis Angel leaves the battlefield, you no longer control it."}, {"date": "2011-09-22", "text": "If Aegis Angel and the permanent would be destroyed simultaneously, only Aegis Angel will be destroyed."}, {"date": "2013-07-01", "text": "If another player gains control of Aegis Angel, the permanent will no longer have indestructible, even if you regain control of Aegis Angel."}], "scryfallId": "44a93838-caea-41da-bf00-163b40cfb758", "scryfallIllustrationId": "3d5ea1a7-2cbf-4066-bc73-1441bcfa86f9", "scryfallOracleId": "5902e074-7154-4fc7-8776-b87e8b1925e7", "subtypes": ["Angel"], "supertypes": [], "tcgplayerProductId": 116780, "text": "Flying (This creature can't be blocked except by creatures with flying or reach.)\nWhen Aegis Angel enters the battlefield, another target permanent gains indestructible for as long as you control Aegis Angel. (Effects that say \"destroy\" don't destroy it. A creature with indestructible can't be destroyed by damage.)", "toughness": "5", "type": "Creature — Angel", "types": ["Creature"], "uuid": "73acf3d6-74b0-5fb8-a442-8a9c08fb5fce"}, {"artist": "Lars Grant-West", "borderColor": "black", "colorIdentity": ["U"], "colors": ["U"], "convertedManaCost": 5.0, "edhrecRank": 13968, "flavorText": "Wind is forceful, yet ephemeral. It can knock a dragon out of the sky, yet pass through the smallest crack unhindered.", "foreignData": [{"flavorText": "Der Wind ist mächtig und doch flüchtig. Er kann einen Drachen vom Himmel holen und passt doch ungehindert durch die schmalste Spalte.", "language": "German", "multiverseId": 413418, "name": "Diener der Luft", "text": "Fliegend (Diese Kreatur kann außer von fliegenden Kreaturen und Kreaturen mit Reichweite nicht geblockt werden.)\n{2}{U}: Tappe eine fliegende Kreatur deiner Wahl.", "type": "Kreatur — Elementarwesen"}, {"flavorText": "El viento es poderoso, pero efímero. Puede derribar a un dragón del cielo, y aún así pasar por una pequeña rendija sin problema.", "language": "Spanish", "multiverseId": 413530, "name": "Sirviente de aire", "text": "Vuela. (Esta criatura no puede ser bloqueada excepto por criaturas que tengan la habilidad de volar o alcance.)\n{2}{U}: Gira la criatura objetivo con la habilidad de volar.", "type": "Criatura — Elemental"}, {"flavorText": "Le vent est puissant, mais éphémère. Il peut faire chuter un dragon en plein vol, et pourtant passer sans encombre par les failles les plus étroites.", "language": "French", "multiverseId": 413434, "name": "Servant d'air", "text": "Vol (Cette créature ne peut pas être bloquée excepté par des créatures avec le vol ou la portée).\n{2}{U} : Engagez la créature avec le vol ciblée.", "type": "Créature : élémental"}, {"flavorText": "Il vento è energico, ma effimero. Può sbattere un drago fuori dal cielo, ma passare indisturbato nella più piccola delle fessure.", "language": "Italian", "multiverseId": 413450, "name": "Servitore d'Aria", "text": "Volare (Questa creatura non può essere bloccata tranne che da creature con volare o raggiungere.)\n{2}{U}: TAPpa una creatura bersaglio con volare.", "type": "Creatura — Elementale"}, {"flavorText": "風は力強いが、束の間の命だ。それは空から竜を追い落とし、その一方でどんなに狭い隙間も軽々と通り抜ける。", "language": "Japanese", "multiverseId": 413466, "name": "大気の召使い", "text": "飛行（このクリーチャーは飛行や到達を持たないクリーチャーによってはブロックされない。）\n{2}{U}：飛行を持つクリーチャー１体を対象とし、それをタップする。", "type": "クリーチャー — エレメンタル"}, {"flavorText": "바람은 강하지만 형체는 없다. 용을 하늘에서 떨어트릴 수도 있지만 가장 작은 구멍도 통과할 수 있지.", "language": "Korean", "multiverseId": 413482, "name": "공기로 만든 하수인", "text": "비행 (이 생물은 비행이나 대공을 가진 생물에게만 방어될 수 있다.)\n{2}{U}: 비행이 있는 생물을 목표로 정한다. 그 생물을 탭한다.", "type": "생물 — 정령"}, {"flavorText": "O vento é forte, mas também efêmero. Ele tanto pode derrubar um dragão dos céus como atravessar frestas minúsculas sem dificuldade.", "language": "Portuguese (Brazil)", "multiverseId": 413498, "name": "Servo do Ar", "text": "Voar (Esta criatura só pode ser bloqueada por criaturas com voar ou alcance.)\n{2}{U}: Vire a criatura alvo com voar.", "type": "Criatura — Elemental"}, {"flavorText": "Ветер могуществен, но бесплотен. Он может сбить летящего по небу дракона, а может без труда просочиться в крохотную трещинку.", "language": "Russian", "multiverseId": 413514, "name": "Воздушный Слуга", "text": "Полет (Это существо может быть заблокировано только существами с Полетом или Захватом.)\n{2}{U}: поверните целевое существо с Полетом.", "type": "Существо — Элементаль"}, {"flavorText": "风强劲却无形。它能击落天空的龙，又能轻易钻过最小的裂缝。", "language": "Chinese Simplified", "multiverseId": 413386, "name": "大气仆役", "text": "飞行（此生物只能被具飞行或延势异能的生物阻挡。）\n{2}{U}：横置目标具飞行异能的生物。", "type": "生物～元素"}, {"flavorText": "風強勁卻無形。它能擊落天空的龍，又能輕易鑽過最小的裂縫。", "language": "Chinese Traditional", "multiverseId": 413402, "name": "大氣僕役", "text": "飛行（此生物只能被具飛行或延勢異能的生物阻擋。）\n{2}{U}：橫置目標具飛行異能的生物。", "type": "生物～元素"}], "frameVersion": "2015", "hasFoil": false, "hasNonFoil": true, "isMtgo": true, "isPaper": true, "isReprint": true, "isStarter": true, "layout": "normal", "legalities": {"commander": "Legal", "duel": "Legal", "legacy": "Legal", "modern": "Legal", "penny": "Legal", "vintage": "Legal"}, "manaCost": "{4}{U}", "mcmId": 289554, "mcmMetaId": 200379, "mtgoFoilId": 60501, "mtgoId": 60500, "mtgstocksId": 37444, "multiverseId": 413370, "name": "Air Servant", "number": "4", "originalText": "Flying (This creature can't be blocked except by creatures with flying or reach.)\n{2}{U}: Tap target creature with flying.", "originalType": "Creature — Elemental", "power": "4", "prices": {"paper": {"2019-06-02": 0.13, "2019-06-09": 0.15, "2019-06-16": 0.15, "2019-06-23": 0.16, "2019-06-30": 0.16, "2019-07-07": 0.16, "2019-07-14": 0.16, "2019-07-21": 0.16, "2019-07-28": 0.15, "2019-08-04": 0.16, "2019-08-11": 0.16, "2019-08-18": 0.16, "2019-08-25": 0.16}, "paperFoil": {}}, "printings": ["CNS", "M11", "M14", "MM2", "W16"], "purchaseUrls": {"cardmarket": "https://mtgjson.com/links/2d20e350f8a560b6", "mtgstocks": "https://mtgjson.com/links/3935e9425607306a", "tcgplayer": "https://mtgjson.com/links/953bbc431cecaa36"}, "rarity": "uncommon", "rulings": [], "scryfallId": "01007d7f-e29b-49d5-bc60-44b2fb77ed3d", "scryfallIllustrationId": "52a9defb-0bf2-4841-bceb-e6e93874d224", "scryfallOracleId": "49638d96-e83e-4aab-bafb-d6183a6e3ff6", "subtypes": ["Elemental"], "supertypes": [], "tcgplayerProductId": 116781, "text": "Flying\n{2}{U}: Tap target creature with flying.", "toughness": "3", "type": "Creature — Elemental", "types": ["Creature"], "uuid": "957c22c7-439f-57fd-8286-e4d52bcf5545"}, {"artist": "Scott M. Fischer", "borderColor": "black", "colorIdentity": ["R"], "colors": ["R"], "convertedManaCost": 2.0, "edhrecRank": 8573, "flavorText": "Though she is rightly feared, there are relatively few tales of her deeds in battle, for few survive her raids.", "foreignData": [{"flavorText": "Auch wenn sie zu Recht gefürchtet wird, gibt es kaum Geschichten über ihr Kampfgeschick, denn die wenigsten überleben ihre Überfälle.", "language": "German", "multiverseId": 413425, "name": "Grenzland-Marodeurin", "text": "Immer wenn die Grenzland-Marodeurin angreift, erhält sie +2/+0 bis zum Ende des Zuges.", "type": "Kreatur — Mensch, Krieger"}, {"flavorText": "Aunque es temida —y con razón—, no abundan las historias de sus hazañas en batalla, ya que pocos sobreviven a sus incursiones.", "language": "Spanish", "multiverseId": 413537, "name": "Merodeadora fronteriza", "text": "Siempre que la Merodeadora fronteriza ataque, obtiene +2/+0 hasta el final del turno.", "type": "Criatura — Guerrero humano"}, {"flavorText": "Elle inspire une crainte justifiée mais n'apparaît guère dans les récits des bardes : ses raids laissent trop peu de témoins.", "language": "French", "multiverseId": 413441, "name": "Maraudeuse des frontières", "text": "À chaque fois que la Maraudeuse des frontières attaque, elle gagne +2/+0 jusqu'à la fin du tour.", "type": "Créature : humain et guerrier"}, {"flavorText": "Per quanto sia giustamente temuta, i resoconti delle sue imprese in battaglia sono rari, poiché sono in pochi a sopravvivere alle sue razzie.", "language": "Italian", "multiverseId": 413457, "name": "Predatrice delle Terre di Confine", "text": "Ogniqualvolta la Predatrice delle Terre di Confine attacca, prende +2/+0 fino alla fine del turno.", "type": "Creatura — Guerriero Umano"}, {"flavorText": "彼女は確かに恐れられているものの、実は戦いでの活躍を物語る逸話はあまり多くない。それは彼女の襲撃を生き延びることができた者がとても少ないからである。", "language": "Japanese", "multiverseId": 413473, "name": "国境地帯の匪賊", "text": "国境地帯の匪賊が攻撃するたび、ターン終了時まで、これは＋２/＋０の修整を受ける。", "type": "クリーチャー — 人間・戦士"}, {"flavorText": "그녀가 공포의 대상인 것은 당연하지만, 그녀의 손에서 살아남은 이들이 거의 없기에, 그녀의 전장 무용담은 비교적 적은 편이다.", "language": "Korean", "multiverseId": 413489, "name": "국경지대 약탈자", "text": "국경지대 약탈자가 공격할 때마다, 국경지대 약탈자는 턴종료까지 +2/+0을 받는다.", "type": "생물 — 인간 전사"}, {"flavorText": "Apesar dela ser justamente temida, há poucas histórias sobre seus feitos em batalha, pois poucos sobrevivem a seus assaltos.", "language": "Portuguese (Brazil)", "multiverseId": 413505, "name": "Saqueador da Fronteira", "text": "Toda vez que Saqueador da Fronteira ataca, ele recebe +2/+0 até o final do turno.", "type": "Criatura — Humano Guerreiro"}, {"flavorText": "Ее имя вызывает заслуженный страх, но о ее деяниях в бою известно достаточно мало, потому что немногим удается пережить ее налет.", "language": "Russian", "multiverseId": 413521, "name": "Пограничная Грабительница", "text": "Каждый раз, когда Пограничная Грабительница атакует, она получает +2/+0 до конца хода.", "type": "Существо — Человек Воин"}, {"flavorText": "虽然她确实令人畏惧，但其战斗事迹却鲜有流传，因为没人能活过她的突袭。", "language": "Chinese Simplified", "multiverseId": 413393, "name": "边境劫掠者", "text": "每当边境劫掠者攻击时，它得+2/+0直到回合结束。", "type": "生物～人类／战士"}, {"flavorText": "雖然她確實令人畏懼，但其戰鬥事跡卻鮮有流傳，因為沒人能活過她的突襲。", "language": "Chinese Traditional", "multiverseId": 413409, "name": "邊境劫掠者", "text": "每當邊境劫掠者攻擊時，它得+2/+0直到回合結束。", "type": "生物～人類／戰士"}], "frameVersion": "2015", "hasFoil": false, "hasNonFoil": true, "isMtgo": true, "isPaper": true, "isReprint": true, "isStarter": true, "layout": "normal", "legalities": {"commander": "Legal", "duel": "Legal", "legacy": "Legal", "modern": "Legal", "pauper": "Legal", "penny": "Legal", "vintage": "Legal"}, "manaCost": "{1}{R}", "mcmId": 289548, "mcmMetaId": 209961, "mtgoFoilId": 60509, "mtgoId": 60508, "mtgstocksId": 37452, "multiverseId": 413377, "name": "Borderland Marauder", "number": "11", "originalText": "Whenever Borderland Marauder attacks, it gets +2/+0 until end of turn.", "originalType": "Creature — Human Warrior", "power": "1", "prices": {"paper": {"2019-06-02": 0.11, "2019-06-09": 0.14, "2019-06-16": 0.13, "2019-06-23": 0.14, "2019-06-30": 0.14, "2019-07-07": 0.13, "2019-07-14": 0.1, "2019-07-21": 0.13, "2019-07-28": 0.14, "2019-08-04": 0.13, "2019-08-11": 0.13, "2019-08-18": 0.13, "2019-08-25": 0.13}, "paperFoil": {}}, "printings": ["BBD", "EMA", "IMA", "M15", "W16"], "purchaseUrls": {"cardmarket": "https://mtgjson.com/links/6ecd1111a0ebd914", "mtgstocks": "https://mtgjson.com/links/4310fc1335e18ec6", "tcgplayer": "https://mtgjson.com/links/fbacf6682cb49eb3"}, "rarity": "common", "rulings": [], "scryfallId": "41eaedf2-38be-4825-a711-3cc0f7659ae3", "scryfallIllustrationId": "5e7b6d7b-1954-4adf-a9f5-f68e1394141d", "scryfallOracleId": "11fd2650-2150-4e62-8b64-e820d734a231", "subtypes": ["Human", "Warrior"], "supertypes": [], "tcgplayerProductId": 116782, "text": "Whenever Borderland Marauder attacks, it gets +2/+0 until end of turn.", "toughness": "2", "type": "Creature — Human Warrior", "types": ["Creature"], "uuid": "48569dd0-6666-581a-a989-0f3bda03f07b"}, {"artist": "Chippy", "borderColor": "black", "colorIdentity": ["R"], "colors": ["R"], "convertedManaCost": 5.0, "edhrecRank": 10966, "foreignData": [{"language": "German", "multiverseId": 413426, "name": "Flammenkegel", "text": "Der Flammenkegel fügt einer Kreatur oder einem Spieler deiner Wahl 1 Schadenspunkt, einer anderen Kreatur oder einem anderen Spieler deiner Wahl 2 Schadenspunkte und einer dritten Kreatur oder einem dritten Spieler deiner Wahl 3 Schadenspunkte zu.", "type": "Hexerei"}, {"language": "Spanish", "multiverseId": 413538, "name": "Cono de llamas", "text": "El Cono de llamas hace 1 punto de daño a la criatura o jugador objetivo, 2 puntos de daño a otra criatura o jugador objetivo y 3 puntos de daño a una tercera criatura o jugador objetivo.", "type": "Conjuro"}, {"language": "French", "multiverseId": 413442, "name": "Cône de flammes", "text": "Le Cône de flammes inflige 1 blessure à une cible, créature ou joueur, 2 blessures à une autre cible, créature ou joueur, et 3 blessures à une troisième cible, créature ou joueur.", "type": "Rituel"}, {"language": "Italian", "multiverseId": 413458, "name": "Cono di Fiamme", "text": "Il Cono di Fiamme infligge 1 danno a una creatura o a un giocatore bersaglio, 2 danni a un'altra creatura o a un altro giocatore bersaglio e 3 danni a una terza creatura o a un terzo giocatore bersaglio.", "type": "Stregoneria"}, {"language": "Japanese", "multiverseId": 413474, "name": "火炎放射", "text": "クリーチャー１体かプレイヤー１人と、他のクリーチャー１体かプレイヤー１人と、さらに他のクリーチャー１体かプレイヤー１人を対象とする。火炎放射はその第１者に１点のダメージ、その第２者に２点のダメージ、その第３者に３点のダメージを与える。", "type": "ソーサリー"}, {"language": "Korean", "multiverseId": 413490, "name": "원뿔형 불꽃", "text": "생물이나 플레이어 중에서 서로 다른 목표 세 개를 정한다. 원뿔형 불꽃은 첫 번째 목표에게 피해 1점을, 두 번째 목표에게 피해 2점을, 그리고 세 번째 목표에게 피해 3점을 입힌다.", "type": "집중마법"}, {"language": "Portuguese (Brazil)", "multiverseId": 413506, "name": "Cone de Chamas", "text": "Cone de Chamas causa 1 ponto de dano à criatura ou ao jogador alvo, 2 pontos de dano a outra criatura ou jogador alvo e 3 pontos de dano a uma terceira criatura ou jogador alvo.", "type": "Feitiço"}, {"language": "Russian", "multiverseId": 413522, "name": "Огненная Воронка", "text": "Огненная Воронка наносит 1 повреждение целевому существу или игроку, 2 повреждения другому целевому существу или игроку и 3 повреждения третьему целевому существу или игроку.", "type": "Волшебство"}, {"language": "Chinese Simplified", "multiverseId": 413394, "name": "火炎锥", "text": "火炎锥对目标生物或牌手造成1点伤害，对另一个目标生物或牌手造成2点伤害，对第三个目标生物或牌手造成3点伤害。", "type": "法术"}, {"language": "Chinese Traditional", "multiverseId": 413410, "name": "火炎錐", "text": "火炎錐對目標生物或玩家造成1點傷害，對另一個目標生物或玩家造成2點傷害，對第三個目標生物或玩家造成3點傷害。", "type": "巫術"}], "frameVersion": "2015", "hasFoil": false, "hasNonFoil": true, "isMtgo": true, "isPaper": true, "isReprint": true, "isStarter": true, "layout": "normal", "legalities": {"commander": "Legal", "duel": "Legal", "legacy": "Legal", "modern": "Legal", "penny": "Legal", "vintage": "Legal"}, "manaCost": "{3}{R}{R}", "mcmId": 289549, "mcmMetaId": 1100, "mtgoFoilId": 60489, "mtgoId": 60488, "mtgstocksId": 37453, "multiverseId": 413378, "name": "Cone of Flame", "number": "12", "originalText": "Cone of Flame deals 1 damage to target creature or player, 2 damage to another target creature or player, and 3 damage to a third target creature or player.", "originalType": "Sorcery", "prices": {"paper": {"2019-06-02": 0.15, "2019-06-09": 0.18, "2019-06-16": 0.19, "2019-06-23": 0.2, "2019-06-30": 0.19, "2019-07-07": 0.22, "2019-07-14": 0.2, "2019-07-21": 0.2, "2019-07-28": 0.2, "2019-08-04": 0.19, "2019-08-11": 0.2, "2019-08-18": 0.2, "2019-08-25": 0.2}, "paperFoil": {}}, "printings": ["10E", "DD2", "DDG", "HOP", "JVC", "M15", "W16", "WTH"], "purchaseUrls": {"cardmarket": "https://mtgjson.com/links/8d4c679afe967337", "mtgstocks": "https://mtgjson.com/links/fe5c67ae754cffcf", "tcgplayer": "https://mtgjson.com/links/8489ed3b19e4a25e"}, "rarity": "uncommon", "rulings": [{"date": "2014-07-18", "text": "Each of the three targets must be different. If there aren’t three different legal targets available, you can’t cast the spell."}, {"date": "2014-07-18", "text": "If one or two of Cone of Flame’s targets are illegal when it resolves, you can’t change how much damage will be dealt to the remaining legal targets."}], "scryfallId": "9b434a60-0875-47f4-a626-2c9bfa3c9b3b", "scryfallIllustrationId": "74fe0162-9c70-4c85-819c-3822e5b5ddb2", "scryfallOracleId": "62879f3d-ed6d-4004-8196-f3fd7f614695", "subtypes": [], "supertypes": [], "tcgplayerProductId": 116783, "text": "Cone of Flame deals 1 damage to any target, 2 damage to another target, and 3 damage to a third target.", "type": "Sorcery", "types": ["Sorcery"], "uuid": "dd3ceeb1-7797-5f82-bb55-9a96b7f3b5a2"}, {"artist": "Ryan Yee", "borderColor": "black", "colorIdentity": ["U"], "colors": ["U"], "convertedManaCost": 2.0, "edhrecRank": 4609, "flavorText": "It's pointless to hold on when you have nothing to hold on with.", "foreignData": [{"flavorText": "Festhalten ist zwecklos, wenn es nichts gibt, an dem du dich festhalten kannst.", "language": "German", "multiverseId": 413419, "name": "Sich verziehen", "text": "Bringe eine bleibende Karte deiner Wahl, die kein Land ist, auf die Hand ihres Besitzers zurück.", "type": "Spontanzauber"}, {"flavorText": "No tiene sentido aferrarse cuando no tienes nada con lo que aferrarte.", "language": "Spanish", "multiverseId": 413531, "name": "Dispersar", "text": "Regresa el permanente objetivo que no sea tierra a la mano de su propietario.", "type": "Instantáneo"}, {"flavorText": "Se retenir devient futile quand vous n'avez plus rien pour vous retenir.", "language": "French", "multiverseId": 413435, "name": "Dispersion", "text": "Renvoyez le permanent non-terrain ciblé dans la main de son propriétaire.", "type": "Éphémère"}, {"flavorText": "È inutile resistere quando non hai nulla a cui aggrapparti.", "language": "Italian", "multiverseId": 413451, "name": "Disperdere", "text": "Fai tornare un permanente non terra bersaglio in mano al suo proprietario.", "type": "Istantaneo"}, {"flavorText": "留まるための手段がないのに、留まろうとしても無駄なことだ。", "language": "Japanese", "multiverseId": 413467, "name": "分散", "text": "土地でないパーマネント１つを対象とし、それをオーナーの手札に戻す。", "type": "インスタント"}, {"flavorText": "의지할 것이 없는데 버티는 것은 의미가 없다.", "language": "Korean", "multiverseId": 413483, "name": "분산", "text": "대지가 아닌 지속물을 목표로 정한다. 그 지속물을 소유자의 손으로 되돌린다.", "type": "순간마법"}, {"flavorText": "É inútil resistir quando você não tem nada com que resistir.", "language": "Portuguese (Brazil)", "multiverseId": 413499, "name": "Dispersar", "text": "Devolva a permanente alvo que não seja um terreno para a mão de seu dono.", "type": "Mágica Instantânea"}, {"flavorText": "Нет смысла держаться, если держаться тебе нечем.", "language": "Russian", "multiverseId": 413515, "name": "Рассеивание", "text": "Верните целевой не являющийся землей перманент в руку его владельца.", "type": "Мгновенное заклинание"}, {"flavorText": "当你没有坚持下去的目标时，坚持是没有意义的。", "language": "Chinese Simplified", "multiverseId": 413387, "name": "驱散", "text": "将目标非地永久物移回其拥有者手上。", "type": "瞬间"}, {"flavorText": "當你沒有堅持下去的目標時，堅持是沒有意義的。", "language": "Chinese Traditional", "multiverseId": 413403, "name": "驅散", "text": "將目標非地永久物移回其擁有者手上。", "type": "瞬間"}], "frameVersion": "2015", "hasFoil": false, "hasNonFoil": true, "isMtgo": true, "isPaper": true, "isReprint": true, "isStarter": true, "layout": "normal", "legalities": {"brawl": "Legal", "commander": "Legal", "duel": "Legal", "legacy": "Legal", "modern": "Legal", "pauper": "Legal", "penny": "Legal", "standard": "Legal", "vintage": "Legal"}, "manaCost": "{1}{U}", "mcmId": 289553, "mcmMetaId": 9448, "mtgoFoilId": 60517, "mtgoId": 60516, "mtgstocksId": 37443, "multiverseId": 413371, "name": "Disperse", "number": "5", "originalText": "Return target nonland permanent to its owner's hand.", "originalType": "Instant", "prices": {"paper": {"2019-06-02": 0.14, "2019-06-09": 0.19, "2019-06-16": 0.14, "2019-06-23": 0.19, "2019-06-30": 0.19, "2019-07-07": 0.17, "2019-07-14": 0.14, "2019-07-21": 0.19, "2019-07-28": 0.19, "2019-08-04": 0.17, "2019-08-11": 0.19, "2019-08-18": 0.19, "2019-08-25": 0.19}, "paperFoil": {}}, "printings": ["M14", "M19", "MOR", "ORI", "SOM", "W16"], "purchaseUrls": {"cardmarket": "https://mtgjson.com/links/5644e8581d952268", "mtgstocks": "https://mtgjson.com/links/f009e9fb1519836b", "tcgplayer": "https://mtgjson.com/links/90bc1da847cecf08"}, "rarity": "common", "rulings": [], "scryfallId": "c8017c06-82ea-4661-b422-e5b9089842e2", "scryfallIllustrationId": "74dbe86f-c808-41db-8e6e-e59ca3d73aea", "scryfallOracleId": "9d8fe3f8-5027-4f9e-999e-e277caa96478", "subtypes": [], "supertypes": [], "tcgplayerProductId": 116784, "text": "Return target nonland permanent to its owner's hand.", "type": "Instant", "types": ["Instant"], "uuid": "def1580a-940c-58ab-ae8a-5d90a0c209c9"}, {"artist": "Chuck Lukacs", "borderColor": "black", "colorIdentity": ["G"], "colors": ["G"], "convertedManaCost": 5.0, "edhrecRank": 6006, "flavorText": "\"Tie a mouse under a bridge, and your cabbages will triple in size.\" —Kithkin superstition", "foreignData": [{"flavorText": "„Binde eine Maus unter einer Brücke fest, und deine Kohlköpfe werden dreimal so groß.\" —Kithkin-Aberglaube", "language": "German", "multiverseId": 413428, "name": "Stufenweises Wachstum", "text": "Lege eine +1/+1-Marke auf eine Kreatur deiner Wahl, zwei +1/+1-Marken auf eine andere Kreatur deiner Wahl und drei +1/+1-Marken auf eine dritte Kreatur deiner Wahl.", "type": "Hexerei"}, {"flavorText": "\"Ata un ratón bajo un puente y tus coles triplicarán su tamaño.\" —Superstición kithkin", "language": "Spanish", "multiverseId": 413540, "name": "Crecimiento incrementado", "text": "Pon un contador +1/+1 sobre la criatura objetivo, dos contadores +1/+1 sobre otra criatura objetivo y tres contadores +1/+1 sobre una tercera criatura objetivo.", "type": "Conjuro"}, {"flavorText": "« Attache une souris sous un pont, et tes choux tripleront de volume. » —Superstition sangamie", "language": "French", "multiverseId": 413444, "name": "Croissance progressive", "text": "Mettez un marqueur +1/+1 sur une créature ciblée, deux marqueurs +1/+1 sur une autre créature ciblée, et trois marqueurs +1/+1 sur une troisième créature ciblée.", "type": "Rituel"}, {"flavorText": "\"Lega un topo sotto a un ponte e le dimensioni dei tuoi cavoli triplicheranno.\" —Superstizione kithkin", "language": "Italian", "multiverseId": 413460, "name": "Incremento di Crescita", "text": "Metti un segnalino +1/+1 su una creatura bersaglio, due segnalini +1/+1 su un'altra creatura bersaglio e tre segnalini +1/+1 su una terza creatura bersaglio.", "type": "Stregoneria"}, {"flavorText": "「ネズミを橋の下に結ぶと、キャベツが三倍に大きく育つ。」 ――キスキンの迷信", "language": "Japanese", "multiverseId": 413476, "name": "増え続ける成長", "text": "クリーチャー１体と、他のクリーチャー１体と、さらに他のクリーチャー１体を対象とする。その第１者の上に＋１/＋１カウンターを１個、その第２者の上に＋１/＋１カウンターを２個、その第３者の上に＋１/＋１カウンターを３個置く。", "type": "ソーサリー"}, {"flavorText": "\"다리 밑에 쥐를 묶어 놓으면 양배추가 세 배로 커진다.\" —키스킨 미신", "language": "Korean", "multiverseId": 413492, "name": "점진적 성장", "text": "생물 세 개를 목표로 정한다. 첫 번째 생물에 +1/+1 카운터 한 개를 올려놓고, 두 번째 생물에 +1/+1 카운터 두 개를 올려놓고, 세 번째 생물에 +1/+1 카운터 세 개를 올려놓는다.", "type": "집중마법"}, {"flavorText": "\"Amarre um rato sob uma ponte e seus repolhos triplicarão de tamanho.\" — Superstição kithkin", "language": "Portuguese (Brazil)", "multiverseId": 413508, "name": "Crescimento Incremental", "text": "Coloque um marcador +1/+1 na criatura alvo, dois marcadores +1/+1 em outra criatura alvo e três marcadores +1/+1 em uma terceira criatura alvo.", "type": "Feitiço"}, {"flavorText": "«Если привязать под мостом мышь, капуста вырастет втрое больше». — Поверье кискенов", "language": "Russian", "multiverseId": 413524, "name": "Поэтапный Рост", "text": "Положите один жетон +1/+1 на целевое существо, два жетона +1/+1 на другое целевое существо и три жетона +1/+1 на третье целевое существо.", "type": "Волшебство"}, {"flavorText": "「在桥下吊只老鼠，你的甘蓝菜就会长到三倍大。」 ～洁英的迷信", "language": "Chinese Simplified", "multiverseId": 413396, "name": "增值成长", "text": "在目标生物上放置一个+1/+1指示物，在另一个目标生物上放置两个+1/+1指示物，在第三个目标生物上放置三个+1/+1指示物。", "type": "法术"}, {"flavorText": "「在橋下吊隻老鼠，你的甘藍菜就會長到三倍大。」 ～潔英的迷信", "language": "Chinese Traditional", "multiverseId": 413412, "name": "增值成長", "text": "在目標生物上放置一個+1/+1指示物，在另一個目標生物上放置兩個+1/+1指示物，在第三個目標生物上放置三個+1/+1指示物。", "type": "巫術"}], "frameVersion": "2015", "hasFoil": false, "hasNonFoil": true, "isMtgo": true, "isPaper": true, "isReprint": true, "isStarter": true, "layout": "normal", "legalities": {"commander": "Legal", "duel": "Legal", "legacy": "Legal", "modern": "Legal", "penny": "Legal", "vintage": "Legal"}, "manaCost": "{3}{G}{G}", "mcmId": 289547, "mcmMetaId": 9332, "mtgoFoilId": 60493, "mtgoId": 60492, "mtgstocksId": 37448, "multiverseId": 413380, "name": "Incremental Growth", "number": "14", "originalText": "Put a +1/+1 counter on target creature, two +1/+1 counters on another target creature, and three +1/+1 counters on a third target creature.", "originalType": "Sorcery", "prices": {"paper": {"2019-06-02": 0.13, "2019-06-09": 0.15, "2019-06-16": 0.15, "2019-06-23": 0.14, "2019-06-30": 0.15, "2019-07-07": 0.13, "2019-07-14": 0.13, "2019-07-21": 0.14, "2019-07-28": 0.15, "2019-08-04": 0.15, "2019-08-11": 0.15, "2019-08-18": 0.15, "2019-08-25": 0.15}, "paperFoil": {}}, "printings": ["KTK", "LRW", "MMA", "W16"], "purchaseUrls": {"cardmarket": "https://mtgjson.com/links/06a64ee110338127", "mtgstocks": "https://mtgjson.com/links/0a237755178c2ccb", "tcgplayer": "https://mtgjson.com/links/4767d1a55194faa2"}, "rarity": "uncommon", "rulings": [{"date": "2014-09-20", "text": "You must choose three different targets in order to cast Incremental Growth. You decide how many +1/+1 counters each creature will get as part of casting the spell."}, {"date": "2014-09-20", "text": "If some of the creatures are illegal targets as Incremental Growth tries to resolve, the remaining legal targets still get the appropriate number of +1/+1 counters. If all targets are illegal, Incremental Growth doesn’t resolve."}], "scryfallId": "e90aaa61-3281-4e8f-9eb3-548896d0c14d", "scryfallIllustrationId": "4b8c9f84-fe42-49a1-bf60-59db7488b546", "scryfallOracleId": "802ff367-e52e-4f79-aa0f-96c45fe477a0", "subtypes": [], "supertypes": [], "tcgplayerProductId": 116785, "text": "Put a +1/+1 counter on target creature, two +1/+1 counters on another target creature, and three +1/+1 counters on a third target creature.", "type": "Sorcery", "types": ["Sorcery"], "uuid": "63c1dc49-d1ea-5c6d-a61d-60ce2c8e1f8a"}, {"artist": "David Palumbo", "borderColor": "black", "colorIdentity": ["W"], "colors": ["W"], "convertedManaCost": 4.0, "edhrecRank": 10709, "flavorText": "Stand your post for duty. Stand your ground for honor.", "foreignData": [{"flavorText": "Auf dem Posten zu bleiben, ist Pflichterfüllung. Seine Stellung zu behaupten, ist Ehrensache.", "language": "German", "multiverseId": 413416, "name": "Gekennzeichnet durch Ehre", "text": "Verzaubert eine Kreatur\nDie verzauberte Kreatur erhält +2/+2 und hat Wachsamkeit. (Sie wird beim Angreifen nicht getappt.)", "type": "Verzauberung — Aura"}, {"flavorText": "Mantente en tu puesto por deber. Mantente firme por honor.", "language": "Spanish", "multiverseId": 413528, "name": "Marcado por el honor", "text": "Encantar criatura.\nLa criatura encantada obtiene +2/+2 y tiene la habilidad de vigilancia. (Esta criatura no se gira al atacar.)", "type": "Encantamiento — Aura"}, {"flavorText": "Défendez votre poste par devoir. Défendez votre position pour l'honneur.", "language": "French", "multiverseId": 413432, "name": "Marqué par l'honneur", "text": "Enchanter : créature\nLa créature enchantée gagne +2/+2 et a la vigilance. (Attaquer avec cette créature ne la fait pas s'engager.)", "type": "Enchantement : aura"}, {"flavorText": "Resisti alla stanchezza per senso del dovere. Resisti al nemico per senso dell'onore.", "language": "Italian", "multiverseId": 413448, "name": "Marchio dell'Onore", "text": "Incanta creatura\nLa creatura incantata prende +2/+2 e ha cautela. (Attacca senza TAPpare.)", "type": "Incantesimo — Aura"}, {"flavorText": "任務のために持ち場につけ。名誉のために持ちこたえろ。", "language": "Japanese", "multiverseId": 413464, "name": "名誉の印", "text": "エンチャント（クリーチャー）\nエンチャントされているクリーチャーは、＋２/＋２の修整を受けるとともに警戒を持つ。（それは攻撃してもタップしない。）", "type": "エンチャント — オーラ"}, {"flavorText": "각자의 근무 지역을 떠나지 마라. 명예를 가지고 지켜라.", "language": "Korean", "multiverseId": 413480, "name": "명예의 표식", "text": "생물에 부여\n부여된 생물은 +2/+2를 받고 경계를 가진다. (그 생물은 공격하면서 탭되지 않는다.)", "type": "부여마법 — 마법진"}, {"flavorText": "Mantenha-se no posto por dever. Mantenha-se firme pela honra.", "language": "Portuguese (Brazil)", "multiverseId": 413496, "name": "Marcado pela Honra", "text": "Encantar criatura\nA criatura encantada recebe +2/+2 e tem vigilância. (Esta criatura não é virada para atacar.)", "type": "Encantamento — Aura"}, {"flavorText": "Стой на своем посту во имя долга. Оставайся незыблем во имя чести.", "language": "Russian", "multiverseId": 413512, "name": "Отмеченный Честью", "text": "Зачаровать существо\nЗачарованное существо получает +2/+2 и имеет Бдительность. (Атакуя, оно не поворачивается.)", "type": "Чары — Аура"}, {"flavorText": "因职责而守卫。为荣誉而守护。", "language": "Chinese Simplified", "multiverseId": 413384, "name": "荣誉标记", "text": "结附于生物\n所结附的生物得+2/+2且具有警戒异能。（它攻击时不需横置。）", "type": "结界～灵气"}, {"flavorText": "因職責而守衛。為榮譽而守護。", "language": "Chinese Traditional", "multiverseId": 413400, "name": "榮譽標記", "text": "結附於生物\n所結附的生物得+2/+2且具有警戒異能。（它攻擊時不需橫置。）", "type": "結界～靈氣"}], "frameVersion": "2015", "hasFoil": false, "hasNonFoil": true, "isMtgo": true, "isPaper": true, "isReprint": true, "isStarter": true, "layout": "normal", "legalities": {"commander": "Legal", "duel": "Legal", "legacy": "Legal", "modern": "Legal", "pauper": "Legal", "penny": "Legal", "vintage": "Legal"}, "manaCost": "{3}{W}", "mcmId": 289555, "mcmMetaId": 209854, "mtgoFoilId": 60515, "mtgoId": 60514, "mtgstocksId": 37458, "multiverseId": 413368, "name": "Marked by Honor", "number": "2", "originalText": "Enchant creature\nEnchanted creature gets +2/+2 and has vigilance. (Attacking doesn't cause it to tap.)", "originalType": "Enchantment — Aura", "prices": {"paper": {"2019-06-02": 0.1, "2019-06-09": 0.1, "2019-06-16": 0.1, "2019-06-23": 0.1, "2019-06-30": 0.1, "2019-07-07": 0.1, "2019-07-14": 0.1, "2019-07-21": 0.1, "2019-07-28": 0.1, "2019-08-04": 0.1, "2019-08-11": 0.1, "2019-08-18": 0.1, "2019-08-25": 0.1}, "paperFoil": {}}, "printings": ["M15", "W16"], "purchaseUrls": {"cardmarket": "https://mtgjson.com/links/22b605764ee76bf9", "mtgstocks": "https://mtgjson.com/links/e07794eca3e5f6c7", "tcgplayer": "https://mtgjson.com/links/82fb963a5bf9c3c7"}, "rarity": "common", "rulings": [], "scryfallId": "e944e39b-5268-47c0-8b09-2e666315e209", "scryfallIllustrationId": "4bebfd6b-f969-4519-ba57-363ec5967a4c", "scryfallOracleId": "aa5a7940-976d-4d96-9ddf-1c3891885c7e", "subtypes": ["Aura"], "supertypes": [], "tcgplayerProductId": 116786, "text": "Enchant creature\nEnchanted creature gets +2/+2 and has vigilance. (Attacking doesn't cause it to tap.)", "type": "Enchantment — Aura", "types": ["Enchantment"], "uuid": "e33bb013-2ec4-52d0-8078-a0f2488ba14b"}, {"artist": "Steve Luke", "borderColor": "black", "colorIdentity": ["B"], "colors": ["B"], "convertedManaCost": 3.0, "edhrecRank": 6427, "flavorText": "\"It saddens me to lose a source of inspiration. This one seemed especially promising.\" —Ashiok", "foreignData": [{"flavorText": "„Es macht mich traurig, eine Quelle der Inspiration zu verlieren. Diese hier schien besonders vielversprechend.\" —Ashiok", "language": "German", "multiverseId": 413421, "name": "Gedankenzersetzung", "text": "Ein Spieler deiner Wahl wirft zwei Karten ab.", "type": "Hexerei"}, {"flavorText": "\"Me entristece perder una fuente de inspiración. Esta parecía especialmente prometedora\". —Ashiok", "language": "Spanish", "multiverseId": 413533, "name": "Podredumbre mental", "text": "El jugador objetivo descarta dos cartas.", "type": "Conjuro"}, {"flavorText": "« Quelle tristesse de voir disparaître une source d'inspiration. D'autant que celle-ci paraissait très prometteuse. » —Ashiok", "language": "French", "multiverseId": 413437, "name": "Pourrissement cérébral", "text": "Le joueur ciblé se défausse de deux cartes.", "type": "Rituel"}, {"flavorText": "\"Mi addolora perdere una fonte di ispirazione. Questa sembrava particolarmente promettente.\" —Ashiok", "language": "Italian", "multiverseId": 413453, "name": "Cancrena della Mente", "text": "Un giocatore bersaglio scarta due carte.", "type": "Stregoneria"}, {"flavorText": "「発想の源が失われるのは悲しいものがある。今回のは特に有望そうだったのだが。」 ――アショク", "language": "Japanese", "multiverseId": 413469, "name": "精神腐敗", "text": "プレイヤー１人を対象とする。そのプレイヤーはカードを２枚捨てる。", "type": "ソーサリー"}, {"flavorText": "\"영감의 원천을 잃는 일은 날 슬프게 한다. 이번 녀석은 특히 유망해 보였었다.\" —아시오크", "language": "Korean", "multiverseId": 413485, "name": "정신 부패", "text": "플레이어를 목표로 정한다. 그 플레이어는 카드 두 장을 버린다.", "type": "집중마법"}, {"flavorText": "\"Me entristece perder uma fonte de inspiração. Essa parecia especialmente promissora.\" — Ashiok", "language": "Portuguese (Brazil)", "multiverseId": 413501, "name": "Estiolar a Mente", "text": "O jogador alvo descarta dois cards.", "type": "Feitiço"}, {"flavorText": "«Жаль терять источник вдохновения. Этот выглядел особенно многообещающе». — Ашиок", "language": "Russian", "multiverseId": 413517, "name": "Гниение Разума", "text": "Целевой игрок сбрасывает две карты.", "type": "Волшебство"}, {"flavorText": "「失去灵感的源泉，令我非常难过。尤其是这一个看上去大有可为。」 ～安梭苛", "language": "Chinese Simplified", "multiverseId": 413389, "name": "心之衰", "text": "目标牌手弃两张牌。", "type": "法术"}, {"flavorText": "「失去靈感的源泉，令我非常難過。尤其是這一個看上去大有可為。」 ～安梭苛", "language": "Chinese Traditional", "multiverseId": 413405, "name": "心之衰", "text": "目標玩家棄兩張牌。", "type": "巫術"}], "frameVersion": "2015", "hasFoil": false, "hasNonFoil": true, "isMtgo": true, "isPaper": true, "isReprint": true, "isStarter": true, "layout": "normal", "legalities": {"brawl": "Legal", "commander": "Legal", "duel": "Legal", "future": "Legal", "legacy": "Legal", "modern": "Legal", "pauper": "Legal", "penny": "Legal", "standard": "Legal", "vintage": "Legal"}, "manaCost": "{2}{B}", "mcmId": 289550, "mcmMetaId": 3598, "mtgoFoilId": 60491, "mtgoId": 60490, "mtgstocksId": 37450, "multiverseId": 413373, "name": "Mind Rot", "number": "7", "originalText": "Target player discards two cards.", "originalType": "Sorcery", "prices": {"paper": {"2019-06-02": 0.19, "2019-06-09": 0.2, "2019-06-16": 0.2, "2019-06-23": 0.2, "2019-06-30": 0.2, "2019-07-07": 0.2, "2019-07-14": 0.2, "2019-07-21": 0.2, "2019-07-28": 0.2, "2019-08-04": 0.2, "2019-08-11": 0.2, "2019-08-18": 0.2, "2019-08-25": 0.22}, "paperFoil": {}}, "printings": ["10E", "7ED", "8ED", "9ED", "DPA", "DTK", "KLD", "M10", "M11", "M12", "M13", "M14", "M15", "M19", "M20", "ORI", "P02", "POR", "PS11", "RTR", "S99", "W16"], "purchaseUrls": {"cardmarket": "https://mtgjson.com/links/9fa074536d812498", "mtgstocks": "https://mtgjson.com/links/e3bb1831ab759e85", "tcgplayer": "https://mtgjson.com/links/3f16557147e4f5fd"}, "rarity": "common", "rulings": [], "scryfallId": "8363865b-23f9-4cca-beb4-a5d467caff4c", "scryfallIllustrationId": "9756e56a-421c-4566-ad10-b64de3e7c06b", "scryfallOracleId": "ad44cf74-b717-48fb-9fa2-77512024d76a", "subtypes": [], "supertypes": [], "tcgplayerProductId": 116787, "text": "Target player discards two cards.", "type": "Sorcery", "types": ["Sorcery"], "uuid": "bb67d48f-1851-5017-85d6-79f579fd885c"}, {"artist": "Vance Kovacs", "borderColor": "black", "colorIdentity": ["B"], "colors": ["B"], "convertedManaCost": 6.0, "edhrecRank": 5551, "flavorText": "The thunder of its hooves beats dreams into despair.", "foreignData": [{"flavorText": "Der Donner seiner Hufe verwandelt Träume in Verzweiflung.", "language": "German", "multiverseId": 413422, "name": "Nachtmahr", "text": "Fliegend (Diese Kreatur kann außer von fliegenden Kreaturen und Kreaturen mit Reichweite nicht geblockt werden.)\nStärke und Widerstandskraft des Nachtmahrs sind gleich der Anzahl an Sümpfen, die du kontrollierst.", "type": "Kreatur — Nachtmahr, Pferd"}, {"flavorText": "El trueno de sus cascos pisa los sueños hasta convertirlos en desesperación.", "language": "Spanish", "multiverseId": 413534, "name": "Pesadilla", "text": "Vuela. (Esta criatura no puede ser bloqueada excepto por criaturas que tengan la habilidad de volar o alcance.)\nTanto la fuerza como la resistencia de la Pesadilla son iguales a la cantidad de pantanos que controlas.", "type": "Criatura — Caballo pesadilla"}, {"flavorText": "« Cauchemars entrevus dans le sommeil sans bornes, Sirènes aux seins nus, mélusines, licornes (…) » —Victor Hugo, La Légende des siècles", "language": "French", "multiverseId": 413438, "name": "Cheval de cauchemar", "text": "Vol (Cette créature ne peut pas être bloquée excepté par des créatures avec le vol ou la portée.)\nLa force et l'endurance du Cheval de cauchemar sont chacune égales au nombre de marais que vous contrôlez.", "type": "Créature : cauchemar et cheval"}, {"flavorText": "Il rombo dei suoi zoccoli trasforma i sogni in disperazione.", "language": "Italian", "multiverseId": 413454, "name": "Incubo", "text": "Volare (Questa creatura non può essere bloccata tranne che da creature con volare o raggiungere.)\nLa forza e la costituzione dell'Incubo sono pari al numero di Paludi che controlli.", "type": "Creatura — Cavallo Incubo"}, {"flavorText": "その蹄の響きは、希望を絶望に変えてしまう。", "language": "Japanese", "multiverseId": 413470, "name": "夢魔", "text": "飛行（このクリーチャーは飛行や到達を持たないクリーチャーによってはブロックされない。）\n夢魔のパワーとタフネスは、それぞれあなたがコントロールする沼の総数に等しい。", "type": "クリーチャー — ナイトメア・馬"}, {"flavorText": "천둥과 같은 발굽 소리에 희망이 절망으로 바뀐다.", "language": "Korean", "multiverseId": 413486, "name": "나이트메어", "text": "비행 (이 생물은 비행이나 대공을 가진 생물에게만 방어될 수 있다.)\n나이트메어의 공격력과 방어력은 각각 당신이 조종하는 늪의 수와 같다.", "type": "생물 — 나이트메어 말"}, {"flavorText": "O ressoar de seus cascos transforma sonhos em desespero.", "language": "Portuguese (Brazil)", "multiverseId": 413502, "name": "Pesadelo", "text": "Voar (Esta criatura só pode ser bloqueada por criaturas com voar ou alcance.)\nO poder e a resistência de Pesadelo são ambos iguais ao número de Pântanos que você controla.", "type": "Criatura — Pesadelo Cavalo"}, {"flavorText": "От грохота его копыт добрый сон становится кошмаром.", "language": "Russian", "multiverseId": 413518, "name": "Кошмар", "text": "Полет (Это существо может быть заблокировано только существами с Полетом или Захватом.)\nСила и выносливость Кошмара равны количеству Болот под вашим контролем.", "type": "Существо — Кошмар Лошадь"}, {"flavorText": "它的铁蹄巨响将梦击入绝境。", "language": "Chinese Simplified", "multiverseId": 413390, "name": "梦魇", "text": "飞行（此生物只能被具飞行或延势异能的生物阻挡。）\n梦魇的力量和防御力各等同于由你操控的沼泽数量。", "type": "生物～梦魇／马"}, {"flavorText": "他的鐵蹄巨響將夢擊入絕境。", "language": "Chinese Traditional", "multiverseId": 413406, "name": "夢魘", "text": "飛行（此生物只能被具飛行或延勢異能的生物阻擋。）\n夢魘的力量及防禦力各等同於由你操控的沼澤數量。", "type": "生物～夢魘／馬"}], "frameVersion": "2015", "hasFoil": false, "hasNonFoil": true, "isMtgo": true, "isPaper": true, "isReprint": true, "isStarter": true, "layout": "normal", "legalities": {"commander": "Legal", "duel": "Legal", "legacy": "Legal", "modern": "Legal", "penny": "Legal", "vintage": "Legal"}, "manaCost": "{5}{B}", "mcmId": 289542, "mcmMetaId": 3890, "mtgoFoilId": 60513, "mtgoId": 60512, "mtgstocksId": 37455, "multiverseId": 413374, "name": "Nightmare", "number": "8", "originalText": "Flying (This creature can't be blocked except by creatures with flying or reach.)\nNightmare's power and toughness are each equal to the number of Swamps you control.", "originalType": "Creature — Nightmare Horse", "power": "*", "prices": {"paper": {"2019-06-02": 0.29, "2019-06-09": 0.31, "2019-06-16": 0.3, "2019-06-23": 0.35, "2019-06-30": 0.35, "2019-07-07": 0.33, "2019-07-14": 0.35, "2019-07-21": 0.35, "2019-07-28": 0.35, "2019-08-04": 0.34, "2019-08-11": 0.34, "2019-08-18": 0.35, "2019-08-25": 0.34}, "paperFoil": {}}, "printings": ["10E", "2ED", "3ED", "4BB", "4ED", "5ED", "6ED", "7ED", "8ED", "9ED", "CED", "CEI", "FBB", "LEA", "LEB", "M10", "M14", "M15", "ORI", "SUM", "W16", "W17"], "purchaseUrls": {"cardmarket": "https://mtgjson.com/links/d7d20a685b5bcd98", "mtgstocks": "https://mtgjson.com/links/34dac6d2cb81b228", "tcgplayer": "https://mtgjson.com/links/f6973ef4b861fc16"}, "rarity": "rare", "rulings": [{"date": "2008-04-01", "text": "If you control 0 swamps, then the Nightmare has 0 toughness and will be put into its owner’s graveyard as a state-based action right before the next player gains priority."}, {"date": "2009-10-01", "text": "Nightmare’s power and toughness changes as the number of Swamps you control changes."}, {"date": "2013-07-01", "text": "The ability that defines Nightmare’s power and toughness works everywhere, not just on the battlefield."}, {"date": "2013-07-01", "text": "Nightmare’s ability counts all lands you control with the subtype Swamp, not just ones named Swamp."}], "scryfallId": "afc8ec11-78cc-438f-9e49-50089fd247e6", "scryfallIllustrationId": "39886f87-d550-428a-90d5-eabfcf2451a8", "scryfallOracleId": "375932e6-1b3e-48dc-8154-9b664c3add34", "subtypes": ["Nightmare", "Horse"], "supertypes": [], "tcgplayerProductId": 116788, "text": "Flying (This creature can't be blocked except by creatures with flying or reach.)\nNightmare's power and toughness are each equal to the number of Swamps you control.", "toughness": "*", "type": "Creature — Nightmare Horse", "types": ["Creature"], "uuid": "d3c8bf01-dd3a-5fa5-9e95-2ed7fc4f3d2b"}, {"artist": "Wayne Reynolds", "borderColor": "black", "colorIdentity": ["G"], "colors": ["G"], "convertedManaCost": 3.0, "edhrecRank": 10386, "flavorText": "\"When the beast cloaks itself in the mighty oak, what good is a bow? When the oak wraps itself around the snarling beast, what good is a hatchet?\" —Dionus, elvish archdruid", "foreignData": [{"flavorText": "„Wenn eine Bestie sich in einer mächtigen Eiche versteckt, wofür benötigt man dann einen Bogen? Wenn sich die Eiche selbst um das knurrende Untier legt, wofür braucht man dann eine Axt?\" —Dionus, elfischer Erzdruide", "language": "German", "multiverseId": 413429, "name": "Eichengestalt", "text": "Verzaubert eine Kreatur\nDie verzauberte Kreatur erhält +3/+3.", "type": "Verzauberung — Aura"}, {"flavorText": "\"Cuando la bestia se cubre con el poderoso roble, ¿de qué sirve un arco? Cuando el roble rodea a la bestia, ¿de qué sirve un hacha?\" —Dionus, archidruida élfico", "language": "Spanish", "multiverseId": 413541, "name": "Forma de roble", "text": "Encantar criatura.\nLa criatura encantada obtiene +3/+3.", "type": "Encantamiento — Aura"}, {"flavorText": "« Quand la bête s'enveloppe du puissant chêne, à quoi sert un arc ? Quand le chêne enveloppe la bête mugissante, à quoi sert une hachette ? » —Dionus, archidruide elfe", "language": "French", "multiverseId": 413445, "name": "Forme du chêne", "text": "Enchanter : créature\nLa créature enchantée gagne +3/+3.", "type": "Enchantement : aura"}, {"flavorText": "\"Quando la bestia si nasconde nella quercia possente, cosa te ne fai di un arco? Quando la quercia si avvolge attorno alla bestia ringhiosa, cosa te ne fai di un'accetta?\" —Dionus, arcidruido elfico", "language": "Italian", "multiverseId": 413461, "name": "Forma di Quercia", "text": "Incanta creatura\nLa creatura incantata prende +3/+3.", "type": "Incantesimo — Aura"}, {"flavorText": "「獣が強き樫の中に身を潜めたとき、弓が何の役に立つのか？樫が自らの中に怒れる獣を囲ったとき、斧が何の役に立つのか？」 ――エルフの大ドルイド、ダイオヌス", "language": "Japanese", "multiverseId": 413477, "name": "樫変化", "text": "エンチャント（クリーチャー）\nエンチャントされているクリーチャーは＋３/＋３の修整を受ける。", "type": "エンチャント — オーラ"}, {"flavorText": "\"야수가 떡갈나무에 몸을 숨긴다면 활이 무슨 소용인가? 떡갈나무가 으르렁대는 야수를 감싸 버린다면 도끼가 무슨 소용인가?\" —엘프 대드루이드 디오너스", "language": "Korean", "multiverseId": 413493, "name": "신록의 형상", "text": "생물에 부여\n부여된 생물은 +3/+3을 받는다.", "type": "부여마법 — 마법진"}, {"flavorText": "\"Quando a besta se veste com o grande carvalho, de que serve uma flecha? Quando o carvalho recobre uma besta raivosa, de que serve um machado?\" — Dionus, arquidruida élfico", "language": "Portuguese (Brazil)", "multiverseId": 413509, "name": "Carvalhoforme", "text": "Encantar criatura\nA criatura encantada recebe +3/+3.", "type": "Encantamento — Aura"}, {"flavorText": "«Когда зверь укрывается могучим дубом, разве его сразит лук? Когда дуб оборачивается вокруг рычащего зверя, разве его взять топором?» — Дионус, эльфийский архидруид", "language": "Russian", "multiverseId": 413525, "name": "Дубовый Облик", "text": "Зачаровать существо\nЗачарованное существо получает +3/+3.", "type": "Чары — Аура"}, {"flavorText": "「如果野兽藏身在雄伟橡树中，弓岂能奈他何？如果橡树有咆哮的野兽护身，斧头岂能奈他何？」 ～妖精高位德鲁伊戴欧诺", "language": "Chinese Simplified", "multiverseId": 413397, "name": "橡树形体", "text": "结附于生物\n所结附的生物得+3/+3。", "type": "结界～灵气"}, {"flavorText": "「如果野獸藏身在雄偉橡樹中，弓豈能奈他何？如果橡樹有咆哮的野獸護身，斧頭豈能奈他何？」 ～妖精高位德魯伊戴歐諾", "language": "Chinese Traditional", "multiverseId": 413413, "name": "橡樹形體", "text": "結附於生物\n所結附的生物得+3/+3。", "type": "結界～靈氣"}], "frameVersion": "2015", "hasFoil": false, "hasNonFoil": true, "isMtgo": true, "isPaper": true, "isReprint": true, "isStarter": true, "layout": "normal", "legalities": {"brawl": "Legal", "commander": "Legal", "duel": "Legal", "future": "Legal", "legacy": "Legal", "modern": "Legal", "pauper": "Legal", "penny": "Legal", "standard": "Legal", "vintage": "Legal"}, "manaCost": "{2}{G}", "mcmId": 289546, "mcmMetaId": 10658, "mtgoFoilId": 60495, "mtgoId": 60494, "mtgstocksId": 37446, "multiverseId": 413381, "name": "Oakenform", "number": "15", "originalText": "Enchant creature\nEnchanted creature gets +3/+3.", "originalType": "Enchantment — Aura", "prices": {"paper": {"2019-06-02": 0.1, "2019-06-09": 0.11, "2019-06-16": 0.12, "2019-06-23": 0.13, "2019-06-30": 0.12, "2019-07-07": 0.1, "2019-07-14": 0.1, "2019-07-21": 0.13, "2019-07-28": 0.13, "2019-08-04": 0.13, "2019-08-11": 0.13, "2019-08-18": 0.13, "2019-08-25": 0.13}, "paperFoil": {}}, "printings": ["M10", "M19", "M20", "W16", "W17"], "purchaseUrls": {"cardmarket": "https://mtgjson.com/links/457f360b22785752", "mtgstocks": "https://mtgjson.com/links/3437edce5a481774", "tcgplayer": "https://mtgjson.com/links/10c2d723cd1c1d78"}, "rarity": "common", "rulings": [], "scryfallId": "2ff4b431-3ca6-436f-aa44-911174538e04", "scryfallIllustrationId": "364a51d0-1964-4705-8042-a3a6c146efbf", "scryfallOracleId": "b254fefb-11d2-4369-ae5c-0c3bd48ae580", "subtypes": ["Aura"], "supertypes": [], "tcgplayerProductId": 116789, "text": "Enchant creature\nEnchanted creature gets +3/+3.", "type": "Enchantment — Aura", "types": ["Enchantment"], "uuid": "d62f1c29-821b-5274-8b2c-7e9deb1d8c79"}, {"artist": "Kev Walker", "borderColor": "black", "colorIdentity": ["B"], "colors": ["B"], "convertedManaCost": 5.0, "edhrecRank": 7222, "flavorText": "Empires rise and fall, but evil is eternal.", "foreignData": [{"flavorText": "Reiche blühen auf und zerfallen wieder, aber das Böse bleibt ewig bestehen.", "language": "German", "multiverseId": 413423, "name": "Sengir-Vampir", "text": "Fliegend (Diese Kreatur kann außer von fliegenden Kreaturen und Kreaturen mit Reichweite nicht geblockt werden.)\nImmer wenn eine Kreatur stirbt, der in diesem Zug Schaden vom Sengir-Vampir zugefügt wurde, lege eine +1/+1-Marke auf den Sengir-Vampir.", "type": "Kreatur — Vampir"}, {"flavorText": "Los imperios tienen su esplendor y su decadencia, pero el mal es eterno.", "language": "Spanish", "multiverseId": 413535, "name": "Vampiro de Sengir", "text": "Vuela. (Esta criatura no puede ser bloqueada excepto por criaturas que tengan la habilidad de volar o alcance.)\nSiempre que una criatura que haya recibido daño del Vampiro de Sengir este turno muera, pon un contador +1/+1 sobre el Vampiro de Sengir.", "type": "Criatura — Vampiro"}, {"flavorText": "Les empires naissent et s'effondrent, mais le mal est éternel.", "language": "French", "multiverseId": 413439, "name": "Vampire sengien", "text": "Vol (Cette créature ne peut pas être bloquée excepté par des créatures avec le vol ou la portée.)\nÀ chaque fois qu'une créature blessée par le Vampire sengien ce tour-ci meurt, mettez un marqueur +1/+1 sur le Vampire sengien.", "type": "Créature : vampire"}, {"flavorText": "Gli imperi sorgono e cadono, ma il male è eterno.", "language": "Italian", "multiverseId": 413455, "name": "Vampiro di Sengir", "text": "Volare (Questa creatura non può essere bloccata tranne che da creature con volare o raggiungere.)\nOgniqualvolta una creatura a cui il Vampiro di Sengir ha inflitto danno in questo turno muore, metti un segnalino +1/+1 sul Vampiro di Sengir.", "type": "Creatura — Vampiro"}, {"flavorText": "帝国には栄枯盛衰があるが、邪悪さは不滅だ。", "language": "Japanese", "multiverseId": 413471, "name": "センギアの吸血鬼", "text": "飛行（このクリーチャーは飛行や到達を持たないクリーチャーによってはブロックされない。）\nこのターンにセンギアの吸血鬼によってダメージを与えられたクリーチャーが１体死亡するたび、センギアの吸血鬼の上に＋１/＋１カウンターを１個置く。", "type": "クリーチャー — 吸血鬼"}, {"flavorText": "제국은 흥망성쇠를 거듭하지만 악은 영원하다.", "language": "Korean", "multiverseId": 413487, "name": "셍기르가의 흡혈귀", "text": "비행 (이 생물은 비행이나 대공을 가진 생물에게만 방어될 수 있다.)\n셍기르가의 흡혈귀에게 이 턴에 피해를 입은 생물이 죽을 때마다, 셍기르가의 흡혈귀에 +1/+1 카운터 한 개를 올려놓는다.", "type": "생물 — 흡혈귀"}, {"flavorText": "Os impérios ascendem e caem, mas o mal é eterno.", "language": "Portuguese (Brazil)", "multiverseId": 413503, "name": "Vampiro de Sengir", "text": "Voar (Esta criatura só pode ser bloqueada por criaturas com voar ou alcance.)\nToda vez que uma criatura que sofreu dano de Vampiro de Sengir neste turno morrer, coloque um marcador +1/+1 em Vampiro de Sengir.", "type": "Criatura — Vampiro"}, {"flavorText": "Империи рождаются и погибают, а зло — вечно.", "language": "Russian", "multiverseId": 413519, "name": "Сенгирский Вампир", "text": "Полет (Это существо может быть заблокировано только существами с Полетом или Захватом.)\nКаждый раз, когда существо, которому Сенгирский Вампир нанес повреждения в этом ходу, умирает, положите один жетон +1/+1 на Сенгирского Вампира.", "type": "Существо — Вампир"}, {"flavorText": "帝国兴落，邪恶永存。", "language": "Chinese Simplified", "multiverseId": 413391, "name": "辛格氏吸血鬼", "text": "飞行（此生物只能被具飞行或延势异能的生物阻挡。）\n每当一个本回合中曾受到辛格氏吸血鬼伤害的生物死去时，在辛格氏吸血鬼上放置一个+1/+1指示物。", "type": "生物～吸血鬼"}, {"flavorText": "帝國興落，邪惡永存。", "language": "Chinese Traditional", "multiverseId": 413407, "name": "辛格氏吸血鬼", "text": "飛行（此生物只能被具飛行或延勢異能的生物阻擋。）\n每當一個本回合中曾受到辛格氏吸血鬼傷害的生物死去時，在辛格氏吸血鬼上放置一個+1/+1指示物。", "type": "生物～吸血鬼"}], "frameVersion": "2015", "hasFoil": false, "hasNonFoil": true, "isMtgo": true, "isPaper": true, "isReprint": true, "isStarter": true, "layout": "normal", "legalities": {"commander": "Legal", "duel": "Legal", "legacy": "Legal", "modern": "Legal", "penny": "Legal", "vintage": "Legal"}, "manaCost": "{3}{B}{B}", "mcmId": 289552, "mcmMetaId": 5051, "mtgoFoilId": 60505, "mtgoId": 60504, "mtgstocksId": 37445, "multiverseId": 413375, "name": "Sengir Vampire", "number": "9", "originalText": "Flying (This creature can't be blocked except by creatures with flying or reach.)\nWhenever a creature dealt damage by Sengir Vampire this turn dies, put a +1/+1 counter on Sengir Vampire.", "originalType": "Creature — Vampire", "power": "4", "prices": {"paper": {"2019-06-02": 0.19, "2019-06-09": 0.21, "2019-06-16": 0.2, "2019-06-23": 0.2, "2019-06-30": 0.2, "2019-07-07": 0.24, "2019-07-14": 0.25, "2019-07-21": 0.25, "2019-07-28": 0.24, "2019-08-04": 0.25, "2019-08-11": 0.25, "2019-08-18": 0.25, "2019-08-25": 0.25}, "paperFoil": {}}, "printings": ["10E", "2ED", "3ED", "4BB", "4ED", "9ED", "BRB", "BTD", "CED", "CEI", "DDK", "DPA", "FBB", "LEA", "LEB", "M12", "M14", "M15", "ME4", "ORI", "PS11", "PTC", "SUM", "TOR", "W16", "W17"], "purchaseUrls": {"cardmarket": "https://mtgjson.com/links/b769b899e2963d35", "mtgstocks": "https://mtgjson.com/links/835775bcd075f8a6", "tcgplayer": "https://mtgjson.com/links/b1537d1d6810c2cf"}, "rarity": "uncommon", "rulings": [{"date": "2007-07-15", "text": "If Sengir Vampire deals nonlethal damage to a creature and then a different effect or damage source causes that creature to be put into a graveyard later in the turn, Sengir Vampire’s ability will trigger and it will get a +1/+1 counter."}, {"date": "2011-09-22", "text": "Each time a creature is put into a graveyard from the battlefield, check whether Sengir Vampire had dealt any damage to it at any time during that turn. If so, Sengir Vampire’s ability will trigger. It doesn’t matter who controlled the creature or whose graveyard it was put into."}, {"date": "2011-09-22", "text": "If Sengir Vampire and a creature it dealt damage to are both put into a graveyard at the same time, Sengir Vampire’s ability will trigger, but it will do nothing when it resolves."}], "scryfallId": "3e28d7bb-4520-4cf4-85c9-c56f5da40d82", "scryfallIllustrationId": "89e8f223-524f-4e20-9a09-71ac84917f6b", "scryfallOracleId": "749141aa-f6c4-4ad8-b146-406e68ae9b0b", "subtypes": ["Vampire"], "supertypes": [], "tcgplayerProductId": 116790, "text": "Flying (This creature can't be blocked except by creatures with flying or reach.)\nWhenever a creature dealt damage by Sengir Vampire this turn dies, put a +1/+1 counter on Sengir Vampire.", "toughness": "4", "type": "Creature — Vampire", "types": ["Creature"], "uuid": "6105b81a-1f8c-587f-9397-b039a0139718"}, {"artist": "Greg Staples", "borderColor": "black", "colorIdentity": ["W"], "colors": ["W"], "convertedManaCost": 5.0, "edhrecRank": 4333, "flavorText": "Follow the light. In its absence, follow her.", "foreignData": [{"flavorText": "Folge dem Licht. Falls kein Licht da ist, folge ihr.", "language": "German", "multiverseId": 413417, "name": "Serra-Engel", "text": "Fliegend (Diese Kreatur kann außer von fliegenden Kreaturen und Kreaturen mit Reichweite nicht geblockt werden.)\nWachsamkeit (Diese Kreatur wird beim Angreifen nicht getappt.)", "type": "Kreatur — Engel"}, {"flavorText": "Sigue la luz. Si no hay luz, síguela a ella.", "language": "Spanish", "multiverseId": 413529, "name": "Ángel de Serra", "text": "Vuela. (Esta criatura no puede ser bloqueada excepto por criaturas que tengan la habilidad de volar o alcance.)\nVigilancia. (Esta criatura no se gira al atacar.)", "type": "Criatura — Ángel"}, {"flavorText": "Suivez la lumière. En son absence, suivez-la.", "language": "French", "multiverseId": 413433, "name": "Ange de Serra", "text": "Vol (Cette créature ne peut pas être bloquée excepté par des créatures avec le vol ou la portée.)\nVigilance (Attaquer avec cette créature ne la fait pas s'engager.)", "type": "Créature : ange"}, {"flavorText": "Segui la luce. In sua assenza, segui lei.", "language": "Italian", "multiverseId": 413449, "name": "Angelo di Serra", "text": "Volare (Questa creatura non può essere bloccata tranne che da creature con volare o raggiungere.)\nCautela (Questa creatura attacca senza TAPpare.)", "type": "Creatura — Angelo"}, {"flavorText": "光に従え。光無くば、彼女に従え。", "language": "Japanese", "multiverseId": 413465, "name": "セラの天使", "text": "飛行（このクリーチャーは飛行や到達を持たないクリーチャーによってはブロックされない。）\n警戒（このクリーチャーは攻撃してもタップしない。）", "type": "クリーチャー — 天使"}, {"flavorText": "빛을 따라가라. 빛이 없다면 그녀를 따라가라.", "language": "Korean", "multiverseId": 413481, "name": "세라 천사", "text": "비행 (이 생물은 비행이나 대공을 가진 생물에게만 방어될 수 있다.)\n경계 (이 생물은 공격하면서 탭되지 않는다.)", "type": "생물 — 천사"}, {"flavorText": "Siga a luz. Em sua ausência, siga ela.", "language": "Portuguese (Brazil)", "multiverseId": 413497, "name": "Anjo Serra", "text": "Voar (Esta criatura só pode ser bloqueada por criaturas com voar ou alcance.)\nVigilância (Atacar não faz com que esta criatura seja virada.)", "type": "Criatura — Anjo"}, {"flavorText": "Иди на свет. Если же света нет, иди за ней.", "language": "Russian", "multiverseId": 413513, "name": "Ангел Серры", "text": "Полет (Это существо может быть заблокировано только существами с Полетом или Захватом.)\nБдительность (Атакуя, это существо не поворачивается.)", "type": "Существо — Ангел"}, {"flavorText": "跟随明光。若置身黑暗，就跟随她。", "language": "Chinese Simplified", "multiverseId": 413385, "name": "撒拉天使", "text": "飞行（此生物只能被具飞行或延势异能的生物阻挡。）\n警戒（此生物攻击时不需横置。）", "type": "生物～天使"}, {"flavorText": "跟隨明光。若置身黑暗，就跟隨她。", "language": "Chinese Traditional", "multiverseId": 413401, "name": "撒拉天使", "text": "飛行（此生物只能被具飛行或延勢異能的生物阻擋。）\n警戒（此生物攻擊時不需橫置。）", "type": "生物～天使"}], "frameVersion": "2015", "hasFoil": false, "hasNonFoil": true, "isMtgo": true, "isPaper": true, "isReprint": true, "isStarter": true, "layout": "normal", "legalities": {"brawl": "Legal", "commander": "Legal", "duel": "Legal", "legacy": "Legal", "modern": "Legal", "penny": "Legal", "standard": "Legal", "vintage": "Legal"}, "manaCost": "{3}{W}{W}", "mcmId": 289545, "mcmMetaId": 5066, "mtgoFoilId": 60519, "mtgoId": 60518, "mtgstocksId": 37462, "multiverseId": 413369, "name": "Serra Angel", "number": "3", "originalText": "Flying (This creature can't be blocked except by creatures with flying or reach.)\nVigilance (Attacking doesn't cause this creature to tap.)", "originalType": "Creature — Angel", "power": "4", "prices": {"paper": {"2019-06-02": 0.25, "2019-06-09": 0.25, "2019-06-16": 0.25, "2019-06-23": 0.25, "2019-06-30": 0.25, "2019-07-07": 0.25, "2019-07-14": 0.24, "2019-07-21": 0.25, "2019-07-28": 0.25, "2019-08-04": 0.25, "2019-08-11": 0.25, "2019-08-18": 0.25, "2019-08-25": 0.24}, "paperFoil": {}}, "printings": ["10E", "2ED", "3ED", "4BB", "4ED", "7ED", "8ED", "9ED", "ANA", "ATH", "CED", "CEI", "CMA", "CMD", "DDC", "DOM", "DVD", "EMA", "FBB", "GNT", "IMA", "LEA", "LEB", "M10", "M11", "M12", "M13", "M14", "M15", "ME4", "ORI", "PDOM", "PRM", "PS11", "PTC", "PWOS", "SUM", "V15", "W16", "W17"], "purchaseUrls": {"cardmarket": "https://mtgjson.com/links/9b3de79ee28f27c9", "mtgstocks": "https://mtgjson.com/links/aff65a87afe858b4", "tcgplayer": "https://mtgjson.com/links/d1ded418b0d85192"}, "rarity": "uncommon", "rulings": [], "scryfallId": "8752c1db-b924-4dda-8b71-4c254d0ef2de", "scryfallIllustrationId": "5f5651af-22fb-4fb8-a04c-1f34b5104bd9", "scryfallOracleId": "4b7ac066-e5c7-43e6-9e7e-2739b24a905d", "subtypes": ["Angel"], "supertypes": [], "tcgplayerProductId": 116791, "text": "Flying, vigilance", "toughness": "4", "type": "Creature — Angel", "types": ["Creature"], "uuid": "bd22759a-8169-5fe8-bb7f-1914dc1574b2"}, {"artist": "Donato Giancola", "borderColor": "black", "colorIdentity": ["R"], "colors": ["R"], "convertedManaCost": 6.0, "edhrecRank": 5245, "flavorText": "The undisputed master of the mountains of Shiv.", "foreignData": [{"flavorText": "Er ist der uneingeschränkte Herrscher der shivanischen Berge.", "language": "German", "multiverseId": 413427, "name": "Shivan-Drache", "text": "Fliegend (Diese Kreatur kann außer von fliegenden Kreaturen und Kreaturen mit Reichweite nicht geblockt werden.)\n{R}: Der Shivan-Drache erhält +1/+0 bis zum Ende des Zuges.", "type": "Kreatur — Drache"}, {"flavorText": "Es el señor indisputable de las montañas de Shiv.", "language": "Spanish", "multiverseId": 413539, "name": "Dragón shivano", "text": "Vuela. (Esta criatura no puede ser bloqueada excepto por criaturas que tengan la habilidad de volar o alcance.)\n{R}: El Dragón shivano obtiene +1/+0 hasta el final del turno.", "type": "Criatura — Dragón"}, {"flavorText": "C'est le maître incontesté des montagnes de Shiv.", "language": "French", "multiverseId": 413443, "name": "Dragon shivân", "text": "Vol (Cette créature ne peut pas être bloquée excepté par des créatures avec le vol ou la portée.)\n{R} : Le Dragon shivân gagne +1/+0 jusqu'à la fin du tour.", "type": "Créature : dragon"}, {"flavorText": "Il Signore incontrastato delle montagne di Shiv.", "language": "Italian", "multiverseId": 413459, "name": "Drago di Shivan", "text": "Volare (Questa creatura non può essere bloccata tranne che da creature con volare o raggiungere.)\n{R}: Il Drago di Shivan prende +1/+0 fino alla fine del turno.", "type": "Creatura — Drago"}, {"flavorText": "まぎれもなくシヴの山々の主である。", "language": "Japanese", "multiverseId": 413475, "name": "シヴ山のドラゴン", "text": "飛行（このクリーチャーは飛行や到達を持たないクリーチャーによってはブロックされない。）\n{R}：ターン終了時まで、シヴ山のドラゴンは＋１/＋０の修整を受ける。", "type": "クリーチャー — ドラゴン"}, {"flavorText": "절대적인 힘을 가진 시바 산맥의 주인.", "language": "Korean", "multiverseId": 413491, "name": "시바의 용", "text": "비행 (이 생물은 비행이나 대공을 가진 생물에게만 방어될 수 있다.)\n{R}: 시바의 용은 턴종료까지 +1/+0을 받는다.", "type": "생물 — 용"}, {"flavorText": "O senhor inquestionável das montanhas de Shiv.", "language": "Portuguese (Brazil)", "multiverseId": 413507, "name": "Dragão de Shiva", "text": "Voar (Esta criatura só pode ser bloqueada por criaturas com voar ou alcance.)\n{R}: Dragão de Shiva recebe +1/+0 até o final do turno.", "type": "Criatura — Dragão"}, {"flavorText": "Неоспоримый хозяин Шиванских гор.", "language": "Russian", "multiverseId": 413523, "name": "Шиванский Дракон", "text": "Полет (Это существо может быть заблокировано только существами с Полетом или Захватом.)\n{R}: Шиванский Дракон получает +1/+0 до конца хода.", "type": "Существо — Дракон"}, {"flavorText": "西瓦山脉无庸置疑的主人。", "language": "Chinese Simplified", "multiverseId": 413395, "name": "西瓦巨龙", "text": "飞行（此生物只能被具飞行或延势异能的生物阻挡。）\n{R}：西瓦巨龙得+1/+0直到回合结束。", "type": "生物～龙"}, {"flavorText": "西瓦山脈無庸置疑的主人。", "language": "Chinese Traditional", "multiverseId": 413411, "name": "西瓦巨龍", "text": "飛行（此生物只能被具飛行或延勢異能的生物阻擋。）\n{R}：西瓦巨龍得+1/+0直到回合結束。", "type": "生物～龍"}], "frameVersion": "2015", "hasFoil": false, "hasNonFoil": true, "isMtgo": true, "isPaper": true, "isReprint": true, "isStarter": true, "layout": "normal", "legalities": {"brawl": "Legal", "commander": "Legal", "duel": "Legal", "future": "Legal", "legacy": "Legal", "modern": "Legal", "penny": "Legal", "standard": "Legal", "vintage": "Legal"}, "manaCost": "{4}{R}{R}", "mcmId": 289543, "mcmMetaId": 5148, "mtgoFoilId": 60499, "mtgoId": 60498, "mtgstocksId": 37465, "multiverseId": 413379, "name": "Shivan Dragon", "number": "13", "originalText": "Flying (This creature can't be blocked except by creatures with flying or reach.)\n{R}: Shivan Dragon gets +1/+0 until end of turn.", "originalType": "Creature — Dragon", "power": "5", "prices": {"paper": {"2019-06-02": 0.25, "2019-06-09": 0.29, "2019-06-16": 0.3, "2019-06-23": 0.31, "2019-06-30": 0.32, "2019-07-07": 0.33, "2019-07-14": 0.35, "2019-07-21": 0.36, "2019-07-28": 0.35, "2019-08-04": 0.35, "2019-08-11": 0.35, "2019-08-18": 0.35, "2019-08-25": 0.35}, "paperFoil": {}}, "printings": ["10E", "2ED", "3ED", "4BB", "4ED", "5ED", "7ED", "8ED", "9ED", "BTD", "CED", "CEI", "DPA", "DRB", "FBB", "LEA", "LEB", "M10", "M14", "M15", "M19", "M20", "ME4", "ORI", "PMEI", "PREL", "PRM", "PS11", "SUM", "W16", "W17"], "purchaseUrls": {"cardmarket": "https://mtgjson.com/links/64ac54bec0261fce", "mtgstocks": "https://mtgjson.com/links/9e9e831e5cf79768", "tcgplayer": "https://mtgjson.com/links/6b744489ab778ddd"}, "rarity": "rare", "rulings": [], "scryfallId": "ca25d8fe-93b3-4d2c-96df-ca6e4f528543", "scryfallIllustrationId": "2f2cebbc-9458-47b8-b3d4-b2ddb06ad6a6", "scryfallOracleId": "711eea87-0fa3-46e0-a42b-fa5a86455f04", "subtypes": ["Dragon"], "supertypes": [], "tcgplayerProductId": 116792, "text": "Flying (This creature can't be blocked except by creatures with flying or reach.)\n{R}: Shivan Dragon gets +1/+0 until end of turn.", "toughness": "5", "type": "Creature — Dragon", "types": ["Creature"], "uuid": "3f2d8faf-13ad-5f61-870a-c4d6a64de8e0"}, {"artist": "Eytan Zana", "borderColor": "black", "colorIdentity": ["G"], "colors": ["G"], "convertedManaCost": 6.0, "edhrecRank": 323, "foreignData": [{"language": "German", "multiverseId": 413430, "name": "Seele der Ernte", "text": "Verursacht Trampelschaden (Diese Kreatur kann beim Angreifen überschüssigen Kampfschaden dem verteidigenden Spieler oder Planeswalker zufügen.)\nImmer wenn eine andere Nichtspielsteinkreatur unter deiner Kontrolle ins Spiel kommt, kannst du eine Karte ziehen.", "type": "Kreatur — Elementarwesen"}, {"language": "Spanish", "multiverseId": 413542, "name": "Alma de la cosecha", "text": "Arrolla. (Esta criatura puede hacer el daño de combate sobrante al jugador o planeswalker defensor mientras ataca.)\nSiempre que otra criatura que no sea ficha entre al campo de batalla bajo tu control, puedes robar una carta.", "type": "Criatura — Elemental"}, {"language": "French", "multiverseId": 413446, "name": "Âme des moissons", "text": "Piétinement (Cette créature peut infliger son surplus de blessures de combat au joueur ou au planeswalker défenseur quand elle attaque.)\nÀ chaque fois qu'une autre créature non-jeton arrive sur le champ de bataille sous votre contrôle, vous pouvez piocher une carte.", "type": "Créature : élémental"}, {"language": "Italian", "multiverseId": 413462, "name": "Anima della Mietitura", "text": "Travolgere (Questa creatura può infliggere il danno da combattimento in eccesso a un giocatore in difesa o a un planeswalker mentre attacca.)\nOgniqualvolta un'altra creatura non pedina entra nel campo di battaglia sotto il tuo controllo, puoi pescare una carta.", "type": "Creatura — Elementale"}, {"language": "Japanese", "multiverseId": 413478, "name": "収穫の魂", "text": "トランプル（攻撃しているこのクリーチャーは余剰の戦闘ダメージを防御プレイヤーかプレインズウォーカーに与えることができる。）\n他のトークンでないクリーチャーが１体あなたのコントロール下で戦場に出るたび、あなたはカードを１枚引いてもよい。", "type": "クリーチャー — エレメンタル"}, {"language": "Korean", "multiverseId": 413494, "name": "수확의 영혼", "text": "돌진 (이 생물은 공격할 때 수비플레이어 또는 플레인즈워커에게 여분의 피해를 입힌다.)\n토큰이 아닌 다른 생물이 당신의 조종하에 전장에 들어올 때마다, 당신은 카드 한 장을 뽑을 수 있다.", "type": "생물 — 정령"}, {"language": "Portuguese (Brazil)", "multiverseId": 413510, "name": "Alma da Colheita", "text": "Atropelar (Esta criatura pode causar seu dano de combate excedente ao planeswalker ou jogador defensor ao atacar.)\nToda vez que outra criatura que não seja ficha entra no campo de batalha sob o seu controle, você pode comprar um card.", "type": "Criatura — Elemental"}, {"language": "Russian", "multiverseId": 413526, "name": "Душа Урожая", "text": "Пробивной удар (Атакуя, это существо может нанести избыточные боевые повреждения защищающемуся игроку или planeswalker-у.)\nКаждый раз, когда другое не являющееся фишкой существо выходит на поле битвы под вашим контролем, вы можете взять карту.", "type": "Существо — Элементаль"}, {"language": "Chinese Simplified", "multiverseId": 413398, "name": "收成灵", "text": "践踏（此生物攻击时造成之过量战斗伤害能对防御牌手或鹏洛客造成之。）\n每当另一个非衍生物的生物在你的操控下进战场时，你可以抓一张牌。", "type": "生物～元素"}, {"language": "Chinese Traditional", "multiverseId": 413414, "name": "收成靈", "text": "踐踏（此生物攻擊時造成之過量戰鬥傷害能對防禦玩家或鵬洛客造成之。）\n每當另一個非衍生物的生物在你的操控下進戰場時，你可以抽一張牌。", "type": "生物～元素"}], "frameVersion": "2015", "hasFoil": false, "hasNonFoil": true, "isMtgo": true, "isPaper": true, "isReprint": true, "isStarter": true, "layout": "normal", "legalities": {"commander": "Legal", "duel": "Legal", "legacy": "Legal", "modern": "Legal", "vintage": "Legal"}, "manaCost": "{4}{G}{G}", "mcmId": 289544, "mcmMetaId": 205365, "mtgoFoilId": 60511, "mtgoId": 60510, "mtgstocksId": 37467, "multiverseId": 413382, "name": "Soul of the Harvest", "number": "16", "originalText": "Trample (This creature can deal excess combat damage to defending player or planeswalker while attacking.)\nWhenever another nontoken creature enters the battlefield under your control, you may draw a card.", "originalType": "Creature — Elemental", "power": "6", "prices": {"paper": {"2019-06-02": 0.75, "2019-06-09": 0.73, "2019-06-16": 0.75, "2019-06-23": 0.77, "2019-06-30": 0.71, "2019-07-07": 0.71, "2019-07-14": 0.71, "2019-07-21": 0.75, "2019-07-28": 0.75, "2019-08-04": 0.75, "2019-08-11": 0.77, "2019-08-18": 0.8, "2019-08-25": 0.82}, "paperFoil": {}}, "printings": ["AVR", "C14", "CMA", "E02", "W16"], "purchaseUrls": {"cardmarket": "https://mtgjson.com/links/719641127bf79979", "mtgstocks": "https://mtgjson.com/links/f07048c4e7f409f3", "tcgplayer": "https://mtgjson.com/links/e278f2f21f70d15b"}, "rarity": "rare", "rulings": [{"date": "2012-05-01", "text": "A creature card that enters the battlefield as a copy of a token creature is still a nontoken creature. You’ll be able to draw a card."}], "scryfallId": "d6794f92-1895-41fe-931f-42b0744e9f2e", "scryfallIllustrationId": "b6843ac1-a968-4951-beea-c98f48c59905", "scryfallOracleId": "6b9194dd-2296-4879-ac5e-f89b18431df6", "subtypes": ["Elemental"], "supertypes": [], "tcgplayerProductId": 116793, "text": "Trample\nWhenever another nontoken creature enters the battlefield under your control, you may draw a card.", "toughness": "6", "type": "Creature — Elemental", "types": ["Creature"], "uuid": "7799b688-7e8b-5034-8311-2e90536d20c9"}, {"artist": "James Ryman", "borderColor": "black", "colorIdentity": ["U"], "colors": ["U"], "convertedManaCost": 6.0, "edhrecRank": 2575, "flavorText": "\"A riddle is nothing more than a trap for small minds, baited with the promise of understanding.\"", "foreignData": [{"flavorText": "„Ein Rätsel ist eigentlich nur eine Falle für Kleingeistige, die mit dem Versprechen der Lösung hineingelockt werden.\"", "language": "German", "multiverseId": 413420, "name": "Sphinx vom Magosi", "text": "Fliegend (Diese Kreatur kann außer von fliegenden Kreaturen und Kreaturen mit Reichweite nicht geblockt werden.)\n{2}{U}: Ziehe eine Karte und lege dann eine +1/+1-Marke auf die Sphinx vom Magosi.", "type": "Kreatur — Sphinx"}, {"flavorText": "\"Un acertijo no es más que una trampa para mentes pequeñas, atraídas por la ilusión de entenderlo.\"", "language": "Spanish", "multiverseId": 413532, "name": "Esfinge de Magosi", "text": "Vuela. (Esta criatura no puede ser bloqueada excepto por criaturas que tengan la habilidad de volar o alcance.)\n{2}{U}: Roba una carta, luego pon un contador +1/+1 sobre la Esfinge de Magosi.", "type": "Criatura — Esfinge"}, {"flavorText": "« Une énigme n'est rien d'autre qu'un piège pour les petits esprits, appâtés par une promesse de connaissance. »", "language": "French", "multiverseId": 413436, "name": "Sphinx de Magosi", "text": "Vol (Cette créature ne peut pas être bloquée excepté par des créatures avec le vol ou la portée.)\n{2}{U} : Piochez une carte et mettez ensuite un marqueur +1/+1 sur le Sphinx de Magosi.", "type": "Créature : sphinx"}, {"flavorText": "\"Un enigma non è altro che una trappola per menti meschine, allettate dalla promessa di comprensione.\"", "language": "Italian", "multiverseId": 413452, "name": "Sfinge di Magosi", "text": "Volare (Questa creatura non può essere bloccata tranne che da creature con volare o raggiungere.)\n{2}{U}: Pesca una carta, poi metti un segnalino +1/+1 sulla Sfinge di Magosi.", "type": "Creatura — Sfinge"}, {"flavorText": "「謎かけなど、解答の保証で釣るちっぽけな精神の罠に過ぎぬ。」", "language": "Japanese", "multiverseId": 413468, "name": "マゴーシのスフィンクス", "text": "飛行（このクリーチャーは飛行や到達を持たないクリーチャーによってはブロックされない。）\n{2}{U}：カードを１枚引き、その後マゴーシのスフィンクスの上に＋１/＋１カウンターを１個置く。", "type": "クリーチャー — スフィンクス"}, {"flavorText": "\"수수께끼란 미련한 자를 유혹하는 함정일 뿐이야. 조금만 더 생각하면 맞출 수 있을 것처럼 보이는 함정이지.\"", "language": "Korean", "multiverseId": 413484, "name": "마고시의 스핑크스", "text": "비행 (이 생물은 비행이나 대공을 가진 생물에만 방어될 수 있다.)\n{2}{U}: 카드 한 장을 뽑은 후, 마고시의 스핑크스에 +1/+1 카운터 한 개를 올려놓는다.", "type": "생물 — 스핑크스"}, {"flavorText": "\"Um enigma nada mais é que uma armadilha para as mentes pequenas, atraídas pela promessa de compreensão.\"", "language": "Portuguese (Brazil)", "multiverseId": 413500, "name": "Esfinge de Magosi", "text": "Voar (Esta criatura só pode ser bloqueada por criaturas com voar ou alcance.)\n{2}{U}: Compre um card, depois coloque um marcador +1/+1 em Esfinge de Magosi.", "type": "Criatura — Esfinge"}, {"flavorText": "«Загадка есть не что иное, как ловушка для недалеких умов, приманкой в которой является надежда на понимание».", "language": "Russian", "multiverseId": 413516, "name": "Сфинкс Магоси", "text": "Полет (Это существо может быть заблокировано только существами с Полетом или Захватом.)\n{2}{U}: возьмите карту, затем положите один жетон +1/+1 на Сфинкса Магоси.", "type": "Существо — Сфинкс"}, {"flavorText": "「谜语只不过是对付卑微心灵的陷阱，以终能理解的承诺为诱饵。」", "language": "Chinese Simplified", "multiverseId": 413388, "name": "马格西史芬斯", "text": "飞行 （此生物只能被具飞行或延势异能的生物阻挡。）\n{2}{U}：抓一张牌，然后在马格西史芬斯上放置一个+1/+1指示物。", "type": "生物～史芬斯"}, {"flavorText": "「謎語只不過是對付卑微心靈的陷阱，以終能理解的承諾為誘餌。」", "language": "Chinese Traditional", "multiverseId": 413404, "name": "馬格西史芬斯", "text": "飛行 （此生物只能被具飛行或延勢異能的生物阻擋。）\n{2}{U}：抽一張牌，然後在馬格西史芬斯上放置一個+1/+1指示物。", "type": "生物～史芬斯"}], "frameVersion": "2015", "hasFoil": false, "hasNonFoil": true, "isMtgo": true, "isPaper": true, "isReprint": true, "isStarter": true, "layout": "normal", "legalities": {"commander": "Legal", "duel": "Legal", "legacy": "Legal", "modern": "Legal", "penny": "Legal", "vintage": "Legal"}, "manaCost": "{3}{U}{U}{U}", "mcmId": 289541, "mcmMetaId": 11160, "mtgoFoilId": 60497, "mtgoId": 60496, "mtgstocksId": 37469, "multiverseId": 413372, "name": "Sphinx of Magosi", "number": "6", "originalText": "Flying (This creature can't be blocked except by creatures with flying or reach.)\n{2}{U}: Draw a card, then put a +1/+1 counter on Sphinx of Magosi.", "originalType": "Creature — Sphinx", "power": "6", "prices": {"paper": {"2019-06-02": 0.25, "2019-06-09": 0.29, "2019-06-16": 0.26, "2019-06-23": 0.29, "2019-06-30": 0.29, "2019-07-07": 0.29, "2019-07-14": 0.3, "2019-07-21": 0.3, "2019-07-28": 0.3, "2019-08-04": 0.3, "2019-08-11": 0.29, "2019-08-18": 0.29, "2019-08-25": 0.29}, "paperFoil": {}}, "printings": ["C14", "CN2", "ROE", "W16", "W17"], "purchaseUrls": {"cardmarket": "https://mtgjson.com/links/df8d05fb6d54d16e", "mtgstocks": "https://mtgjson.com/links/8c8479f42283fc37", "tcgplayer": "https://mtgjson.com/links/85cf775ffdbe34b5"}, "rarity": "rare", "rulings": [], "scryfallId": "da35e1ce-cbfa-499d-b4e0-5857b1587506", "scryfallIllustrationId": "2ccd4020-0098-4ed1-abfd-ae2c346cfbe2", "scryfallOracleId": "1c9cf20c-51e4-4a87-b9f8-231b6baf5d6b", "subtypes": ["Sphinx"], "supertypes": [], "tcgplayerProductId": 116794, "text": "Flying\n{2}{U}: Draw a card, then put a +1/+1 counter on Sphinx of Magosi.", "toughness": "6", "type": "Creature — Sphinx", "types": ["Creature"], "uuid": "b70f52a1-38c6-5aa4-bd1b-b12604213c84"}, {"artist": "Igor Kieryluk", "borderColor": "black", "colorIdentity": ["B"], "colors": ["B"], "convertedManaCost": 2.0, "edhrecRank": 12112, "flavorText": "\"Feeding a normal army is a problem of logistics. With zombies, it is an asset. Feeding is why they fight. Feeding is why they are feared.\" —Jadar, ghoulcaller of Nephalia", "foreignData": [{"flavorText": "„Eine herkömmliche Armee verköstigen zu müssen ist eine Frage der Logistik. Bei Zombies ist das eher ein Vorteil. Ihr Hunger ist der Grund, warum sie kämpfen. Ihr Hunger ist der Grund, warum man sie fürchtet.\" —Jadar, Ghulrufer aus Nefalen", "language": "German", "multiverseId": 413424, "name": "Wandelnde Leiche", "type": "Kreatur — Zombie"}, {"flavorText": "\"La alimentación de un ejército normal supone un problema de logística. Con los zombies, es una ventaja. Su alimentación es aquello por lo que luchan. Su alimentación es aquello por lo que se les teme.\" —Jadar, llamamuertos de Nephalia", "language": "Spanish", "multiverseId": 413536, "name": "Cadáver ambulante", "type": "Criatura — Zombie"}, {"flavorText": "« Nourrir une armée normale revient à résoudre un problème de logistique. Avec des zombies, pas de problème, bien au contraire. Ils combattent pour se nourrir. C'est même pour ça qu'on les redoute. » —Jadar, meneur de goule de Néphalie", "language": "French", "multiverseId": 413440, "name": "Cadavre ambulant", "type": "Créature : zombie"}, {"flavorText": "\"Sfamare un esercito normale è un problema di logistica. Con gli zombie, è un vantaggio. La fame è il motivo per cui combattono. La fame è il motivo per cui sono temuti.\" —Jadar, evocaghoul di Nephalia", "language": "Italian", "multiverseId": 413456, "name": "Cadavere Ambulante", "type": "Creatura — Zombie"}, {"flavorText": "「普通の軍隊の場合、食糧確保が問題となる。ゾンビの場合、それが強みになる。奴らは食うために戦い、食うから恐れられる。」 ――ネファリアのグール呼び、ジャダー", "language": "Japanese", "multiverseId": 413472, "name": "歩く死骸", "type": "クリーチャー — ゾンビ"}, {"flavorText": "\"식량 보급은 일반 부대에는 골치 아픈 문제이지만 좀비에게는 오히려 긍정적인 요소이다. 허기는 좀비들이 싸우는 이유이며, 적이 그들을 두려워하는 원인이기 때문이다.\" —네팔리아의 악귀소환술사 자다르", "language": "Korean", "multiverseId": 413488, "name": "걸어다니는 시체", "type": "생물 — 좀비"}, {"flavorText": "\"A alimentação de um exército normal é um problema de logística. A alimentação de zumbis é uma vantagem. Eles lutam para comer. E são temidos por isso.\" — Jadar, invocador de carniçais de Nefália", "language": "Portuguese (Brazil)", "multiverseId": 413504, "name": "Cadáver Ambulante", "type": "Criatura — Zumbi"}, {"flavorText": "«Для обычной армии пища — это проблема снабжения. Для армии зомби — тактическое преимущество. Их пища — это то, почему они сражаются. Их пища — это то, почему их боятся». — Джадар, призыватель упырей из Нефалии", "language": "Russian", "multiverseId": 413520, "name": "Ходячий Труп", "type": "Существо — Зомби"}, {"flavorText": "「正常的军队要考虑食粮补给的问题。而这正是灵俑部队的优点。他们因进食而战。也因进食而被人惧怕。」 ～涅非利亚尸鬼牧者贾达", "language": "Chinese Simplified", "multiverseId": 413392, "name": "行尸", "type": "生物～灵俑"}, {"flavorText": "「正常的軍隊要考慮食糧補給的問題。而這正是殭屍部隊的優點。他們因進食而戰。也因進食而被人懼怕。」 ～涅非利亞屍鬼牧者賈達", "language": "Chinese Traditional", "multiverseId": 413408, "name": "行屍", "type": "生物～殭屍"}], "frameVersion": "2015", "hasFoil": false, "hasNonFoil": true, "isMtgo": true, "isPaper": true, "isReprint": true, "isStarter": true, "layout": "normal", "legalities": {"brawl": "Legal", "commander": "Legal", "duel": "Legal", "future": "Legal", "legacy": "Legal", "modern": "Legal", "pauper": "Legal", "penny": "Legal", "standard": "Legal", "vintage": "Legal"}, "manaCost": "{1}{B}", "mcmId": 289551, "mcmMetaId": 204031, "mtgoFoilId": 60507, "mtgoId": 60506, "mtgstocksId": 37471, "multiverseId": 413376, "name": "Walking Corpse", "number": "10", "originalType": "Creature — Zombie", "power": "2", "prices": {"paper": {"2019-06-02": 0.14, "2019-06-09": 0.15, "2019-06-16": 0.19, "2019-06-23": 0.19, "2019-06-30": 0.19, "2019-07-07": 0.19, "2019-07-14": 0.16, "2019-07-21": 0.15, "2019-07-28": 0.15, "2019-08-04": 0.15, "2019-08-11": 0.16, "2019-08-18": 0.18, "2019-08-25": 0.16}, "paperFoil": {}}, "printings": ["ISD", "M13", "M15", "M19", "M20", "W16"], "purchaseUrls": {"cardmarket": "https://mtgjson.com/links/509ff5a3140caf89", "mtgstocks": "https://mtgjson.com/links/bdb4737a4d7c4708", "tcgplayer": "https://mtgjson.com/links/851316b1bafb5400"}, "rarity": "common", "rulings": [], "scryfallId": "98485e9e-dbac-44dd-a446-ef3ef81830c1", "scryfallIllustrationId": "3dd81e81-dec9-4c30-a601-ed13985b8bd0", "scryfallOracleId": "fea95888-e16a-4209-9cd4-623f7f4d2f67", "subtypes": ["Zombie"], "supertypes": [], "tcgplayerProductId": 116795, "toughness": "2", "type": "Creature — Zombie", "types": ["Creature"], "uuid": "eb300921-5fc5-5368-932d-4b69f0be6669"}], "code": "W16", "isFoilOnly": false, "isOnlineOnly": false, "keyruneCode": "W16", "mcmId": 1710, "mcmName": "Welcome Deck 2016", "meta": {"date": "2019-09-01", "pricesDate": "2019-09-01", "version": "4.5.0-rebuild.4"}, "mtgoCode": "W16", "name": "Welcome Deck 2016", "releaseDate": "2016-04-08", "tcgplayerGroupId": 1765, "tokens": [], "totalSetSize": 16, "translations": {}, "type": "starter"}